id,server_id,user_id,local_workout_id,exercise_id,exercise_name,reps,weight,notes,sort_order,created_at,updated_at,deleted
56,,REPLACE_WITH_YOUR_USER_ID,19942423891,lying-leg-curl,Lying Leg Curl,8,102.06.00,,1,1754283122000,1754592571686,0
57,,REPLACE_WITH_YOUR_USER_ID,19940530193,smith-incline-bench-press,Incline Smith Machine Bench Press,7,79.38.00,,1,1754196725000,1754592573855,0
58,,REPLACE_WITH_YOUR_USER_ID,19942423891,lying-leg-curl,Lying Leg Curl,8,102.06.00,,2,1754283338000,1754592571686,0
59,,REPLACE_WITH_YOUR_USER_ID,19940530193,smith-incline-bench-press,Incline Smith Machine Bench Press,6,79.38.00,,2,1754197080000,1754592573855,0
60,,REPLACE_WITH_YOUR_USER_ID,19942423891,lying-leg-curl,Lying Leg Curl,8,102.06.00,,3,1754283705000,1754592571686,0
61,,REPLACE_WITH_YOUR_USER_ID,19940530193,smith-incline-bench-press,Incline Smith Machine Bench Press,6,75.21.00,,3,1754197469000,1754592573855,0
62,,REPLACE_WITH_YOUR_USER_ID,19942423891,hack-squat,Hack Squat Machine,8,88.44.00,,1,1754284054000,1754592571686,0
63,,REPLACE_WITH_YOUR_USER_ID,19940530193,pec-deck,Pec Deck Machine,7,93,,1,1754197731000,1754592573855,0
64,,REPLACE_WITH_YOUR_USER_ID,19942423891,hack-squat,Hack Squat Machine,6,93,,2,1754284434000,1754592571686,0
65,,REPLACE_WITH_YOUR_USER_ID,19940530193,pec-deck,Pec Deck Machine,6,93,,2,1754197969000,1754592573855,0
66,,REPLACE_WITH_YOUR_USER_ID,19942423891,hack-squat,Hack Squat Machine,6,93,,3,1754284862000,1754592571686,0
67,,REPLACE_WITH_YOUR_USER_ID,19940530193,pec-deck,Pec Deck Machine,6,93,,3,1754198319000,1754592573855,0
68,,REPLACE_WITH_YOUR_USER_ID,19942423891,leg-extension,Leg Extension,10,109.28.00,,1,1754285367000,1754592571686,0
69,,REPLACE_WITH_YOUR_USER_ID,19940530193,barbell-ohp,Barbell Overhead Press,6,75.21.00,,1,1754198432000,1754592573855,0
70,,REPLACE_WITH_YOUR_USER_ID,19942423891,leg-extension,Leg Extension,10,118.34.00,,2,1754285815000,1754592571686,0
71,,REPLACE_WITH_YOUR_USER_ID,19940530193,barbell-ohp,Barbell Overhead Press,7,72.56.00,,2,1754198808000,1754592573855,0
72,,REPLACE_WITH_YOUR_USER_ID,19942423891,leg-extension,Leg Extension,10,118.34.00,,3,1754286087000,1754592571686,0
73,,REPLACE_WITH_YOUR_USER_ID,19940530193,barbell-ohp,Barbell Overhead Press,8,72.56.00,,3,1754198978000,1754592573855,0
74,,REPLACE_WITH_YOUR_USER_ID,19942423891,standing-calf-raise-machine,Standing Calf Raise Machine,20,172.38.00,,1,1754286220000,1754592571686,0
75,,REPLACE_WITH_YOUR_USER_ID,19940530193,lateral-raise,Lateral Raise,10,25.38.00,,1,1754199189000,1754592573855,0
76,,REPLACE_WITH_YOUR_USER_ID,19942423891,standing-calf-raise-machine,Standing Calf Raise Machine,6,172.38.00,,2,1754286470000,1754592571686,0
77,,REPLACE_WITH_YOUR_USER_ID,19940530193,lateral-raise,Lateral Raise,10,25.38.00,,2,1754199436000,1754592573855,0
78,,REPLACE_WITH_YOUR_USER_ID,19942423891,standing-calf-raise-machine,Standing Calf Raise Machine,15,163.31.00,,3,1754286724000,1754592571686,0
79,,REPLACE_WITH_YOUR_USER_ID,19940530193,lateral-raise,Lateral Raise,12,25.38.00,,3,1754199819000,1754592573855,0
80,,REPLACE_WITH_YOUR_USER_ID,19942423891,hip-adduction,Hip Adduction Machine,16,86.19.00,,1,1754286305000,1754592571686,0
81,,REPLACE_WITH_YOUR_USER_ID,19940530193,cable-hammer-curl,Cable Hammer Curl,10,50.28.00,,1,1754199941000,1754592573855,0
82,,REPLACE_WITH_YOUR_USER_ID,19942423891,hip-adduction,Hip Adduction Machine,10,91.09.00,,2,1754286558000,1754592571686,0
83,,REPLACE_WITH_YOUR_USER_ID,19940530193,cable-hammer-curl,Cable Hammer Curl,10,54.44.00,,2,1754200126000,1754592573855,0
84,,REPLACE_WITH_YOUR_USER_ID,19942423891,hip-adduction,Hip Adduction Machine,10,91.09.00,,3,1754286862000,1754592571686,0
85,,REPLACE_WITH_YOUR_USER_ID,19940530193,reverse-curl,Reverse Barbell Curl,12,36.31.00,,1,1754200239000,1754592573855,0
86,,REPLACE_WITH_YOUR_USER_ID,19942423891,weighted-crunch,Weighted Crunch,8,57.09.00,,1,1754286991000,1754592571686,0
87,,REPLACE_WITH_YOUR_USER_ID,19940530193,reverse-curl,Reverse Barbell Curl,12,36.31.00,,2,1754200639000,1754592573855,0
88,,REPLACE_WITH_YOUR_USER_ID,19942423891,weighted-crunch,Weighted Crunch,6,57.09.00,,2,1754287104000,1754592571686,0
89,,REPLACE_WITH_YOUR_USER_ID,19940530193,ez-bar-curl,EZ-Bar Curl,10,27.19.00,,1,1754200415000,1754592573855,0
90,,REPLACE_WITH_YOUR_USER_ID,19940530193,ez-bar-curl,EZ-Bar Curl,8,27.19.00,,2,1754200735000,1754592573855,0
91,,REPLACE_WITH_YOUR_USER_ID,19899744640,lying-leg-curl,Lying Leg Curl,10,102.06.00,,1,1753916625000,1754592577840,0
92,,REPLACE_WITH_YOUR_USER_ID,19912335866,pullup,Pull-Up,6,<null>,,1,1754027967000,1754592575839,0
93,,REPLACE_WITH_YOUR_USER_ID,19899744640,lying-leg-curl,Lying Leg Curl,6,104.31.00,,2,1753916857000,1754592577840,0
94,,REPLACE_WITH_YOUR_USER_ID,19912335866,lat-pulldown,Lat Pulldown,10,68.06.00,,1,1754028224000,1754592575839,0
95,,REPLACE_WITH_YOUR_USER_ID,19899744640,lying-leg-curl,Lying Leg Curl,10,102.06.00,,3,1753917227000,1754592577840,0
96,,REPLACE_WITH_YOUR_USER_ID,19912335866,lat-pulldown,Lat Pulldown,10,68.06.00,,2,1754028581000,1754592575839,0
97,,REPLACE_WITH_YOUR_USER_ID,19899744640,hack-squat,Hack Squat Machine,10,84.34.00,,1,1753917526000,1754592577840,0
98,,REPLACE_WITH_YOUR_USER_ID,19912335866,tricep-pushdown-bar,Tricep Pushdown (Bar),10,63.5,,1,1754028334000,1754592575839,0
99,,REPLACE_WITH_YOUR_USER_ID,19899744640,hack-squat,Hack Squat Machine,8,88.44.00,,2,1753917956000,1754592577840,0
100,,REPLACE_WITH_YOUR_USER_ID,19912335866,tricep-pushdown-bar,Tricep Pushdown (Bar),9,66.15.00,,2,1754028884000,1754592575839,0
101,,REPLACE_WITH_YOUR_USER_ID,19899744640,hack-squat,Hack Squat Machine,8,88.44.00,,3,1753918337000,1754592577840,0
102,,REPLACE_WITH_YOUR_USER_ID,19912335866,tricep-pushdown-bar,Tricep Pushdown (Bar),9,66.15.00,,3,1754029649000,1754592575839,0
103,,REPLACE_WITH_YOUR_USER_ID,19899744640,leg-extension,Leg Extension,13,111.13.00,,1,1753918920000,1754592577840,0
104,,REPLACE_WITH_YOUR_USER_ID,19912335866,cable-row,Seated Cable Row,10,70.31.00,,1,1754029110000,1754592575839,0
105,,REPLACE_WITH_YOUR_USER_ID,19899744640,leg-extension,Leg Extension,10,113.38.00,,2,1753919563000,1754592577840,0
106,,REPLACE_WITH_YOUR_USER_ID,19912335866,cable-row,Seated Cable Row,10,70.31.00,,2,1754029828000,1754592575839,0
107,,REPLACE_WITH_YOUR_USER_ID,19899744640,leg-extension,Leg Extension,10,113.38.00,,3,1753919760000,1754592577840,0
108,,REPLACE_WITH_YOUR_USER_ID,19912335866,cable-row,Seated Cable Row,12,70.31.00,,3,1754030199000,1754592575839,0
109,,REPLACE_WITH_YOUR_USER_ID,19899744640,standing-calf-raise-machine,Standing Calf Raise Machine,10,163.31.00,,1,1753920173000,1754592577840,0
110,,REPLACE_WITH_YOUR_USER_ID,19912335866,overhead-cable-tricep,Overhead Cable Tricep Extension,12,57.09.00,,1,1754030006000,1754592575839,0
111,,REPLACE_WITH_YOUR_USER_ID,19899744640,standing-calf-raise-machine,Standing Calf Raise Machine,12,163.31.00,,2,1753920504000,1754592577840,0
112,,REPLACE_WITH_YOUR_USER_ID,19912335866,overhead-cable-tricep,Overhead Cable Tricep Extension,8,57.09.00,,2,1754030405000,1754592575839,0
113,,REPLACE_WITH_YOUR_USER_ID,19899744640,standing-calf-raise-machine,Standing Calf Raise Machine,10,163.31.00,,3,1753920648000,1754592577840,0
114,,REPLACE_WITH_YOUR_USER_ID,19912335866,overhead-cable-tricep,Overhead Cable Tricep Extension,9,57.09.00,,3,1754030685000,1754592575839,0
115,,REPLACE_WITH_YOUR_USER_ID,19899744640,hip-adduction,Hip Adduction Machine,16,84.34.00,,1,1753920822000,1754592577840,0
116,,REPLACE_WITH_YOUR_USER_ID,19912335866,lat-pulldown-close,Close-Grip Lat Pulldown,10,77.13.00,,1,1754030997000,1754592575839,0
117,,REPLACE_WITH_YOUR_USER_ID,19899744640,hip-adduction,Hip Adduction Machine,12,88.44.00,,2,1753921153000,1754592577840,0
118,,REPLACE_WITH_YOUR_USER_ID,19912335866,lat-pulldown-close,Close-Grip Lat Pulldown,8,77.13.00,,2,1754031362000,1754592575839,0
119,,REPLACE_WITH_YOUR_USER_ID,19899744640,hip-adduction,Hip Adduction Machine,12,88.44.00,,3,1753921624000,1754592577840,0
120,,REPLACE_WITH_YOUR_USER_ID,19889617714,cable-hammer-curl,Cable Hammer Curl,10,54.44.00,,1,1753837922000,1754592581117,0
121,,REPLACE_WITH_YOUR_USER_ID,19889617714,cable-hammer-curl,Cable Hammer Curl,8,54.44.00,,2,1753838085000,1754592581117,0
122,,REPLACE_WITH_YOUR_USER_ID,19889617714,ez-bar-curl,EZ-Bar Curl,6,54.44.00,,1,1753838263000,1754592581117,0
123,,REPLACE_WITH_YOUR_USER_ID,19889617714,ez-bar-curl,EZ-Bar Curl,6,54.44.00,,2,1753838643000,1754592581117,0
124,,REPLACE_WITH_YOUR_USER_ID,19889617714,ez-bar-curl,EZ-Bar Curl,6,52.19.00,,3,1753839061000,1754592581117,0
125,,REPLACE_WITH_YOUR_USER_ID,19889617714,smith-incline-bench-press,Incline Smith Machine Bench Press,8,75.21.00,,1,1753839567000,1754592581117,0
126,,REPLACE_WITH_YOUR_USER_ID,19889617714,smith-incline-bench-press,Incline Smith Machine Bench Press,4,79.38.00,,2,1753840753000,1754592581117,0
127,,REPLACE_WITH_YOUR_USER_ID,19889617714,smith-incline-bench-press,Incline Smith Machine Bench Press,8,70.31.00,,3,1753841180000,1754592581117,0
128,,REPLACE_WITH_YOUR_USER_ID,19889617714,barbell-ohp,Barbell Overhead Press,6,72.56.00,,1,1753841431000,1754592581117,0
129,,REPLACE_WITH_YOUR_USER_ID,19889617714,barbell-ohp,Barbell Overhead Press,6,72.56.00,,2,1753842789000,1754592581117,0
130,,REPLACE_WITH_YOUR_USER_ID,19889617714,barbell-ohp,Barbell Overhead Press,6,72.56.00,,3,1753843023000,1754592581117,0
131,,REPLACE_WITH_YOUR_USER_ID,19889617714,pec-deck,Pec Deck Machine,8,88.44.00,,1,1753841959000,1754592581117,0
132,,REPLACE_WITH_YOUR_USER_ID,19889617714,pec-deck,Pec Deck Machine,6,91.09.00,,2,1753842194000,1754592581117,0
133,,REPLACE_WITH_YOUR_USER_ID,19889617714,pec-deck,Pec Deck Machine,8,88.44.00,,3,1753842544000,1754592581117,0
134,,REPLACE_WITH_YOUR_USER_ID,19889617714,reverse-curl,Reverse Barbell Curl,12,23.09,,1,1753843631000,1754592581117,0
135,,REPLACE_WITH_YOUR_USER_ID,19889617714,reverse-curl,Reverse Barbell Curl,12,23.09,,2,1753844025000,1754592581117,0
136,,REPLACE_WITH_YOUR_USER_ID,19889617714,reverse-curl,Reverse Barbell Curl,16,18.13,,3,1753845491000,1754592581117,0
137,,REPLACE_WITH_YOUR_USER_ID,19889617714,lateral-raise,Lateral Raise,10,25.38.00,,1,1753844339000,1754592581117,0
138,,REPLACE_WITH_YOUR_USER_ID,19889617714,lateral-raise,Lateral Raise,8,25.38.00,,2,1753844694000,1754592581117,0
139,,REPLACE_WITH_YOUR_USER_ID,19889617714,lateral-raise,Lateral Raise,8,25.38.00,,3,1753844924000,1754592581117,0
140,,REPLACE_WITH_YOUR_USER_ID,19879716707,pullup,Pull-Up,8,<null>,,1,1753768080000,1754592583039,0
141,,REPLACE_WITH_YOUR_USER_ID,19879716707,pullup,Pull-Up,6,<null>,,2,1753768193000,1754592583039,0
142,,REPLACE_WITH_YOUR_USER_ID,19879716707,lat-pulldown-close,Close-Grip Lat Pulldown,8,79.38.00,,1,1753768443000,1754592583039,0
143,,REPLACE_WITH_YOUR_USER_ID,19879716707,lat-pulldown-close,Close-Grip Lat Pulldown,8,77.13.00,,2,1753768673000,1754592583039,0
144,,REPLACE_WITH_YOUR_USER_ID,19879716707,lat-pulldown-close,Close-Grip Lat Pulldown,8,77.13.00,,3,1753768878000,1754592583039,0
145,,REPLACE_WITH_YOUR_USER_ID,19879716707,cable-row,Seated Cable Row,10,70.31.00,,1,1753769321000,1754592583039,0
146,,REPLACE_WITH_YOUR_USER_ID,19879716707,cable-row,Seated Cable Row,8,70.31.00,,2,1753769776000,1754592583039,0
147,,REPLACE_WITH_YOUR_USER_ID,19879716707,cable-row,Seated Cable Row,10,70.31.00,,3,1753770013000,1754592583039,0
148,,REPLACE_WITH_YOUR_USER_ID,19879716707,tricep-pushdown-bar,Tricep Pushdown (Bar),10,63.5,,1,1753770398000,1754592583039,0
149,,REPLACE_WITH_YOUR_USER_ID,19879716707,tricep-pushdown-bar,Tricep Pushdown (Bar),10,66.15.00,,2,1753770672000,1754592583039,0
150,,REPLACE_WITH_YOUR_USER_ID,19879716707,tricep-pushdown-bar,Tricep Pushdown (Bar),8,66.15.00,,3,1753770872000,1754592583039,0
151,,REPLACE_WITH_YOUR_USER_ID,19879716707,overhead-tricep-ext-db,Overhead Tricep Extension (Dumbbell),8,34,,1,1753771355000,1754592583039,0
152,,REPLACE_WITH_YOUR_USER_ID,19879716707,overhead-tricep-ext-db,Overhead Tricep Extension (Dumbbell),6,32.15.00,,2,1753771595000,1754592583039,0
153,,REPLACE_WITH_YOUR_USER_ID,19879716707,overhead-tricep-ext-db,Overhead Tricep Extension (Dumbbell),10,29.5,,3,1753771816000,1754592583039,0
154,,REPLACE_WITH_YOUR_USER_ID,19879716707,bent-over-rear-delt-raise,Bent-Over Rear Delt Raise,10,52.19.00,,1,1753772039000,1754592583039,0
155,,REPLACE_WITH_YOUR_USER_ID,19879716707,bent-over-rear-delt-raise,Bent-Over Rear Delt Raise,12,52.19.00,,2,1753772252000,1754592583039,0
156,,REPLACE_WITH_YOUR_USER_ID,19879716707,bent-over-rear-delt-raise,Bent-Over Rear Delt Raise,10,52.19.00,,3,1753772448000,1754592583039,0
157,,REPLACE_WITH_YOUR_USER_ID,19849846475,deadlift,Deadlift,8,93,,1,1753503524000,1754592584971,0
158,,REPLACE_WITH_YOUR_USER_ID,19840008558,weighted-crunch,Weighted Crunch,6,54.44.00,,1,1753422524000,1754592586896,0
159,,REPLACE_WITH_YOUR_USER_ID,19849846475,deadlift,Deadlift,8,93,,2,1753503861000,1754592584971,0
160,,REPLACE_WITH_YOUR_USER_ID,19840008558,weighted-crunch,Weighted Crunch,4,57.09.00,,2,1753422832000,1754592586896,0
161,,REPLACE_WITH_YOUR_USER_ID,19849846475,lying-leg-curl,Lying Leg Curl,8,59.34.00,,1,1753504261000,1754592584971,0
162,,REPLACE_WITH_YOUR_USER_ID,19840008558,weighted-crunch,Weighted Crunch,6,54.44.00,,3,1753423149000,1754592586896,0
163,,REPLACE_WITH_YOUR_USER_ID,19849846475,lying-leg-curl,Lying Leg Curl,8,61.25.00,,2,1753504734000,1754592584971,0
164,,REPLACE_WITH_YOUR_USER_ID,19840008558,hip-abduction,Hip Abduction Machine,16,93,,1,1753423299000,1754592586896,0
165,,REPLACE_WITH_YOUR_USER_ID,19849846475,lying-leg-curl,Lying Leg Curl,8,59.34.00,,3,1753505149000,1754592584971,0
166,,REPLACE_WITH_YOUR_USER_ID,19840008558,hip-abduction,Hip Abduction Machine,20,93,,2,1753423498000,1754592586896,0
167,,REPLACE_WITH_YOUR_USER_ID,19849846475,hack-squat,Hack Squat Machine,6,79.38.00,,1,1753505404000,1754592584971,0
168,,REPLACE_WITH_YOUR_USER_ID,19840008558,hip-abduction,Hip Abduction Machine,16,93,,3,1753423674000,1754592586896,0
169,,REPLACE_WITH_YOUR_USER_ID,19849846475,hack-squat,Hack Squat Machine,8,79.38.00,,2,1753505852000,1754592584971,0
170,,REPLACE_WITH_YOUR_USER_ID,19840008558,dumbbell-curl,Dumbbell Curl,8,57.09.00,,1,1753423946000,1754592586896,0
171,,REPLACE_WITH_YOUR_USER_ID,19849846475,hack-squat,Hack Squat Machine,6,79.38.00,,3,1753506123000,1754592584971,0
172,,REPLACE_WITH_YOUR_USER_ID,19840008558,dumbbell-curl,Dumbbell Curl,8,57.09.00,,2,1753424568000,1754592586896,0
173,,REPLACE_WITH_YOUR_USER_ID,19849846475,leg-extension,Leg Extension,8,102.06.00,,1,1753506549000,1754592584971,0
174,,REPLACE_WITH_YOUR_USER_ID,19840008558,ez-bar-curl,EZ-Bar Curl,6,54.44.00,,1,1753424100000,1754592586896,0
175,,REPLACE_WITH_YOUR_USER_ID,19849846475,leg-extension,Leg Extension,8,102.06.00,,2,1753507016000,1754592584971,0
176,,REPLACE_WITH_YOUR_USER_ID,19840008558,ez-bar-curl,EZ-Bar Curl,6,54.44.00,,2,1753424325000,1754592586896,0
177,,REPLACE_WITH_YOUR_USER_ID,19849846475,leg-extension,Leg Extension,10,102.06.00,,3,1753507813000,1754592584971,0
178,,REPLACE_WITH_YOUR_USER_ID,19840008558,cable-hammer-curl,Cable Hammer Curl,10,50.28.00,,1,1753424802000,1754592586896,0
179,,REPLACE_WITH_YOUR_USER_ID,19849846475,hip-adduction,Hip Adduction Machine,12,52.19.00,,1,1753507911000,1754592584971,0
180,,REPLACE_WITH_YOUR_USER_ID,19840008558,cable-hammer-curl,Cable Hammer Curl,10,50.28.00,,2,1753424995000,1754592586896,0
181,,REPLACE_WITH_YOUR_USER_ID,19849846475,hip-adduction,Hip Adduction Machine,12,52.19.00,,2,1753509375000,1754592584971,0
182,,REPLACE_WITH_YOUR_USER_ID,19840008558,reverse-curl,Reverse Barbell Curl,8,38.56.00,,1,1753425121000,1754592586896,0
183,,REPLACE_WITH_YOUR_USER_ID,19849846475,hip-adduction,Hip Adduction Machine,8,57.09.00,,3,1753509557000,1754592584971,0
184,,REPLACE_WITH_YOUR_USER_ID,19840008558,reverse-curl,Reverse Barbell Curl,10,38.56.00,,2,1753425307000,1754592586896,0
185,,REPLACE_WITH_YOUR_USER_ID,19849846475,hip-adduction,Hip Adduction Machine,16,57.09.00,,4,1753509871000,1754592584971,0
186,,REPLACE_WITH_YOUR_USER_ID,19840008558,reverse-curl,Reverse Barbell Curl,10,38.56.00,,3,1753425536000,1754592586896,0
187,,REPLACE_WITH_YOUR_USER_ID,19849846475,standing-calf-raise-machine,Standing Calf Raise Machine,18,116.09.00,,1,1753508160000,1754592584971,0
188,,REPLACE_WITH_YOUR_USER_ID,19840008558,bent-over-rear-delt-raise,Bent-Over Rear Delt Raise,10,52.19.00,,1,1753425201000,1754592586896,0
189,,REPLACE_WITH_YOUR_USER_ID,19849846475,standing-calf-raise-machine,Standing Calf Raise Machine,12,127,,2,1753508401000,1754592584971,0
190,,REPLACE_WITH_YOUR_USER_ID,19840008558,bent-over-rear-delt-raise,Bent-Over Rear Delt Raise,10,52.19.00,,2,1753425431000,1754592586896,0
191,,REPLACE_WITH_YOUR_USER_ID,19849846475,standing-calf-raise-machine,Standing Calf Raise Machine,16,127,,3,1753508667000,1754592584971,0
192,,REPLACE_WITH_YOUR_USER_ID,19840008558,bent-over-rear-delt-raise,Bent-Over Rear Delt Raise,12,52.19.00,,3,1753425771000,1754592586896,0
193,,REPLACE_WITH_YOUR_USER_ID,19825161950,pullup,Pull-Up,8,77.13.00,,1,1753249692000,1754592594517,0
194,,REPLACE_WITH_YOUR_USER_ID,19830610314,smith-incline-bench-press,Incline Smith Machine Bench Press,6,77.13.00,,1,1753335315000,1754592589522,0
195,,REPLACE_WITH_YOUR_USER_ID,19825161950,pullup,Pull-Up,6,77.13.00,,2,1753249881000,1754592594517,0
196,,REPLACE_WITH_YOUR_USER_ID,19830610314,smith-incline-bench-press,Incline Smith Machine Bench Press,7,77.13.00,,2,1753335709000,1754592589522,0
197,,REPLACE_WITH_YOUR_USER_ID,19825161950,pullup,Pull-Up,8,77.13.00,,3,1753250071000,1754592594517,0
198,,REPLACE_WITH_YOUR_USER_ID,19830610314,smith-incline-bench-press,Incline Smith Machine Bench Press,6,77.13.00,,3,1753336082000,1754592589522,0
199,,REPLACE_WITH_YOUR_USER_ID,19825161950,unknown,UNKNOWN,10,68.06.00,,1,1753250381000,1754592594517,0
200,,REPLACE_WITH_YOUR_USER_ID,19830610314,barbell-ohp,Barbell Overhead Press,8,75.21.00,,1,1753336318000,1754592589522,0
201,,REPLACE_WITH_YOUR_USER_ID,19825161950,unknown,UNKNOWN,10,68.06.00,,2,1753250623000,1754592594517,0
202,,REPLACE_WITH_YOUR_USER_ID,19830610314,barbell-ohp,Barbell Overhead Press,8,75.21.00,,2,1753336849000,1754592589522,0
203,,REPLACE_WITH_YOUR_USER_ID,19825161950,unknown,UNKNOWN,10,70.31.00,,3,1753250862000,1754592594517,0
204,,REPLACE_WITH_YOUR_USER_ID,19830610314,barbell-ohp,Barbell Overhead Press,8,75.21.00,,3,1753337161000,1754592589522,0
205,,REPLACE_WITH_YOUR_USER_ID,19825161950,unknown,UNKNOWN,9,63.5,,4,1753251271000,1754592594517,0
206,,REPLACE_WITH_YOUR_USER_ID,19830610314,lateral-raise,Lateral Raise,10,25.34.00,,1,1753337989000,1754592589522,0
207,,REPLACE_WITH_YOUR_USER_ID,19825161950,unknown,UNKNOWN,10,66.15.00,,5,1753251670000,1754592594517,0
208,,REPLACE_WITH_YOUR_USER_ID,19830610314,lateral-raise,Lateral Raise,10,25.34.00,,2,1753338265000,1754592589522,0
209,,REPLACE_WITH_YOUR_USER_ID,19825161950,barbell-row,Barbell Row,9,66.15.00,,1,1753252174000,1754592594517,0
210,,REPLACE_WITH_YOUR_USER_ID,19830610314,lateral-raise,Lateral Raise,8,25.34.00,,3,1753338462000,1754592589522,0
211,,REPLACE_WITH_YOUR_USER_ID,19825161950,barbell-bench-press,Barbell Bench Press,8,52.19.00,,1,1753252488000,1754592594517,0
212,,REPLACE_WITH_YOUR_USER_ID,19825161950,barbell-bench-press,Barbell Bench Press,8,52.19.00,,2,1753252730000,1754592594517,0
213,,REPLACE_WITH_YOUR_USER_ID,19825161950,barbell-bench-press,Barbell Bench Press,10,52.19.00,,3,1753252917000,1754592594517,0
214,,REPLACE_WITH_YOUR_USER_ID,19825161950,situp,Sit-Up,10,52.19.00,,1,1753253327000,1754592594517,0
215,,REPLACE_WITH_YOUR_USER_ID,19825161950,situp,Sit-Up,10,52.19.00,,2,1753253510000,1754592594517,0
216,,REPLACE_WITH_YOUR_USER_ID,19825161950,situp,Sit-Up,10,54.44.00,,3,1753253731000,1754592594517,0
217,,REPLACE_WITH_YOUR_USER_ID,19807664251,dumbbell-deadlift,Dumbbell Deadlift,12,68.06.00,,1,1753156744000,1754592600525,0
218,,REPLACE_WITH_YOUR_USER_ID,19807664251,dumbbell-deadlift,Dumbbell Deadlift,12,68.06.00,,2,1753156942000,1754592600525,0
219,,REPLACE_WITH_YOUR_USER_ID,19807664251,lying-leg-curl,Lying Leg Curl,6,63.5,,1,1753157226000,1754592600525,0
220,,REPLACE_WITH_YOUR_USER_ID,19807664251,lying-leg-curl,Lying Leg Curl,8,59.34.00,,2,1753157473000,1754592600525,0
221,,REPLACE_WITH_YOUR_USER_ID,19807664251,lying-leg-curl,Lying Leg Curl,9,59.34.00,,3,1753157819000,1754592600525,0
222,,REPLACE_WITH_YOUR_USER_ID,19807664251,standing-calf-raise-machine,Standing Calf Raise Machine,20,104.31.00,,1,1753158239000,1754592600525,0
223,,REPLACE_WITH_YOUR_USER_ID,19807664251,standing-calf-raise-machine,Standing Calf Raise Machine,12,127,,2,1753158430000,1754592600525,0
224,,REPLACE_WITH_YOUR_USER_ID,19807664251,standing-calf-raise-machine,Standing Calf Raise Machine,20,127,,3,1753158689000,1754592600525,0
225,,REPLACE_WITH_YOUR_USER_ID,19807664251,leg-press,Leg Press,12,145.13.00,,1,1753158973000,1754592600525,0
226,,REPLACE_WITH_YOUR_USER_ID,19807664251,leg-press,Leg Press,10,159.15.00,,2,1753159358000,1754592600525,0
227,,REPLACE_WITH_YOUR_USER_ID,19807664251,leg-press,Leg Press,10,159.15.00,,3,1753159840000,1754592600525,0
228,,REPLACE_WITH_YOUR_USER_ID,19807664251,leg-extension,Leg Extension,8,111.13.00,,1,1753160230000,1754592600525,0
229,,REPLACE_WITH_YOUR_USER_ID,19807664251,leg-extension,Leg Extension,10,111.13.00,,2,1753160440000,1754592600525,0
230,,REPLACE_WITH_YOUR_USER_ID,19807664251,leg-extension,Leg Extension,10,111.13.00,,3,1753160784000,1754592600525,0
231,,REPLACE_WITH_YOUR_USER_ID,19807664251,hip-adduction,Hip Adduction Machine,13,52.19.00,,1,1753161049000,1754592600525,0
232,,REPLACE_WITH_YOUR_USER_ID,19807664251,hip-adduction,Hip Adduction Machine,10,52.19.00,,2,1753161241000,1754592600525,0
233,,REPLACE_WITH_YOUR_USER_ID,19807664251,hip-adduction,Hip Adduction Machine,15,52.19.00,,3,1753161410000,1754592600525,0
234,,REPLACE_WITH_YOUR_USER_ID,19797816515,dumbbell-bench-press,Dumbbell Bench Press,8,45.38.00,,1,1753074325000,1754592605521,0
235,,REPLACE_WITH_YOUR_USER_ID,19797816515,smith-incline-bench-press,Incline Smith Machine Bench Press,4,79.38.00,,1,1753074601000,1754592605521,0
236,,REPLACE_WITH_YOUR_USER_ID,19787234094,tricep-pushdown-bar,Tricep Pushdown (Bar),8,63.5,,1,1752985862000,1754592610516,0
237,,REPLACE_WITH_YOUR_USER_ID,19797816515,smith-incline-bench-press,Incline Smith Machine Bench Press,6,75.21.00,,2,1753074793000,1754592605521,0
238,,REPLACE_WITH_YOUR_USER_ID,19787234094,tricep-pushdown-bar,Tricep Pushdown (Bar),7,66.15.00,,2,1752986225000,1754592610516,0
239,,REPLACE_WITH_YOUR_USER_ID,19797816515,smith-incline-bench-press,Incline Smith Machine Bench Press,6,75.21.00,,3,1753075079000,1754592605521,0
240,,REPLACE_WITH_YOUR_USER_ID,19787234094,tricep-pushdown-bar,Tricep Pushdown (Bar),7,63.5,,3,1752986424000,1754592610516,0
241,,REPLACE_WITH_YOUR_USER_ID,19797816515,bent-over-rear-delt-raise,Bent-Over Rear Delt Raise,10,52.19.00,,1,1753075239000,1754592605521,0
242,,REPLACE_WITH_YOUR_USER_ID,19787234094,ez-bar-skull-crusher,EZ-Bar Skull Crusher,12,25.34.00,,1,1752986587000,1754592610516,0
243,,REPLACE_WITH_YOUR_USER_ID,19797816515,bent-over-rear-delt-raise,Bent-Over Rear Delt Raise,12,52.19.00,,2,1753075469000,1754592605521,0
244,,REPLACE_WITH_YOUR_USER_ID,19787234094,ez-bar-skull-crusher,EZ-Bar Skull Crusher,8,29.5,,2,1752986858000,1754592610516,0
245,,REPLACE_WITH_YOUR_USER_ID,19797816515,bent-over-rear-delt-raise,Bent-Over Rear Delt Raise,12,52.19.00,,3,1753075857000,1754592605521,0
246,,REPLACE_WITH_YOUR_USER_ID,19787234094,ez-bar-skull-crusher,EZ-Bar Skull Crusher,10,25.34.00,,3,1752987143000,1754592610516,0
247,,REPLACE_WITH_YOUR_USER_ID,19797816515,pec-deck,Pec Deck Machine,8,84.34.00,,1,1753075307000,1754592605521,0
248,,REPLACE_WITH_YOUR_USER_ID,19787234094,weighted-crunch,Weighted Crunch,8,54.44.00,,1,1752987601000,1754592610516,0
249,,REPLACE_WITH_YOUR_USER_ID,19797816515,pec-deck,Pec Deck Machine,8,84.34.00,,2,1753075583000,1754592605521,0
250,,REPLACE_WITH_YOUR_USER_ID,19787234094,weighted-crunch,Weighted Crunch,6,57.09.00,,2,1752988115000,1754592610516,0
251,,REPLACE_WITH_YOUR_USER_ID,19797816515,pec-deck,Pec Deck Machine,10,84.34.00,,3,1753075998000,1754592605521,0
252,,REPLACE_WITH_YOUR_USER_ID,19787234094,weighted-crunch,Weighted Crunch,6,57.09.00,,3,1752988371000,1754592610516,0
253,,REPLACE_WITH_YOUR_USER_ID,19797816515,barbell-ohp,Barbell Overhead Press,8,66.15.00,,1,1753076222000,1754592605521,0
254,,REPLACE_WITH_YOUR_USER_ID,19787234094,ez-bar-curl,EZ-Bar Curl,6,54.44.00,,1,1752988909000,1754592610516,0
255,,REPLACE_WITH_YOUR_USER_ID,19797816515,barbell-ohp,Barbell Overhead Press,10,68.06.00,,2,1753076501000,1754592605521,0
256,,REPLACE_WITH_YOUR_USER_ID,19787234094,ez-bar-curl,EZ-Bar Curl,5,54.44.00,,2,1752989434000,1754592610516,0
257,,REPLACE_WITH_YOUR_USER_ID,19797816515,barbell-ohp,Barbell Overhead Press,8,68.06.00,,3,1753076789000,1754592605521,0
258,,REPLACE_WITH_YOUR_USER_ID,19787234094,ez-bar-curl,EZ-Bar Curl,6,50.28.00,,3,1752990151000,1754592610516,0
259,,REPLACE_WITH_YOUR_USER_ID,19797816515,lateral-raise,Lateral Raise,8,25.38.00,,1,1753076957000,1754592605521,0
260,,REPLACE_WITH_YOUR_USER_ID,19787234094,cable-hammer-curl,Cable Hammer Curl,15,45.38.00,,1,1752990351000,1754592610516,0
261,,REPLACE_WITH_YOUR_USER_ID,19797816515,lateral-raise,Lateral Raise,10,25.38.00,,2,1753077235000,1754592605521,0
262,,REPLACE_WITH_YOUR_USER_ID,19787234094,cable-hammer-curl,Cable Hammer Curl,8,50.28.00,,2,1752990613000,1754592610516,0
263,,REPLACE_WITH_YOUR_USER_ID,19797816515,lateral-raise,Lateral Raise,8,25.38.00,,3,1753077380000,1754592605521,0
264,,REPLACE_WITH_YOUR_USER_ID,19787234094,cable-hammer-curl,Cable Hammer Curl,12,48.03.00,,3,1752990926000,1754592610516,0
265,,REPLACE_WITH_YOUR_USER_ID,19787234094,reverse-curl,Reverse Barbell Curl,6,41.21.00,,1,1752990468000,1754592610516,0
266,,REPLACE_WITH_YOUR_USER_ID,19787234094,reverse-curl,Reverse Barbell Curl,9,38.56.00,,2,1752990728000,1754592610516,0
267,,REPLACE_WITH_YOUR_USER_ID,19787234094,reverse-curl,Reverse Barbell Curl,8,38.56.00,,3,1752991032000,1754592610516,0
268,,REPLACE_WITH_YOUR_USER_ID,19777250535,lat-pulldown-close,Close-Grip Lat Pulldown,9,77.13.00,,1,1752905939000,1754592617514,0
269,,REPLACE_WITH_YOUR_USER_ID,19777250535,lat-pulldown-close,Close-Grip Lat Pulldown,8,77.13.00,,2,1752906114000,1754592617514,0
270,,REPLACE_WITH_YOUR_USER_ID,19777250535,lat-pulldown-close,Close-Grip Lat Pulldown,8,77.13.00,,3,1752906285000,1754592617514,0
271,,REPLACE_WITH_YOUR_USER_ID,19777250535,cable-row,Seated Cable Row,10,68.06.00,,1,1752906484000,1754592617514,0
272,,REPLACE_WITH_YOUR_USER_ID,19777250535,cable-row,Seated Cable Row,10,68.06.00,,2,1752906662000,1754592617514,0
273,,REPLACE_WITH_YOUR_USER_ID,19777250535,cable-row,Seated Cable Row,10,68.06.00,,3,1752906934000,1754592617514,0
274,,REPLACE_WITH_YOUR_USER_ID,19766782535,smith-incline-bench-press,Incline Smith Machine Bench Press,6,72.56.00,,1,1752782187000,1754592622526,0
275,,REPLACE_WITH_YOUR_USER_ID,19766782535,smith-incline-bench-press,Incline Smith Machine Bench Press,6,72.56.00,,2,1752782588000,1754592622526,0
276,,REPLACE_WITH_YOUR_USER_ID,19766782535,machine-chest-press,Machine Chest Press,8,72.56.00,,1,1752783444000,1754592622526,0
277,,REPLACE_WITH_YOUR_USER_ID,19766782535,machine-chest-press,Machine Chest Press,8,72.56.00,,2,1752783633000,1754592622526,0
278,,REPLACE_WITH_YOUR_USER_ID,19766782535,lateral-raise,Lateral Raise,10,32.15.00,,1,1752784009000,1754592622526,0
279,,REPLACE_WITH_YOUR_USER_ID,19766782535,lateral-raise,Lateral Raise,10,34,,2,1752784279000,1754592622526,0
280,,REPLACE_WITH_YOUR_USER_ID,19766782535,lateral-raise,Lateral Raise,12,34,,3,1752784463000,1754592622526,0
281,,REPLACE_WITH_YOUR_USER_ID,19766782535,pec-deck,Pec Deck Machine,8,82.03.00,,1,1752784652000,1754592622526,0
282,,REPLACE_WITH_YOUR_USER_ID,19766782535,pec-deck,Pec Deck Machine,8,82.03.00,,2,1752784975000,1754592622526,0
283,,REPLACE_WITH_YOUR_USER_ID,19766782535,ez-bar-curl,EZ-Bar Curl,15,23.09,,1,1752785247000,1754592622526,0
284,,REPLACE_WITH_YOUR_USER_ID,19766782535,ez-bar-curl,EZ-Bar Curl,12,27.19.00,,2,1752785431000,1754592622526,0
285,,REPLACE_WITH_YOUR_USER_ID,19766782535,ez-bar-curl,EZ-Bar Curl,10,27.19.00,,3,1752785595000,1754592622526,0
286,,REPLACE_WITH_YOUR_USER_ID,19725659988,standing-calf-raise-machine,Standing Calf Raise Machine,10,170.13.00,,1,1752452724000,1754592634513,0
287,,REPLACE_WITH_YOUR_USER_ID,19714740211,smith-incline-bench-press,Incline Smith Machine Bench Press,6,79.38.00,,1,1752376896000,1754592639526,0
288,,REPLACE_WITH_YOUR_USER_ID,19725659988,standing-calf-raise-machine,Standing Calf Raise Machine,12,159.15.00,,2,1752452949000,1754592634513,0
289,,REPLACE_WITH_YOUR_USER_ID,19714740211,smith-incline-bench-press,Incline Smith Machine Bench Press,5,79.38.00,,2,1752377205000,1754592639526,0
290,,REPLACE_WITH_YOUR_USER_ID,19725659988,standing-calf-raise-machine,Standing Calf Raise Machine,12,159.15.00,,3,1752453270000,1754592634513,0
291,,REPLACE_WITH_YOUR_USER_ID,19714740211,smith-incline-bench-press,Incline Smith Machine Bench Press,5,77.13.00,,3,1752377548000,1754592639526,0
292,,REPLACE_WITH_YOUR_USER_ID,19725659988,lying-leg-curl,Lying Leg Curl,10,59.34.00,,1,1752453875000,1754592634513,0
293,,REPLACE_WITH_YOUR_USER_ID,19714740211,barbell-ohp,Barbell Overhead Press,5,59.34.00,,1,1752377966000,1754592639526,0
294,,REPLACE_WITH_YOUR_USER_ID,19725659988,lying-leg-curl,Lying Leg Curl,8,57.09.00,,2,1752454149000,1754592634513,0
295,,REPLACE_WITH_YOUR_USER_ID,19714740211,barbell-ohp,Barbell Overhead Press,6,57.09.00,,2,1752378394000,1754592639526,0
296,,REPLACE_WITH_YOUR_USER_ID,19725659988,lying-leg-curl,Lying Leg Curl,10,57.09.00,,3,1752454508000,1754592634513,0
297,,REPLACE_WITH_YOUR_USER_ID,19714740211,barbell-ohp,Barbell Overhead Press,7,57.09.00,,3,1752378674000,1754592639526,0
298,,REPLACE_WITH_YOUR_USER_ID,19725659988,bent-over-rear-delt-raise,Bent-Over Rear Delt Raise,12,54.44.00,,1,1752453936000,1754592634513,0
299,,REPLACE_WITH_YOUR_USER_ID,19714740211,pec-deck,Pec Deck Machine,8,84.34.00,,1,1752378922000,1754592639526,0
300,,REPLACE_WITH_YOUR_USER_ID,19725659988,bent-over-rear-delt-raise,Bent-Over Rear Delt Raise,9,54.44.00,,2,1752454215000,1754592634513,0
301,,REPLACE_WITH_YOUR_USER_ID,19714740211,pec-deck,Pec Deck Machine,8,84.34.00,,2,1752379467000,1754592639526,0
302,,REPLACE_WITH_YOUR_USER_ID,19725659988,bent-over-rear-delt-raise,Bent-Over Rear Delt Raise,9,54.44.00,,3,1752454585000,1754592634513,0
303,,REPLACE_WITH_YOUR_USER_ID,19714740211,pec-deck,Pec Deck Machine,8,84.34.00,,3,1752379793000,1754592639526,0
304,,REPLACE_WITH_YOUR_USER_ID,19725659988,leg-extension,Leg Extension,12,91.09.00,,1,1752454965000,1754592634513,0
305,,REPLACE_WITH_YOUR_USER_ID,19714740211,lateral-raise,Lateral Raise,9,25.38.00,,1,1752380005000,1754592639526,0
306,,REPLACE_WITH_YOUR_USER_ID,19725659988,leg-extension,Leg Extension,10,95.25.00,,2,1752455291000,1754592634513,0
307,,REPLACE_WITH_YOUR_USER_ID,19714740211,lateral-raise,Lateral Raise,12,25.38.00,,2,1752380517000,1754592639526,0
308,,REPLACE_WITH_YOUR_USER_ID,19725659988,leg-extension,Leg Extension,10,95.25.00,,3,1752455772000,1754592634513,0
309,,REPLACE_WITH_YOUR_USER_ID,19714740211,lateral-raise,Lateral Raise,10,25.38.00,,3,1752380938000,1754592639526,0
310,,REPLACE_WITH_YOUR_USER_ID,19725659988,pullup,Pull-Up,8,<null>,,1,1752456047000,1754592634513,0
311,,REPLACE_WITH_YOUR_USER_ID,19714740211,ez-bar-curl,EZ-Bar Curl,6,59.34.00,,1,1752381178000,1754592639526,0
312,,REPLACE_WITH_YOUR_USER_ID,19725659988,lat-pulldown-close,Close-Grip Lat Pulldown,6,75.21.00,,1,1752456395000,1754592634513,0
313,,REPLACE_WITH_YOUR_USER_ID,19714740211,ez-bar-curl,EZ-Bar Curl,6,59.34.00,,2,1752381346000,1754592639526,0
314,,REPLACE_WITH_YOUR_USER_ID,19725659988,lat-pulldown-close,Close-Grip Lat Pulldown,8,75.21.00,,2,1752456967000,1754592634513,0
315,,REPLACE_WITH_YOUR_USER_ID,19714740211,ez-bar-curl,EZ-Bar Curl,6,59.34.00,,3,1752381626000,1754592639526,0
316,,REPLACE_WITH_YOUR_USER_ID,19725659988,lat-pulldown-close,Close-Grip Lat Pulldown,10,75.21.00,,3,1752457312000,1754592634513,0
317,,REPLACE_WITH_YOUR_USER_ID,19714740211,reverse-curl,Reverse Barbell Curl,10,38.56.00,,1,1752381896000,1754592639526,0
318,,REPLACE_WITH_YOUR_USER_ID,19725659988,hip-adduction,Hip Adduction Machine,12,75.21.00,,1,1752456516000,1754592634513,0
319,,REPLACE_WITH_YOUR_USER_ID,19714740211,reverse-curl,Reverse Barbell Curl,8,38.56.00,,2,1752382139000,1754592639526,0
320,,REPLACE_WITH_YOUR_USER_ID,19725659988,hip-adduction,Hip Adduction Machine,16,75.21.00,,2,1752457206000,1754592634513,0
321,,REPLACE_WITH_YOUR_USER_ID,19714740211,reverse-curl,Reverse Barbell Curl,12,38.56.00,,3,1752382504000,1754592639526,0
322,,REPLACE_WITH_YOUR_USER_ID,19725659988,hip-adduction,Hip Adduction Machine,16,75.21.00,,3,1752457673000,1754592634513,0
323,,REPLACE_WITH_YOUR_USER_ID,19725659988,weighted-crunch,Weighted Crunch,8,57.09.00,,1,1752458151000,1754592634513,0
324,,REPLACE_WITH_YOUR_USER_ID,19725659988,weighted-crunch,Weighted Crunch,6,57.09.00,,2,1752458842000,1754592634513,0
325,,REPLACE_WITH_YOUR_USER_ID,19725659988,weighted-crunch,Weighted Crunch,8,52.19.00,,3,1752459260000,1754592634513,0
326,,REPLACE_WITH_YOUR_USER_ID,19725659988,hip-abduction,Hip Abduction Machine,16,79.38.00,,1,1752460032000,1754592634513,0
327,,REPLACE_WITH_YOUR_USER_ID,19725659988,hip-abduction,Hip Abduction Machine,20,75.21.00,,2,1752460335000,1754592634513,0
328,,REPLACE_WITH_YOUR_USER_ID,19725659988,hip-abduction,Hip Abduction Machine,32,75.24.00,,3,1752460727000,1754592634513,0
329,,REPLACE_WITH_YOUR_USER_ID,19725659988,lying-leg-raise,Lying Leg Raise,20,<null>,,1,1752460094000,1754592634513,0
330,,REPLACE_WITH_YOUR_USER_ID,19725659988,lying-leg-raise,Lying Leg Raise,20,<null>,,2,1752460456000,1754592634513,0
331,,REPLACE_WITH_YOUR_USER_ID,19725659988,lying-leg-raise,Lying Leg Raise,32,<null>,,3,1752460886000,1754592634513,0
332,,REPLACE_WITH_YOUR_USER_ID,19725659988,tricep-pushdown-bar,Tricep Pushdown (Bar),9,66.15.00,,1,1752461200000,1754592634513,0
333,,REPLACE_WITH_YOUR_USER_ID,19725659988,ez-bar-skull-crusher,EZ-Bar Skull Crusher,10,29.5,,1,1752461875000,1754592634513,0
334,,REPLACE_WITH_YOUR_USER_ID,19725659988,ez-bar-skull-crusher,EZ-Bar Skull Crusher,12,25.34.00,,2,1752462073000,1754592634513,0
335,,REPLACE_WITH_YOUR_USER_ID,19725659988,ez-bar-skull-crusher,EZ-Bar Skull Crusher,16,25.34.00,,3,1752462677000,1754592634513,0
336,,REPLACE_WITH_YOUR_USER_ID,19705003342,pullup,Pull-Up,6,<null>,,1,1752294533000,1754592644525,0
337,,REPLACE_WITH_YOUR_USER_ID,19705003342,pullup,Pull-Up,8,<null>,,2,1752295095000,1754592644525,0
338,,REPLACE_WITH_YOUR_USER_ID,19705003342,cable-row,Seated Cable Row,8,70.31.00,,1,1752295427000,1754592644525,0
339,,REPLACE_WITH_YOUR_USER_ID,19705003342,cable-row,Seated Cable Row,8,70.31.00,,2,1752295898000,1754592644525,0
340,,REPLACE_WITH_YOUR_USER_ID,19705003342,cable-row,Seated Cable Row,8,68.06.00,,3,1752296508000,1754592644525,0
341,,REPLACE_WITH_YOUR_USER_ID,19705003342,lat-pulldown-close,Close-Grip Lat Pulldown,8,75.21.00,,1,1752296849000,1754592644525,0
342,,REPLACE_WITH_YOUR_USER_ID,19705003342,lat-pulldown-close,Close-Grip Lat Pulldown,8,77.13.00,,2,1752297364000,1754592644525,0
343,,REPLACE_WITH_YOUR_USER_ID,19705003342,lat-pulldown-close,Close-Grip Lat Pulldown,8,77.13.00,,3,1752297842000,1754592644525,0
344,,REPLACE_WITH_YOUR_USER_ID,19705003342,bent-over-rear-delt-raise,Bent-Over Rear Delt Raise,10,43.06.00,,1,1752298331000,1754592644525,0
345,,REPLACE_WITH_YOUR_USER_ID,19705003342,bent-over-rear-delt-raise,Bent-Over Rear Delt Raise,12,45.38.00,,2,1752299022000,1754592644525,0
346,,REPLACE_WITH_YOUR_USER_ID,19705003342,bent-over-rear-delt-raise,Bent-Over Rear Delt Raise,10,45.38.00,,3,1752299245000,1754592644525,0
347,,REPLACE_WITH_YOUR_USER_ID,19705003342,tricep-pushdown-bar,Tricep Pushdown (Bar),10,66.15.00,,1,1752299831000,1754592644525,0
348,,REPLACE_WITH_YOUR_USER_ID,19705003342,tricep-pushdown-bar,Tricep Pushdown (Bar),9,66.15.00,,2,1752300197000,1754592644525,0
349,,REPLACE_WITH_YOUR_USER_ID,19705003342,tricep-pushdown-bar,Tricep Pushdown (Bar),9,66.15.00,,3,1752300606000,1754592644525,0
350,,REPLACE_WITH_YOUR_USER_ID,19705003342,overhead-tricep-ext-db,Overhead Tricep Extension (Dumbbell),10,52.19.00,,1,1752300864000,1754592644525,0
351,,REPLACE_WITH_YOUR_USER_ID,19705003342,overhead-tricep-ext-db,Overhead Tricep Extension (Dumbbell),10,52.19.00,,2,1752301201000,1754592644525,0
352,,REPLACE_WITH_YOUR_USER_ID,19705003342,overhead-tricep-ext-db,Overhead Tricep Extension (Dumbbell),12,52.19.00,,3,1752301570000,1754592644525,0
353,,REPLACE_WITH_YOUR_USER_ID,19694867735,standing-calf-raise-machine,Standing Calf Raise Machine,12,159.15.00,,1,1752200747000,1754592649527,0
354,,REPLACE_WITH_YOUR_USER_ID,19685864539,smith-incline-bench-press,Incline Smith Machine Bench Press,6,79.38.00,,1,1752126865000,1754592654513,0
355,,REPLACE_WITH_YOUR_USER_ID,19694867735,standing-calf-raise-machine,Standing Calf Raise Machine,12,147.44.00,,2,1752200935000,1754592649527,0
356,,REPLACE_WITH_YOUR_USER_ID,19685864539,smith-incline-bench-press,Incline Smith Machine Bench Press,5,79.38.00,,2,1752127238000,1754592654513,0
357,,REPLACE_WITH_YOUR_USER_ID,19694867735,standing-calf-raise-machine,Standing Calf Raise Machine,12,147.44.00,,3,1752201174000,1754592649527,0
358,,REPLACE_WITH_YOUR_USER_ID,19685864539,smith-incline-bench-press,Incline Smith Machine Bench Press,4,77.13.00,,3,1752127756000,1754592654513,0
359,,REPLACE_WITH_YOUR_USER_ID,19694867735,lying-leg-curl,Lying Leg Curl,8,59.34.00,,1,1752201609000,1754592649527,0
360,,REPLACE_WITH_YOUR_USER_ID,19685864539,barbell-ohp,Barbell Overhead Press,6,59.34.00,,1,1752128033000,1754592654513,0
361,,REPLACE_WITH_YOUR_USER_ID,19694867735,lying-leg-curl,Lying Leg Curl,8,61.25.00,,2,1752201927000,1754592649527,0
362,,REPLACE_WITH_YOUR_USER_ID,19685864539,barbell-ohp,Barbell Overhead Press,6,57.09.00,,2,1752128424000,1754592654513,0
363,,REPLACE_WITH_YOUR_USER_ID,19694867735,lying-leg-curl,Lying Leg Curl,12,57.09.00,,3,1752202250000,1754592649527,0
364,,REPLACE_WITH_YOUR_USER_ID,19685864539,barbell-ohp,Barbell Overhead Press,6,57.09.00,,3,1752128727000,1754592654513,0
365,,REPLACE_WITH_YOUR_USER_ID,19694867735,leg-press,Leg Press,12,147.44.00,,1,1752202603000,1754592649527,0
366,,REPLACE_WITH_YOUR_USER_ID,19685864539,lateral-raise,Lateral Raise,10,23.09,,1,1752128972000,1754592654513,0
367,,REPLACE_WITH_YOUR_USER_ID,19694867735,leg-press,Leg Press,8,147.44.00,,2,1752202959000,1754592649527,0
368,,REPLACE_WITH_YOUR_USER_ID,19685864539,lateral-raise,Lateral Raise,10,23.09,,2,1752129261000,1754592654513,0
369,,REPLACE_WITH_YOUR_USER_ID,19694867735,leg-press,Leg Press,12,147.44.00,,3,1752203218000,1754592649527,0
370,,REPLACE_WITH_YOUR_USER_ID,19685864539,lateral-raise,Lateral Raise,12,23.09,,3,1752129545000,1754592654513,0
371,,REPLACE_WITH_YOUR_USER_ID,19694867735,leg-extension,Leg Extension,10,109.28.00,,1,1752203961000,1754592649527,0
372,,REPLACE_WITH_YOUR_USER_ID,19685864539,ez-bar-curl,EZ-Bar Curl,8,57.09.00,,1,1752129964000,1754592654513,0
373,,REPLACE_WITH_YOUR_USER_ID,19694867735,leg-extension,Leg Extension,10,111.13.00,,2,1752204364000,1754592649527,0
374,,REPLACE_WITH_YOUR_USER_ID,19685864539,ez-bar-curl,EZ-Bar Curl,8,57.09.00,,2,1752130332000,1754592654513,0
375,,REPLACE_WITH_YOUR_USER_ID,19694867735,leg-extension,Leg Extension,10,111.13.00,,3,1752204727000,1754592649527,0
376,,REPLACE_WITH_YOUR_USER_ID,19685864539,ez-bar-curl,EZ-Bar Curl,7,57.09.00,,3,1752130741000,1754592654513,0
377,,REPLACE_WITH_YOUR_USER_ID,19694867735,weighted-crunch,Weighted Crunch,6,57.09.00,,1,1752205094000,1754592649527,0
378,,REPLACE_WITH_YOUR_USER_ID,19685864539,reverse-curl,Reverse Barbell Curl,8,36.31.00,,1,1752130979000,1754592654513,0
379,,REPLACE_WITH_YOUR_USER_ID,19694867735,weighted-crunch,Weighted Crunch,6,57.09.00,,2,1752205388000,1754592649527,0
380,,REPLACE_WITH_YOUR_USER_ID,19685864539,reverse-curl,Reverse Barbell Curl,12,36.31.00,,2,1752131240000,1754592654513,0
381,,REPLACE_WITH_YOUR_USER_ID,19694867735,weighted-crunch,Weighted Crunch,6,57.09.00,,3,1752205664000,1754592649527,0
382,,REPLACE_WITH_YOUR_USER_ID,19685864539,reverse-curl,Reverse Barbell Curl,10,38.56.00,,3,1752131498000,1754592654513,0
383,,REPLACE_WITH_YOUR_USER_ID,19685864539,bent-over-rear-delt-raise,Bent-Over Rear Delt Raise,12,41.21.00,,1,1752131971000,1754592654513,0
384,,REPLACE_WITH_YOUR_USER_ID,19685864539,bent-over-rear-delt-raise,Bent-Over Rear Delt Raise,12,41.21.00,,2,1752132481000,1754592654513,0
385,,REPLACE_WITH_YOUR_USER_ID,19685864539,bent-over-rear-delt-raise,Bent-Over Rear Delt Raise,18,41.21.00,,3,1752132779000,1754592654513,0
386,,REPLACE_WITH_YOUR_USER_ID,19675132861,pullup,Pull-Up,8,<null>,,1,1752043821000,1754592659512,0
387,,REPLACE_WITH_YOUR_USER_ID,19675132861,pullup,Pull-Up,6,<null>,,2,1752044097000,1754592659512,0
388,,REPLACE_WITH_YOUR_USER_ID,19675132861,lat-pulldown-close,Close-Grip Lat Pulldown,8,77.13.00,,1,1752044590000,1754592659512,0
389,,REPLACE_WITH_YOUR_USER_ID,19675132861,lat-pulldown-close,Close-Grip Lat Pulldown,8,77.13.00,,2,1752044881000,1754592659512,0
390,,REPLACE_WITH_YOUR_USER_ID,19675132861,lat-pulldown-close,Close-Grip Lat Pulldown,8,77.13.00,,3,1752045164000,1754592659512,0
391,,REPLACE_WITH_YOUR_USER_ID,19675132861,cable-row,Seated Cable Row,8,68.06.00,,1,1752045639000,1754592659512,0
392,,REPLACE_WITH_YOUR_USER_ID,19675132861,cable-row,Seated Cable Row,10,68.06.00,,2,1752045900000,1754592659512,0
393,,REPLACE_WITH_YOUR_USER_ID,19675132861,tricep-pushdown-bar,Tricep Pushdown (Bar),8,63.5,,1,1752046136000,1754592659512,0
394,,REPLACE_WITH_YOUR_USER_ID,19675132861,tricep-pushdown-bar,Tricep Pushdown (Bar),8,63.5,,2,1752046395000,1754592659512,0
395,,REPLACE_WITH_YOUR_USER_ID,19675132861,tricep-pushdown-bar,Tricep Pushdown (Bar),8,63.5,,3,1752046662000,1754592659512,0
396,,REPLACE_WITH_YOUR_USER_ID,19675132861,overhead-tricep-ext-db,Overhead Tricep Extension (Dumbbell),9,32.15.00,,1,1752047136000,1754592659512,0
397,,REPLACE_WITH_YOUR_USER_ID,19675132861,overhead-tricep-ext-db,Overhead Tricep Extension (Dumbbell),8,32.15.00,,2,1752047367000,1754592659512,0
398,,REPLACE_WITH_YOUR_USER_ID,19664230290,lying-leg-curl,Lying Leg Curl,12,45.38.00,,1,1751947630000,1754592667828,0
399,,REPLACE_WITH_YOUR_USER_ID,19654099195,smith-incline-bench-press,Incline Smith Machine Bench Press,8,75.21.00,,1,1751854342000,1754592672525,0
400,,REPLACE_WITH_YOUR_USER_ID,19664230290,lying-leg-curl,Lying Leg Curl,12,57.09.00,,2,1751948011000,1754592667828,0
401,,REPLACE_WITH_YOUR_USER_ID,19654099195,smith-incline-bench-press,Incline Smith Machine Bench Press,8,75.21.00,,2,1751854738000,1754592672525,0
402,,REPLACE_WITH_YOUR_USER_ID,19664230290,lying-leg-curl,Lying Leg Curl,8,57.09.00,,3,1751948600000,1754592667828,0
403,,REPLACE_WITH_YOUR_USER_ID,19654099195,smith-incline-bench-press,Incline Smith Machine Bench Press,6,75.21.00,,3,1751855249000,1754592672525,0
404,,REPLACE_WITH_YOUR_USER_ID,19664230290,lying-leg-curl,Lying Leg Curl,12,57.09.00,,4,1751948836000,1754592667828,0
405,,REPLACE_WITH_YOUR_USER_ID,19654099195,pec-deck,Pec Deck Machine,8,84.34.00,,1,1751855465000,1754592672525,0
406,,REPLACE_WITH_YOUR_USER_ID,19664230290,leg-press,Leg Press,12,159.15.00,,1,1751949224000,1754592667828,0
407,,REPLACE_WITH_YOUR_USER_ID,19654099195,pec-deck,Pec Deck Machine,10,84.34.00,,2,1751855820000,1754592672525,0
408,,REPLACE_WITH_YOUR_USER_ID,19664230290,leg-press,Leg Press,8,147.44.00,,2,1751950028000,1754592667828,0
409,,REPLACE_WITH_YOUR_USER_ID,19654099195,pec-deck,Pec Deck Machine,8,84.34.00,,3,1751856186000,1754592672525,0
410,,REPLACE_WITH_YOUR_USER_ID,19664230290,leg-press,Leg Press,6,147.44.00,,3,1751950815000,1754592667828,0
411,,REPLACE_WITH_YOUR_USER_ID,19654099195,ez-bar-curl,EZ-Bar Curl,7,63.5,,1,1751856621000,1754592672525,0
412,,REPLACE_WITH_YOUR_USER_ID,19664230290,leg-extension,Leg Extension,10,104.31.00,,1,1751951616000,1754592667828,0
413,,REPLACE_WITH_YOUR_USER_ID,19654099195,ez-bar-curl,EZ-Bar Curl,6,66.15.00,,2,1751856969000,1754592672525,0
414,,REPLACE_WITH_YOUR_USER_ID,19664230290,leg-extension,Leg Extension,12,104.31.00,,2,1751952137000,1754592667828,0
415,,REPLACE_WITH_YOUR_USER_ID,19654099195,ez-bar-curl,EZ-Bar Curl,6,61.25.00,,3,1751857342000,1754592672525,0
416,,REPLACE_WITH_YOUR_USER_ID,19664230290,leg-extension,Leg Extension,10,109.28.00,,3,1751952358000,1754592667828,0
417,,REPLACE_WITH_YOUR_USER_ID,19654099195,cable-hammer-curl,Cable Hammer Curl,8,45.38.00,,1,1751857544000,1754592672525,0
418,,REPLACE_WITH_YOUR_USER_ID,19664230290,hip-abduction,Hip Abduction Machine,24,75.21.00,,1,1751952745000,1754592667828,0
419,,REPLACE_WITH_YOUR_USER_ID,19654099195,cable-hammer-curl,Cable Hammer Curl,10,45.38.00,,2,1751857717000,1754592672525,0
420,,REPLACE_WITH_YOUR_USER_ID,19654099195,reverse-curl,Reverse Barbell Curl,10,38.56.00,,1,1751858058000,1754592672525,0
421,,REPLACE_WITH_YOUR_USER_ID,19664230290,hip-abduction,Hip Abduction Machine,16,84.34.00,,2,1751952985000,1754592667828,0
422,,REPLACE_WITH_YOUR_USER_ID,19654099195,reverse-curl,Reverse Barbell Curl,12,38.56.00,,2,1751858375000,1754592672525,0
423,,REPLACE_WITH_YOUR_USER_ID,19664230290,hip-abduction,Hip Abduction Machine,25,84.34.00,,3,1751953381000,1754592667828,0
424,,REPLACE_WITH_YOUR_USER_ID,19654099195,barbell-ohp,Barbell Overhead Press,6,58.21.00,,1,1751858976000,1754592672525,0
425,,REPLACE_WITH_YOUR_USER_ID,19664230290,weighted-crunch,Weighted Crunch,6,57.09.00,,1,1751953610000,1754592667828,0
426,,REPLACE_WITH_YOUR_USER_ID,19654099195,barbell-ohp,Barbell Overhead Press,6,58.21.00,,2,1751859353000,1754592672525,0
427,,REPLACE_WITH_YOUR_USER_ID,19664230290,weighted-crunch,Weighted Crunch,8,54.44.00,,2,1751953898000,1754592667828,0
428,,REPLACE_WITH_YOUR_USER_ID,19654099195,barbell-ohp,Barbell Overhead Press,6,57.09.00,,3,1751860802000,1754592672525,0
429,,REPLACE_WITH_YOUR_USER_ID,19664230290,weighted-crunch,Weighted Crunch,6,54.44.00,,3,1751954077000,1754592667828,0
430,,REPLACE_WITH_YOUR_USER_ID,19654099195,lateral-raise,Lateral Raise,8,28.13.00,,1,1751859858000,1754592672525,0
431,,REPLACE_WITH_YOUR_USER_ID,19664230290,hip-adduction,Hip Adduction Machine,10,75.21.00,,1,1751954276000,1754592667828,0
432,,REPLACE_WITH_YOUR_USER_ID,19654099195,lateral-raise,Lateral Raise,6,28.13.00,,2,1751860083000,1754592672525,0
433,,REPLACE_WITH_YOUR_USER_ID,19664230290,hip-adduction,Hip Adduction Machine,10,75.21.00,,2,1751954816000,1754592667828,0
434,,REPLACE_WITH_YOUR_USER_ID,19654099195,lateral-raise,Lateral Raise,10,25.38.00,,3,1751860364000,1754592672525,0
435,,REPLACE_WITH_YOUR_USER_ID,19664230290,hip-adduction,Hip Adduction Machine,8,75.21.00,,3,1751955331000,1754592667828,0
436,,REPLACE_WITH_YOUR_USER_ID,19664230290,leg-raise-hanging,Hanging Leg Raise,24,<null>,,1,1751954916000,1754592667828,0
437,,REPLACE_WITH_YOUR_USER_ID,19625078388,lying-leg-curl,Lying Leg Curl,8,63.5,,1,1751598563000,1754592680519,0
438,,REPLACE_WITH_YOUR_USER_ID,19635124221,pullup,Pull-Up,6,<null>,,1,1751697293000,1754592677519,0
439,,REPLACE_WITH_YOUR_USER_ID,19625078388,lying-leg-curl,Lying Leg Curl,8,61.25.00,,2,1751598799000,1754592680519,0
440,,REPLACE_WITH_YOUR_USER_ID,19635124221,pullup,Pull-Up,6,<null>,,2,1751697569000,1754592677519,0
441,,REPLACE_WITH_YOUR_USER_ID,19625078388,lying-leg-curl,Lying Leg Curl,10,59.34.00,,3,1751599018000,1754592680519,0
442,,REPLACE_WITH_YOUR_USER_ID,19635124221,lat-pulldown-close,Close-Grip Lat Pulldown,8,75.21.00,,1,1751697986000,1754592677519,0
443,,REPLACE_WITH_YOUR_USER_ID,19625078388,leg-press,Leg Press,12,136.06.00,,1,1751599223000,1754592680519,0
444,,REPLACE_WITH_YOUR_USER_ID,19635124221,lat-pulldown-close,Close-Grip Lat Pulldown,8,75.21.00,,2,1751698294000,1754592677519,0
445,,REPLACE_WITH_YOUR_USER_ID,19625078388,leg-press,Leg Press,8,147.44.00,,2,1751599652000,1754592680519,0
446,,REPLACE_WITH_YOUR_USER_ID,19635124221,lat-pulldown-close,Close-Grip Lat Pulldown,6,75.21.00,,3,1751698546000,1754592677519,0
447,,REPLACE_WITH_YOUR_USER_ID,19625078388,leg-press,Leg Press,8,147.44.00,,3,1751600104000,1754592680519,0
448,,REPLACE_WITH_YOUR_USER_ID,19635124221,cable-row,Seated Cable Row,10,68.06.00,,1,1751698900000,1754592677519,0
449,,REPLACE_WITH_YOUR_USER_ID,19625078388,leg-extension,Leg Extension,12,102.06.00,,1,1751600838000,1754592680519,0
450,,REPLACE_WITH_YOUR_USER_ID,19635124221,cable-row,Seated Cable Row,10,68.06.00,,2,1751699205000,1754592677519,0
451,,REPLACE_WITH_YOUR_USER_ID,19625078388,leg-extension,Leg Extension,12,102.06.00,,2,1751601071000,1754592680519,0
452,,REPLACE_WITH_YOUR_USER_ID,19625078388,leg-extension,Leg Extension,8,102.06.00,,3,1751601350000,1754592680519,0
453,,REPLACE_WITH_YOUR_USER_ID,19635124221,cable-row,Seated Cable Row,12,66.15.00,,3,1751699462000,1754592677519,0
454,,REPLACE_WITH_YOUR_USER_ID,19625078388,standing-calf-raise-machine,Standing Calf Raise Machine,20,147.44.00,,1,1751602391000,1754592680519,0
455,,REPLACE_WITH_YOUR_USER_ID,19635124221,weighted-crunch,Weighted Crunch,6,57.09.00,,1,1751699560000,1754592677519,0
456,,REPLACE_WITH_YOUR_USER_ID,19625078388,standing-calf-raise-machine,Standing Calf Raise Machine,16,156.5,,2,1751602824000,1754592680519,0
457,,REPLACE_WITH_YOUR_USER_ID,19635124221,weighted-crunch,Weighted Crunch,6,57.09.00,,2,1751699803000,1754592677519,0
458,,REPLACE_WITH_YOUR_USER_ID,19625078388,standing-calf-raise-machine,Standing Calf Raise Machine,12,156.5,,3,1751603136000,1754592680519,0
459,,REPLACE_WITH_YOUR_USER_ID,19635124221,weighted-crunch,Weighted Crunch,6,57.09.00,,3,1751700157000,1754592677519,0
460,,REPLACE_WITH_YOUR_USER_ID,19625078388,lateral-raise,Lateral Raise,10,25.38.00,,1,1751603360000,1754592680519,0
461,,REPLACE_WITH_YOUR_USER_ID,19635124221,tricep-pushdown-bar,Tricep Pushdown (Bar),8,63.5,,1,1751699886000,1754592677519,0
462,,REPLACE_WITH_YOUR_USER_ID,19625078388,lateral-raise,Lateral Raise,10,25.38.00,,2,1751603757000,1754592680519,0
463,,REPLACE_WITH_YOUR_USER_ID,19635124221,tricep-pushdown-bar,Tricep Pushdown (Bar),6,63.5,,2,1751700314000,1754592677519,0
464,,REPLACE_WITH_YOUR_USER_ID,19625078388,lateral-raise,Lateral Raise,8,28.13.00,,3,1751604117000,1754592680519,0
465,,REPLACE_WITH_YOUR_USER_ID,19635124221,ez-bar-skull-crusher,EZ-Bar Skull Crusher,10,29.5,,1,1751700522000,1754592677519,0
466,,REPLACE_WITH_YOUR_USER_ID,19625078388,barbell-ohp,Barbell Overhead Press,8,57.09.00,,1,1751604227000,1754592680519,0
467,,REPLACE_WITH_YOUR_USER_ID,19635124221,ez-bar-skull-crusher,EZ-Bar Skull Crusher,8,32.15.00,,2,1751700813000,1754592677519,0
468,,REPLACE_WITH_YOUR_USER_ID,19625078388,barbell-ohp,Barbell Overhead Press,6,57.09.00,,2,1751604471000,1754592680519,0
469,,REPLACE_WITH_YOUR_USER_ID,19635124221,ez-bar-skull-crusher,EZ-Bar Skull Crusher,6,32.15.00,,3,1751701034000,1754592677519,0
470,,REPLACE_WITH_YOUR_USER_ID,19625078388,barbell-ohp,Barbell Overhead Press,6,57.09.00,,3,1751604805000,1754592680519,0
471,,REPLACE_WITH_YOUR_USER_ID,19635124221,overhead-cable-tricep,Overhead Cable Tricep Extension,6,54.44.00,,1,1751701182000,1754592677519,0
472,,REPLACE_WITH_YOUR_USER_ID,19635124221,overhead-cable-tricep,Overhead Cable Tricep Extension,10,50.28.00,,2,1751701439000,1754592677519,0
473,,REPLACE_WITH_YOUR_USER_ID,19635124221,overhead-cable-tricep,Overhead Cable Tricep Extension,12,50.28.00,,3,1751701802000,1754592677519,0
474,,REPLACE_WITH_YOUR_USER_ID,19635124221,bent-over-rear-delt-raise,Bent-Over Rear Delt Raise,12,38.56.00,,1,1751701290000,1754592677519,0
475,,REPLACE_WITH_YOUR_USER_ID,19635124221,bent-over-rear-delt-raise,Bent-Over Rear Delt Raise,12,38.56.00,,2,1751701636000,1754592677519,0
476,,REPLACE_WITH_YOUR_USER_ID,19635124221,bent-over-rear-delt-raise,Bent-Over Rear Delt Raise,12,38.56.00,,3,1751701886000,1754592677519,0
477,,REPLACE_WITH_YOUR_USER_ID,19584677535,smith-incline-bench-press,Incline Smith Machine Bench Press,6,75.21.00,,1,1751246402000,1754592689526,0
478,,REPLACE_WITH_YOUR_USER_ID,19584677535,smith-incline-bench-press,Incline Smith Machine Bench Press,8,75.21.00,,2,1751246864000,1754592689526,0
479,,REPLACE_WITH_YOUR_USER_ID,19584677535,smith-incline-bench-press,Incline Smith Machine Bench Press,7,75.21.00,,3,1751247301000,1754592689526,0
480,,REPLACE_WITH_YOUR_USER_ID,19584677535,lat-pulldown,Lat Pulldown,10,66.15.00,,1,1751247546000,1754592689526,0
481,,REPLACE_WITH_YOUR_USER_ID,19584677535,lat-pulldown,Lat Pulldown,10,66.15.00,,2,1751247764000,1754592689526,0
482,,REPLACE_WITH_YOUR_USER_ID,19584677535,lat-pulldown,Lat Pulldown,12,66.15.00,,3,1751248016000,1754592689526,0
483,,REPLACE_WITH_YOUR_USER_ID,19584677535,lat-pulldown-close,Close-Grip Lat Pulldown,8,68.06.00,,1,1751248315000,1754592689526,0
484,,REPLACE_WITH_YOUR_USER_ID,19584677535,lat-pulldown-close,Close-Grip Lat Pulldown,8,72.56.00,,2,1751249020000,1754592689526,0
485,,REPLACE_WITH_YOUR_USER_ID,19584677535,lat-pulldown-close,Close-Grip Lat Pulldown,6,72.56.00,,3,1751249659000,1754592689526,0
486,,REPLACE_WITH_YOUR_USER_ID,19584677535,lateral-raise,Lateral Raise,6,23.09,,1,1751249790000,1754592689526,0
487,,REPLACE_WITH_YOUR_USER_ID,19584677535,lateral-raise,Lateral Raise,12,18.13,,2,1751250162000,1754592689526,0
488,,REPLACE_WITH_YOUR_USER_ID,19584677535,lateral-raise,Lateral Raise,12,18.13,,3,1751250571000,1754592689526,0
489,,REPLACE_WITH_YOUR_USER_ID,19584677535,barbell-ohp,Barbell Overhead Press,6,57.09.00,,1,1751250780000,1754592689526,0
490,,REPLACE_WITH_YOUR_USER_ID,19584677535,barbell-ohp,Barbell Overhead Press,6,57.09.00,,2,1751251028000,1754592689526,0
491,,REPLACE_WITH_YOUR_USER_ID,19584677535,close-grip-bench,Close-Grip Bench Press,10,93,,1,1751251317000,1754592689526,0
492,,REPLACE_WITH_YOUR_USER_ID,19584677535,close-grip-bench,Close-Grip Bench Press,8,93,,2,1751251565000,1754592689526,0
493,,REPLACE_WITH_YOUR_USER_ID,19584677535,overhead-cable-tricep,Overhead Cable Tricep Extension,8,54.44.00,,1,1751251739000,1754592689526,0
494,,REPLACE_WITH_YOUR_USER_ID,19584677535,overhead-cable-tricep,Overhead Cable Tricep Extension,10,54.44.00,,2,1751251955000,1754592689526,0
495,,REPLACE_WITH_YOUR_USER_ID,19584677535,overhead-cable-tricep,Overhead Cable Tricep Extension,10,54.44.00,,3,1751252312000,1754592689526,0
496,,REPLACE_WITH_YOUR_USER_ID,19584677535,ez-bar-curl,EZ-Bar Curl,6,61.25.00,,1,1751252714000,1754592689526,0
497,,REPLACE_WITH_YOUR_USER_ID,19584677535,ez-bar-curl,EZ-Bar Curl,6,61.25.00,,2,1751253002000,1754592689526,0
498,,REPLACE_WITH_YOUR_USER_ID,19584677535,ez-bar-curl,EZ-Bar Curl,6,61.25.00,,3,1751253208000,1754592689526,0
499,,REPLACE_WITH_YOUR_USER_ID,19584677535,lying-leg-curl,Lying Leg Curl,8,59.34.00,,1,1751253315000,1754592689526,0
500,,REPLACE_WITH_YOUR_USER_ID,19584677535,lying-leg-curl,Lying Leg Curl,10,63.5,,2,1751253509000,1754592689526,0
501,,REPLACE_WITH_YOUR_USER_ID,19584677535,lying-leg-curl,Lying Leg Curl,10,63.5,,3,1751253689000,1754592689526,0
502,,REPLACE_WITH_YOUR_USER_ID,19584677535,reverse-curl,Reverse Barbell Curl,10,36.31.00,,1,1751253417000,1754592689526,0
503,,REPLACE_WITH_YOUR_USER_ID,19584677535,reverse-curl,Reverse Barbell Curl,12,36.31.00,,2,1751253771000,1754592689526,0
504,,REPLACE_WITH_YOUR_USER_ID,19584677535,reverse-curl,Reverse Barbell Curl,10,36.31.00,,3,1751253970000,1754592689526,0
505,,REPLACE_WITH_YOUR_USER_ID,19584677535,bent-over-rear-delt-raise,Bent-Over Rear Delt Raise,16,41.21.00,,1,1751254076000,1754592689526,0
506,,REPLACE_WITH_YOUR_USER_ID,19584677535,bent-over-rear-delt-raise,Bent-Over Rear Delt Raise,10,45.38.00,,2,1751254252000,1754592689526,0
507,,REPLACE_WITH_YOUR_USER_ID,19584677535,bent-over-rear-delt-raise,Bent-Over Rear Delt Raise,12,45.38.00,,3,1751254449000,1754592689526,0
508,,REPLACE_WITH_YOUR_USER_ID,19584677535,standing-calf-raise-machine,Standing Calf Raise Machine,16,136.06.00,,1,1751254189000,1754592689526,0
509,,REPLACE_WITH_YOUR_USER_ID,19584677535,standing-calf-raise-machine,Standing Calf Raise Machine,16,136.06.00,,2,1751254386000,1754592689526,0
510,,REPLACE_WITH_YOUR_USER_ID,19584677535,standing-calf-raise-machine,Standing Calf Raise Machine,18,136.06.00,,3,1751254605000,1754592689526,0
511,,REPLACE_WITH_YOUR_USER_ID,19584677535,leg-extension,Leg Extension,12,102.06.00,,1,1751254537000,1754592689526,0
512,,REPLACE_WITH_YOUR_USER_ID,19584677535,leg-extension,Leg Extension,12,102.06.00,,2,1751254770000,1754592689526,0
513,,REPLACE_WITH_YOUR_USER_ID,19565473327,smith-incline-bench-press,Incline Smith Machine Bench Press,7,75.21.00,,1,1751092564000,1754592692516,0
514,,REPLACE_WITH_YOUR_USER_ID,19556123864,tricep-pushdown-bar,Tricep Pushdown (Bar),8,63.5,,1,1751001358000,1754592696237,0
515,,REPLACE_WITH_YOUR_USER_ID,19565473327,smith-incline-bench-press,Incline Smith Machine Bench Press,7,75.21.00,,2,1751092833000,1754592692516,0
516,,REPLACE_WITH_YOUR_USER_ID,19556123864,tricep-pushdown-bar,Tricep Pushdown (Bar),6,63.5,,2,1751001618000,1754592696237,0
517,,REPLACE_WITH_YOUR_USER_ID,19565473327,smith-incline-bench-press,Incline Smith Machine Bench Press,6,75.21.00,,3,1751093129000,1754592692516,0
518,,REPLACE_WITH_YOUR_USER_ID,19556123864,tricep-pushdown-bar,Tricep Pushdown (Bar),6,63.5,,3,1751001830000,1754592696237,0
519,,REPLACE_WITH_YOUR_USER_ID,19565473327,pec-deck,Pec Deck Machine,6,84.34.00,,1,1751093321000,1754592692516,0
520,,REPLACE_WITH_YOUR_USER_ID,19556123864,overhead-cable-tricep,Overhead Cable Tricep Extension,6,59.34.00,,1,1751002314000,1754592696237,0
521,,REPLACE_WITH_YOUR_USER_ID,19565473327,pec-deck,Pec Deck Machine,8,82.03.00,,2,1751093624000,1754592692516,0
522,,REPLACE_WITH_YOUR_USER_ID,19556123864,overhead-cable-tricep,Overhead Cable Tricep Extension,9,54.44.00,,2,1751002485000,1754592696237,0
523,,REPLACE_WITH_YOUR_USER_ID,19565473327,pec-deck,Pec Deck Machine,10,82.03.00,,3,1751093876000,1754592692516,0
524,,REPLACE_WITH_YOUR_USER_ID,19556123864,overhead-tricep-ext-db,Overhead Tricep Extension (Dumbbell),8,25.34.00,,1,1751002920000,1754592696237,0
525,,REPLACE_WITH_YOUR_USER_ID,19565473327,reverse-curl,Reverse Barbell Curl,12,36.31.00,,1,1751094330000,1754592692516,0
526,,REPLACE_WITH_YOUR_USER_ID,19556123864,overhead-tricep-ext-db,Overhead Tricep Extension (Dumbbell),10,25.34.00,,2,1751003186000,1754592696237,0
527,,REPLACE_WITH_YOUR_USER_ID,19565473327,reverse-curl,Reverse Barbell Curl,10,36.31.00,,2,1751096233000,1754592692516,0
528,,REPLACE_WITH_YOUR_USER_ID,19556123864,close-grip-bench,Close-Grip Bench Press,12,75.21.00,,1,1751003418000,1754592696237,0
529,,REPLACE_WITH_YOUR_USER_ID,19565473327,ez-bar-curl,EZ-Bar Curl,8,66.15.00,,1,1751094885000,1754592692516,0
530,,REPLACE_WITH_YOUR_USER_ID,19556123864,close-grip-bench,Close-Grip Bench Press,15,75.21.00,,2,1751003628000,1754592696237,0
531,,REPLACE_WITH_YOUR_USER_ID,19565473327,ez-bar-curl,EZ-Bar Curl,8,61.25.00,,2,1751095288000,1754592692516,0
532,,REPLACE_WITH_YOUR_USER_ID,19556123864,bent-over-rear-delt-raise,Bent-Over Rear Delt Raise,12,41.21.00,,1,1751003819000,1754592696237,0
533,,REPLACE_WITH_YOUR_USER_ID,19565473327,ez-bar-curl,EZ-Bar Curl,6,61.25.00,,3,1751095496000,1754592692516,0
534,,REPLACE_WITH_YOUR_USER_ID,19556123864,bent-over-rear-delt-raise,Bent-Over Rear Delt Raise,10,43.06.00,,2,1751004141000,1754592696237,0
535,,REPLACE_WITH_YOUR_USER_ID,19565473327,cable-hammer-curl,Cable Hammer Curl,8,45.38.00,,1,1751095879000,1754592692516,0
536,,REPLACE_WITH_YOUR_USER_ID,19556123864,bent-over-rear-delt-raise,Bent-Over Rear Delt Raise,10,43.06.00,,3,1751004438000,1754592696237,0
537,,REPLACE_WITH_YOUR_USER_ID,19565473327,cable-hammer-curl,Cable Hammer Curl,8,45.38.00,,2,1751096060000,1754592692516,0
538,,REPLACE_WITH_YOUR_USER_ID,19565473327,weighted-crunch,Weighted Crunch,10,54.43.00,,1,NaN,1754592692516,0
539,,REPLACE_WITH_YOUR_USER_ID,19565473327,weighted-crunch,Weighted Crunch,10,54.43.00,,2,NaN,1754592692516,0
540,,REPLACE_WITH_YOUR_USER_ID,19565473327,weighted-crunch,Weighted Crunch,8,54.43.00,,3,NaN,1754592692516,0
541,,REPLACE_WITH_YOUR_USER_ID,19555490057,pullup,Pull-Up,8,<null>,,1,1750990808000,1754592697677,0
542,,REPLACE_WITH_YOUR_USER_ID,19546351618,hip-abduction,Hip Abduction Machine,12,86.19.00,,1,1750913235000,1754592701526,0
543,,REPLACE_WITH_YOUR_USER_ID,19555490057,pullup,Pull-Up,8,<null>,,2,1750991011000,1754592697677,0
544,,REPLACE_WITH_YOUR_USER_ID,19546351618,hip-abduction,Hip Abduction Machine,12,86.19.00,,2,1750914035000,1754592701526,0
545,,REPLACE_WITH_YOUR_USER_ID,19555490057,cable-row,Seated Cable Row,10,66.15.00,,1,1750991346000,1754592697677,0
546,,REPLACE_WITH_YOUR_USER_ID,19546351618,hip-abduction,Hip Abduction Machine,12,86.19.00,,3,1750914351000,1754592701526,0
547,,REPLACE_WITH_YOUR_USER_ID,19555490057,cable-row,Seated Cable Row,12,66.15.00,,2,1750991626000,1754592697677,0
548,,REPLACE_WITH_YOUR_USER_ID,19546351618,standing-calf-raise-machine,Standing Calf Raise Machine,12,136.06.00,,1,1750914447000,1754592701526,0
549,,REPLACE_WITH_YOUR_USER_ID,19555490057,cable-row,Seated Cable Row,10,66.15.00,,3,1750992054000,1754592697677,0
550,,REPLACE_WITH_YOUR_USER_ID,19546351618,standing-calf-raise-machine,Standing Calf Raise Machine,11,136.06.00,,2,1750914744000,1754592701526,0
551,,REPLACE_WITH_YOUR_USER_ID,19555490057,lat-pulldown,Lat Pulldown,12,68.06.00,,1,1750992464000,1754592697677,0
552,,REPLACE_WITH_YOUR_USER_ID,19546351618,standing-calf-raise-machine,Standing Calf Raise Machine,16,136.06.00,,3,1750915171000,1754592701526,0
553,,REPLACE_WITH_YOUR_USER_ID,19555490057,lat-pulldown,Lat Pulldown,10,68.06.00,,2,1750992947000,1754592697677,0
554,,REPLACE_WITH_YOUR_USER_ID,19546351618,hip-adduction,Hip Adduction Machine,16,54.44.00,,1,1750915263000,1754592701526,0
555,,REPLACE_WITH_YOUR_USER_ID,19555490057,lateral-raise,Lateral Raise,6,23.09,,1,1750993318000,1754592697677,0
556,,REPLACE_WITH_YOUR_USER_ID,19546351618,hip-adduction,Hip Adduction Machine,12,66.15.00,,2,1750915531000,1754592701526,0
557,,REPLACE_WITH_YOUR_USER_ID,19555490057,lateral-raise,Lateral Raise,6,23.09,,2,1750993562000,1754592697677,0
558,,REPLACE_WITH_YOUR_USER_ID,19546351618,hip-adduction,Hip Adduction Machine,12,66.15.00,,3,1750915963000,1754592701526,0
559,,REPLACE_WITH_YOUR_USER_ID,19555490057,lateral-raise,Lateral Raise,7,23.09,,3,1750993953000,1754592697677,0
560,,REPLACE_WITH_YOUR_USER_ID,19555490057,lat-pulldown,Lat Pulldown,15,68.06.00,,1,1750994444000,1754592697677,0
561,,REPLACE_WITH_YOUR_USER_ID,19555490057,lat-pulldown,Lat Pulldown,12,79.38.00,,2,1750994922000,1754592697677,0
562,,REPLACE_WITH_YOUR_USER_ID,19555490057,barbell-ohp,Barbell Overhead Press,8,57.09.00,,1,1750995429000,1754592697677,0
563,,REPLACE_WITH_YOUR_USER_ID,19555490057,barbell-ohp,Barbell Overhead Press,8,57.09.00,,2,1750995991000,1754592697677,0
564,,REPLACE_WITH_YOUR_USER_ID,19555490057,barbell-ohp,Barbell Overhead Press,8,57.09.00,,3,1750996570000,1754592697677,0
565,,REPLACE_WITH_YOUR_USER_ID,19536213306,machine-chest-press,Machine Chest Press,8,72.56.00,,1,1750824889000,1754592710514,0
566,,REPLACE_WITH_YOUR_USER_ID,19536213306,machine-chest-press,Machine Chest Press,9,75.21.00,,2,1750825186000,1754592710514,0
567,,REPLACE_WITH_YOUR_USER_ID,19536213306,machine-chest-press,Machine Chest Press,5,79.38.00,,3,1750825495000,1754592710514,0
568,,REPLACE_WITH_YOUR_USER_ID,19536213306,pec-deck,Pec Deck Machine,10,75.21.00,,1,1750825810000,1754592710514,0
569,,REPLACE_WITH_YOUR_USER_ID,19536213306,pec-deck,Pec Deck Machine,9,82.03.00,,2,1750826196000,1754592710514,0
570,,REPLACE_WITH_YOUR_USER_ID,19536213306,pec-deck,Pec Deck Machine,8,82.03.00,,3,1750826427000,1754592710514,0
571,,REPLACE_WITH_YOUR_USER_ID,19536213306,reverse-curl,Reverse Barbell Curl,12,38.56.00,,1,1750826719000,1754592710514,0
572,,REPLACE_WITH_YOUR_USER_ID,19536213306,reverse-curl,Reverse Barbell Curl,10,38.56.00,,2,1750828376000,1754592710514,0
573,,REPLACE_WITH_YOUR_USER_ID,19536213306,cable-curl,Cable Curl,8,54.44.00,,1,1750827071000,1754592710514,0
574,,REPLACE_WITH_YOUR_USER_ID,19536213306,cable-curl,Cable Curl,8,50.28.00,,2,1750827343000,1754592710514,0
575,,REPLACE_WITH_YOUR_USER_ID,19536213306,ez-bar-curl,EZ-Bar Curl,6,61.25.00,,1,1750827856000,1754592710514,0
576,,REPLACE_WITH_YOUR_USER_ID,19536213306,ez-bar-curl,EZ-Bar Curl,6,61.25.00,,2,1750828220000,1754592710514,0
577,,REPLACE_WITH_YOUR_USER_ID,19536213306,lying-leg-curl,Lying Leg Curl,12,59.34.00,,1,1750828659000,1754592710514,0
578,,REPLACE_WITH_YOUR_USER_ID,19536213306,lying-leg-curl,Lying Leg Curl,10,61.25.00,,2,1750828921000,1754592710514,0
579,,REPLACE_WITH_YOUR_USER_ID,19536213306,lying-leg-curl,Lying Leg Curl,10,61.25.00,,3,1750829628000,1754592710514,0
580,,REPLACE_WITH_YOUR_USER_ID,19536213306,leg-extension,Leg Extension,12,91.09.00,,1,1750829943000,1754592710514,0
581,,REPLACE_WITH_YOUR_USER_ID,19536213306,leg-extension,Leg Extension,13,97.5,,2,1750830378000,1754592710514,0
582,,REPLACE_WITH_YOUR_USER_ID,19536213306,leg-extension,Leg Extension,12,97.5,,3,1750830981000,1754592710514,0
583,,REPLACE_WITH_YOUR_USER_ID,19525743795,barbell-ohp,Barbell Overhead Press,8,54.44.00,,1,1750740125000,1754592715519,0
584,,REPLACE_WITH_YOUR_USER_ID,19525743795,barbell-ohp,Barbell Overhead Press,8,57.09.00,,2,1750740358000,1754592715519,0
585,,REPLACE_WITH_YOUR_USER_ID,19525743795,barbell-ohp,Barbell Overhead Press,8,57.09.00,,3,1750740649000,1754592715519,0
586,,REPLACE_WITH_YOUR_USER_ID,19525743795,weighted-crunch,Weighted Crunch,12,68.06.00,,1,1750740935000,1754592715519,0
587,,REPLACE_WITH_YOUR_USER_ID,19525743795,weighted-crunch,Weighted Crunch,8,54.44.00,,2,1750741295000,1754592715519,0
588,,REPLACE_WITH_YOUR_USER_ID,19525743795,weighted-crunch,Weighted Crunch,8,54.44.00,,3,1750741574000,1754592715519,0
589,,REPLACE_WITH_YOUR_USER_ID,19525743795,lateral-raise,Lateral Raise,8,25.38.00,,1,1750741774000,1754592715519,0
590,,REPLACE_WITH_YOUR_USER_ID,19525743795,lateral-raise,Lateral Raise,8,25.38.00,,2,1750742042000,1754592715519,0
591,,REPLACE_WITH_YOUR_USER_ID,19525743795,lateral-raise,Lateral Raise,8,25.38.00,,3,1750742278000,1754592715519,0
592,,REPLACE_WITH_YOUR_USER_ID,19525743795,bent-over-rear-delt-raise,Bent-Over Rear Delt Raise,12,38.56.00,,1,1750742485000,1754592715519,0
593,,REPLACE_WITH_YOUR_USER_ID,19525743795,bent-over-rear-delt-raise,Bent-Over Rear Delt Raise,12,43.06.00,,2,1750742670000,1754592715519,0
594,,REPLACE_WITH_YOUR_USER_ID,19525743795,bent-over-rear-delt-raise,Bent-Over Rear Delt Raise,10,43.06.00,,3,1750742869000,1754592715519,0
595,,REPLACE_WITH_YOUR_USER_ID,19522659576,tricep-pushdown-bar,Tricep Pushdown (Bar),12,54.44.00,,1,1750708873000,1754592726519,0
596,,REPLACE_WITH_YOUR_USER_ID,19522659576,tricep-pushdown-bar,Tricep Pushdown (Bar),8,59.34.00,,2,1750709053000,1754592726519,0
597,,REPLACE_WITH_YOUR_USER_ID,19522659576,tricep-pushdown-bar,Tricep Pushdown (Bar),6,59.34.00,,3,1750709256000,1754592726519,0
598,,REPLACE_WITH_YOUR_USER_ID,19522659576,lat-pulldown,Lat Pulldown,8,72.56.00,,1,1750709517000,1754592726519,0
599,,REPLACE_WITH_YOUR_USER_ID,19522659576,lat-pulldown,Lat Pulldown,6,72.56.00,,2,1750709907000,1754592726519,0
600,,REPLACE_WITH_YOUR_USER_ID,19522659576,overhead-cable-tricep,Overhead Cable Tricep Extension,10,54.44.00,,1,1750710077000,1754592726519,0
601,,REPLACE_WITH_YOUR_USER_ID,19522659576,overhead-cable-tricep,Overhead Cable Tricep Extension,10,59.34.00,,2,1750710661000,1754592726519,0
602,,REPLACE_WITH_YOUR_USER_ID,19522659576,overhead-cable-tricep,Overhead Cable Tricep Extension,10,59.34.00,,3,1750711027000,1754592726519,0
603,,REPLACE_WITH_YOUR_USER_ID,19522659576,lat-pulldown-close,Close-Grip Lat Pulldown,8,72.56.00,,1,1750711292000,1754592726519,0
604,,REPLACE_WITH_YOUR_USER_ID,19522659576,lat-pulldown-close,Close-Grip Lat Pulldown,8,72.56.00,,2,1750711482000,1754592726519,0
605,,REPLACE_WITH_YOUR_USER_ID,19522659576,cable-row,Seated Cable Row,12,66.15.00,,1,1750711878000,1754592726519,0
606,,REPLACE_WITH_YOUR_USER_ID,19522659576,cable-row,Seated Cable Row,12,66.15.00,,2,1750712103000,1754592726519,0
607,,REPLACE_WITH_YOUR_USER_ID,19495479590,barbell-bench-press,Barbell Bench Press,6,75.21.00,,1,1750400361000,1754592738515,0
608,,REPLACE_WITH_YOUR_USER_ID,19495479590,barbell-bench-press,Barbell Bench Press,6,75.21.00,,2,1750400578000,1754592738515,0
609,,REPLACE_WITH_YOUR_USER_ID,19495479590,barbell-bench-press,Barbell Bench Press,5,75.21.00,,3,1750400844000,1754592738515,0
610,,REPLACE_WITH_YOUR_USER_ID,19495479590,unknown,UNKNOWN,8,91.09.00,,1,1750401169000,1754592738515,0
611,,REPLACE_WITH_YOUR_USER_ID,19495479590,unknown,UNKNOWN,8,91.09.00,,2,1750401495000,1754592738515,0
612,,REPLACE_WITH_YOUR_USER_ID,19495479590,unknown,UNKNOWN,8,91.09.00,,3,1750402062000,1754592738515,0
613,,REPLACE_WITH_YOUR_USER_ID,19495479590,unknown,UNKNOWN,8,36.31.00,,4,1750402217000,1754592738515,0
614,,REPLACE_WITH_YOUR_USER_ID,19495479590,unknown,UNKNOWN,10,72.56.00,,5,1750403464000,1754592738515,0
615,,REPLACE_WITH_YOUR_USER_ID,19495479590,unknown,UNKNOWN,12,54.44.00,,6,1750403648000,1754592738515,0
616,,REPLACE_WITH_YOUR_USER_ID,19495479590,unknown,UNKNOWN,8,54.44.00,,7,1750404399000,1754592738515,0
617,,REPLACE_WITH_YOUR_USER_ID,19495479590,unknown,UNKNOWN,12,82.03.00,,8,1750404568000,1754592738515,0
618,,REPLACE_WITH_YOUR_USER_ID,19495479590,dumbbell-curl,Dumbbell Curl,8,75.21.00,,1,1750401632000,1754592738515,0
619,,REPLACE_WITH_YOUR_USER_ID,19495479590,dumbbell-curl,Dumbbell Curl,8,72.56.00,,2,1750403153000,1754592738515,0
620,,REPLACE_WITH_YOUR_USER_ID,19495479590,situp,Sit-Up,10,36.31.00,,1,1750402419000,1754592738515,0
621,,REPLACE_WITH_YOUR_USER_ID,19476409707,lat-pulldown-wide,Wide-Grip Lat Pulldown,8,91.09.00,,1,1750305677000,1754592741512,0
622,,REPLACE_WITH_YOUR_USER_ID,19415182037,smith-incline-bench-press,Incline Smith Machine Bench Press,6,75.21.00,,1,1749777055000,1754592746511,0
623,,REPLACE_WITH_YOUR_USER_ID,19421580177,lat-pulldown,Lat Pulldown,10,79.38.00,,1,1749844309000,1754592745529,0
624,,REPLACE_WITH_YOUR_USER_ID,19444770480,smith-incline-bench-press,Incline Smith Machine Bench Press,6,75.21.00,,1,1750035586000,1754592744525,0
625,,REPLACE_WITH_YOUR_USER_ID,19476409707,lat-pulldown-wide,Wide-Grip Lat Pulldown,8,91.09.00,,2,1750305917000,1754592741512,0
626,,REPLACE_WITH_YOUR_USER_ID,19415182037,smith-incline-bench-press,Incline Smith Machine Bench Press,6,75.21.00,,2,1749777385000,1754592746511,0
627,,REPLACE_WITH_YOUR_USER_ID,19421580177,lat-pulldown,Lat Pulldown,8,79.38.00,,2,1749844638000,1754592745529,0
628,,REPLACE_WITH_YOUR_USER_ID,19444770480,smith-incline-bench-press,Incline Smith Machine Bench Press,5,75.21.00,,2,1750035801000,1754592744525,0
629,,REPLACE_WITH_YOUR_USER_ID,19476409707,lat-pulldown,Lat Pulldown,8,68.06.00,,1,1750306086000,1754592741512,0
630,,REPLACE_WITH_YOUR_USER_ID,19415182037,smith-incline-bench-press,Incline Smith Machine Bench Press,4,75.21.00,,3,1749777692000,1754592746511,0
631,,REPLACE_WITH_YOUR_USER_ID,19421580177,tricep-pushdown-bar,Tricep Pushdown (Bar),8,63.5,,1,1749844526000,1754592745529,0
632,,REPLACE_WITH_YOUR_USER_ID,19444770480,smith-incline-bench-press,Incline Smith Machine Bench Press,6,72.56.00,,3,1750036096000,1754592744525,0
633,,REPLACE_WITH_YOUR_USER_ID,19476409707,lat-pulldown,Lat Pulldown,10,68.06.00,,2,1750306284000,1754592741512,0
634,,REPLACE_WITH_YOUR_USER_ID,19415182037,dumbbell-bench-press,Dumbbell Bench Press,6,54.44.00,,1,1749777990000,1754592746511,0
635,,REPLACE_WITH_YOUR_USER_ID,19444770480,pec-deck,Pec Deck Machine,8,84.34.00,,1,1750036289000,1754592744525,0
636,,REPLACE_WITH_YOUR_USER_ID,19421580177,tricep-pushdown-bar,Tricep Pushdown (Bar),10,63.5,,2,1749844755000,1754592745529,0
637,,REPLACE_WITH_YOUR_USER_ID,19476409707,lat-pulldown-close,Close-Grip Lat Pulldown,10,68.06.00,,1,1750306748000,1754592741512,0
638,,REPLACE_WITH_YOUR_USER_ID,19415182037,lateral-raise,Lateral Raise,8,23.09,,1,1749778228000,1754592746511,0
639,,REPLACE_WITH_YOUR_USER_ID,19444770480,pec-deck,Pec Deck Machine,8,84.34.00,,2,1750036534000,1754592744525,0
640,,REPLACE_WITH_YOUR_USER_ID,19421580177,tricep-pushdown-bar,Tricep Pushdown (Bar),8,63.5,,3,1749845042000,1754592745529,0
641,,REPLACE_WITH_YOUR_USER_ID,19476409707,lat-pulldown-close,Close-Grip Lat Pulldown,6,77.13.00,,2,1750307037000,1754592741512,0
642,,REPLACE_WITH_YOUR_USER_ID,19415182037,lateral-raise,Lateral Raise,8,23.09,,2,1749778511000,1754592746511,0
643,,REPLACE_WITH_YOUR_USER_ID,19444770480,pec-deck,Pec Deck Machine,8,84.34.00,,3,1750036744000,1754592744525,0
644,,REPLACE_WITH_YOUR_USER_ID,19476409707,cable-row,Seated Cable Row,10,68.06.00,,1,1750307323000,1754592741512,0
645,,REPLACE_WITH_YOUR_USER_ID,19421580177,cable-row,Seated Cable Row,10,66.15.00,,1,1749844913000,1754592745529,0
646,,REPLACE_WITH_YOUR_USER_ID,19415182037,lateral-raise,Lateral Raise,16,23.09,,3,1749779489000,1754592746511,0
647,,REPLACE_WITH_YOUR_USER_ID,19444770480,dumbbell-curl,Dumbbell Curl,10,61.25.00,,1,1750036988000,1754592744525,0
648,,REPLACE_WITH_YOUR_USER_ID,19476409707,cable-row,Seated Cable Row,10,68.06.00,,2,1750307829000,1754592741512,0
649,,REPLACE_WITH_YOUR_USER_ID,19421580177,cable-row,Seated Cable Row,12,66.15.00,,2,1749845288000,1754592745529,0
650,,REPLACE_WITH_YOUR_USER_ID,19415182037,pec-deck,Pec Deck Machine,10,84.34.00,,1,1749778656000,1754592746511,0
651,,REPLACE_WITH_YOUR_USER_ID,19444770480,dumbbell-curl,Dumbbell Curl,8,61.25.00,,2,1750037420000,1754592744525,0
652,,REPLACE_WITH_YOUR_USER_ID,19476409707,cable-row,Seated Cable Row,10,68.06.00,,3,1750308189000,1754592741512,0
653,,REPLACE_WITH_YOUR_USER_ID,19421580177,bent-over-rear-delt-raise,Bent-Over Rear Delt Raise,10,43.06.00,,1,1749845485000,1754592745529,0
654,,REPLACE_WITH_YOUR_USER_ID,19415182037,pec-deck,Pec Deck Machine,8,84.34.00,,2,1749779017000,1754592746511,0
655,,REPLACE_WITH_YOUR_USER_ID,19444770480,lateral-raise,Lateral Raise,12,23.09,,1,1750037615000,1754592744525,0
656,,REPLACE_WITH_YOUR_USER_ID,19421580177,bent-over-rear-delt-raise,Bent-Over Rear Delt Raise,12,43.06.00,,2,1749845688000,1754592745529,0
657,,REPLACE_WITH_YOUR_USER_ID,19476409707,tricep-pushdown-bar,Tricep Pushdown (Bar),10,63.5,,1,1750308466000,1754592741512,0
658,,REPLACE_WITH_YOUR_USER_ID,19415182037,pec-deck,Pec Deck Machine,8,84.34.00,,3,1749779282000,1754592746511,0
659,,REPLACE_WITH_YOUR_USER_ID,19444770480,lateral-raise,Lateral Raise,12,23.09,,2,1750037864000,1754592744525,0
660,,REPLACE_WITH_YOUR_USER_ID,19421580177,bent-over-rear-delt-raise,Bent-Over Rear Delt Raise,10,43.06.00,,3,1749845836000,1754592745529,0
661,,REPLACE_WITH_YOUR_USER_ID,19476409707,tricep-pushdown-bar,Tricep Pushdown (Bar),8,63.5,,2,1750308637000,1754592741512,0
662,,REPLACE_WITH_YOUR_USER_ID,19415182037,machine-preacher-curl,Machine Preacher Curl,8,75.21.00,,1,1749779782000,1754592746511,0
663,,REPLACE_WITH_YOUR_USER_ID,19444770480,lateral-raise,Lateral Raise,16,23.09,,3,1750038422000,1754592744525,0
664,,REPLACE_WITH_YOUR_USER_ID,19421580177,overhead-cable-tricep,Overhead Cable Tricep Extension,12,54.44.00,,1,1749845915000,1754592745529,0
665,,REPLACE_WITH_YOUR_USER_ID,19476409707,tricep-pushdown-bar,Tricep Pushdown (Bar),7,63.5,,3,1750308992000,1754592741512,0
666,,REPLACE_WITH_YOUR_USER_ID,19415182037,machine-preacher-curl,Machine Preacher Curl,8,57.09.00,,2,1749780005000,1754592746511,0
667,,REPLACE_WITH_YOUR_USER_ID,19444770480,reverse-curl,Reverse Barbell Curl,10,34,,1,1750038991000,1754592744525,0
668,,REPLACE_WITH_YOUR_USER_ID,19421580177,overhead-cable-tricep,Overhead Cable Tricep Extension,9,59.34.00,,2,1749846134000,1754592745529,0
669,,REPLACE_WITH_YOUR_USER_ID,19415182037,ez-bar-curl,EZ-Bar Curl,10,27.19.00,,1,1749780209000,1754592746511,0
670,,REPLACE_WITH_YOUR_USER_ID,19476409707,overhead-cable-tricep,Overhead Cable Tricep Extension,12,59.34.00,,1,1750309432000,1754592741512,0
671,,REPLACE_WITH_YOUR_USER_ID,19444770480,reverse-curl,Reverse Barbell Curl,10,34,,2,1750039124000,1754592744525,0
672,,REPLACE_WITH_YOUR_USER_ID,19421580177,overhead-cable-tricep,Overhead Cable Tricep Extension,10,59.34.00,,3,1749846420000,1754592745529,0
673,,REPLACE_WITH_YOUR_USER_ID,19415182037,ez-bar-curl,EZ-Bar Curl,10,27.19.00,,2,1749780444000,1754592746511,0
674,,REPLACE_WITH_YOUR_USER_ID,19476409707,overhead-cable-tricep,Overhead Cable Tricep Extension,3,63.5,,2,1750309649000,1754592741512,0
675,,REPLACE_WITH_YOUR_USER_ID,19444770480,barbell-ohp,Barbell Overhead Press,10,45.38.00,,1,1750039613000,1754592744525,0
676,,REPLACE_WITH_YOUR_USER_ID,19421580177,lat-pulldown-close,Close-Grip Lat Pulldown,8,72.56.00,,1,1749845998000,1754592745529,0
677,,REPLACE_WITH_YOUR_USER_ID,19415182037,cable-hammer-curl,Cable Hammer Curl,16,36.31.00,,1,1749780795000,1754592746511,0
678,,REPLACE_WITH_YOUR_USER_ID,19476409707,overhead-cable-tricep,Overhead Cable Tricep Extension,12,59.34.00,,3,1750309807000,1754592741512,0
679,,REPLACE_WITH_YOUR_USER_ID,19444770480,barbell-ohp,Barbell Overhead Press,10,48.03.00,,2,1750040114000,1754592744525,0
680,,REPLACE_WITH_YOUR_USER_ID,19421580177,lat-pulldown-close,Close-Grip Lat Pulldown,10,72.57.00,,2,1749846280000,1754592745529,0
681,,REPLACE_WITH_YOUR_USER_ID,19476409707,overhead-cable-tricep,Overhead Cable Tricep Extension,5,59.34.00,,4,1750310004000,1754592741512,0
682,,REPLACE_WITH_YOUR_USER_ID,19415182037,cable-hammer-curl,Cable Hammer Curl,12,36.31.00,,2,1749781007000,1754592746511,0
683,,REPLACE_WITH_YOUR_USER_ID,19444770480,lying-leg-curl,Lying Leg Curl,12,57.09.00,,1,1750040494000,1754592744525,0
684,,REPLACE_WITH_YOUR_USER_ID,19421580177,decline-sit-up,Decline Sit-Up,12,72.56.00,,1,1749846564000,1754592745529,0
685,,REPLACE_WITH_YOUR_USER_ID,19476409707,bent-over-rear-delt-raise,Bent-Over Rear Delt Raise,10,57.09.00,,1,1750310230000,1754592741512,0
686,,REPLACE_WITH_YOUR_USER_ID,19415182037,reverse-curl,Reverse Barbell Curl,8,36.31.00,,1,1749781224000,1754592746511,0
687,,REPLACE_WITH_YOUR_USER_ID,19444770480,lying-leg-curl,Lying Leg Curl,12,57.09.00,,2,1750041168000,1754592744525,0
688,,REPLACE_WITH_YOUR_USER_ID,19421580177,decline-sit-up,Decline Sit-Up,10,72.56.00,,2,1749846664000,1754592745529,0
689,,REPLACE_WITH_YOUR_USER_ID,19476409707,bent-over-rear-delt-raise,Bent-Over Rear Delt Raise,8,54.44.00,,2,1750310472000,1754592741512,0
690,,REPLACE_WITH_YOUR_USER_ID,19415182037,reverse-curl,Reverse Barbell Curl,6,36.31.00,,2,1749781415000,1754592746511,0
691,,REPLACE_WITH_YOUR_USER_ID,19444770480,lying-leg-curl,Lying Leg Curl,15,57.09.00,,3,1750041790000,1754592744525,0
692,,REPLACE_WITH_YOUR_USER_ID,19415182037,barbell-ohp,Barbell Overhead Press,10,45.38.00,,1,1749782024000,1754592746511,0
693,,REPLACE_WITH_YOUR_USER_ID,19476409707,bent-over-rear-delt-raise,Bent-Over Rear Delt Raise,7,54.44.00,,3,1750310599000,1754592741512,0
694,,REPLACE_WITH_YOUR_USER_ID,19444770480,leg-extension,Leg Extension,12,91.09.00,,1,1750041300000,1754592744525,0
695,,REPLACE_WITH_YOUR_USER_ID,19415182037,barbell-ohp,Barbell Overhead Press,8,45.38.00,,2,1749782373000,1754592746511,0
696,,REPLACE_WITH_YOUR_USER_ID,19444770480,leg-extension,Leg Extension,12,93.39.00,,2,1750041587000,1754592744525,0
697,,REPLACE_WITH_YOUR_USER_ID,19476409707,lateral-raise,Lateral Raise,10,27.19.00,,1,1750310788000,1754592741512,0
698,,REPLACE_WITH_YOUR_USER_ID,19415182037,barbell-ohp,Barbell Overhead Press,9,45.38.00,,3,1749782823000,1754592746511,0
699,,REPLACE_WITH_YOUR_USER_ID,19444770480,leg-extension,Leg Extension,12,93,,3,1750042057000,1754592744525,0
700,,REPLACE_WITH_YOUR_USER_ID,19476409707,lateral-raise,Lateral Raise,8,27.19.00,,2,1750311042000,1754592741512,0
701,,REPLACE_WITH_YOUR_USER_ID,19444770480,cable-hammer-curl,Cable Hammer Curl,12,45.38.00,,1,1750041674000,1754592744525,0
702,,REPLACE_WITH_YOUR_USER_ID,19476409707,lateral-raise,Lateral Raise,8,27.19.00,,3,1750311241000,1754592741512,0
703,,REPLACE_WITH_YOUR_USER_ID,19444770480,cable-hammer-curl,Cable Hammer Curl,12,45.38.00,,2,1750042364000,1754592744525,0
704,,REPLACE_WITH_YOUR_USER_ID,19444770480,seated-calf-raise,Seated Calf Raise Machine,20,163.31.00,,1,1750042292000,1754592744525,0
705,,REPLACE_WITH_YOUR_USER_ID,19444770480,seated-calf-raise,Seated Calf Raise Machine,18,163.31.00,,2,1750042512000,1754592744525,0
706,,REPLACE_WITH_YOUR_USER_ID,19444770480,seated-calf-raise,Seated Calf Raise Machine,20,163.31.00,,3,1750042974000,1754592744525,0
707,,REPLACE_WITH_YOUR_USER_ID,19374558365,lat-pulldown-close,Close-Grip Lat Pulldown,6,79.38.00,,1,1749445053000,1754592755519,0
708,,REPLACE_WITH_YOUR_USER_ID,19374558365,lat-pulldown-close,Close-Grip Lat Pulldown,6,79.38.00,,2,1749445294000,1754592755519,0
709,,REPLACE_WITH_YOUR_USER_ID,19374558365,pullup,Pull-Up,8,<null>,,1,1749445521000,1754592755519,0
710,,REPLACE_WITH_YOUR_USER_ID,19374558365,pullup,Pull-Up,8,<null>,,2,1749446536000,1754592755519,0
711,,REPLACE_WITH_YOUR_USER_ID,19374558365,cable-row,Seated Cable Row,8,72.56.00,,1,1749445707000,1754592755519,0
712,,REPLACE_WITH_YOUR_USER_ID,19374558365,cable-row,Seated Cable Row,8,68.06.00,,2,1749445993000,1754592755519,0
713,,REPLACE_WITH_YOUR_USER_ID,19374558365,weighted-crunch,Weighted Crunch,8,54.44.00,,1,1749446438000,1754592755519,0
714,,REPLACE_WITH_YOUR_USER_ID,19374558365,weighted-crunch,Weighted Crunch,6,54.44.00,,2,1749447054000,1754592755519,0
715,,REPLACE_WITH_YOUR_USER_ID,19364470682,tricep-pushdown-bar,Tricep Pushdown (Bar),8,68.06.00,,1,1749358206000,1754592760525,0
716,,REPLACE_WITH_YOUR_USER_ID,19364470682,tricep-pushdown-bar,Tricep Pushdown (Bar),6,68.06.00,,2,1749358689000,1754592760525,0
717,,REPLACE_WITH_YOUR_USER_ID,19364470682,tricep-pushdown-bar,Tricep Pushdown (Bar),6,68.06.00,,3,1749358858000,1754592760525,0
718,,REPLACE_WITH_YOUR_USER_ID,19364470682,overhead-tricep-ext-db,Overhead Tricep Extension (Dumbbell),7,59.34.00,,1,1749359225000,1754592760525,0
719,,REPLACE_WITH_YOUR_USER_ID,19364470682,overhead-tricep-ext-db,Overhead Tricep Extension (Dumbbell),9,59.34.00,,2,1749359484000,1754592760525,0
720,,REPLACE_WITH_YOUR_USER_ID,19364470682,overhead-tricep-ext-db,Overhead Tricep Extension (Dumbbell),12,59.34.00,,3,1749359976000,1754592760525,0
721,,REPLACE_WITH_YOUR_USER_ID,19364470682,barbell-ohp,Barbell Overhead Press,8,75.21.00,,1,1749360322000,1754592760525,0
722,,REPLACE_WITH_YOUR_USER_ID,19364470682,barbell-ohp,Barbell Overhead Press,6,75.21.00,,2,1749360488000,1754592760525,0
723,,REPLACE_WITH_YOUR_USER_ID,19364470682,barbell-ohp,Barbell Overhead Press,6,75.21.00,,3,1749360729000,1754592760525,0
724,,REPLACE_WITH_YOUR_USER_ID,19364470682,lateral-raise,Lateral Raise,8,25.38.00,,1,1749360949000,1754592760525,0
725,,REPLACE_WITH_YOUR_USER_ID,19364470682,lateral-raise,Lateral Raise,10,25.38.00,,2,1749361385000,1754592760525,0
726,,REPLACE_WITH_YOUR_USER_ID,19364470682,lateral-raise,Lateral Raise,10,25.38.00,,3,1749361731000,1754592760525,0
727,,REPLACE_WITH_YOUR_USER_ID,19354936137,lying-leg-curl,Lying Leg Curl,8,93,,1,1749274453000,1754592766749,0
728,,REPLACE_WITH_YOUR_USER_ID,19343610420,unknown,UNKNOWN,8,75.21.00,,1,1749163465000,1754592771513,0
729,,REPLACE_WITH_YOUR_USER_ID,19354936137,lying-leg-curl,Lying Leg Curl,10,93.39.00,,2,1749274774000,1754592766749,0
730,,REPLACE_WITH_YOUR_USER_ID,19343610420,unknown,UNKNOWN,9,86.19.00,,2,1749164554000,1754592771513,0
731,,REPLACE_WITH_YOUR_USER_ID,19354936137,lying-leg-curl,Lying Leg Curl,12,93,,3,1749275327000,1754592766749,0
732,,REPLACE_WITH_YOUR_USER_ID,19343610420,unknown,UNKNOWN,7,86.19.00,,3,1749164803000,1754592771513,0
733,,REPLACE_WITH_YOUR_USER_ID,19354936137,leg-extension,Leg Extension,8,111.13.00,,1,1749275799000,1754592766749,0
734,,REPLACE_WITH_YOUR_USER_ID,19343610420,unknown,UNKNOWN,8,86.19.00,,4,1749164999000,1754592771513,0
735,,REPLACE_WITH_YOUR_USER_ID,19354936137,leg-extension,Leg Extension,10,111.13.00,,2,1749275996000,1754592766749,0
736,,REPLACE_WITH_YOUR_USER_ID,19343610420,unknown,UNKNOWN,6,57.09.00,,5,1749165816000,1754592771513,0
737,,REPLACE_WITH_YOUR_USER_ID,19354936137,leg-extension,Leg Extension,12,111.13.00,,3,1749276331000,1754592766749,0
738,,REPLACE_WITH_YOUR_USER_ID,19343610420,unknown,UNKNOWN,12,48.03.00,,6,1749166774000,1754592771513,0
739,,REPLACE_WITH_YOUR_USER_ID,19354936137,standing-calf-raise-machine,Standing Calf Raise Machine,15,172.38.00,,1,1749276646000,1754592766749,0
740,,REPLACE_WITH_YOUR_USER_ID,19343610420,barbell-bench-press,Barbell Bench Press,8,75.21.00,,1,1749163841000,1754592771513,0
741,,REPLACE_WITH_YOUR_USER_ID,19354936137,standing-calf-raise-machine,Standing Calf Raise Machine,10,172.38.00,,2,1749277239000,1754592766749,0
742,,REPLACE_WITH_YOUR_USER_ID,19343610420,barbell-bench-press,Barbell Bench Press,6,75.21.00,,2,1749164244000,1754592771513,0
743,,REPLACE_WITH_YOUR_USER_ID,19354936137,standing-calf-raise-machine,Standing Calf Raise Machine,12,172.38.00,,3,1749277653000,1754592766749,0
744,,REPLACE_WITH_YOUR_USER_ID,19343610420,dumbbell-curl,Dumbbell Curl,7,57.09.00,,1,1749165479000,1754592771513,0
745,,REPLACE_WITH_YOUR_USER_ID,19343610420,lateral-raise,Lateral Raise,12,45.38.00,,1,1749166144000,1754592771513,0
746,,REPLACE_WITH_YOUR_USER_ID,19343610420,lateral-raise,Lateral Raise,8,38.56.00,,2,1749166888000,1754592771513,0
747,,REPLACE_WITH_YOUR_USER_ID,19343610420,lateral-raise,Lateral Raise,8,36.31.00,,3,1749167023000,1754592771513,0
748,,REPLACE_WITH_YOUR_USER_ID,19314349203,lying-leg-curl,Lying Leg Curl,6,93,,1,1748906901000,1754592781526,0
749,,REPLACE_WITH_YOUR_USER_ID,19332930977,lat-pulldown-close,Close-Grip Lat Pulldown,10,68.06.00,,1,1749068960000,1754592776524,0
750,,REPLACE_WITH_YOUR_USER_ID,19314349203,lying-leg-curl,Lying Leg Curl,10,93,,2,1748907482000,1754592781526,0
751,,REPLACE_WITH_YOUR_USER_ID,19332930977,lat-pulldown-close,Close-Grip Lat Pulldown,8,77.13.00,,2,1749069557000,1754592776524,0
752,,REPLACE_WITH_YOUR_USER_ID,19314349203,lying-leg-curl,Lying Leg Curl,12,93,,3,1748907940000,1754592781526,0
753,,REPLACE_WITH_YOUR_USER_ID,19332930977,lat-pulldown-close,Close-Grip Lat Pulldown,8,77.13.00,,3,1749069886000,1754592776524,0
754,,REPLACE_WITH_YOUR_USER_ID,19314349203,leg-press,Leg Press,8,113.38.00,,1,1748908701000,1754592781526,0
755,,REPLACE_WITH_YOUR_USER_ID,19332930977,cable-row,Seated Cable Row,8,70.31.00,,1,1749070174000,1754592776524,0
756,,REPLACE_WITH_YOUR_USER_ID,19314349203,leg-press,Leg Press,8,113.38.00,,2,1748909233000,1754592781526,0
757,,REPLACE_WITH_YOUR_USER_ID,19332930977,cable-row,Seated Cable Row,8,70.31.00,,2,1749070575000,1754592776524,0
758,,REPLACE_WITH_YOUR_USER_ID,19314349203,leg-press,Leg Press,12,113.38.00,,3,1748909883000,1754592781526,0
759,,REPLACE_WITH_YOUR_USER_ID,19332930977,cable-row,Seated Cable Row,12,70.31.00,,3,1749070951000,1754592776524,0
760,,REPLACE_WITH_YOUR_USER_ID,19314349203,leg-extension,Leg Extension,10,109.28.00,,1,1748910449000,1754592781526,0
761,,REPLACE_WITH_YOUR_USER_ID,19332930977,pullup,Pull-Up,8,<null>,,1,1749071260000,1754592776524,0
762,,REPLACE_WITH_YOUR_USER_ID,19314349203,leg-extension,Leg Extension,12,111.13.00,,2,1748910729000,1754592781526,0
763,,REPLACE_WITH_YOUR_USER_ID,19332930977,pullup,Pull-Up,8,<null>,,2,1749071529000,1754592776524,0
764,,REPLACE_WITH_YOUR_USER_ID,19314349203,leg-extension,Leg Extension,12,111.13.00,,3,1748911215000,1754592781526,0
765,,REPLACE_WITH_YOUR_USER_ID,19332930977,barbell-ohp,Barbell Overhead Press,12,75.21.00,,1,1749072849000,1754592776524,0
766,,REPLACE_WITH_YOUR_USER_ID,19314349203,bent-over-rear-delt-raise,Bent-Over Rear Delt Raise,10,57.09.00,,1,1748911397000,1754592781526,0
767,,REPLACE_WITH_YOUR_USER_ID,19332930977,barbell-ohp,Barbell Overhead Press,8,77.13.00,,2,1749073253000,1754592776524,0
768,,REPLACE_WITH_YOUR_USER_ID,19314349203,bent-over-rear-delt-raise,Bent-Over Rear Delt Raise,8,59.34.00,,2,1748911516000,1754592781526,0
769,,REPLACE_WITH_YOUR_USER_ID,19332930977,barbell-ohp,Barbell Overhead Press,8,77.13.00,,3,1749073667000,1754592776524,0
770,,REPLACE_WITH_YOUR_USER_ID,19314349203,bent-over-rear-delt-raise,Bent-Over Rear Delt Raise,8,59.34.00,,3,1748911704000,1754592781526,0
771,,REPLACE_WITH_YOUR_USER_ID,19332930977,bent-over-rear-delt-raise,Bent-Over Rear Delt Raise,8,59.34.00,,1,1749073822000,1754592776524,0
772,,REPLACE_WITH_YOUR_USER_ID,19314349203,hip-adduction,Hip Adduction Machine,12,86.19.00,,1,1748911919000,1754592781526,0
773,,REPLACE_WITH_YOUR_USER_ID,19332930977,bent-over-rear-delt-raise,Bent-Over Rear Delt Raise,10,59.34.00,,2,1749073983000,1754592776524,0
774,,REPLACE_WITH_YOUR_USER_ID,19314349203,hip-adduction,Hip Adduction Machine,10,86.19.00,,2,1748912161000,1754592781526,0
775,,REPLACE_WITH_YOUR_USER_ID,19332930977,bent-over-rear-delt-raise,Bent-Over Rear Delt Raise,8,59.34.00,,3,1749074321000,1754592776524,0
776,,REPLACE_WITH_YOUR_USER_ID,19314349203,hip-adduction,Hip Adduction Machine,10,86.19.00,,3,1748912457000,1754592781526,0
777,,REPLACE_WITH_YOUR_USER_ID,19332930977,lateral-raise,Lateral Raise,12,25.38.00,,1,1749074416000,1754592776524,0
778,,REPLACE_WITH_YOUR_USER_ID,19314349203,hip-abduction,Hip Abduction Machine,16,93,,1,1748912622000,1754592781526,0
779,,REPLACE_WITH_YOUR_USER_ID,19332930977,lateral-raise,Lateral Raise,10,25.38.00,,2,1749074911000,1754592776524,0
780,,REPLACE_WITH_YOUR_USER_ID,19314349203,hip-abduction,Hip Abduction Machine,24,93,,2,1748912884000,1754592781526,0
781,,REPLACE_WITH_YOUR_USER_ID,19332930977,lateral-raise,Lateral Raise,8,25.38.00,,3,1749075181000,1754592776524,0
782,,REPLACE_WITH_YOUR_USER_ID,19314349203,weighted-crunch,Weighted Crunch,10,52.19.00,,1,1748913068000,1754592781526,0
783,,REPLACE_WITH_YOUR_USER_ID,19332930977,tricep-pushdown-bar,Tricep Pushdown (Bar),8,66.15.00,,1,1749075442000,1754592776524,0
784,,REPLACE_WITH_YOUR_USER_ID,19314349203,weighted-crunch,Weighted Crunch,8,54.44.00,,2,1748913259000,1754592781526,0
785,,REPLACE_WITH_YOUR_USER_ID,19332930977,tricep-pushdown-bar,Tricep Pushdown (Bar),8,66.15.00,,2,1749075648000,1754592776524,0
786,,REPLACE_WITH_YOUR_USER_ID,19314349203,standing-calf-raise-machine,Standing Calf Raise Machine,16,172.38.00,,1,1748913440000,1754592781526,0
787,,REPLACE_WITH_YOUR_USER_ID,19332930977,overhead-cable-tricep,Overhead Cable Tricep Extension,8,57.09.00,,1,1749075841000,1754592776524,0
788,,REPLACE_WITH_YOUR_USER_ID,19314349203,standing-calf-raise-machine,Standing Calf Raise Machine,10,177.28.00,,2,1748913794000,1754592781526,0
789,,REPLACE_WITH_YOUR_USER_ID,19332930977,overhead-cable-tricep,Overhead Cable Tricep Extension,9,57.09.00,,2,1749076141000,1754592776524,0
790,,REPLACE_WITH_YOUR_USER_ID,19314349203,standing-calf-raise-machine,Standing Calf Raise Machine,16,172.38.00,,3,1748914040000,1754592781526,0
791,,REPLACE_WITH_YOUR_USER_ID,19332930977,overhead-cable-tricep,Overhead Cable Tricep Extension,8,57.09.00,,3,1749076477000,1754592776524,0
792,,REPLACE_WITH_YOUR_USER_ID,19332930977,close-grip-bench,Close-Grip Bench Press,6,88.44.00,,1,1749076704000,1754592776524,0
793,,REPLACE_WITH_YOUR_USER_ID,19305226489,lat-pulldown-close,Close-Grip Lat Pulldown,8,77.13.00,,1,1748822335000,1754592787517,0
794,,REPLACE_WITH_YOUR_USER_ID,19305227259,close-grip-bench,Close-Grip Bench Press,5,102.06.00,,1,1748833166000,1754592786521,0
795,,REPLACE_WITH_YOUR_USER_ID,19305226489,lat-pulldown-close,Close-Grip Lat Pulldown,6,77.13.00,,2,1748822789000,1754592787517,0
796,,REPLACE_WITH_YOUR_USER_ID,19305227259,close-grip-bench,Close-Grip Bench Press,6,97.5,,2,1748833946000,1754592786521,0
797,,REPLACE_WITH_YOUR_USER_ID,19305226489,lat-pulldown-close,Close-Grip Lat Pulldown,8,77.13.00,,3,1748823110000,1754592787517,0
798,,REPLACE_WITH_YOUR_USER_ID,19305227259,tricep-pushdown-bar,Tricep Pushdown (Bar),7,63.5,,1,1748834667000,1754592786521,0
799,,REPLACE_WITH_YOUR_USER_ID,19305226489,cable-row,Seated Cable Row,12,68.06.00,,1,1748823617000,1754592787517,0
800,,REPLACE_WITH_YOUR_USER_ID,19305227259,tricep-pushdown-bar,Tricep Pushdown (Bar),6,63.5,,2,1748835162000,1754592786521,0
801,,REPLACE_WITH_YOUR_USER_ID,19305226489,cable-row,Seated Cable Row,10,68.06.00,,2,1748823995000,1754592787517,0
802,,REPLACE_WITH_YOUR_USER_ID,19305227259,ez-bar-skull-crusher,EZ-Bar Skull Crusher,8,54.44.00,,1,1748835518000,1754592786521,0
803,,REPLACE_WITH_YOUR_USER_ID,19305226489,cable-row,Seated Cable Row,10,68.06.00,,3,1748824307000,1754592787517,0
804,,REPLACE_WITH_YOUR_USER_ID,19305227259,ez-bar-skull-crusher,EZ-Bar Skull Crusher,12,54.44.00,,2,1748835905000,1754592786521,0
805,,REPLACE_WITH_YOUR_USER_ID,19305226489,pullup,Pull-Up,6,<null>,,1,1748824463000,1754592787517,0
806,,REPLACE_WITH_YOUR_USER_ID,19305227259,barbell-ohp,Barbell Overhead Press,8,70.31.00,,1,1748837050000,1754592786521,0
807,,REPLACE_WITH_YOUR_USER_ID,19305226489,pullup,Pull-Up,6,<null>,,2,1748824668000,1754592787517,0
808,,REPLACE_WITH_YOUR_USER_ID,19305227259,barbell-ohp,Barbell Overhead Press,10,70.31.00,,2,1748837462000,1754592786521,0
809,,REPLACE_WITH_YOUR_USER_ID,19305226489,wrist-curl-barbell,Barbell Wrist Curl,32,11.31,,1,1748824936000,1754592787517,0
810,,REPLACE_WITH_YOUR_USER_ID,19305227259,lateral-raise,Lateral Raise,8,23.09,,1,1748837994000,1754592786521,0
811,,REPLACE_WITH_YOUR_USER_ID,19305226489,wrist-curl-barbell,Barbell Wrist Curl,8,20.44,,2,1748825186000,1754592787517,0
812,,REPLACE_WITH_YOUR_USER_ID,19305227259,lateral-raise,Lateral Raise,20,23.09,,2,1748838144000,1754592786521,0
813,,REPLACE_WITH_YOUR_USER_ID,19305226489,ez-bar-curl,EZ-Bar Curl,6,57.09.00,,1,1748827751000,1754592787517,0
814,,REPLACE_WITH_YOUR_USER_ID,19305227259,lying-leg-raise,Lying Leg Raise,12,<null>,,1,1748838361000,1754592786521,0
815,,REPLACE_WITH_YOUR_USER_ID,19305226489,ez-bar-curl,EZ-Bar Curl,6,57.09.00,,2,1748828416000,1754592787517,0
816,,REPLACE_WITH_YOUR_USER_ID,19305227259,lying-leg-raise,Lying Leg Raise,20,<null>,,2,1748838489000,1754592786521,0
817,,REPLACE_WITH_YOUR_USER_ID,19305226489,cable-hammer-curl,Cable Hammer Curl,10,45.38.00,,1,1748828768000,1754592787517,0
818,,REPLACE_WITH_YOUR_USER_ID,19305226489,cable-hammer-curl,Cable Hammer Curl,8,50.28.00,,2,1748828983000,1754592787517,0
819,,REPLACE_WITH_YOUR_USER_ID,19305226489,reverse-curl,Reverse Barbell Curl,8,41.21.00,,1,1748829645000,1754592787517,0
820,,REPLACE_WITH_YOUR_USER_ID,19305226489,reverse-curl,Reverse Barbell Curl,12,36.31.00,,2,1748829994000,1754592787517,0
821,,REPLACE_WITH_YOUR_USER_ID,19305226489,pec-deck,Pec Deck Machine,10,82.03.00,,1,1748830459000,1754592787517,0
822,,REPLACE_WITH_YOUR_USER_ID,19305226489,pec-deck,Pec Deck Machine,10,84.34.00,,2,1748830933000,1754592787517,0
823,,REPLACE_WITH_YOUR_USER_ID,19305226489,dumbbell-bench-press,Dumbbell Bench Press,7,54.44.00,,1,1748831601000,1754592787517,0
824,,REPLACE_WITH_YOUR_USER_ID,19305226489,dumbbell-bench-press,Dumbbell Bench Press,6,54.43.00,,2,NaN,1754592787517,0
825,,REPLACE_WITH_YOUR_USER_ID,19272315493,smith-incline-bench-press,Incline Smith Machine Bench Press,8,75.21.00,,1,1748555019000,1754592796526,0
826,,REPLACE_WITH_YOUR_USER_ID,19272315493,smith-incline-bench-press,Incline Smith Machine Bench Press,7,75.21.00,,2,1748555553000,1754592796526,0
827,,REPLACE_WITH_YOUR_USER_ID,19272315493,ez-bar-curl,EZ-Bar Curl,6,57.09.00,,1,1748555970000,1754592796526,0
828,,REPLACE_WITH_YOUR_USER_ID,19272315493,ez-bar-curl,EZ-Bar Curl,6,57.09.00,,2,1748556307000,1754592796526,0
829,,REPLACE_WITH_YOUR_USER_ID,19272315493,cable-hammer-curl,Cable Hammer Curl,10,45.38.00,,1,1748556504000,1754592796526,0
830,,REPLACE_WITH_YOUR_USER_ID,19272315493,cable-hammer-curl,Cable Hammer Curl,15,45.38.00,,2,1748556901000,1754592796526,0
831,,REPLACE_WITH_YOUR_USER_ID,19272315493,reverse-curl,Reverse Barbell Curl,6,41.21.00,,1,1748557116000,1754592796526,0
832,,REPLACE_WITH_YOUR_USER_ID,19272315493,reverse-curl,Reverse Barbell Curl,12,36.31.00,,2,1748557622000,1754592796526,0
833,,REPLACE_WITH_YOUR_USER_ID,19272315493,pec-deck,Pec Deck Machine,10,84.34.00,,1,1748557238000,1754592796526,0
834,,REPLACE_WITH_YOUR_USER_ID,19272315493,pec-deck,Pec Deck Machine,10,84.34.00,,2,1748557522000,1754592796526,0
835,,REPLACE_WITH_YOUR_USER_ID,19253664935,pullup,Pull-Up,6,<null>,,1,1748390704000,1754592804519,0
836,,REPLACE_WITH_YOUR_USER_ID,19253664935,lat-pulldown-close,Close-Grip Lat Pulldown,8,77.13.00,,1,1748391167000,1754592804519,0
837,,REPLACE_WITH_YOUR_USER_ID,19253664935,lat-pulldown-close,Close-Grip Lat Pulldown,8,77.13.00,,2,1748391494000,1754592804519,0
838,,REPLACE_WITH_YOUR_USER_ID,19253664935,cable-row,Seated Cable Row,8,68.06.00,,1,1748391745000,1754592804519,0
839,,REPLACE_WITH_YOUR_USER_ID,19253664935,cable-row,Seated Cable Row,12,68.06.00,,2,1748392062000,1754592804519,0
840,,REPLACE_WITH_YOUR_USER_ID,19253664935,cable-row,Seated Cable Row,10,68.06.00,,3,1748392504000,1754592804519,0
841,,REPLACE_WITH_YOUR_USER_ID,19253664935,tricep-pushdown-bar,Tricep Pushdown (Bar),10,63.5,,1,1748392944000,1754592804519,0
842,,REPLACE_WITH_YOUR_USER_ID,19253664935,tricep-pushdown-bar,Tricep Pushdown (Bar),9,63.5,,2,1748393250000,1754592804519,0
843,,REPLACE_WITH_YOUR_USER_ID,19253664935,tricep-pushdown-bar,Tricep Pushdown (Bar),8,63.5,,3,1748393444000,1754592804519,0
844,,REPLACE_WITH_YOUR_USER_ID,19253664935,overhead-cable-tricep,Overhead Cable Tricep Extension,10,54.44.00,,1,1748393624000,1754592804519,0
845,,REPLACE_WITH_YOUR_USER_ID,19253664935,overhead-cable-tricep,Overhead Cable Tricep Extension,11,54.44.00,,2,1748393916000,1754592804519,0
846,,REPLACE_WITH_YOUR_USER_ID,19253664935,overhead-cable-tricep,Overhead Cable Tricep Extension,8,54.44.00,,3,1748394109000,1754592804519,0
847,,REPLACE_WITH_YOUR_USER_ID,19245318997,weighted-crunch,Weighted Crunch,8,54.44.00,,1,1748314892000,1754592809566,0
848,,REPLACE_WITH_YOUR_USER_ID,19245318936,smith-incline-bench-press,Incline Smith Machine Bench Press,8,75.21.00,,1,1748309165000,1754592812514,0
849,,REPLACE_WITH_YOUR_USER_ID,19245318997,weighted-crunch,Weighted Crunch,6,54.44.00,,2,1748315309000,1754592809566,0
850,,REPLACE_WITH_YOUR_USER_ID,19245318936,smith-incline-bench-press,Incline Smith Machine Bench Press,6,75.21.00,,2,1748309402000,1754592812514,0
851,,REPLACE_WITH_YOUR_USER_ID,19245318997,weighted-crunch,Weighted Crunch,6,54.44.00,,3,1748315669000,1754592809566,0
852,,REPLACE_WITH_YOUR_USER_ID,19245318936,smith-incline-bench-press,Incline Smith Machine Bench Press,6,75.21.00,,3,1748309653000,1754592812514,0
853,,REPLACE_WITH_YOUR_USER_ID,19245318997,reverse-curl,Reverse Barbell Curl,12,36.31.00,,1,1748315940000,1754592809566,0
854,,REPLACE_WITH_YOUR_USER_ID,19245318936,barbell-ohp,Barbell Overhead Press,6,75.21.00,,1,1748309866000,1754592812514,0
855,,REPLACE_WITH_YOUR_USER_ID,19245318997,reverse-curl,Reverse Barbell Curl,12,36.31.00,,2,1748316292000,1754592809566,0
856,,REPLACE_WITH_YOUR_USER_ID,19245318936,barbell-ohp,Barbell Overhead Press,6,75.21.00,,2,1748310114000,1754592812514,0
857,,REPLACE_WITH_YOUR_USER_ID,19245318997,reverse-curl,Reverse Barbell Curl,12,36.31.00,,3,1748316531000,1754592809566,0
858,,REPLACE_WITH_YOUR_USER_ID,19245318936,barbell-ohp,Barbell Overhead Press,6,75.21.00,,3,1748310472000,1754592812514,0
859,,REPLACE_WITH_YOUR_USER_ID,19245318997,ez-bar-curl,EZ-Bar Curl,6,54.44.00,,1,1748317548000,1754592809566,0
860,,REPLACE_WITH_YOUR_USER_ID,19245318936,lateral-raise,Lateral Raise,10,25.38.00,,1,1748310715000,1754592812514,0
861,,REPLACE_WITH_YOUR_USER_ID,19245318997,ez-bar-curl,EZ-Bar Curl,6,57.09.00,,2,1748318347000,1754592809566,0
862,,REPLACE_WITH_YOUR_USER_ID,19245318936,lateral-raise,Lateral Raise,8,25.38.00,,2,1748311005000,1754592812514,0
863,,REPLACE_WITH_YOUR_USER_ID,19245318997,ez-bar-curl,EZ-Bar Curl,5,57.09.00,,3,1748319417000,1754592809566,0
864,,REPLACE_WITH_YOUR_USER_ID,19245318936,lateral-raise,Lateral Raise,8,25.38.00,,3,1748311264000,1754592812514,0
865,,REPLACE_WITH_YOUR_USER_ID,19245318997,cable-hammer-curl,Cable Hammer Curl,10,45.38.00,,1,1748319684000,1754592809566,0
866,,REPLACE_WITH_YOUR_USER_ID,19245318936,dumbbell-bench-press,Dumbbell Bench Press,8,50.28.00,,1,1748311787000,1754592812514,0
867,,REPLACE_WITH_YOUR_USER_ID,19245318997,cable-hammer-curl,Cable Hammer Curl,10,45.36.00,,2,1748319871000,1754592809566,0
868,,REPLACE_WITH_YOUR_USER_ID,19245318936,dumbbell-bench-press,Dumbbell Bench Press,6,50.28.00,,2,1748312160000,1754592812514,0
869,,REPLACE_WITH_YOUR_USER_ID,19245318997,bent-over-rear-delt-raise,Bent-Over Rear Delt Raise,10,57.09.00,,1,1748320050000,1754592809566,0
870,,REPLACE_WITH_YOUR_USER_ID,19245318997,bent-over-rear-delt-raise,Bent-Over Rear Delt Raise,8,61.25.00,,2,1748320414000,1754592809566,0
871,,REPLACE_WITH_YOUR_USER_ID,19245318997,bent-over-rear-delt-raise,Bent-Over Rear Delt Raise,8,61.25.00,,3,1748320856000,1754592809566,0
872,,REPLACE_WITH_YOUR_USER_ID,19245318997,hip-abduction,Hip Abduction Machine,16,93,,1,1748321030000,1754592809566,0
873,,REPLACE_WITH_YOUR_USER_ID,19245318997,hip-abduction,Hip Abduction Machine,16,93,,2,1748321378000,1754592809566,0
874,,REPLACE_WITH_YOUR_USER_ID,19245318997,hip-adduction,Hip Adduction Machine,15,88.44.00,,1,1748321112000,1754592809566,0
875,,REPLACE_WITH_YOUR_USER_ID,19245318997,hip-adduction,Hip Adduction Machine,10,88.44.00,,2,1748321485000,1754592809566,0
876,,REPLACE_WITH_YOUR_USER_ID,19225588539,lying-leg-curl,Lying Leg Curl,10,93,,1,1748147680000,1754592817520,0
877,,REPLACE_WITH_YOUR_USER_ID,19215295592,barbell-ohp,Barbell Overhead Press,8,72.56.00,,1,1748046741000,1754592822522,0
878,,REPLACE_WITH_YOUR_USER_ID,19225588539,lying-leg-curl,Lying Leg Curl,10,93,,2,1748148012000,1754592817520,0
879,,REPLACE_WITH_YOUR_USER_ID,19215295592,barbell-ohp,Barbell Overhead Press,8,72.56.00,,2,1748046965000,1754592822522,0
880,,REPLACE_WITH_YOUR_USER_ID,19225588539,lying-leg-curl,Lying Leg Curl,12,93,,3,1748148383000,1754592817520,0
881,,REPLACE_WITH_YOUR_USER_ID,19215295592,lateral-raise,Lateral Raise,8,23.09,,1,1748047137000,1754592822522,0
882,,REPLACE_WITH_YOUR_USER_ID,19225588539,leg-press,Leg Press,12,104.31.00,,1,1748148806000,1754592817520,0
883,,REPLACE_WITH_YOUR_USER_ID,19215295592,lateral-raise,Lateral Raise,10,23.09,,2,1748047369000,1754592822522,0
884,,REPLACE_WITH_YOUR_USER_ID,19225588539,leg-press,Leg Press,10,109.28.00,,2,1748149311000,1754592817520,0
885,,REPLACE_WITH_YOUR_USER_ID,19215295592,lateral-raise,Lateral Raise,10,23.09,,3,1748047684000,1754592822522,0
886,,REPLACE_WITH_YOUR_USER_ID,19225588539,leg-extension,Leg Extension,12,111.13.00,,1,1748149736000,1754592817520,0
887,,REPLACE_WITH_YOUR_USER_ID,19215295592,pullup,Pull-Up,8,<null>,,1,1748047834000,1754592822522,0
888,,REPLACE_WITH_YOUR_USER_ID,19225588539,leg-extension,Leg Extension,12,111.13.00,,2,1748150231000,1754592817520,0
889,,REPLACE_WITH_YOUR_USER_ID,19215295592,pullup,Pull-Up,8,<null>,,2,1748048306000,1754592822522,0
890,,REPLACE_WITH_YOUR_USER_ID,19225588539,leg-extension,Leg Extension,12,111.13.00,,3,1748150677000,1754592817520,0
891,,REPLACE_WITH_YOUR_USER_ID,19215295592,lat-pulldown-close,Close-Grip Lat Pulldown,8,77.13.00,,1,1748048599000,1754592822522,0
892,,REPLACE_WITH_YOUR_USER_ID,19225588539,weighted-crunch,Weighted Crunch,8,52.19.00,,1,1748151112000,1754592817520,0
893,,REPLACE_WITH_YOUR_USER_ID,19215295592,lat-pulldown-close,Close-Grip Lat Pulldown,6,77.13.00,,2,1748048945000,1754592822522,0
894,,REPLACE_WITH_YOUR_USER_ID,19225588539,weighted-crunch,Weighted Crunch,6,52.19.00,,2,1748151571000,1754592817520,0
895,,REPLACE_WITH_YOUR_USER_ID,19215295592,cable-row,Seated Cable Row,10,68.06.00,,1,1748049395000,1754592822522,0
896,,REPLACE_WITH_YOUR_USER_ID,19225588539,weighted-crunch,Weighted Crunch,6,52.19.00,,3,1748151985000,1754592817520,0
897,,REPLACE_WITH_YOUR_USER_ID,19215295592,cable-row,Seated Cable Row,8,68.06.00,,2,1748049787000,1754592822522,0
898,,REPLACE_WITH_YOUR_USER_ID,19225588539,standing-calf-raise-machine,Standing Calf Raise Machine,16,177.28.00,,1,1748152119000,1754592817520,0
899,,REPLACE_WITH_YOUR_USER_ID,19215295592,tricep-pushdown-bar,Tricep Pushdown (Bar),8,63.5,,1,1748050476000,1754592822522,0
900,,REPLACE_WITH_YOUR_USER_ID,19225588539,standing-calf-raise-machine,Standing Calf Raise Machine,12,181.44.00,,2,1748152415000,1754592817520,0
901,,REPLACE_WITH_YOUR_USER_ID,19215295592,tricep-pushdown-bar,Tricep Pushdown (Bar),8,63.5,,2,1748050807000,1754592822522,0
902,,REPLACE_WITH_YOUR_USER_ID,19225588539,standing-calf-raise-machine,Standing Calf Raise Machine,20,181.44.00,,3,1748152706000,1754592817520,0
903,,REPLACE_WITH_YOUR_USER_ID,19215295592,tricep-pushdown-bar,Tricep Pushdown (Bar),10,63.5,,3,1748051292000,1754592822522,0
904,,REPLACE_WITH_YOUR_USER_ID,19215295592,overhead-tricep-ext-db,Overhead Tricep Extension (Dumbbell),10,50.28.00,,1,1748051509000,1754592822522,0
905,,REPLACE_WITH_YOUR_USER_ID,19215295592,overhead-tricep-ext-db,Overhead Tricep Extension (Dumbbell),8,50.28.00,,2,1748051761000,1754592822522,0
906,,REPLACE_WITH_YOUR_USER_ID,19215295592,overhead-tricep-ext-db,Overhead Tricep Extension (Dumbbell),8,50.28.00,,3,1748052210000,1754592822522,0
907,,REPLACE_WITH_YOUR_USER_ID,19196637757,lying-leg-curl,Lying Leg Curl,8,93,,1,1747873950000,1754592832515,0
908,,REPLACE_WITH_YOUR_USER_ID,19206011173,smith-incline-bench-press,Incline Smith Machine Bench Press,8,75.21.00,,1,1747957397000,1754592827522,0
909,,REPLACE_WITH_YOUR_USER_ID,19196637757,lying-leg-curl,Lying Leg Curl,10,93,,2,1747874392000,1754592832515,0
910,,REPLACE_WITH_YOUR_USER_ID,19206011173,smith-incline-bench-press,Incline Smith Machine Bench Press,7,75.21.00,,2,1747957735000,1754592827522,0
911,,REPLACE_WITH_YOUR_USER_ID,19196637757,lying-leg-curl,Lying Leg Curl,10,93,,3,1747874573000,1754592832515,0
912,,REPLACE_WITH_YOUR_USER_ID,19206011173,ez-bar-curl,EZ-Bar Curl,6,57.09.00,,1,1747958043000,1754592827522,0
913,,REPLACE_WITH_YOUR_USER_ID,19196637757,hack-squat,Hack Squat Machine,8,102.06.00,,1,1747874801000,1754592832515,0
914,,REPLACE_WITH_YOUR_USER_ID,19206011173,ez-bar-curl,EZ-Bar Curl,6,57.09.00,,2,1747958518000,1754592827522,0
915,,REPLACE_WITH_YOUR_USER_ID,19196637757,hack-squat,Hack Squat Machine,6,102.06.00,,2,1747875099000,1754592832515,0
916,,REPLACE_WITH_YOUR_USER_ID,19206011173,pec-deck,Pec Deck Machine,10,84.34.00,,1,1747958775000,1754592827522,0
917,,REPLACE_WITH_YOUR_USER_ID,19196637757,leg-extension,Leg Extension,10,111.13.00,,1,1747875420000,1754592832515,0
918,,REPLACE_WITH_YOUR_USER_ID,19206011173,pec-deck,Pec Deck Machine,8,84.34.00,,2,1747959047000,1754592827522,0
919,,REPLACE_WITH_YOUR_USER_ID,19196637757,leg-extension,Leg Extension,10,111.13.00,,2,1747875613000,1754592832515,0
920,,REPLACE_WITH_YOUR_USER_ID,19206011173,cable-hammer-curl,Cable Hammer Curl,8,54.44.00,,1,1747959243000,1754592827522,0
921,,REPLACE_WITH_YOUR_USER_ID,19196637757,leg-extension,Leg Extension,12,111.13.00,,3,1747875846000,1754592832515,0
922,,REPLACE_WITH_YOUR_USER_ID,19206011173,cable-hammer-curl,Cable Hammer Curl,10,50.28.00,,2,1747959564000,1754592827522,0
923,,REPLACE_WITH_YOUR_USER_ID,19196637757,weighted-crunch,Weighted Crunch,8,48.03.00,,1,1747876017000,1754592832515,0
924,,REPLACE_WITH_YOUR_USER_ID,19206011173,reverse-curl,Reverse Barbell Curl,6,41.21.00,,1,1747959812000,1754592827522,0
925,,REPLACE_WITH_YOUR_USER_ID,19196637757,weighted-crunch,Weighted Crunch,8,48.03.00,,2,1747876289000,1754592832515,0
926,,REPLACE_WITH_YOUR_USER_ID,19206011173,reverse-curl,Reverse Barbell Curl,8,41.21.00,,2,1747960165000,1754592827522,0
927,,REPLACE_WITH_YOUR_USER_ID,19196637757,weighted-crunch,Weighted Crunch,8,48.03.00,,3,1747876665000,1754592832515,0
928,,REPLACE_WITH_YOUR_USER_ID,19206011173,wrist-curl-dumbbell,Dumbbell Wrist Curl,10,45.38.00,,1,1747960609000,1754592827522,0
929,,REPLACE_WITH_YOUR_USER_ID,19196637757,barbell-ohp,Barbell Overhead Press,8,72.56.00,,1,1747876963000,1754592832515,0
930,,REPLACE_WITH_YOUR_USER_ID,19206011173,wrist-curl-dumbbell,Dumbbell Wrist Curl,20,23.09,,2,1747960776000,1754592827522,0
931,,REPLACE_WITH_YOUR_USER_ID,19196637757,barbell-ohp,Barbell Overhead Press,10,72.56.00,,2,1747877243000,1754592832515,0
932,,REPLACE_WITH_YOUR_USER_ID,19206011173,reverse-wrist-curl,Reverse Wrist Curl,20,18.13,,1,1747960929000,1754592827522,0
933,,REPLACE_WITH_YOUR_USER_ID,19196637757,lateral-raise,Lateral Raise,12,23.09,,1,1747877703000,1754592832515,0
934,,REPLACE_WITH_YOUR_USER_ID,19206011173,reverse-wrist-curl,Reverse Wrist Curl,12,18.13,,2,1747961226000,1754592827522,0
935,,REPLACE_WITH_YOUR_USER_ID,19196637757,lateral-raise,Lateral Raise,12,23.09,,2,1747878242000,1754592832515,0
936,,REPLACE_WITH_YOUR_USER_ID,19206011173,standing-calf-raise-machine,Standing Calf Raise Machine,16,172.36.00,,1,1747961450000,1754592827522,0
937,,REPLACE_WITH_YOUR_USER_ID,19196637757,bent-over-rear-delt-raise,Bent-Over Rear Delt Raise,12,54.44.00,,1,1747878153000,1754592832515,0
938,,REPLACE_WITH_YOUR_USER_ID,19206011173,standing-calf-raise-machine,Standing Calf Raise Machine,12,172.36.00,,2,1747962108000,1754592827522,0
939,,REPLACE_WITH_YOUR_USER_ID,19196637757,bent-over-rear-delt-raise,Bent-Over Rear Delt Raise,12,54.44.00,,2,1747878466000,1754592832515,0
940,,REPLACE_WITH_YOUR_USER_ID,19206011173,standing-calf-raise-machine,Standing Calf Raise Machine,12,172.38.00,,3,1747962317000,1754592827522,0
941,,REPLACE_WITH_YOUR_USER_ID,19196637757,bent-over-rear-delt-raise,Bent-Over Rear Delt Raise,12,54.44.00,,3,1747878820000,1754592832515,0
942,,REPLACE_WITH_YOUR_USER_ID,19206011173,hip-abduction,Hip Abduction Machine,12,93,,1,1747962423000,1754592827522,0
943,,REPLACE_WITH_YOUR_USER_ID,19206011173,hip-abduction,Hip Abduction Machine,18,93,,2,1747962952000,1754592827522,0
944,,REPLACE_WITH_YOUR_USER_ID,19206011173,hip-adduction,Hip Adduction Machine,12,84.34.00,,1,1747962555000,1754592827522,0
945,,REPLACE_WITH_YOUR_USER_ID,19206011173,hip-adduction,Hip Adduction Machine,15,84.34.00,,2,1747963021000,1754592827522,0
946,,REPLACE_WITH_YOUR_USER_ID,19206011173,lying-leg-raise,Lying Leg Raise,15,02.21,,1,1747963506000,1754592827522,0
947,,REPLACE_WITH_YOUR_USER_ID,19206011173,lying-leg-raise,Lying Leg Raise,12,04.03,,2,1747963669000,1754592827522,0
948,,REPLACE_WITH_YOUR_USER_ID,19206011173,lying-leg-raise,Lying Leg Raise,12,04.56,,3,1747964040000,1754592827522,0
949,,REPLACE_WITH_YOUR_USER_ID,19187867176,lat-pulldown-close,Close-Grip Lat Pulldown,8,77.13.00,,1,1747803795000,1754592838516,0
950,,REPLACE_WITH_YOUR_USER_ID,19187867176,lat-pulldown-close,Close-Grip Lat Pulldown,8,77.13.00,,2,1747804096000,1754592838516,0
951,,REPLACE_WITH_YOUR_USER_ID,19187867176,pullup,Pull-Up,7,<null>,,1,1747804285000,1754592838516,0
952,,REPLACE_WITH_YOUR_USER_ID,19187867176,pullup,Pull-Up,6,<null>,,2,1747804624000,1754592838516,0
953,,REPLACE_WITH_YOUR_USER_ID,19187867176,cable-row,Seated Cable Row,6,77.13.00,,1,1747804940000,1754592838516,0
954,,REPLACE_WITH_YOUR_USER_ID,19187867176,cable-row,Seated Cable Row,10,68.06.00,,2,1747805215000,1754592838516,0
955,,REPLACE_WITH_YOUR_USER_ID,19187867176,tricep-pushdown-bar,Tricep Pushdown (Bar),6,68.06.00,,1,1747805379000,1754592838516,0
956,,REPLACE_WITH_YOUR_USER_ID,19187867176,tricep-pushdown-bar,Tricep Pushdown (Bar),8,63.5,,2,1747805691000,1754592838516,0
957,,REPLACE_WITH_YOUR_USER_ID,19187867176,overhead-tricep-ext-db,Overhead Tricep Extension (Dumbbell),8,54.44.00,,1,1747805960000,1754592838516,0
958,,REPLACE_WITH_YOUR_USER_ID,19187867176,overhead-tricep-ext-db,Overhead Tricep Extension (Dumbbell),5,54.44.00,,2,1747806390000,1754592838516,0
959,,REPLACE_WITH_YOUR_USER_ID,19155755195,romanian-deadlift,Romanian Deadlift,10,102.06.00,,1,1747528692000,1754592850526,0
960,,REPLACE_WITH_YOUR_USER_ID,19167267044,smith-incline-bench-press,Incline Smith Machine Bench Press,7,75.21.00,,1,1747626197000,1754592845512,0
961,,REPLACE_WITH_YOUR_USER_ID,19155755195,romanian-deadlift,Romanian Deadlift,10,102.06.00,,2,1747529072000,1754592850526,0
962,,REPLACE_WITH_YOUR_USER_ID,19167267044,smith-incline-bench-press,Incline Smith Machine Bench Press,6,75.21.00,,2,1747626482000,1754592845512,0
963,,REPLACE_WITH_YOUR_USER_ID,19155755195,lying-leg-curl,Lying Leg Curl,8,93,,1,1747529484000,1754592850526,0
964,,REPLACE_WITH_YOUR_USER_ID,19167267044,dumbbell-bench-press,Dumbbell Bench Press,8,54.44.00,,1,1747626900000,1754592845512,0
965,,REPLACE_WITH_YOUR_USER_ID,19155755195,lying-leg-curl,Lying Leg Curl,10,86.18.00,,2,1747529814000,1754592850526,0
966,,REPLACE_WITH_YOUR_USER_ID,19167267044,dumbbell-bench-press,Dumbbell Bench Press,8,54.44.00,,2,1747627392000,1754592845512,0
967,,REPLACE_WITH_YOUR_USER_ID,19155755195,lying-leg-curl,Lying Leg Curl,12,88.44.00,,3,1747530180000,1754592850526,0
968,,REPLACE_WITH_YOUR_USER_ID,19167267044,barbell-ohp,Barbell Overhead Press,6,70.31.00,,1,1747627779000,1754592845512,0
969,,REPLACE_WITH_YOUR_USER_ID,19155755195,leg-extension,Leg Extension,12,111.13.00,,1,1747530537000,1754592850526,0
970,,REPLACE_WITH_YOUR_USER_ID,19167267044,barbell-ohp,Barbell Overhead Press,6,70.31.00,,2,1747628368000,1754592845512,0
971,,REPLACE_WITH_YOUR_USER_ID,19155755195,leg-extension,Leg Extension,12,111.13.00,,2,1747530959000,1754592850526,0
972,,REPLACE_WITH_YOUR_USER_ID,19167267044,pec-deck,Pec Deck Machine,8,82.03.00,,1,1747629289000,1754592845512,0
973,,REPLACE_WITH_YOUR_USER_ID,19155755195,leg-extension,Leg Extension,12,111.13.00,,3,1747531336000,1754592850526,0
974,,REPLACE_WITH_YOUR_USER_ID,19167267044,pec-deck,Pec Deck Machine,10,82.03.00,,2,1747629856000,1754592845512,0
975,,REPLACE_WITH_YOUR_USER_ID,19155755195,hip-abduction,Hip Abduction Machine,15,93,,1,1747531534000,1754592850526,0
976,,REPLACE_WITH_YOUR_USER_ID,19167267044,ez-bar-curl,EZ-Bar Curl,8,54.44.00,,1,1747630749000,1754592845512,0
977,,REPLACE_WITH_YOUR_USER_ID,19155755195,hip-abduction,Hip Abduction Machine,12,93,,2,1747531799000,1754592850526,0
978,,REPLACE_WITH_YOUR_USER_ID,19167267044,ez-bar-curl,EZ-Bar Curl,6,54.44.00,,2,1747631174000,1754592845512,0
979,,REPLACE_WITH_YOUR_USER_ID,19155755195,hip-adduction,Hip Adduction Machine,12,84.34.00,,1,1747531581000,1754592850526,0
980,,REPLACE_WITH_YOUR_USER_ID,19167267044,cable-hammer-curl,Cable Hammer Curl,6,54.44.00,,1,1747632015000,1754592845512,0
981,,REPLACE_WITH_YOUR_USER_ID,19155755195,hip-adduction,Hip Adduction Machine,8,88.44.00,,2,1747531847000,1754592850526,0
982,,REPLACE_WITH_YOUR_USER_ID,19167267044,cable-hammer-curl,Cable Hammer Curl,15,45.38.00,,2,1747632238000,1754592845512,0
983,,REPLACE_WITH_YOUR_USER_ID,19155755195,standing-calf-raise-machine,Standing Calf Raise Machine,12,172.38.00,,1,1747531936000,1754592850526,0
984,,REPLACE_WITH_YOUR_USER_ID,19167267044,reverse-curl,Reverse Barbell Curl,8,36.31.00,,1,1747632650000,1754592845512,0
985,,REPLACE_WITH_YOUR_USER_ID,19155755195,standing-calf-raise-machine,Standing Calf Raise Machine,12,172.38.00,,2,1747532306000,1754592850526,0
986,,REPLACE_WITH_YOUR_USER_ID,19167267044,reverse-curl,Reverse Barbell Curl,10,36.31.00,,2,1747632995000,1754592845512,0
987,,REPLACE_WITH_YOUR_USER_ID,19155755195,standing-calf-raise-machine,Standing Calf Raise Machine,12,172.38.00,,3,1747532476000,1754592850526,0
988,,REPLACE_WITH_YOUR_USER_ID,19167267044,lateral-raise,Lateral Raise,8,23.09,,1,1747633335000,1754592845512,0
989,,REPLACE_WITH_YOUR_USER_ID,19167267044,lateral-raise,Lateral Raise,10,23.09,,2,1747633736000,1754592845512,0
990,,REPLACE_WITH_YOUR_USER_ID,19167267044,lateral-raise,Lateral Raise,12,23.09,,3,1747634186000,1754592845512,0
991,,REPLACE_WITH_YOUR_USER_ID,19167267044,lying-leg-raise,Lying Leg Raise,24,<null>,,1,1747633839000,1754592845512,0
992,,REPLACE_WITH_YOUR_USER_ID,19146259366,lat-pulldown-close,Close-Grip Lat Pulldown,6,77.13.00,,1,1747447404000,1754592855553,0
993,,REPLACE_WITH_YOUR_USER_ID,19146259366,lat-pulldown-close,Close-Grip Lat Pulldown,8,77.13.00,,2,1747448135000,1754592855553,0
994,,REPLACE_WITH_YOUR_USER_ID,19146259366,pullup,Pull-Up,8,<null>,,1,1747447821000,1754592855553,0
995,,REPLACE_WITH_YOUR_USER_ID,19146259366,tricep-pushdown-bar,Tricep Pushdown (Bar),8,63.5,,1,1747448246000,1754592855553,0
996,,REPLACE_WITH_YOUR_USER_ID,19146259366,tricep-pushdown-bar,Tricep Pushdown (Bar),8,63.5,,2,1747448544000,1754592855553,0
997,,REPLACE_WITH_YOUR_USER_ID,19146259366,overhead-tricep-ext-db,Overhead Tricep Extension (Dumbbell),10,34,,1,1747448695000,1754592855553,0
998,,REPLACE_WITH_YOUR_USER_ID,19146259366,overhead-tricep-ext-db,Overhead Tricep Extension (Dumbbell),8,34,,2,1747449202000,1754592855553,0
999,,REPLACE_WITH_YOUR_USER_ID,19146259366,overhead-cable-tricep,Overhead Cable Tricep Extension,10,45.38.00,,1,1747449319000,1754592855553,0
1000,,REPLACE_WITH_YOUR_USER_ID,19146259366,overhead-cable-tricep,Overhead Cable Tricep Extension,12,45.38.00,,2,1747449723000,1754592855553,0
1001,,REPLACE_WITH_YOUR_USER_ID,19146259366,cable-row,Seated Cable Row,8,77.13.00,,1,1747449904000,1754592855553,0
1002,,REPLACE_WITH_YOUR_USER_ID,19146259366,cable-row,Seated Cable Row,6,77.13.00,,2,1747450072000,1754592855553,0
1003,,REPLACE_WITH_YOUR_USER_ID,19127515600,smith-incline-bench-press,Incline Smith Machine Bench Press,7,75.21.00,,1,1747276008000,1754592865522,0
1004,,REPLACE_WITH_YOUR_USER_ID,19137833963,lateral-raise,Lateral Raise,10,23.09,,1,1747369684000,1754592860513,0
1005,,REPLACE_WITH_YOUR_USER_ID,19127515600,smith-incline-bench-press,Incline Smith Machine Bench Press,6,75.21.00,,2,1747276178000,1754592865522,0
1006,,REPLACE_WITH_YOUR_USER_ID,19137833963,lateral-raise,Lateral Raise,12,23.09,,2,1747370003000,1754592860513,0
1007,,REPLACE_WITH_YOUR_USER_ID,19127515600,pec-deck,Pec Deck Machine,10,79.38.00,,1,1747276882000,1754592865522,0
1008,,REPLACE_WITH_YOUR_USER_ID,19137833963,lateral-raise,Lateral Raise,10,23.09,,3,1747370252000,1754592860513,0
1009,,REPLACE_WITH_YOUR_USER_ID,19127515600,pec-deck,Pec Deck Machine,10,79.38.00,,2,1747277241000,1754592865522,0
1010,,REPLACE_WITH_YOUR_USER_ID,19137833963,bent-over-rear-delt-raise,Bent-Over Rear Delt Raise,12,52.19.00,,1,1747370501000,1754592860513,0
1011,,REPLACE_WITH_YOUR_USER_ID,19127515600,pec-deck,Pec Deck Machine,10,79.38.00,,3,1747277571000,1754592865522,0
1012,,REPLACE_WITH_YOUR_USER_ID,19137833963,bent-over-rear-delt-raise,Bent-Over Rear Delt Raise,10,52.19.00,,2,1747370716000,1754592860513,0
1013,,REPLACE_WITH_YOUR_USER_ID,19127515600,ez-bar-curl,EZ-Bar Curl,6,54.44.00,,1,1747277957000,1754592865522,0
1014,,REPLACE_WITH_YOUR_USER_ID,19137833963,bent-over-rear-delt-raise,Bent-Over Rear Delt Raise,8,52.19.00,,3,1747370886000,1754592860513,0
1015,,REPLACE_WITH_YOUR_USER_ID,19127515600,ez-bar-curl,EZ-Bar Curl,7,54.44.00,,2,1747278412000,1754592865522,0
1016,,REPLACE_WITH_YOUR_USER_ID,19137833963,weighted-crunch,Weighted Crunch,12,48.03.00,,1,1747371231000,1754592860513,0
1017,,REPLACE_WITH_YOUR_USER_ID,19127515600,cable-hammer-curl,Cable Hammer Curl,10,50.28.00,,1,1747278674000,1754592865522,0
1018,,REPLACE_WITH_YOUR_USER_ID,19137833963,weighted-crunch,Weighted Crunch,10,50.28.00,,2,1747371511000,1754592860513,0
1019,,REPLACE_WITH_YOUR_USER_ID,19127515600,cable-hammer-curl,Cable Hammer Curl,9,50.28.00,,2,1747278848000,1754592865522,0
1020,,REPLACE_WITH_YOUR_USER_ID,19137833963,weighted-crunch,Weighted Crunch,8,50.28.00,,3,1747371913000,1754592860513,0
1021,,REPLACE_WITH_YOUR_USER_ID,19127515600,cable-hammer-curl,Cable Hammer Curl,12,41.21.00,,3,1747279010000,1754592865522,0
1022,,REPLACE_WITH_YOUR_USER_ID,19127515600,reverse-curl,Reverse Barbell Curl,8,36.31.00,,1,1747279255000,1754592865522,0
1023,,REPLACE_WITH_YOUR_USER_ID,19127515600,reverse-curl,Reverse Barbell Curl,10,36.31.00,,2,1747279383000,1754592865522,0
1024,,REPLACE_WITH_YOUR_USER_ID,19127515600,reverse-curl,Reverse Barbell Curl,10,36.31.00,,3,1747279513000,1754592865522,0
1025,,REPLACE_WITH_YOUR_USER_ID,19127515600,reverse-wrist-curl,Reverse Wrist Curl,50,27.19.00,,1,1747279632000,1754592865522,0
1026,,REPLACE_WITH_YOUR_USER_ID,19117372526,lying-leg-curl,Lying Leg Curl,8,93,,1,1747194978000,1754592871513,0
1027,,REPLACE_WITH_YOUR_USER_ID,19106366573,lat-pulldown-close,Close-Grip Lat Pulldown,6,77.13.00,,1,1747107246000,1754592876523,0
1028,,REPLACE_WITH_YOUR_USER_ID,19117372526,lying-leg-curl,Lying Leg Curl,10,93,,2,1747195489000,1754592871513,0
1029,,REPLACE_WITH_YOUR_USER_ID,19106366573,lat-pulldown-close,Close-Grip Lat Pulldown,8,72.56.00,,2,1747107526000,1754592876523,0
1030,,REPLACE_WITH_YOUR_USER_ID,19117372526,lying-leg-curl,Lying Leg Curl,10,93,,3,1747195701000,1754592871513,0
1031,,REPLACE_WITH_YOUR_USER_ID,19106366573,lat-pulldown-close,Close-Grip Lat Pulldown,8,72.56.00,,3,1747107819000,1754592876523,0
1032,,REPLACE_WITH_YOUR_USER_ID,19117372526,hack-squat,Hack Squat Machine,6,97.5,,1,1747195930000,1754592871513,0
1033,,REPLACE_WITH_YOUR_USER_ID,19106366573,pullup,Pull-Up,6,<null>,,1,1747108106000,1754592876523,0
1034,,REPLACE_WITH_YOUR_USER_ID,19117372526,hack-squat,Hack Squat Machine,6,97.5,,2,1747196227000,1754592871513,0
1035,,REPLACE_WITH_YOUR_USER_ID,19106366573,pullup,Pull-Up,6,<null>,,2,1747108581000,1754592876523,0
1036,,REPLACE_WITH_YOUR_USER_ID,19117372526,hack-squat,Hack Squat Machine,6,97.5,,3,1747196730000,1754592871513,0
1037,,REPLACE_WITH_YOUR_USER_ID,19106366573,cable-row,Seated Cable Row,10,68.06.00,,1,1747108381000,1754592876523,0
1038,,REPLACE_WITH_YOUR_USER_ID,19117372526,leg-extension,Leg Extension,10,111.13.00,,1,1747197259000,1754592871513,0
1039,,REPLACE_WITH_YOUR_USER_ID,19106366573,cable-row,Seated Cable Row,8,68.06.00,,2,1747108779000,1754592876523,0
1040,,REPLACE_WITH_YOUR_USER_ID,19117372526,leg-extension,Leg Extension,10,111.13.00,,2,1747197588000,1754592871513,0
1041,,REPLACE_WITH_YOUR_USER_ID,19106366573,cable-row,Seated Cable Row,10,68.06.00,,3,1747109020000,1754592876523,0
1042,,REPLACE_WITH_YOUR_USER_ID,19117372526,leg-extension,Leg Extension,10,111.13.00,,3,1747197905000,1754592871513,0
1043,,REPLACE_WITH_YOUR_USER_ID,19106366573,tricep-pushdown-bar,Tricep Pushdown (Bar),9,63.5,,1,1747109327000,1754592876523,0
1044,,REPLACE_WITH_YOUR_USER_ID,19117372526,hip-abduction,Hip Abduction Machine,20,93,,1,1747198111000,1754592871513,0
1045,,REPLACE_WITH_YOUR_USER_ID,19106366573,tricep-pushdown-bar,Tricep Pushdown (Bar),8,63.5,,2,1747109501000,1754592876523,0
1046,,REPLACE_WITH_YOUR_USER_ID,19117372526,hip-abduction,Hip Abduction Machine,20,88.44.00,,2,1747198467000,1754592871513,0
1047,,REPLACE_WITH_YOUR_USER_ID,19106366573,tricep-pushdown-bar,Tricep Pushdown (Bar),7,63.5,,3,1747109734000,1754592876523,0
1048,,REPLACE_WITH_YOUR_USER_ID,19117372526,hip-abduction,Hip Abduction Machine,20,88.44.00,,3,1747198751000,1754592871513,0
1049,,REPLACE_WITH_YOUR_USER_ID,19106366573,overhead-tricep-ext-db,Overhead Tricep Extension (Dumbbell),12,45.38.00,,1,1747109949000,1754592876523,0
1050,,REPLACE_WITH_YOUR_USER_ID,19117372526,standing-calf-raise-machine,Standing Calf Raise Machine,16,172.38.00,,1,1747198846000,1754592871513,0
1051,,REPLACE_WITH_YOUR_USER_ID,19106366573,overhead-tricep-ext-db,Overhead Tricep Extension (Dumbbell),8,54.44.00,,2,1747110642000,1754592876523,0
1052,,REPLACE_WITH_YOUR_USER_ID,19117372526,standing-calf-raise-machine,Standing Calf Raise Machine,16,172.38.00,,2,1747199110000,1754592871513,0
1053,,REPLACE_WITH_YOUR_USER_ID,19106366573,overhead-tricep-ext-db,Overhead Tricep Extension (Dumbbell),8,54.44.00,,3,1747110882000,1754592876523,0
1054,,REPLACE_WITH_YOUR_USER_ID,19117372526,standing-calf-raise-machine,Standing Calf Raise Machine,16,172.38.00,,3,1747199463000,1754592871513,0
1055,,REPLACE_WITH_YOUR_USER_ID,19096771337,smith-incline-bench-press,Incline Smith Machine Bench Press,8,75.21.00,,1,1747025357000,1754592883513,0
1056,,REPLACE_WITH_YOUR_USER_ID,19096771337,smith-incline-bench-press,Incline Smith Machine Bench Press,6,75.21.00,,2,1747025737000,1754592883513,0
1057,,REPLACE_WITH_YOUR_USER_ID,19096771337,dumbbell-bench-press,Dumbbell Bench Press,6,54.44.00,,1,1747026109000,1754592883513,0
1058,,REPLACE_WITH_YOUR_USER_ID,19096771337,dumbbell-bench-press,Dumbbell Bench Press,6,54.44.00,,2,1747026313000,1754592883513,0
1059,,REPLACE_WITH_YOUR_USER_ID,19096771337,pec-deck,Pec Deck Machine,10,79.38.00,,1,1747026606000,1754592883513,0
1060,,REPLACE_WITH_YOUR_USER_ID,19096771337,pec-deck,Pec Deck Machine,10,79.38.00,,2,1747026951000,1754592883513,0
1061,,REPLACE_WITH_YOUR_USER_ID,19096771337,ez-bar-curl,EZ-Bar Curl,6,54.44.00,,1,1747027281000,1754592883513,0
1062,,REPLACE_WITH_YOUR_USER_ID,19096771337,ez-bar-curl,EZ-Bar Curl,6,54.44.00,,2,1747027614000,1754592883513,0
1063,,REPLACE_WITH_YOUR_USER_ID,19096771337,reverse-curl,Reverse Barbell Curl,10,34,,1,1747027819000,1754592883513,0
1064,,REPLACE_WITH_YOUR_USER_ID,19096771337,reverse-curl,Reverse Barbell Curl,12,34,,2,1747028050000,1754592883513,0
1065,,REPLACE_WITH_YOUR_USER_ID,19096771337,barbell-ohp,Barbell Overhead Press,8,70.31.00,,1,1747028226000,1754592883513,0
1066,,REPLACE_WITH_YOUR_USER_ID,19096771337,barbell-ohp,Barbell Overhead Press,8,70.31.00,,2,1747028573000,1754592883513,0
1067,,REPLACE_WITH_YOUR_USER_ID,19096771337,cable-hammer-curl,Cable Hammer Curl,8,50.28.00,,1,1747028437000,1754592883513,0
1068,,REPLACE_WITH_YOUR_USER_ID,19096771337,cable-hammer-curl,Cable Hammer Curl,10,50.28.00,,2,1747028701000,1754592883513,0
1069,,REPLACE_WITH_YOUR_USER_ID,19096771337,lateral-raise,Lateral Raise,10,23.09,,1,1747028991000,1754592883513,0
1070,,REPLACE_WITH_YOUR_USER_ID,19096771337,lateral-raise,Lateral Raise,8,23.09,,2,1747029134000,1754592883513,0
1071,,REPLACE_WITH_YOUR_USER_ID,19096771337,lateral-raise,Lateral Raise,8,23.09,,3,1747029296000,1754592883513,0
1072,,REPLACE_WITH_YOUR_USER_ID,19075832609,lateral-raise,Lateral Raise,5,23.09,,1,1746836598000,1754592890515,0
1073,,REPLACE_WITH_YOUR_USER_ID,19075832609,lateral-raise,Lateral Raise,8,23.09,,2,1746837093000,1754592890515,0
1074,,REPLACE_WITH_YOUR_USER_ID,19075832609,lateral-raise,Lateral Raise,12,23.09,,3,1746837441000,1754592890515,0
1075,,REPLACE_WITH_YOUR_USER_ID,19075832609,barbell-ohp,Barbell Overhead Press,10,68.06.00,,1,1746837868000,1754592890515,0
1076,,REPLACE_WITH_YOUR_USER_ID,19075832609,barbell-ohp,Barbell Overhead Press,8,70.31.00,,2,1746838239000,1754592890515,0
1077,,REPLACE_WITH_YOUR_USER_ID,19075832609,deadlift,Deadlift,6,116.09.00,,1,1746838982000,1754592890515,0
1078,,REPLACE_WITH_YOUR_USER_ID,19075832609,deadlift,Deadlift,8,102.06.00,,2,1746839228000,1754592890515,0
1079,,REPLACE_WITH_YOUR_USER_ID,19075832609,lying-leg-curl,Lying Leg Curl,8,97.5,,1,1746839536000,1754592890515,0
1080,,REPLACE_WITH_YOUR_USER_ID,19075832609,lying-leg-curl,Lying Leg Curl,12,93,,2,1746839837000,1754592890515,0
1081,,REPLACE_WITH_YOUR_USER_ID,19075832609,lying-leg-curl,Lying Leg Curl,10,93,,3,1746840112000,1754592890515,0
1082,,REPLACE_WITH_YOUR_USER_ID,19075832609,leg-press,Leg Press,12,91.09.00,,1,1746840328000,1754592890515,0
1083,,REPLACE_WITH_YOUR_USER_ID,19075832609,leg-press,Leg Press,12,95.25.00,,2,1746840811000,1754592890515,0
1084,,REPLACE_WITH_YOUR_USER_ID,19075832609,leg-extension,Leg Extension,10,111.13.00,,1,1746841141000,1754592890515,0
1085,,REPLACE_WITH_YOUR_USER_ID,19075832609,leg-extension,Leg Extension,12,111.13.00,,2,1746842000000,1754592890515,0
1086,,REPLACE_WITH_YOUR_USER_ID,19075832609,leg-extension,Leg Extension,12,111.13.00,,3,1746842503000,1754592890515,0
1087,,REPLACE_WITH_YOUR_USER_ID,19057489263,smith-incline-bench-press,Incline Smith Machine Bench Press,7,75.21.00,,1,1746681824000,1754592900517,0
1088,,REPLACE_WITH_YOUR_USER_ID,19066087077,lat-pulldown-close,Close-Grip Lat Pulldown,8,70.31.00,,1,1746752345000,1754592895528,0
1089,,REPLACE_WITH_YOUR_USER_ID,19057489263,smith-incline-bench-press,Incline Smith Machine Bench Press,7,75.21.00,,2,1746682182000,1754592900517,0
1090,,REPLACE_WITH_YOUR_USER_ID,19066087077,lat-pulldown-close,Close-Grip Lat Pulldown,8,70.31.00,,2,1746752626000,1754592895528,0
1091,,REPLACE_WITH_YOUR_USER_ID,19057489263,pec-deck,Pec Deck Machine,9,84.34.00,,1,1746682501000,1754592900517,0
1092,,REPLACE_WITH_YOUR_USER_ID,19066087077,tricep-pushdown-bar,Tricep Pushdown (Bar),8,63.5,,1,1746752484000,1754592895528,0
1093,,REPLACE_WITH_YOUR_USER_ID,19057489263,pec-deck,Pec Deck Machine,8,84.34.00,,2,1746682854000,1754592900517,0
1094,,REPLACE_WITH_YOUR_USER_ID,19066087077,tricep-pushdown-bar,Tricep Pushdown (Bar),6,63.5,,2,1746752736000,1754592895528,0
1095,,REPLACE_WITH_YOUR_USER_ID,19057489263,dumbbell-bench-press,Dumbbell Bench Press,8,50.28.00,,1,1746683322000,1754592900517,0
1096,,REPLACE_WITH_YOUR_USER_ID,19066087077,barbell-row,Barbell Row,10,66.15.00,,1,1746752927000,1754592895528,0
1097,,REPLACE_WITH_YOUR_USER_ID,19057489263,dumbbell-bench-press,Dumbbell Bench Press,8,50.28.00,,2,1746683669000,1754592900517,0
1098,,REPLACE_WITH_YOUR_USER_ID,19066087077,cable-row,Seated Cable Row,10,68.06.00,,1,1746753120000,1754592895528,0
1099,,REPLACE_WITH_YOUR_USER_ID,19057489263,barbell-ohp,Barbell Overhead Press,10,66.15.00,,1,1746683867000,1754592900517,0
1100,,REPLACE_WITH_YOUR_USER_ID,19066087077,cable-row,Seated Cable Row,10,68.06.00,,2,1746753410000,1754592895528,0
1101,,REPLACE_WITH_YOUR_USER_ID,19057489263,barbell-ohp,Barbell Overhead Press,8,66.15.00,,2,1746684182000,1754592900517,0
1102,,REPLACE_WITH_YOUR_USER_ID,19066087077,overhead-tricep-ext-db,Overhead Tricep Extension (Dumbbell),10,32.15.00,,1,1746753267000,1754592895528,0
1103,,REPLACE_WITH_YOUR_USER_ID,19057489263,lateral-raise,Lateral Raise,10,23.09,,1,1746684451000,1754592900517,0
1104,,REPLACE_WITH_YOUR_USER_ID,19066087077,overhead-tricep-ext-db,Overhead Tricep Extension (Dumbbell),12,34,,2,1746753588000,1754592895528,0
1105,,REPLACE_WITH_YOUR_USER_ID,19057489263,lateral-raise,Lateral Raise,8,23.09,,2,1746684723000,1754592900517,0
1106,,REPLACE_WITH_YOUR_USER_ID,19066087077,overhead-tricep-ext-db,Overhead Tricep Extension (Dumbbell),10,34,,3,1746753890000,1754592895528,0
1107,,REPLACE_WITH_YOUR_USER_ID,19057489263,lateral-raise,Lateral Raise,8,23.09,,3,1746685007000,1754592900517,0
1108,,REPLACE_WITH_YOUR_USER_ID,19066087077,bent-over-rear-delt-raise,Bent-Over Rear Delt Raise,10,54.44.00,,1,1746754167000,1754592895528,0
1109,,REPLACE_WITH_YOUR_USER_ID,19066087077,bent-over-rear-delt-raise,Bent-Over Rear Delt Raise,8,57.09.00,,2,1746754369000,1754592895528,0
1110,,REPLACE_WITH_YOUR_USER_ID,19066087077,bent-over-rear-delt-raise,Bent-Over Rear Delt Raise,10,52.19.00,,3,1746754762000,1754592895528,0
1111,,REPLACE_WITH_YOUR_USER_ID,19066087077,reverse-curl,Reverse Barbell Curl,15,32.15.00,,1,1746754233000,1754592895528,0
1112,,REPLACE_WITH_YOUR_USER_ID,19066087077,reverse-curl,Reverse Barbell Curl,15,32.15.00,,2,1746754564000,1754592895528,0
1113,,REPLACE_WITH_YOUR_USER_ID,19066087077,pullup,Pull-Up,6,<null>,,1,1746754486000,1754592895528,0
1114,,REPLACE_WITH_YOUR_USER_ID,19045624300,reverse-curl,Reverse Barbell Curl,18,23.09,,1,1746576458000,1754592908526,0
1115,,REPLACE_WITH_YOUR_USER_ID,19045624300,reverse-curl,Reverse Barbell Curl,12,32.15.00,,2,1746577817000,1754592908526,0
1116,,REPLACE_WITH_YOUR_USER_ID,19045624300,ez-bar-curl,EZ-Bar Curl,6,54.44.00,,1,1746576810000,1754592908526,0
1117,,REPLACE_WITH_YOUR_USER_ID,19045624300,ez-bar-curl,EZ-Bar Curl,6,54.44.00,,2,1746577240000,1754592908526,0
1118,,REPLACE_WITH_YOUR_USER_ID,19045624300,cable-curl,Cable Curl,6,59.34.00,,1,1746577435000,1754592908526,0
1119,,REPLACE_WITH_YOUR_USER_ID,19045624300,cable-curl,Cable Curl,8,54.44.00,,2,1746577618000,1754592908526,0
1120,,REPLACE_WITH_YOUR_USER_ID,19045624300,cable-hammer-curl,Cable Hammer Curl,12,45.38.00,,1,1746578350000,1754592908526,0
1121,,REPLACE_WITH_YOUR_USER_ID,19045624300,cable-hammer-curl,Cable Hammer Curl,10,50.28.00,,2,1746578603000,1754592908526,0
1122,,REPLACE_WITH_YOUR_USER_ID,19045624300,weighted-crunch,Weighted Crunch,12,48.03.00,,1,1746578804000,1754592908526,0
1123,,REPLACE_WITH_YOUR_USER_ID,19045624300,weighted-crunch,Weighted Crunch,10,50.28.00,,2,1746579299000,1754592908526,0
1124,,REPLACE_WITH_YOUR_USER_ID,19045624300,hip-adduction,Hip Adduction Machine,10,84.34.00,,1,1746579435000,1754592908526,0
1125,,REPLACE_WITH_YOUR_USER_ID,19045624300,hip-adduction,Hip Adduction Machine,12,84.34.00,,2,1746580209000,1754592908526,0
1126,,REPLACE_WITH_YOUR_USER_ID,19045624300,hip-abduction,Hip Abduction Machine,24,91.09.00,,1,1746579500000,1754592908526,0
1127,,REPLACE_WITH_YOUR_USER_ID,19045624300,hip-abduction,Hip Abduction Machine,24,93,,2,1746580134000,1754592908526,0
1128,,REPLACE_WITH_YOUR_USER_ID,19035446074,deadlift,Deadlift,8,102.06.00,,1,1746489132000,1754592913516,0
1129,,REPLACE_WITH_YOUR_USER_ID,19027519714,pullup,Pull-Up,6,<null>,,1,1746416934000,1754592918523,0
1130,,REPLACE_WITH_YOUR_USER_ID,19035446074,deadlift,Deadlift,8,102.06.00,,2,1746489453000,1754592913516,0
1131,,REPLACE_WITH_YOUR_USER_ID,19027519714,pullup,Pull-Up,6,<null>,,2,1746417116000,1754592918523,0
1132,,REPLACE_WITH_YOUR_USER_ID,19035446074,deadlift,Deadlift,6,102.06.00,,3,1746490093000,1754592913516,0
1133,,REPLACE_WITH_YOUR_USER_ID,19027519714,lat-pulldown-close,Close-Grip Lat Pulldown,8,68.06.00,,1,1746417453000,1754592918523,0
1134,,REPLACE_WITH_YOUR_USER_ID,19035446074,leg-extension,Leg Extension,10,111.13.00,,1,1746490611000,1754592913516,0
1135,,REPLACE_WITH_YOUR_USER_ID,19027519714,lat-pulldown-close,Close-Grip Lat Pulldown,8,68.06.00,,2,1746417727000,1754592918523,0
1136,,REPLACE_WITH_YOUR_USER_ID,19035446074,leg-extension,Leg Extension,10,111.13.00,,2,1746491018000,1754592913516,0
1137,,REPLACE_WITH_YOUR_USER_ID,19027519714,cable-row,Seated Cable Row,10,68.06.00,,1,1746417944000,1754592918523,0
1138,,REPLACE_WITH_YOUR_USER_ID,19035446074,leg-extension,Leg Extension,12,111.13.00,,3,1746491508000,1754592913516,0
1139,,REPLACE_WITH_YOUR_USER_ID,19027519714,cable-row,Seated Cable Row,10,68.06.00,,2,1746418154000,1754592918523,0
1140,,REPLACE_WITH_YOUR_USER_ID,19035446074,lateral-raise,Lateral Raise,8,23.09,,1,1746491635000,1754592913516,0
1141,,REPLACE_WITH_YOUR_USER_ID,19027519714,barbell-row,Barbell Row,8,68.04.00,,1,1746418420000,1754592918523,0
1142,,REPLACE_WITH_YOUR_USER_ID,19035446074,lateral-raise,Lateral Raise,10,23.09,,2,1746491910000,1754592913516,0
1143,,REPLACE_WITH_YOUR_USER_ID,19027519714,barbell-row,Barbell Row,10,68.06.00,,2,1746418784000,1754592918523,0
1144,,REPLACE_WITH_YOUR_USER_ID,19035446074,lateral-raise,Lateral Raise,10,23.09,,3,1746492229000,1754592913516,0
1145,,REPLACE_WITH_YOUR_USER_ID,19027519714,overhead-tricep-ext-db,Overhead Tricep Extension (Dumbbell),10,29.5,,1,1746419237000,1754592918523,0
1146,,REPLACE_WITH_YOUR_USER_ID,19035446074,standing-calf-raise-machine,Standing Calf Raise Machine,20,163.31.00,,1,1746492376000,1754592913516,0
1147,,REPLACE_WITH_YOUR_USER_ID,19027519714,overhead-tricep-ext-db,Overhead Tricep Extension (Dumbbell),12,29.5,,2,1746419601000,1754592918523,0
1148,,REPLACE_WITH_YOUR_USER_ID,19035446074,standing-calf-raise-machine,Standing Calf Raise Machine,20,163.31.00,,2,1746492803000,1754592913516,0
1149,,REPLACE_WITH_YOUR_USER_ID,19027519714,overhead-tricep-ext-db,Overhead Tricep Extension (Dumbbell),12,29.5,,3,1746419883000,1754592918523,0
1150,,REPLACE_WITH_YOUR_USER_ID,19035446074,standing-calf-raise-machine,Standing Calf Raise Machine,20,163.31.00,,3,1746493121000,1754592913516,0
1151,,REPLACE_WITH_YOUR_USER_ID,19027519714,tricep-pushdown-bar,Tricep Pushdown (Bar),8,61.25.00,,1,1746420389000,1754592918523,0
1152,,REPLACE_WITH_YOUR_USER_ID,19027519714,tricep-pushdown-bar,Tricep Pushdown (Bar),8,61.25.00,,2,1746420734000,1754592918523,0
1153,,REPLACE_WITH_YOUR_USER_ID,19027519714,close-grip-bench,Close-Grip Bench Press,8,93,,1,1746421092000,1754592918523,0
1154,,REPLACE_WITH_YOUR_USER_ID,19027519714,close-grip-bench,Close-Grip Bench Press,5,93,,2,1746421794000,1754592918523,0
1155,,REPLACE_WITH_YOUR_USER_ID,19027519714,bent-over-rear-delt-raise,Bent-Over Rear Delt Raise,10,52.19.00,,1,1746422004000,1754592918523,0
1156,,REPLACE_WITH_YOUR_USER_ID,19027519714,bent-over-rear-delt-raise,Bent-Over Rear Delt Raise,8,52.19.00,,2,1746422176000,1754592918523,0
1157,,REPLACE_WITH_YOUR_USER_ID,19027519714,bent-over-rear-delt-raise,Bent-Over Rear Delt Raise,8,52.19.00,,3,1746422284000,1754592918523,0
1158,,REPLACE_WITH_YOUR_USER_ID,19017578553,lateral-raise,Lateral Raise,10,23.09,,1,1746329798000,1754592923512,0
1159,,REPLACE_WITH_YOUR_USER_ID,19017578553,lateral-raise,Lateral Raise,11,19.06,,2,1746330188000,1754592923512,0
1160,,REPLACE_WITH_YOUR_USER_ID,19017578553,lateral-raise,Lateral Raise,15,19.06,,3,1746330416000,1754592923512,0
1161,,REPLACE_WITH_YOUR_USER_ID,19017578553,smith-incline-bench-press,Incline Smith Machine Bench Press,7,75.21.00,,1,1746331394000,1754592923512,0
1162,,REPLACE_WITH_YOUR_USER_ID,19017578553,smith-incline-bench-press,Incline Smith Machine Bench Press,6,75.21.00,,2,1746331809000,1754592923512,0
1163,,REPLACE_WITH_YOUR_USER_ID,19017578553,dumbbell-bench-press,Dumbbell Bench Press,6,54.44.00,,1,1746332528000,1754592923512,0
1164,,REPLACE_WITH_YOUR_USER_ID,19017578553,dumbbell-bench-press,Dumbbell Bench Press,6,54.44.00,,2,1746333313000,1754592923512,0
1165,,REPLACE_WITH_YOUR_USER_ID,19017578553,pec-deck,Pec Deck Machine,10,79.38.00,,1,1746333703000,1754592923512,0
1166,,REPLACE_WITH_YOUR_USER_ID,19017578553,pec-deck,Pec Deck Machine,10,82.03.00,,2,1746334379000,1754592923512,0
1167,,REPLACE_WITH_YOUR_USER_ID,19017578553,barbell-ohp,Barbell Overhead Press,10,66.15.00,,1,1746334763000,1754592923512,0
1168,,REPLACE_WITH_YOUR_USER_ID,19017578553,barbell-ohp,Barbell Overhead Press,8,66.15.00,,2,1746335281000,1754592923512,0
1169,,REPLACE_WITH_YOUR_USER_ID,19017578553,barbell-ohp,Barbell Overhead Press,12,66.15.00,,3,1746336267000,1754592923512,0
1170,,REPLACE_WITH_YOUR_USER_ID,19017578553,ez-bar-curl,EZ-Bar Curl,6,50.28.00,,1,1746336911000,1754592923512,0
1171,,REPLACE_WITH_YOUR_USER_ID,19017578553,ez-bar-curl,EZ-Bar Curl,6,50.28.00,,2,1746337485000,1754592923512,0
1172,,REPLACE_WITH_YOUR_USER_ID,19017578553,ez-bar-curl,EZ-Bar Curl,6,50.28.00,,3,1746337817000,1754592923512,0
1173,,REPLACE_WITH_YOUR_USER_ID,19017578553,cable-hammer-curl,Cable Hammer Curl,10,45.38.00,,1,1746337966000,1754592923512,0
1174,,REPLACE_WITH_YOUR_USER_ID,19017578553,cable-hammer-curl,Cable Hammer Curl,8,45.38.00,,2,1746338103000,1754592923512,0
1175,,REPLACE_WITH_YOUR_USER_ID,19017578553,cable-hammer-curl,Cable Hammer Curl,10,45.38.00,,3,1746338240000,1754592923512,0
1176,,REPLACE_WITH_YOUR_USER_ID,18996894027,bent-over-rear-delt-raise,Bent-Over Rear Delt Raise,15,50.28.00,,1,1746143974000,1754592932512,0
1177,,REPLACE_WITH_YOUR_USER_ID,18985916400,smith-incline-bench-press,Incline Smith Machine Bench Press,7,75.21.00,,1,1746061181000,1754592937519,0
1178,,REPLACE_WITH_YOUR_USER_ID,18996894027,bent-over-rear-delt-raise,Bent-Over Rear Delt Raise,12,50.28.00,,2,1746144397000,1754592932512,0
1179,,REPLACE_WITH_YOUR_USER_ID,18985916400,smith-incline-bench-press,Incline Smith Machine Bench Press,5,75.21.00,,2,1746061432000,1754592937519,0
1180,,REPLACE_WITH_YOUR_USER_ID,18996894027,bent-over-rear-delt-raise,Bent-Over Rear Delt Raise,12,50.28.00,,3,1746144614000,1754592932512,0
1181,,REPLACE_WITH_YOUR_USER_ID,18985916400,dumbbell-bench-press,Dumbbell Bench Press,10,50.28.00,,1,1746061766000,1754592937519,0
1182,,REPLACE_WITH_YOUR_USER_ID,18996894027,cable-lateral-raise,Cable Lateral Raise,10,23.09,,1,1746144760000,1754592932512,0
1183,,REPLACE_WITH_YOUR_USER_ID,18985916400,dumbbell-bench-press,Dumbbell Bench Press,9,50.28.00,,2,1746062095000,1754592937519,0
1184,,REPLACE_WITH_YOUR_USER_ID,18996894027,cable-lateral-raise,Cable Lateral Raise,12,23.09,,2,1746145035000,1754592932512,0
1185,,REPLACE_WITH_YOUR_USER_ID,18985916400,pec-deck,Pec Deck Machine,8,86.19.00,,1,1746062335000,1754592937519,0
1186,,REPLACE_WITH_YOUR_USER_ID,18996894027,cable-lateral-raise,Cable Lateral Raise,11,23.09,,3,1746145404000,1754592932512,0
1187,,REPLACE_WITH_YOUR_USER_ID,18985916400,pec-deck,Pec Deck Machine,6,84.34.00,,2,1746062555000,1754592937519,0
1188,,REPLACE_WITH_YOUR_USER_ID,18996894027,barbell-ohp,Barbell Overhead Press,12,61.25.00,,1,1746146140000,1754592932512,0
1189,,REPLACE_WITH_YOUR_USER_ID,18985916400,pec-deck,Pec Deck Machine,9,79.38.00,,3,1746062860000,1754592937519,0
1190,,REPLACE_WITH_YOUR_USER_ID,18996894027,barbell-ohp,Barbell Overhead Press,12,61.25.00,,2,1746146565000,1754592932512,0
1191,,REPLACE_WITH_YOUR_USER_ID,18985916400,ez-bar-curl,EZ-Bar Curl,8,50.28.00,,1,1746063031000,1754592937519,0
1192,,REPLACE_WITH_YOUR_USER_ID,18996894027,barbell-ohp,Barbell Overhead Press,12,61.25.00,,3,1746147045000,1754592932512,0
1193,,REPLACE_WITH_YOUR_USER_ID,18985916400,ez-bar-curl,EZ-Bar Curl,8,50.28.00,,2,1746063286000,1754592937519,0
1194,,REPLACE_WITH_YOUR_USER_ID,18996894027,overhead-tricep-ext-db,Overhead Tricep Extension (Dumbbell),12,29.5,,1,1746147282000,1754592932512,0
1195,,REPLACE_WITH_YOUR_USER_ID,18985916400,cable-curl,Cable Curl,8,50.28.00,,1,1746063630000,1754592937519,0
1196,,REPLACE_WITH_YOUR_USER_ID,18996894027,overhead-tricep-ext-db,Overhead Tricep Extension (Dumbbell),10,29.5,,2,1746147488000,1754592932512,0
1197,,REPLACE_WITH_YOUR_USER_ID,18985916400,cable-curl,Cable Curl,8,54.44.00,,2,1746063930000,1754592937519,0
1198,,REPLACE_WITH_YOUR_USER_ID,18996894027,overhead-tricep-ext-db,Overhead Tricep Extension (Dumbbell),12,29.5,,3,1746147757000,1754592932512,0
1199,,REPLACE_WITH_YOUR_USER_ID,18985916400,cable-hammer-curl,Cable Hammer Curl,11,45.38.00,,1,1746064316000,1754592937519,0
1200,,REPLACE_WITH_YOUR_USER_ID,18996894027,tricep-pushdown-bar,Tricep Pushdown (Bar),6,63.5,,1,1746148072000,1754592932512,0
1201,,REPLACE_WITH_YOUR_USER_ID,18985916400,cable-hammer-curl,Cable Hammer Curl,8,45.38.00,,2,1746064703000,1754592937519,0
1202,,REPLACE_WITH_YOUR_USER_ID,18996894027,tricep-pushdown-bar,Tricep Pushdown (Bar),6,61.25.00,,2,1746148315000,1754592932512,0
1203,,REPLACE_WITH_YOUR_USER_ID,18985916400,cable-hammer-curl,Cable Hammer Curl,10,45.38.00,,3,1746064944000,1754592937519,0
1204,,REPLACE_WITH_YOUR_USER_ID,18996894027,tricep-pushdown-bar,Tricep Pushdown (Bar),6,61.23.00,,3,1746148559000,1754592932512,0
1205,,REPLACE_WITH_YOUR_USER_ID,18985916400,reverse-curl,Reverse Barbell Curl,20,18.13,,1,1746064496000,1754592937519,0
1206,,REPLACE_WITH_YOUR_USER_ID,18996894027,lat-pulldown-close,Close-Grip Lat Pulldown,8,68.06.00,,1,1746148899000,1754592932512,0
1207,,REPLACE_WITH_YOUR_USER_ID,18985916400,reverse-curl,Reverse Barbell Curl,12,18.13,,2,1746065011000,1754592937519,0
1208,,REPLACE_WITH_YOUR_USER_ID,18996894027,lat-pulldown-close,Close-Grip Lat Pulldown,8,68.06.00,,2,1746149120000,1754592932512,0
1209,,REPLACE_WITH_YOUR_USER_ID,18985916400,wrist-curl-dumbbell,Dumbbell Wrist Curl,16,18.13,,1,1746066631000,1754592937519,0
1210,,REPLACE_WITH_YOUR_USER_ID,18996894027,lat-pulldown-close,Close-Grip Lat Pulldown,8,68.06.00,,3,1746149338000,1754592932512,0
1211,,REPLACE_WITH_YOUR_USER_ID,18985916400,wrist-curl-dumbbell,Dumbbell Wrist Curl,20,18.13,,2,1746067700000,1754592937519,0
1212,,REPLACE_WITH_YOUR_USER_ID,18996894027,cable-row,Seated Cable Row,10,68.06.00,,1,1746149553000,1754592932512,0
1213,,REPLACE_WITH_YOUR_USER_ID,18996894027,cable-row,Seated Cable Row,12,68.06.00,,2,1746149785000,1754592932512,0
1214,,REPLACE_WITH_YOUR_USER_ID,18996894027,cable-row,Seated Cable Row,10,77.13.00,,1,1746150146000,1754592932512,0
1215,,REPLACE_WITH_YOUR_USER_ID,18996894027,cable-row,Seated Cable Row,12,77.13.00,,2,1746150351000,1754592932512,0
1216,,REPLACE_WITH_YOUR_USER_ID,18976649322,deadlift,Deadlift,10,93,,1,1745984133000,1754592943515,0
1217,,REPLACE_WITH_YOUR_USER_ID,18976649322,deadlift,Deadlift,12,93,,2,1745984626000,1754592943515,0
1218,,REPLACE_WITH_YOUR_USER_ID,18976649322,lying-leg-curl,Lying Leg Curl,6,93,,1,1745984825000,1754592943515,0
1219,,REPLACE_WITH_YOUR_USER_ID,18976649322,lying-leg-curl,Lying Leg Curl,6,93,,2,1745985180000,1754592943515,0
1220,,REPLACE_WITH_YOUR_USER_ID,18976649322,lying-leg-curl,Lying Leg Curl,8,93,,3,1745985364000,1754592943515,0
1221,,REPLACE_WITH_YOUR_USER_ID,18976649322,leg-extension,Leg Extension,10,111.13.00,,1,1745985624000,1754592943515,0
1222,,REPLACE_WITH_YOUR_USER_ID,18976649322,leg-extension,Leg Extension,10,111.13.00,,2,1745986792000,1754592943515,0
1223,,REPLACE_WITH_YOUR_USER_ID,18976649322,leg-extension,Leg Extension,8,111.13.00,,3,1745987083000,1754592943515,0
1224,,REPLACE_WITH_YOUR_USER_ID,18976649322,hack-squat,Hack Squat Machine,10,93,,1,1745985839000,1754592943515,0
1225,,REPLACE_WITH_YOUR_USER_ID,18976649322,hack-squat,Hack Squat Machine,8,93,,2,1745986168000,1754592943515,0
1226,,REPLACE_WITH_YOUR_USER_ID,18976649322,weighted-crunch,Weighted Crunch,10,50.28.00,,1,1745987322000,1754592943515,0
1227,,REPLACE_WITH_YOUR_USER_ID,18976649322,weighted-crunch,Weighted Crunch,6,52.19.00,,2,1745987683000,1754592943515,0
1228,,REPLACE_WITH_YOUR_USER_ID,18976649322,weighted-crunch,Weighted Crunch,6,52.19.00,,3,1745987894000,1754592943515,0
1229,,REPLACE_WITH_YOUR_USER_ID,18976649322,standing-calf-raise-machine,Standing Calf Raise Machine,16,159.15.00,,1,1745988102000,1754592943515,0
1230,,REPLACE_WITH_YOUR_USER_ID,18976649322,standing-calf-raise-machine,Standing Calf Raise Machine,18,159.15.00,,2,1745988408000,1754592943515,0
1231,,REPLACE_WITH_YOUR_USER_ID,18976649322,standing-calf-raise-machine,Standing Calf Raise Machine,15,159.15.00,,3,1745988734000,1754592943515,0
1232,,REPLACE_WITH_YOUR_USER_ID,18976649322,hip-abduction,Hip Abduction Machine,20,93,,1,1745988826000,1754592943515,0
1233,,REPLACE_WITH_YOUR_USER_ID,18976649322,hip-abduction,Hip Abduction Machine,18,93,,2,1745989047000,1754592943515,0
1234,,REPLACE_WITH_YOUR_USER_ID,18976649322,hip-abduction,Hip Abduction Machine,20,93,,3,1745989398000,1754592943515,0
1235,,REPLACE_WITH_YOUR_USER_ID,18976649322,hip-adduction,Hip Adduction Machine,12,84.34.00,,1,1745988882000,1754592943515,0
1236,,REPLACE_WITH_YOUR_USER_ID,18976649322,hip-adduction,Hip Adduction Machine,10,84.34.00,,2,1745989126000,1754592943515,0
1237,,REPLACE_WITH_YOUR_USER_ID,18976649322,hip-adduction,Hip Adduction Machine,12,84.34.00,,3,1745989465000,1754592943515,0
1238,,REPLACE_WITH_YOUR_USER_ID,18964695231,lateral-raise,Lateral Raise,10,19.06,,1,1745884798000,1754592948517,0
1239,,REPLACE_WITH_YOUR_USER_ID,18955754727,smith-incline-bench-press,Incline Smith Machine Bench Press,8,75.21.00,,1,1745801600000,1754592953516,0
1240,,REPLACE_WITH_YOUR_USER_ID,18964695231,lateral-raise,Lateral Raise,10,19.06,,2,1745885022000,1754592948517,0
1241,,REPLACE_WITH_YOUR_USER_ID,18955754727,smith-incline-bench-press,Incline Smith Machine Bench Press,7,75.21.00,,2,1745802054000,1754592953516,0
1242,,REPLACE_WITH_YOUR_USER_ID,18964695231,lateral-raise,Lateral Raise,10,19.06,,3,1745885344000,1754592948517,0
1243,,REPLACE_WITH_YOUR_USER_ID,18955754727,dumbbell-bench-press,Dumbbell Bench Press,10,50.28.00,,1,1745802495000,1754592953516,0
1244,,REPLACE_WITH_YOUR_USER_ID,18964695231,barbell-ohp,Barbell Overhead Press,10,61.25.00,,1,1745885597000,1754592948517,0
1245,,REPLACE_WITH_YOUR_USER_ID,18955754727,dumbbell-bench-press,Dumbbell Bench Press,9,50.28.00,,2,1745803032000,1754592953516,0
1246,,REPLACE_WITH_YOUR_USER_ID,18964695231,barbell-ohp,Barbell Overhead Press,10,66.15.00,,2,1745886024000,1754592948517,0
1247,,REPLACE_WITH_YOUR_USER_ID,18955754727,pec-deck,Pec Deck Machine,6,88.44.00,,1,1745803412000,1754592953516,0
1248,,REPLACE_WITH_YOUR_USER_ID,18964695231,bent-over-rear-delt-raise,Bent-Over Rear Delt Raise,12,48.03.00,,1,1745886301000,1754592948517,0
1249,,REPLACE_WITH_YOUR_USER_ID,18955754727,pec-deck,Pec Deck Machine,7,86.19.00,,2,1745803865000,1754592953516,0
1250,,REPLACE_WITH_YOUR_USER_ID,18964695231,bent-over-rear-delt-raise,Bent-Over Rear Delt Raise,12,48.03.00,,2,1745886758000,1754592948517,0
1251,,REPLACE_WITH_YOUR_USER_ID,18955754727,pec-deck,Pec Deck Machine,6,86.19.00,,3,1745804175000,1754592953516,0
1252,,REPLACE_WITH_YOUR_USER_ID,18964695231,bent-over-rear-delt-raise,Bent-Over Rear Delt Raise,15,48.03.00,,3,1745887095000,1754592948517,0
1253,,REPLACE_WITH_YOUR_USER_ID,18955754727,ez-bar-curl,EZ-Bar Curl,6,52.19.00,,1,1745804721000,1754592953516,0
1254,,REPLACE_WITH_YOUR_USER_ID,18964695231,lat-pulldown-close,Close-Grip Lat Pulldown,8,68.06.00,,1,1745887392000,1754592948517,0
1255,,REPLACE_WITH_YOUR_USER_ID,18955754727,ez-bar-curl,EZ-Bar Curl,8,50.28.00,,2,1745805402000,1754592953516,0
1256,,REPLACE_WITH_YOUR_USER_ID,18964695231,lat-pulldown-close,Close-Grip Lat Pulldown,10,68.06.00,,2,1745888246000,1754592948517,0
1257,,REPLACE_WITH_YOUR_USER_ID,18955754727,cable-curl,Cable Curl,8,50.28.00,,1,1745805879000,1754592953516,0
1258,,REPLACE_WITH_YOUR_USER_ID,18964695231,pullup,Pull-Up,6,<null>,,1,1745887686000,1754592948517,0
1259,,REPLACE_WITH_YOUR_USER_ID,18955754727,cable-curl,Cable Curl,8,54.44.00,,2,1745806137000,1754592953516,0
1260,,REPLACE_WITH_YOUR_USER_ID,18964695231,lat-pulldown,Lat Pulldown,10,59.34.00,,1,1745888606000,1754592948517,0
1261,,REPLACE_WITH_YOUR_USER_ID,18955754727,cable-hammer-curl,Cable Hammer Curl,10,45.38.00,,1,1745806381000,1754592953516,0
1262,,REPLACE_WITH_YOUR_USER_ID,18964695231,lat-pulldown,Lat Pulldown,12,59.34.00,,2,1745889066000,1754592948517,0
1263,,REPLACE_WITH_YOUR_USER_ID,18955754727,cable-hammer-curl,Cable Hammer Curl,12,45.38.00,,2,1745806629000,1754592953516,0
1264,,REPLACE_WITH_YOUR_USER_ID,18964695231,cable-row,Seated Cable Row,10,68.06.00,,1,1745889432000,1754592948517,0
1265,,REPLACE_WITH_YOUR_USER_ID,18955754727,cable-hammer-curl,Cable Hammer Curl,10,45.38.00,,3,1745806893000,1754592953516,0
1266,,REPLACE_WITH_YOUR_USER_ID,18964695231,cable-row,Seated Cable Row,10,68.06.00,,2,1745889739000,1754592948517,0
1267,,REPLACE_WITH_YOUR_USER_ID,18955754727,weighted-crunch,Weighted Crunch,8,45.38.00,,1,1745807190000,1754592953516,0
1268,,REPLACE_WITH_YOUR_USER_ID,18964695231,cable-row,Seated Cable Row,8,72.56.00,,3,1745890063000,1754592948517,0
1269,,REPLACE_WITH_YOUR_USER_ID,18955754727,weighted-crunch,Weighted Crunch,10,45.38.00,,2,1745807441000,1754592953516,0
1270,,REPLACE_WITH_YOUR_USER_ID,18964695231,tricep-pushdown-bar,Tricep Pushdown (Bar),10,63.5,,1,1745890280000,1754592948517,0
1271,,REPLACE_WITH_YOUR_USER_ID,18955754727,reverse-curl,Reverse Barbell Curl,12,18.13,,1,1745807643000,1754592953516,0
1272,,REPLACE_WITH_YOUR_USER_ID,18964695231,tricep-pushdown-bar,Tricep Pushdown (Bar),8,63.5,,2,1745890605000,1754592948517,0
1273,,REPLACE_WITH_YOUR_USER_ID,18955754727,reverse-curl,Reverse Barbell Curl,20,18.13,,2,1745808444000,1754592953516,0
1274,,REPLACE_WITH_YOUR_USER_ID,18964695231,tricep-pushdown-bar,Tricep Pushdown (Bar),8,63.5,,3,1745890875000,1754592948517,0
1275,,REPLACE_WITH_YOUR_USER_ID,18964695231,ez-bar-skull-crusher,EZ-Bar Skull Crusher,12,27.19.00,,1,1745891085000,1754592948517,0
1276,,REPLACE_WITH_YOUR_USER_ID,18964695231,ez-bar-skull-crusher,EZ-Bar Skull Crusher,14,29.5,,2,1745891413000,1754592948517,0
1277,,REPLACE_WITH_YOUR_USER_ID,18964695231,ez-bar-skull-crusher,EZ-Bar Skull Crusher,10,29.5,,3,1745891925000,1754592948517,0
1278,,REPLACE_WITH_YOUR_USER_ID,18944995718,leg-extension,Leg Extension,12,107.03.00,,1,1745717087000,1754592958524,0
1279,,REPLACE_WITH_YOUR_USER_ID,18944995718,leg-extension,Leg Extension,10,111.13.00,,2,1745717386000,1754592958524,0
1280,,REPLACE_WITH_YOUR_USER_ID,18944995718,leg-extension,Leg Extension,10,111.13.00,,3,1745717673000,1754592958524,0
1281,,REPLACE_WITH_YOUR_USER_ID,18944995718,hip-abduction,Hip Abduction Machine,16,91.12.00,,1,1745717896000,1754592958524,0
1282,,REPLACE_WITH_YOUR_USER_ID,18944995718,hip-abduction,Hip Abduction Machine,18,93.39.00,,2,1745718361000,1754592958524,0
1283,,REPLACE_WITH_YOUR_USER_ID,18944995718,hip-abduction,Hip Abduction Machine,20,93,,3,1745718574000,1754592958524,0
1284,,REPLACE_WITH_YOUR_USER_ID,18944995718,lying-leg-curl,Lying Leg Curl,9,93,,1,1745718711000,1754592958524,0
1285,,REPLACE_WITH_YOUR_USER_ID,18944995718,lying-leg-curl,Lying Leg Curl,9,93,,2,1745718935000,1754592958524,0
1286,,REPLACE_WITH_YOUR_USER_ID,18944995718,lying-leg-curl,Lying Leg Curl,10,93,,3,1745719235000,1754592958524,0
1287,,REPLACE_WITH_YOUR_USER_ID,18944995718,deadlift,Deadlift,10,84.34.00,,1,1745720030000,1754592958524,0
1288,,REPLACE_WITH_YOUR_USER_ID,18944995718,deadlift,Deadlift,10,93,,2,1745720588000,1754592958524,0
1289,,REPLACE_WITH_YOUR_USER_ID,18944995718,deadlift,Deadlift,10,93,,3,1745721185000,1754592958524,0
1290,,REPLACE_WITH_YOUR_USER_ID,18944995718,lateral-raise,Lateral Raise,10,20.44,,1,1745721510000,1754592958524,0
1291,,REPLACE_WITH_YOUR_USER_ID,18944995718,lateral-raise,Lateral Raise,6,23.09,,2,1745721784000,1754592958524,0
1292,,REPLACE_WITH_YOUR_USER_ID,18944995718,lateral-raise,Lateral Raise,8,23.09,,3,1745722067000,1754592958524,0
1293,,REPLACE_WITH_YOUR_USER_ID,18944995718,bent-over-rear-delt-raise,Bent-Over Rear Delt Raise,12,48.03.00,,1,1745722329000,1754592958524,0
1294,,REPLACE_WITH_YOUR_USER_ID,18944995718,bent-over-rear-delt-raise,Bent-Over Rear Delt Raise,12,48.03.00,,2,1745722717000,1754592958524,0
1295,,REPLACE_WITH_YOUR_USER_ID,18944995718,bent-over-rear-delt-raise,Bent-Over Rear Delt Raise,9,48.03.00,,3,1745722923000,1754592958524,0
1296,,REPLACE_WITH_YOUR_USER_ID,18944995718,standing-calf-raise-machine,Standing Calf Raise Machine,20,159.15.00,,1,1745723134000,1754592958524,0
1297,,REPLACE_WITH_YOUR_USER_ID,18944995718,standing-calf-raise-machine,Standing Calf Raise Machine,15,159.15.00,,2,1745723797000,1754592958524,0
1298,,REPLACE_WITH_YOUR_USER_ID,18944995718,standing-calf-raise-machine,Standing Calf Raise Machine,10,159.15.00,,3,1745724094000,1754592958524,0
1299,,REPLACE_WITH_YOUR_USER_ID,18944995718,hip-adduction,Hip Adduction Machine,10,84.31.00,,1,1745724508000,1754592958524,0
1300,,REPLACE_WITH_YOUR_USER_ID,18944995718,hip-adduction,Hip Adduction Machine,10,84.34.00,,2,1745724725000,1754592958524,0
1301,,REPLACE_WITH_YOUR_USER_ID,18944995718,hip-adduction,Hip Adduction Machine,10,84.34.00,,3,1745724956000,1754592958524,0
1302,,REPLACE_WITH_YOUR_USER_ID,18925837364,pullup,Pull-Up,6,<null>,,1,1745538938000,1754592965525,0
1303,,REPLACE_WITH_YOUR_USER_ID,18917374392,ez-bar-curl,EZ-Bar Curl,8,52.19.00,,1,1745466797000,1754592970523,0
1304,,REPLACE_WITH_YOUR_USER_ID,18925837364,pullup,Pull-Up,6,<null>,,2,1745539234000,1754592965525,0
1305,,REPLACE_WITH_YOUR_USER_ID,18917374392,ez-bar-curl,EZ-Bar Curl,6,52.19.00,,2,1745467255000,1754592970523,0
1306,,REPLACE_WITH_YOUR_USER_ID,18925837364,lat-pulldown,Lat Pulldown,10,72.56.00,,1,1745539572000,1754592965525,0
1307,,REPLACE_WITH_YOUR_USER_ID,18917374392,reverse-curl,Reverse Barbell Curl,8,18.13,,1,1745467422000,1754592970523,0
1308,,REPLACE_WITH_YOUR_USER_ID,18925837364,lat-pulldown,Lat Pulldown,12,72.56.00,,2,1745539849000,1754592965525,0
1309,,REPLACE_WITH_YOUR_USER_ID,18917374392,reverse-curl,Reverse Barbell Curl,12,18.13,,2,1745467569000,1754592970523,0
1310,,REPLACE_WITH_YOUR_USER_ID,18925837364,lat-pulldown-close,Close-Grip Lat Pulldown,6,68.06.00,,1,1745540073000,1754592965525,0
1311,,REPLACE_WITH_YOUR_USER_ID,18917374392,cable-curl,Cable Curl,6,54.44.00,,1,1745467893000,1754592970523,0
1312,,REPLACE_WITH_YOUR_USER_ID,18925837364,lat-pulldown-close,Close-Grip Lat Pulldown,10,54.44.00,,2,1745540378000,1754592965525,0
1313,,REPLACE_WITH_YOUR_USER_ID,18917374392,cable-curl,Cable Curl,10,54.44.00,,2,1745468150000,1754592970523,0
1314,,REPLACE_WITH_YOUR_USER_ID,18925837364,cable-row,Seated Cable Row,12,63.5,,1,1745541068000,1754592965525,0
1315,,REPLACE_WITH_YOUR_USER_ID,18917374392,cable-hammer-curl,Cable Hammer Curl,10,45.38.00,,1,1745468602000,1754592970523,0
1316,,REPLACE_WITH_YOUR_USER_ID,18925837364,cable-row,Seated Cable Row,10,68.06.00,,2,1745541467000,1754592965525,0
1317,,REPLACE_WITH_YOUR_USER_ID,18917374392,cable-hammer-curl,Cable Hammer Curl,10,45.38.00,,2,1745468796000,1754592970523,0
1318,,REPLACE_WITH_YOUR_USER_ID,18925837364,cable-row,Seated Cable Row,8,82.03.00,,1,1745541829000,1754592965525,0
1319,,REPLACE_WITH_YOUR_USER_ID,18917374392,cable-hammer-curl,Cable Hammer Curl,12,45.38.00,,3,1745469061000,1754592970523,0
1320,,REPLACE_WITH_YOUR_USER_ID,18925837364,cable-row,Seated Cable Row,12,82.03.00,,2,1745542335000,1754592965525,0
1321,,REPLACE_WITH_YOUR_USER_ID,18917374392,hip-adduction,Hip Adduction Machine,12,79.38.00,,1,1745469374000,1754592970523,0
1322,,REPLACE_WITH_YOUR_USER_ID,18925837364,bent-over-rear-delt-raise,Bent-Over Rear Delt Raise,10,48.03.00,,1,1745542664000,1754592965525,0
1323,,REPLACE_WITH_YOUR_USER_ID,18917374392,hip-adduction,Hip Adduction Machine,15,79.38.00,,2,1745469866000,1754592970523,0
1324,,REPLACE_WITH_YOUR_USER_ID,18925837364,bent-over-rear-delt-raise,Bent-Over Rear Delt Raise,10,45.38.00,,2,1745542917000,1754592965525,0
1325,,REPLACE_WITH_YOUR_USER_ID,18917374392,hip-adduction,Hip Adduction Machine,12,79.38.00,,3,1745470205000,1754592970523,0
1326,,REPLACE_WITH_YOUR_USER_ID,18925837364,bent-over-rear-delt-raise,Bent-Over Rear Delt Raise,10,45.38.00,,3,1745543200000,1754592965525,0
1327,,REPLACE_WITH_YOUR_USER_ID,18917374392,standing-calf-raise-machine,Standing Calf Raise Machine,15,159.15.00,,1,1745470310000,1754592970523,0
1328,,REPLACE_WITH_YOUR_USER_ID,18925837364,cable-lateral-raise,Cable Lateral Raise,12,20.44,,1,1745543521000,1754592965525,0
1329,,REPLACE_WITH_YOUR_USER_ID,18917374392,standing-calf-raise-machine,Standing Calf Raise Machine,18,159.15.00,,2,1745470761000,1754592970523,0
1330,,REPLACE_WITH_YOUR_USER_ID,18925837364,cable-lateral-raise,Cable Lateral Raise,10,20.44,,2,1745543878000,1754592965525,0
1331,,REPLACE_WITH_YOUR_USER_ID,18917374392,standing-calf-raise-machine,Standing Calf Raise Machine,16,159.15.00,,3,1745470972000,1754592970523,0
1332,,REPLACE_WITH_YOUR_USER_ID,18925837364,cable-lateral-raise,Cable Lateral Raise,12,20.44,,3,1745544286000,1754592965525,0
1333,,REPLACE_WITH_YOUR_USER_ID,18917374392,weighted-crunch,Weighted Crunch,12,45.38.00,,1,1745471088000,1754592970523,0
1334,,REPLACE_WITH_YOUR_USER_ID,18925837364,ez-bar-skull-crusher,EZ-Bar Skull Crusher,8,29.5,,1,1745545101000,1754592965525,0
1335,,REPLACE_WITH_YOUR_USER_ID,18917374392,weighted-crunch,Weighted Crunch,8,50.28.00,,2,1745471663000,1754592970523,0
1336,,REPLACE_WITH_YOUR_USER_ID,18925837364,ez-bar-skull-crusher,EZ-Bar Skull Crusher,15,27.19.00,,2,1745545524000,1754592965525,0
1337,,REPLACE_WITH_YOUR_USER_ID,18917374392,weighted-crunch,Weighted Crunch,10,50.28.00,,3,1745472027000,1754592970523,0
1338,,REPLACE_WITH_YOUR_USER_ID,18925837364,ez-bar-skull-crusher,EZ-Bar Skull Crusher,12,29.5,,3,1745545870000,1754592965525,0
1339,,REPLACE_WITH_YOUR_USER_ID,18925837364,tricep-pushdown-bar,Tricep Pushdown (Bar),8,63.5,,1,1745546318000,1754592965525,0
1340,,REPLACE_WITH_YOUR_USER_ID,18925837364,tricep-pushdown-bar,Tricep Pushdown (Bar),7,63.5,,2,1745546945000,1754592965525,0
1341,,REPLACE_WITH_YOUR_USER_ID,18925837364,tricep-pushdown-bar,Tricep Pushdown (Bar),6,59.34.00,,3,1745547203000,1754592965525,0
1342,,REPLACE_WITH_YOUR_USER_ID,18915642959,smith-incline-bench-press,Incline Smith Machine Bench Press,7,75.21.00,,1,1745453288000,1754592976517,0
1343,,REPLACE_WITH_YOUR_USER_ID,18906147538,dumbbell-deadlift,Dumbbell Deadlift,10,68.06.00,,1,1745367170000,1754592981514,0
1344,,REPLACE_WITH_YOUR_USER_ID,18915642959,smith-incline-bench-press,Incline Smith Machine Bench Press,5,75.21.00,,2,1745453701000,1754592976517,0
1345,,REPLACE_WITH_YOUR_USER_ID,18906147538,dumbbell-deadlift,Dumbbell Deadlift,12,68.06.00,,2,1745367687000,1754592981514,0
1346,,REPLACE_WITH_YOUR_USER_ID,18915642959,pec-deck,Pec Deck Machine,8,86.19.00,,1,1745453998000,1754592976517,0
1347,,REPLACE_WITH_YOUR_USER_ID,18906147538,dumbbell-deadlift,Dumbbell Deadlift,10,68.06.00,,3,1745370278000,1754592981514,0
1348,,REPLACE_WITH_YOUR_USER_ID,18915642959,pec-deck,Pec Deck Machine,7,86.19.00,,2,1745454191000,1754592976517,0
1349,,REPLACE_WITH_YOUR_USER_ID,18906147538,lying-leg-curl,Lying Leg Curl,8,88.44.00,,1,1745368037000,1754592981514,0
1350,,REPLACE_WITH_YOUR_USER_ID,18915642959,pec-deck,Pec Deck Machine,6,86.19.00,,3,1745454518000,1754592976517,0
1351,,REPLACE_WITH_YOUR_USER_ID,18906147538,lying-leg-curl,Lying Leg Curl,12,88.44.00,,2,1745368428000,1754592981514,0
1352,,REPLACE_WITH_YOUR_USER_ID,18906147538,lying-leg-curl,Lying Leg Curl,12,88.44.00,,3,1745369115000,1754592981514,0
1353,,REPLACE_WITH_YOUR_USER_ID,18906147538,hack-squat,Hack Squat Machine,10,97.5,,1,1745369341000,1754592981514,0
1354,,REPLACE_WITH_YOUR_USER_ID,18906147538,hack-squat,Hack Squat Machine,8,97.5,,2,1745369663000,1754592981514,0
1355,,REPLACE_WITH_YOUR_USER_ID,18906147538,leg-extension,Leg Extension,10,107.03.00,,1,1745370719000,1754592981514,0
1356,,REPLACE_WITH_YOUR_USER_ID,18906147538,leg-extension,Leg Extension,10,107.03.00,,2,1745370960000,1754592981514,0
1357,,REPLACE_WITH_YOUR_USER_ID,18906147538,leg-extension,Leg Extension,12,102.06.00,,3,1745371274000,1754592981514,0
1358,,REPLACE_WITH_YOUR_USER_ID,18906147538,hip-abduction,Hip Abduction Machine,18,93,,1,1745371832000,1754592981514,0
1359,,REPLACE_WITH_YOUR_USER_ID,18906147538,hip-abduction,Hip Abduction Machine,18,93,,2,1745372141000,1754592981514,0
1360,,REPLACE_WITH_YOUR_USER_ID,18906147538,hip-abduction,Hip Abduction Machine,24,93.39.00,,3,1745372344000,1754592981514,0
1361,,REPLACE_WITH_YOUR_USER_ID,18906147538,cable-lateral-raise,Cable Lateral Raise,12,18.13,,1,1745372740000,1754592981514,0
1362,,REPLACE_WITH_YOUR_USER_ID,18906147538,cable-lateral-raise,Cable Lateral Raise,12,18.13,,2,1745373263000,1754592981514,0
1363,,REPLACE_WITH_YOUR_USER_ID,18906147538,cable-lateral-raise,Cable Lateral Raise,15,18.13,,3,1745373700000,1754592981514,0
1364,,REPLACE_WITH_YOUR_USER_ID,18896252724,lat-pulldown-close,Close-Grip Lat Pulldown,7,72.56.00,,1,1745283618000,1754592986521,0
1365,,REPLACE_WITH_YOUR_USER_ID,18896252724,lat-pulldown-close,Close-Grip Lat Pulldown,8,68.04.00,,2,1745284271000,1754592986521,0
1366,,REPLACE_WITH_YOUR_USER_ID,18896252724,lat-pulldown-close,Close-Grip Lat Pulldown,6,68.06.00,,3,1745284665000,1754592986521,0
1367,,REPLACE_WITH_YOUR_USER_ID,18896252724,pullup,Pull-Up,6,<null>,,1,1745283871000,1754592986521,0
1368,,REPLACE_WITH_YOUR_USER_ID,18896252724,pullup,Pull-Up,6,<null>,,2,1745284062000,1754592986521,0
1369,,REPLACE_WITH_YOUR_USER_ID,18896252724,cable-row,Seated Cable Row,10,72.56.00,,1,1745285014000,1754592986521,0
1370,,REPLACE_WITH_YOUR_USER_ID,18896252724,cable-row,Seated Cable Row,12,72.56.00,,2,1745285302000,1754592986521,0
1371,,REPLACE_WITH_YOUR_USER_ID,18896252724,cable-row,Seated Cable Row,10,63.5,,1,1745285673000,1754592986521,0
1372,,REPLACE_WITH_YOUR_USER_ID,18896252724,cable-row,Seated Cable Row,10,63.5,,2,1745286002000,1754592986521,0
1373,,REPLACE_WITH_YOUR_USER_ID,18896252724,bent-over-rear-delt-raise,Bent-Over Rear Delt Raise,8,50.28.00,,1,1745286592000,1754592986521,0
1374,,REPLACE_WITH_YOUR_USER_ID,18896252724,bent-over-rear-delt-raise,Bent-Over Rear Delt Raise,8,50.28.00,,2,1745286857000,1754592986521,0
1375,,REPLACE_WITH_YOUR_USER_ID,18896252724,bent-over-rear-delt-raise,Bent-Over Rear Delt Raise,10,45.38.00,,3,1745287171000,1754592986521,0
1376,,REPLACE_WITH_YOUR_USER_ID,18896252724,ez-bar-skull-crusher,EZ-Bar Skull Crusher,8,29.5,,1,1745287601000,1754592986521,0
1377,,REPLACE_WITH_YOUR_USER_ID,18896252724,ez-bar-skull-crusher,EZ-Bar Skull Crusher,8,29.5,,2,1745287871000,1754592986521,0
1378,,REPLACE_WITH_YOUR_USER_ID,18896252724,ez-bar-skull-crusher,EZ-Bar Skull Crusher,8,29.5,,3,1745288174000,1754592986521,0
1379,,REPLACE_WITH_YOUR_USER_ID,18896252724,tricep-pushdown-bar,Tricep Pushdown (Bar),8,59.34.00,,1,1745288501000,1754592986521,0
1380,,REPLACE_WITH_YOUR_USER_ID,18896252724,tricep-pushdown-bar,Tricep Pushdown (Bar),8,59.34.00,,2,1745288794000,1754592986521,0
1381,,REPLACE_WITH_YOUR_USER_ID,18896252724,tricep-pushdown-bar,Tricep Pushdown (Bar),10,59.34.00,,3,1745289210000,1754592986521,0
1382,,REPLACE_WITH_YOUR_USER_ID,18886753633,cable-lateral-raise,Cable Lateral Raise,10,23.09,,1,1745198564000,1754592991513,0
1383,,REPLACE_WITH_YOUR_USER_ID,18877518945,lying-leg-curl,Lying Leg Curl,6,88.44.00,,1,1745115225000,1754592998523,0
1384,,REPLACE_WITH_YOUR_USER_ID,18886753633,cable-lateral-raise,Cable Lateral Raise,10,23.09,,2,1745198776000,1754592991513,0
1385,,REPLACE_WITH_YOUR_USER_ID,18877518945,lying-leg-curl,Lying Leg Curl,8,88.44.00,,2,1745115594000,1754592998523,0
1386,,REPLACE_WITH_YOUR_USER_ID,18886753633,cable-lateral-raise,Cable Lateral Raise,10,23.09,,3,1745199187000,1754592991513,0
1387,,REPLACE_WITH_YOUR_USER_ID,18877518945,lying-leg-curl,Lying Leg Curl,6,88.44.00,,3,1745115858000,1754592998523,0
1388,,REPLACE_WITH_YOUR_USER_ID,18886753633,smith-incline-bench-press,Incline Smith Machine Bench Press,6,75.21.00,,1,1745199789000,1754592991513,0
1389,,REPLACE_WITH_YOUR_USER_ID,18877518945,hack-squat,Hack Squat Machine,8,97.5,,1,1745116360000,1754592998523,0
1390,,REPLACE_WITH_YOUR_USER_ID,18886753633,smith-incline-bench-press,Incline Smith Machine Bench Press,5,75.21.00,,2,1745200239000,1754592991513,0
1391,,REPLACE_WITH_YOUR_USER_ID,18877518945,hack-squat,Hack Squat Machine,8,97.5,,2,1745116783000,1754592998523,0
1392,,REPLACE_WITH_YOUR_USER_ID,18886753633,dumbbell-bench-press,Dumbbell Bench Press,8,50.28.00,,1,1745200581000,1754592991513,0
1393,,REPLACE_WITH_YOUR_USER_ID,18877518945,hack-squat,Hack Squat Machine,8,102.06.00,,3,1745117218000,1754592998523,0
1394,,REPLACE_WITH_YOUR_USER_ID,18886753633,dumbbell-bench-press,Dumbbell Bench Press,5,54.44.00,,2,1745201079000,1754592991513,0
1395,,REPLACE_WITH_YOUR_USER_ID,18877518945,leg-extension,Leg Extension,10,107.03.00,,1,1745117763000,1754592998523,0
1396,,REPLACE_WITH_YOUR_USER_ID,18886753633,dumbbell-bench-press,Dumbbell Bench Press,8,54.44.00,,3,1745201512000,1754592991513,0
1397,,REPLACE_WITH_YOUR_USER_ID,18877518945,leg-extension,Leg Extension,10,107.03.00,,2,1745118315000,1754592998523,0
1398,,REPLACE_WITH_YOUR_USER_ID,18886753633,pec-deck,Pec Deck Machine,8,84.34.00,,1,1745201837000,1754592991513,0
1399,,REPLACE_WITH_YOUR_USER_ID,18877518945,leg-extension,Leg Extension,10,107.03.00,,3,1745118523000,1754592998523,0
1400,,REPLACE_WITH_YOUR_USER_ID,18886753633,pec-deck,Pec Deck Machine,6,84.34.00,,2,1745202084000,1754592991513,0
1401,,REPLACE_WITH_YOUR_USER_ID,18877518945,hip-adduction,Hip Adduction Machine,10,97.52.00,,1,1745118809000,1754592998523,0
1402,,REPLACE_WITH_YOUR_USER_ID,18886753633,pec-deck,Pec Deck Machine,8,84.34.00,,3,1745202388000,1754592991513,0
1403,,REPLACE_WITH_YOUR_USER_ID,18877518945,hip-adduction,Hip Adduction Machine,18,93.39.00,,2,1745119221000,1754592998523,0
1404,,REPLACE_WITH_YOUR_USER_ID,18886753633,ez-bar-curl,EZ-Bar Curl,6,54.44.00,,1,1745203064000,1754592991513,0
1405,,REPLACE_WITH_YOUR_USER_ID,18877518945,hip-adduction,Hip Adduction Machine,20,93,,3,1745119637000,1754592998523,0
1406,,REPLACE_WITH_YOUR_USER_ID,18886753633,ez-bar-curl,EZ-Bar Curl,6,54.44.00,,2,1745203463000,1754592991513,0
1407,,REPLACE_WITH_YOUR_USER_ID,18877518945,hip-abduction,Hip Abduction Machine,15,97.52.00,,1,1745119896000,1754592998523,0
1408,,REPLACE_WITH_YOUR_USER_ID,18886753633,ez-bar-curl,EZ-Bar Curl,7,50.28.00,,3,1745203728000,1754592991513,0
1409,,REPLACE_WITH_YOUR_USER_ID,18877518945,hip-abduction,Hip Abduction Machine,10,97.5,,2,1745120178000,1754592998523,0
1410,,REPLACE_WITH_YOUR_USER_ID,18886753633,cable-curl,Cable Curl,10,45.38.00,,1,1745204009000,1754592991513,0
1411,,REPLACE_WITH_YOUR_USER_ID,18877518945,hip-abduction,Hip Abduction Machine,10,97.5,,3,1745120360000,1754592998523,0
1412,,REPLACE_WITH_YOUR_USER_ID,18886753633,cable-curl,Cable Curl,8,50.28.00,,2,1745204209000,1754592991513,0
1413,,REPLACE_WITH_YOUR_USER_ID,18877518945,standing-calf-raise-machine,Standing Calf Raise Machine,15,159.15.00,,1,1745120483000,1754592998523,0
1414,,REPLACE_WITH_YOUR_USER_ID,18886753633,cable-hammer-curl,Cable Hammer Curl,10,45.38.00,,1,1745204586000,1754592991513,0
1415,,REPLACE_WITH_YOUR_USER_ID,18877518945,standing-calf-raise-machine,Standing Calf Raise Machine,16,159.15.00,,2,1745120696000,1754592998523,0
1416,,REPLACE_WITH_YOUR_USER_ID,18886753633,cable-hammer-curl,Cable Hammer Curl,10,45.38.00,,2,1745204836000,1754592991513,0
1417,,REPLACE_WITH_YOUR_USER_ID,18877518945,standing-calf-raise-machine,Standing Calf Raise Machine,18,159.15.00,,3,1745121425000,1754592998523,0
1418,,REPLACE_WITH_YOUR_USER_ID,18886753633,cable-hammer-curl,Cable Hammer Curl,10,45.38.00,,3,1745205044000,1754592991513,0
1419,,REPLACE_WITH_YOUR_USER_ID,18886753633,bent-over-rear-delt-raise,Bent-Over Rear Delt Raise,10,52.19.00,,1,1745205232000,1754592991513,0
1420,,REPLACE_WITH_YOUR_USER_ID,18886753633,bent-over-rear-delt-raise,Bent-Over Rear Delt Raise,12,50.28.00,,2,1745205486000,1754592991513,0
1421,,REPLACE_WITH_YOUR_USER_ID,18886753633,bent-over-rear-delt-raise,Bent-Over Rear Delt Raise,12,50.28.00,,3,1745205797000,1754592991513,0
1422,,REPLACE_WITH_YOUR_USER_ID,18886753633,weighted-crunch,Weighted Crunch,10,45.38.00,,1,1745206282000,1754592991513,0
1423,,REPLACE_WITH_YOUR_USER_ID,18886753633,weighted-crunch,Weighted Crunch,10,45.38.00,,2,1745206633000,1754592991513,0
1424,,REPLACE_WITH_YOUR_USER_ID,18886753633,weighted-crunch,Weighted Crunch,10,45.38.00,,3,1745206996000,1754592991513,0
1425,,REPLACE_WITH_YOUR_USER_ID,18868173715,lat-pulldown-close,Close-Grip Lat Pulldown,8,70.31.00,,1,1745031817000,1754593003524,0
1426,,REPLACE_WITH_YOUR_USER_ID,18868173715,lat-pulldown-close,Close-Grip Lat Pulldown,7,70.31.00,,2,1745032037000,1754593003524,0
1427,,REPLACE_WITH_YOUR_USER_ID,18868173715,lat-pulldown,Lat Pulldown,10,77.11.00,,1,1745032339000,1754593003524,0
1428,,REPLACE_WITH_YOUR_USER_ID,18868173715,lat-pulldown,Lat Pulldown,10,77.13.00,,2,1745032705000,1754593003524,0
1429,,REPLACE_WITH_YOUR_USER_ID,18868173715,ez-bar-skull-crusher,EZ-Bar Skull Crusher,8,29.5,,1,1745033021000,1754593003524,0
1430,,REPLACE_WITH_YOUR_USER_ID,18868173715,ez-bar-skull-crusher,EZ-Bar Skull Crusher,9,29.5,,2,1745033374000,1754593003524,0
1431,,REPLACE_WITH_YOUR_USER_ID,18868173715,ez-bar-skull-crusher,EZ-Bar Skull Crusher,8,29.5,,3,1745033839000,1754593003524,0
1432,,REPLACE_WITH_YOUR_USER_ID,18868173715,barbell-row,Barbell Row,8,68.06.00,,1,1745034275000,1754593003524,0
1433,,REPLACE_WITH_YOUR_USER_ID,18868173715,barbell-row,Barbell Row,8,66.15.00,,2,1745034752000,1754593003524,0
1434,,REPLACE_WITH_YOUR_USER_ID,18868173715,barbell-row,Barbell Row,8,66.17.00,,3,1745035207000,1754593003524,0
1435,,REPLACE_WITH_YOUR_USER_ID,18868173715,bent-over-rear-delt-raise,Bent-Over Rear Delt Raise,8,52.19.00,,1,1745035644000,1754593003524,0
1436,,REPLACE_WITH_YOUR_USER_ID,18868173715,bent-over-rear-delt-raise,Bent-Over Rear Delt Raise,10,48.03.00,,2,1745036032000,1754593003524,0
1437,,REPLACE_WITH_YOUR_USER_ID,18868173715,bent-over-rear-delt-raise,Bent-Over Rear Delt Raise,12,48.03.00,,3,1745036393000,1754593003524,0
1438,,REPLACE_WITH_YOUR_USER_ID,18868173715,tricep-pushdown-bar,Tricep Pushdown (Bar),10,57.09.00,,1,1745036781000,1754593003524,0
1439,,REPLACE_WITH_YOUR_USER_ID,18868173715,tricep-pushdown-bar,Tricep Pushdown (Bar),10,57.09.00,,2,1745037071000,1754593003524,0
1440,,REPLACE_WITH_YOUR_USER_ID,18868173715,tricep-pushdown-bar,Tricep Pushdown (Bar),8,61.25.00,,3,1745037505000,1754593003524,0
1441,,REPLACE_WITH_YOUR_USER_ID,18868173715,cable-lateral-raise,Cable Lateral Raise,8,20.44,,1,1745038057000,1754593003524,0
1442,,REPLACE_WITH_YOUR_USER_ID,18868173715,cable-lateral-raise,Cable Lateral Raise,10,20.44,,2,1745038305000,1754593003524,0
1443,,REPLACE_WITH_YOUR_USER_ID,18868173715,cable-lateral-raise,Cable Lateral Raise,8,20.44,,3,1745038719000,1754593003524,0
1444,,REPLACE_WITH_YOUR_USER_ID,18868173715,weighted-crunch,Weighted Crunch,10,45.38.00,,1,1745039134000,1754593003524,0
1445,,REPLACE_WITH_YOUR_USER_ID,18868173715,weighted-crunch,Weighted Crunch,10,45.38.00,,2,1745039321000,1754593003524,0
1446,,REPLACE_WITH_YOUR_USER_ID,18868173715,weighted-crunch,Weighted Crunch,12,45.38.00,,3,1745039855000,1754593003524,0
1447,,REPLACE_WITH_YOUR_USER_ID,18858195514,dumbbell-deadlift,Dumbbell Deadlift,12,68.06.00,,1,1744933254000,1754593009711,0
1448,,REPLACE_WITH_YOUR_USER_ID,18839472535,weighted-crunch,Weighted Crunch,12,36.31.00,,1,1744762966000,1754593014163,0
1449,,REPLACE_WITH_YOUR_USER_ID,18858195514,dumbbell-deadlift,Dumbbell Deadlift,15,68.06.00,,2,1744933539000,1754593009711,0
1450,,REPLACE_WITH_YOUR_USER_ID,18839472535,weighted-crunch,Weighted Crunch,10,41.21.00,,2,1744763788000,1754593014163,0
1451,,REPLACE_WITH_YOUR_USER_ID,18858195514,lying-leg-curl,Lying Leg Curl,8,88.44.00,,1,1744933743000,1754593009711,0
1452,,REPLACE_WITH_YOUR_USER_ID,18839472535,weighted-crunch,Weighted Crunch,8,45.38.00,,3,1744764502000,1754593014163,0
1453,,REPLACE_WITH_YOUR_USER_ID,18858195514,lying-leg-curl,Lying Leg Curl,8,88.44.00,,2,1744934442000,1754593009711,0
1454,,REPLACE_WITH_YOUR_USER_ID,18839472535,lat-pulldown,Lat Pulldown,8,68.06.00,,1,1744764801000,1754593014163,0
1455,,REPLACE_WITH_YOUR_USER_ID,18858195514,hack-squat,Hack Squat Machine,2,111.13.00,,1,1744934722000,1754593009711,0
1456,,REPLACE_WITH_YOUR_USER_ID,18839472535,lat-pulldown,Lat Pulldown,6,63.5,,2,1744765267000,1754593014163,0
1457,,REPLACE_WITH_YOUR_USER_ID,18858195514,hack-squat,Hack Squat Machine,6,102.06.00,,2,1744934969000,1754593009711,0
1458,,REPLACE_WITH_YOUR_USER_ID,18839472535,pullup,Pull-Up,8,<null>,,1,1744765082000,1754593014163,0
1459,,REPLACE_WITH_YOUR_USER_ID,18858195514,hack-squat,Hack Squat Machine,12,97.5,,3,1744935422000,1754593009711,0
1460,,REPLACE_WITH_YOUR_USER_ID,18839472535,lat-pulldown-close,Close-Grip Lat Pulldown,6,68.06.00,,1,1744765556000,1754593014163,0
1461,,REPLACE_WITH_YOUR_USER_ID,18858195514,leg-extension,Leg Extension,10,102.06.00,,1,1744935883000,1754593009711,0
1462,,REPLACE_WITH_YOUR_USER_ID,18839472535,lat-pulldown-close,Close-Grip Lat Pulldown,8,68.06.00,,2,1744765759000,1754593014163,0
1463,,REPLACE_WITH_YOUR_USER_ID,18858195514,leg-extension,Leg Extension,10,102.06.00,,2,1744936462000,1754593009711,0
1464,,REPLACE_WITH_YOUR_USER_ID,18839472535,cable-row,Seated Cable Row,8,86.19.00,,1,1744766020000,1754593014163,0
1465,,REPLACE_WITH_YOUR_USER_ID,18858195514,leg-extension,Leg Extension,12,104.31.00,,3,1744936782000,1754593009711,0
1466,,REPLACE_WITH_YOUR_USER_ID,18839472535,cable-row,Seated Cable Row,10,77.13.00,,2,1744766233000,1754593014163,0
1467,,REPLACE_WITH_YOUR_USER_ID,18858195514,standing-calf-raise-machine,Standing Calf Raise Machine,15,136.06.00,,1,1744937636000,1754593009711,0
1468,,REPLACE_WITH_YOUR_USER_ID,18839472535,cable-row,Seated Cable Row,10,72.56.00,,3,1744766601000,1754593014163,0
1469,,REPLACE_WITH_YOUR_USER_ID,18858195514,standing-calf-raise-machine,Standing Calf Raise Machine,15,136.06.00,,2,1744938061000,1754593009711,0
1470,,REPLACE_WITH_YOUR_USER_ID,18839472535,ez-bar-skull-crusher,EZ-Bar Skull Crusher,6,29.5,,1,1744767018000,1754593014163,0
1471,,REPLACE_WITH_YOUR_USER_ID,18858195514,standing-calf-raise-machine,Standing Calf Raise Machine,18,136.06.00,,3,1744938381000,1754593009711,0
1472,,REPLACE_WITH_YOUR_USER_ID,18839472535,ez-bar-skull-crusher,EZ-Bar Skull Crusher,10,29.5,,2,1744767387000,1754593014163,0
1473,,REPLACE_WITH_YOUR_USER_ID,18858195514,dumbbell-bench-press,Dumbbell Bench Press,8,50.28.00,,1,1744938497000,1754593009711,0
1474,,REPLACE_WITH_YOUR_USER_ID,18839472535,ez-bar-skull-crusher,EZ-Bar Skull Crusher,10,29.5,,3,1744767610000,1754593014163,0
1475,,REPLACE_WITH_YOUR_USER_ID,18858195514,dumbbell-bench-press,Dumbbell Bench Press,8,50.28.00,,2,1744938800000,1754593009711,0
1476,,REPLACE_WITH_YOUR_USER_ID,18839472535,cable-row,Seated Cable Row,10,63.5,,1,1744767854000,1754593014163,0
1477,,REPLACE_WITH_YOUR_USER_ID,18858195514,smith-incline-bench-press,Incline Smith Machine Bench Press,5,75.21.00,,1,1744939238000,1754593009711,0
1478,,REPLACE_WITH_YOUR_USER_ID,18839472535,cable-row,Seated Cable Row,12,63.5,,2,1744768058000,1754593014163,0
1479,,REPLACE_WITH_YOUR_USER_ID,18858195514,smith-incline-bench-press,Incline Smith Machine Bench Press,8,70.31.00,,2,1744939674000,1754593009711,0
1480,,REPLACE_WITH_YOUR_USER_ID,18839472535,tricep-pushdown-bar,Tricep Pushdown (Bar),10,59.34.00,,1,1744768293000,1754593014163,0
1481,,REPLACE_WITH_YOUR_USER_ID,18858195514,pec-deck,Pec Deck Machine,8,79.38.00,,1,1744939968000,1754593009711,0
1482,,REPLACE_WITH_YOUR_USER_ID,18839472535,tricep-pushdown-bar,Tricep Pushdown (Bar),10,59.34.00,,2,1744768500000,1754593014163,0
1483,,REPLACE_WITH_YOUR_USER_ID,18858195514,pec-deck,Pec Deck Machine,11,79.38.00,,2,1744940226000,1754593009711,0
1484,,REPLACE_WITH_YOUR_USER_ID,18839472535,tricep-pushdown-bar,Tricep Pushdown (Bar),8,59.34.00,,3,1744768793000,1754593014163,0
1485,,REPLACE_WITH_YOUR_USER_ID,18858195514,pec-deck,Pec Deck Machine,9,79.38.00,,3,1744940630000,1754593009711,0
1486,,REPLACE_WITH_YOUR_USER_ID,18839472535,close-grip-bench,Close-Grip Bench Press,8,86.19.00,,1,1744769076000,1754593014163,0
1487,,REPLACE_WITH_YOUR_USER_ID,18858195514,chest-dip,Chest Dip,8,<null>,,1,1744940953000,1754593009711,0
1488,,REPLACE_WITH_YOUR_USER_ID,18839472535,close-grip-bench,Close-Grip Bench Press,7,91.09.00,,2,1744769443000,1754593014163,0
1489,,REPLACE_WITH_YOUR_USER_ID,18858195514,chest-dip,Chest Dip,8,<null>,,2,1744941171000,1754593009711,0
1490,,REPLACE_WITH_YOUR_USER_ID,18839472535,close-grip-bench,Close-Grip Bench Press,6,91.09.00,,3,1744769802000,1754593014163,0
1491,,REPLACE_WITH_YOUR_USER_ID,18858195514,chest-dip,Chest Dip,8,<null>,,3,1744941393000,1754593009711,0
1492,,REPLACE_WITH_YOUR_USER_ID,18858195514,ez-bar-curl,EZ-Bar Curl,8,50.28.00,,1,1744941670000,1754593009711,0
1493,,REPLACE_WITH_YOUR_USER_ID,18858195514,ez-bar-curl,EZ-Bar Curl,6,50.28.00,,2,1744942002000,1754593009711,0
1494,,REPLACE_WITH_YOUR_USER_ID,18858195514,cable-hammer-curl,Cable Hammer Curl,10,45.38.00,,1,1744942190000,1754593009711,0
1495,,REPLACE_WITH_YOUR_USER_ID,18858195514,cable-hammer-curl,Cable Hammer Curl,8,45.38.00,,2,1744942337000,1754593009711,0
1496,,REPLACE_WITH_YOUR_USER_ID,18858195514,cable-hammer-curl,Cable Hammer Curl,10,45.38.00,,3,1744942647000,1754593009711,0
1497,,REPLACE_WITH_YOUR_USER_ID,18858195514,reverse-curl,Reverse Barbell Curl,12,18.13,,1,1744942918000,1754593009711,0
1498,,REPLACE_WITH_YOUR_USER_ID,18858195514,reverse-curl,Reverse Barbell Curl,12,18.13,,2,1744943117000,1754593009711,0
1499,,REPLACE_WITH_YOUR_USER_ID,18858195514,reverse-curl,Reverse Barbell Curl,15,18.13,,3,1744943535000,1754593009711,0
1500,,REPLACE_WITH_YOUR_USER_ID,18829448701,smith-incline-bench-press,Incline Smith Machine Bench Press,7,75.21.00,,1,1744678577000,1754593016067,0
1501,,REPLACE_WITH_YOUR_USER_ID,18829448701,smith-incline-bench-press,Incline Smith Machine Bench Press,6,75.21.00,,2,1744678783000,1754593016067,0
1502,,REPLACE_WITH_YOUR_USER_ID,18829448701,pec-deck,Pec Deck Machine,8,84.34.00,,1,1744679072000,1754593016067,0
1503,,REPLACE_WITH_YOUR_USER_ID,18829448701,pec-deck,Pec Deck Machine,6,84.34.00,,2,1744679284000,1754593016067,0
1504,,REPLACE_WITH_YOUR_USER_ID,18829448701,pec-deck,Pec Deck Machine,7,82.03.00,,3,1744679441000,1754593016067,0
1505,,REPLACE_WITH_YOUR_USER_ID,18829448701,dumbbell-bench-press,Dumbbell Bench Press,12,36.31.00,,1,1744679657000,1754593016067,0
1506,,REPLACE_WITH_YOUR_USER_ID,18829448701,dumbbell-bench-press,Dumbbell Bench Press,11,41.21.00,,2,1744679882000,1754593016067,0
1507,,REPLACE_WITH_YOUR_USER_ID,18829448701,machine-preacher-curl,Machine Preacher Curl,8,52.19.00,,1,1744680250000,1754593016067,0
1508,,REPLACE_WITH_YOUR_USER_ID,18829448701,machine-preacher-curl,Machine Preacher Curl,7,52.19.00,,2,1744680630000,1754593016067,0
1509,,REPLACE_WITH_YOUR_USER_ID,18829448701,cable-hammer-curl,Cable Hammer Curl,8,36.31.00,,1,1744680964000,1754593016067,0
1510,,REPLACE_WITH_YOUR_USER_ID,18829448701,cable-hammer-curl,Cable Hammer Curl,15,36.31.00,,2,1744681207000,1754593016067,0
1511,,REPLACE_WITH_YOUR_USER_ID,18829448701,cable-hammer-curl,Cable Hammer Curl,10,45.38.00,,3,1744681452000,1754593016067,0
1512,,REPLACE_WITH_YOUR_USER_ID,18829448701,cable-lateral-raise,Cable Lateral Raise,8,23.09,,1,1744681766000,1754593016067,0
1513,,REPLACE_WITH_YOUR_USER_ID,18829448701,cable-lateral-raise,Cable Lateral Raise,8,23.09,,2,1744682038000,1754593016067,0
1514,,REPLACE_WITH_YOUR_USER_ID,18829448701,cable-lateral-raise,Cable Lateral Raise,8,23.09,,3,1744682259000,1754593016067,0
1515,,REPLACE_WITH_YOUR_USER_ID,18829448701,reverse-curl,Reverse Barbell Curl,18,18.13,,1,1744682521000,1754593016067,0
1516,,REPLACE_WITH_YOUR_USER_ID,18829448701,reverse-curl,Reverse Barbell Curl,16,18.13,,2,1744682682000,1754593016067,0
1517,,REPLACE_WITH_YOUR_USER_ID,18829448701,bent-over-rear-delt-raise,Bent-Over Rear Delt Raise,12,48.03.00,,1,1744682826000,1754593016067,0
1518,,REPLACE_WITH_YOUR_USER_ID,18829448701,bent-over-rear-delt-raise,Bent-Over Rear Delt Raise,10,50.28.00,,2,1744683016000,1754593016067,0
1519,,REPLACE_WITH_YOUR_USER_ID,18829448701,bent-over-rear-delt-raise,Bent-Over Rear Delt Raise,10,50.28.00,,3,1744683202000,1754593016067,0
1520,,REPLACE_WITH_YOUR_USER_ID,18810618555,bent-over-rear-delt-raise,Bent-Over Rear Delt Raise,12,43.06.00,,1,1744507711000,1754593027511,0
1521,,REPLACE_WITH_YOUR_USER_ID,18820341077,weighted-crunch,Weighted Crunch,8,68.06.00,,1,1744588141000,1754593022514,0
1522,,REPLACE_WITH_YOUR_USER_ID,18810618555,bent-over-rear-delt-raise,Bent-Over Rear Delt Raise,12,43.06.00,,2,1744507895000,1754593027511,0
1523,,REPLACE_WITH_YOUR_USER_ID,18820341077,weighted-crunch,Weighted Crunch,8,68.06.00,,2,1744588473000,1754593022514,0
1524,,REPLACE_WITH_YOUR_USER_ID,18810618555,bent-over-rear-delt-raise,Bent-Over Rear Delt Raise,12,48.03.00,,3,1744508186000,1754593027511,0
1525,,REPLACE_WITH_YOUR_USER_ID,18820341077,weighted-crunch,Weighted Crunch,10,66.15.00,,3,1744588901000,1754593022514,0
1526,,REPLACE_WITH_YOUR_USER_ID,18810618555,cable-lateral-raise,Cable Lateral Raise,10,23.09,,1,1744508465000,1754593027511,0
1527,,REPLACE_WITH_YOUR_USER_ID,18820341077,lying-leg-curl,Lying Leg Curl,8,82.03.00,,1,1744589251000,1754593022514,0
1528,,REPLACE_WITH_YOUR_USER_ID,18810618555,cable-lateral-raise,Cable Lateral Raise,12,23.09,,2,1744508831000,1754593027511,0
1529,,REPLACE_WITH_YOUR_USER_ID,18820341077,lying-leg-curl,Lying Leg Curl,8,86.19.00,,2,1744589626000,1754593022514,0
1530,,REPLACE_WITH_YOUR_USER_ID,18810618555,cable-lateral-raise,Cable Lateral Raise,10,23.09,,3,1744509224000,1754593027511,0
1531,,REPLACE_WITH_YOUR_USER_ID,18820341077,lying-leg-curl,Lying Leg Curl,5,95.25.00,,3,1744589958000,1754593022514,0
1532,,REPLACE_WITH_YOUR_USER_ID,18810618555,machine-preacher-curl,Machine Preacher Curl,8,50.28.00,,1,1744509875000,1754593027511,0
1533,,REPLACE_WITH_YOUR_USER_ID,18820341077,hack-squat,Hack Squat Machine,6,100.21.00,,1,1744590222000,1754593022514,0
1534,,REPLACE_WITH_YOUR_USER_ID,18810618555,machine-preacher-curl,Machine Preacher Curl,8,50.28.00,,2,1744510263000,1754593027511,0
1535,,REPLACE_WITH_YOUR_USER_ID,18820341077,hack-squat,Hack Squat Machine,6,111.13.00,,2,1744590511000,1754593022514,0
1536,,REPLACE_WITH_YOUR_USER_ID,18810618555,cable-curl,Cable Curl,12,41.21.00,,1,1744510456000,1754593027511,0
1537,,REPLACE_WITH_YOUR_USER_ID,18820341077,hack-squat,Hack Squat Machine,6,111.13.00,,3,1744590831000,1754593022514,0
1538,,REPLACE_WITH_YOUR_USER_ID,18810618555,cable-hammer-curl,Cable Hammer Curl,10,45.38.00,,1,1744510747000,1754593027511,0
1539,,REPLACE_WITH_YOUR_USER_ID,18820341077,leg-extension,Leg Extension,12,102.06.00,,1,1744591222000,1754593022514,0
1540,,REPLACE_WITH_YOUR_USER_ID,18810618555,cable-hammer-curl,Cable Hammer Curl,12,45.38.00,,2,1744511089000,1754593027511,0
1541,,REPLACE_WITH_YOUR_USER_ID,18820341077,leg-extension,Leg Extension,10,107.03.00,,2,1744591565000,1754593022514,0
1542,,REPLACE_WITH_YOUR_USER_ID,18810618555,cable-hammer-curl,Cable Hammer Curl,8,41.21.00,,3,1744511314000,1754593027511,0
1543,,REPLACE_WITH_YOUR_USER_ID,18820341077,leg-extension,Leg Extension,12,107.03.00,,3,1744591949000,1754593022514,0
1544,,REPLACE_WITH_YOUR_USER_ID,18810618555,smith-incline-bench-press,Incline Smith Machine Bench Press,7,70.31.00,,1,1744511795000,1754593027511,0
1545,,REPLACE_WITH_YOUR_USER_ID,18820341077,hip-abduction,Hip Abduction Machine,16,93,,1,1744592372000,1754593022514,0
1546,,REPLACE_WITH_YOUR_USER_ID,18810618555,smith-incline-bench-press,Incline Smith Machine Bench Press,6,70.31.00,,2,1744511998000,1754593027511,0
1547,,REPLACE_WITH_YOUR_USER_ID,18820341077,hip-abduction,Hip Abduction Machine,20,93,,2,1744593065000,1754593022514,0
1548,,REPLACE_WITH_YOUR_USER_ID,18810618555,smith-incline-bench-press,Incline Smith Machine Bench Press,7,68.06.00,,3,1744512293000,1754593027511,0
1549,,REPLACE_WITH_YOUR_USER_ID,18820341077,hip-abduction,Hip Abduction Machine,20,93,,3,1744593302000,1754593022514,0
1550,,REPLACE_WITH_YOUR_USER_ID,18810618555,pec-deck,Pec Deck Machine,7,84.34.00,,1,1744512613000,1754593027511,0
1551,,REPLACE_WITH_YOUR_USER_ID,18820341077,hip-adduction,Hip Adduction Machine,12,97.5,,1,1744592677000,1754593022514,0
1552,,REPLACE_WITH_YOUR_USER_ID,18820341077,hip-adduction,Hip Adduction Machine,20,93,,2,1744593425000,1754593022514,0
1553,,REPLACE_WITH_YOUR_USER_ID,18810618555,pec-deck,Pec Deck Machine,6,82.03.00,,2,1744512776000,1754593027511,0
1554,,REPLACE_WITH_YOUR_USER_ID,18820341077,hip-adduction,Hip Adduction Machine,10,97.5,,3,1744593671000,1754593022514,0
1555,,REPLACE_WITH_YOUR_USER_ID,18810618555,pec-deck,Pec Deck Machine,6,79.38.00,,3,1744513001000,1754593027511,0
1556,,REPLACE_WITH_YOUR_USER_ID,18820341077,standing-calf-raise-machine,Standing Calf Raise Machine,18,168.23.00,,1,1744593968000,1754593022514,0
1557,,REPLACE_WITH_YOUR_USER_ID,18820341077,standing-calf-raise-machine,Standing Calf Raise Machine,20,168.21.00,,2,1744594386000,1754593022514,0
1558,,REPLACE_WITH_YOUR_USER_ID,18820341077,standing-calf-raise-machine,Standing Calf Raise Machine,20,168.21.00,,3,1744594639000,1754593022514,0
1559,,REPLACE_WITH_YOUR_USER_ID,18820341077,reverse-curl,Reverse Barbell Curl,26,14.03,,1,1744594818000,1754593022514,0
1560,,REPLACE_WITH_YOUR_USER_ID,18800242488,lat-pulldown,Lat Pulldown,8,68.06.00,,1,1744416701000,1754593032525,0
1561,,REPLACE_WITH_YOUR_USER_ID,18800242488,lat-pulldown,Lat Pulldown,10,63.5,,2,1744416944000,1754593032525,0
1562,,REPLACE_WITH_YOUR_USER_ID,18800242488,lat-pulldown-close,Close-Grip Lat Pulldown,8,68.06.00,,1,1744417171000,1754593032525,0
1563,,REPLACE_WITH_YOUR_USER_ID,18800242488,lat-pulldown-close,Close-Grip Lat Pulldown,8,63.5,,2,1744417417000,1754593032525,0
1564,,REPLACE_WITH_YOUR_USER_ID,18800242488,lat-pulldown-wide,Wide-Grip Lat Pulldown,10,82.03.00,,1,1744418236000,1754593032525,0
1565,,REPLACE_WITH_YOUR_USER_ID,18800242488,lat-pulldown-wide,Wide-Grip Lat Pulldown,8,84.34.00,,2,1744418726000,1754593032525,0
1566,,REPLACE_WITH_YOUR_USER_ID,18800242488,cable-row,Seated Cable Row,10,86.19.00,,1,1744419051000,1754593032525,0
1567,,REPLACE_WITH_YOUR_USER_ID,18800242488,cable-row,Seated Cable Row,10,86.19.00,,2,1744419645000,1754593032525,0
1568,,REPLACE_WITH_YOUR_USER_ID,18800242488,cable-row-wide,Wide-Grip Cable Row,8,70.31.00,,1,1744419951000,1754593032525,0
1569,,REPLACE_WITH_YOUR_USER_ID,18800242488,cable-row-wide,Wide-Grip Cable Row,10,68.06.00,,2,1744420527000,1754593032525,0
1570,,REPLACE_WITH_YOUR_USER_ID,18800242488,ez-bar-skull-crusher,EZ-Bar Skull Crusher,8,34,,1,1744420827000,1754593032525,0
1571,,REPLACE_WITH_YOUR_USER_ID,18800242488,ez-bar-skull-crusher,EZ-Bar Skull Crusher,12,27.19.00,,2,1744421188000,1754593032525,0
1572,,REPLACE_WITH_YOUR_USER_ID,18800242488,ez-bar-skull-crusher,EZ-Bar Skull Crusher,18,27.19.00,,3,1744421701000,1754593032525,0
1573,,REPLACE_WITH_YOUR_USER_ID,18800242488,ez-bar-skull-crusher,EZ-Bar Skull Crusher,11,29.5,,4,1744422184000,1754593032525,0
1574,,REPLACE_WITH_YOUR_USER_ID,18800242488,tricep-pushdown-bar,Tricep Pushdown (Bar),12,54.44.00,,1,1744422431000,1754593032525,0
1575,,REPLACE_WITH_YOUR_USER_ID,18800242488,tricep-pushdown-bar,Tricep Pushdown (Bar),8,59.34.00,,2,1744422673000,1754593032525,0
1576,,REPLACE_WITH_YOUR_USER_ID,18800242488,tricep-pushdown-bar,Tricep Pushdown (Bar),8,59.34.00,,3,1744422919000,1754593032525,0
1577,,REPLACE_WITH_YOUR_USER_ID,18781568658,smith-incline-bench-press,Incline Smith Machine Bench Press,6,75.21.00,,1,1744244321000,1754593043521,0
1578,,REPLACE_WITH_YOUR_USER_ID,18781568658,smith-incline-bench-press,Incline Smith Machine Bench Press,7,70.31.00,,2,1744244677000,1754593043521,0
1579,,REPLACE_WITH_YOUR_USER_ID,18791732593,weighted-crunch,Weighted Crunch,8,66.15.00,,1,1744328793000,1754593038747,0
1580,,REPLACE_WITH_YOUR_USER_ID,18781568658,smith-incline-bench-press,Incline Smith Machine Bench Press,6,70.31.00,,3,1744245015000,1754593043521,0
1581,,REPLACE_WITH_YOUR_USER_ID,18791732593,weighted-crunch,Weighted Crunch,10,66.15.00,,2,1744329372000,1754593038747,0
1582,,REPLACE_WITH_YOUR_USER_ID,18781568658,tricep-pushdown-bar,Tricep Pushdown (Bar),8,54.44.00,,1,1744246351000,1754593043521,0
1583,,REPLACE_WITH_YOUR_USER_ID,18791732593,weighted-crunch,Weighted Crunch,10,66.15.00,,3,1744329657000,1754593038747,0
1584,,REPLACE_WITH_YOUR_USER_ID,18781568658,tricep-pushdown-bar,Tricep Pushdown (Bar),8,54.44.00,,2,1744246566000,1754593043521,0
1585,,REPLACE_WITH_YOUR_USER_ID,18791732593,dumbbell-deadlift,Dumbbell Deadlift,15,68.06.00,,1,1744330141000,1754593038747,0
1586,,REPLACE_WITH_YOUR_USER_ID,18781568658,tricep-pushdown-bar,Tricep Pushdown (Bar),10,54.44.00,,3,1744246774000,1754593043521,0
1587,,REPLACE_WITH_YOUR_USER_ID,18791732593,dumbbell-deadlift,Dumbbell Deadlift,12,68.06.00,,2,1744330417000,1754593038747,0
1588,,REPLACE_WITH_YOUR_USER_ID,18791732593,cable-lateral-raise,Cable Lateral Raise,15,20.44,,1,1744330846000,1754593038747,0
1589,,REPLACE_WITH_YOUR_USER_ID,18791732593,cable-lateral-raise,Cable Lateral Raise,15,20.44,,2,1744331319000,1754593038747,0
1590,,REPLACE_WITH_YOUR_USER_ID,18791732593,cable-lateral-raise,Cable Lateral Raise,12,23.09,,3,1744331756000,1754593038747,0
1591,,REPLACE_WITH_YOUR_USER_ID,18791732593,bent-over-rear-delt-raise,Bent-Over Rear Delt Raise,15,36.31.00,,1,1744331908000,1754593038747,0
1592,,REPLACE_WITH_YOUR_USER_ID,18791732593,bent-over-rear-delt-raise,Bent-Over Rear Delt Raise,10,36.31.00,,2,1744332121000,1754593038747,0
1593,,REPLACE_WITH_YOUR_USER_ID,18791732593,bent-over-rear-delt-raise,Bent-Over Rear Delt Raise,18,36.31.00,,3,1744332374000,1754593038747,0
1594,,REPLACE_WITH_YOUR_USER_ID,18791732593,standing-calf-raise-machine,Standing Calf Raise Machine,12,168.21.00,,1,1744332776000,1754593038747,0
1595,,REPLACE_WITH_YOUR_USER_ID,18791732593,standing-calf-raise-machine,Standing Calf Raise Machine,16,163.31.00,,2,1744337906000,1754593038747,0
1596,,REPLACE_WITH_YOUR_USER_ID,18791732593,standing-calf-raise-machine,Standing Calf Raise Machine,12,163.31.00,,3,1744338420000,1754593038747,0
1597,,REPLACE_WITH_YOUR_USER_ID,18791732593,lying-leg-curl,Lying Leg Curl,5,97.52.00,,1,1744333109000,1754593038747,0
1598,,REPLACE_WITH_YOUR_USER_ID,18791732593,lying-leg-curl,Lying Leg Curl,8,97.5,,2,1744333371000,1754593038747,0
1599,,REPLACE_WITH_YOUR_USER_ID,18791732593,lying-leg-curl,Lying Leg Curl,8,97.5,,3,1744333660000,1754593038747,0
1600,,REPLACE_WITH_YOUR_USER_ID,18791732593,lying-leg-curl,Lying Leg Curl,4,95.25.00,,4,1744333905000,1754593038747,0
1601,,REPLACE_WITH_YOUR_USER_ID,18791732593,hack-squat,Hack Squat Machine,10,88.44.00,,1,1744334049000,1754593038747,0
1602,,REPLACE_WITH_YOUR_USER_ID,18791732593,hack-squat,Hack Squat Machine,10,97.5,,2,1744334537000,1754593038747,0
1603,,REPLACE_WITH_YOUR_USER_ID,18791732593,hack-squat,Hack Squat Machine,8,97.5,,3,1744335071000,1754593038747,0
1604,,REPLACE_WITH_YOUR_USER_ID,18791732593,leg-extension,Leg Extension,12,93,,1,1744335530000,1754593038747,0
1605,,REPLACE_WITH_YOUR_USER_ID,18791732593,leg-extension,Leg Extension,12,93,,2,1744335941000,1754593038747,0
1606,,REPLACE_WITH_YOUR_USER_ID,18791732593,leg-extension,Leg Extension,10,104.31.00,,3,1744336333000,1754593038747,0
1607,,REPLACE_WITH_YOUR_USER_ID,18791732593,hip-abduction,Hip Abduction Machine,10,97.5,,1,1744336519000,1754593038747,0
1608,,REPLACE_WITH_YOUR_USER_ID,18791732593,hip-abduction,Hip Abduction Machine,12,91.09.00,,2,1744336710000,1754593038747,0
1609,,REPLACE_WITH_YOUR_USER_ID,18791732593,hip-abduction,Hip Abduction Machine,15,93,,3,1744337325000,1754593038747,0
1610,,REPLACE_WITH_YOUR_USER_ID,18791732593,hip-adduction,Hip Adduction Machine,15,91.09.00,,1,1744336805000,1754593038747,0
1611,,REPLACE_WITH_YOUR_USER_ID,18791732593,hip-adduction,Hip Adduction Machine,15,91.09.00,,2,1744337170000,1754593038747,0
1612,,REPLACE_WITH_YOUR_USER_ID,18791732593,hip-adduction,Hip Adduction Machine,12,93,,3,1744337577000,1754593038747,0
1613,,REPLACE_WITH_YOUR_USER_ID,18772528666,lat-pulldown,Lat Pulldown,8,61.25.00,,1,1744161967000,1754593048513,0
1614,,REPLACE_WITH_YOUR_USER_ID,18772528666,lat-pulldown,Lat Pulldown,8,63.5,,2,1744162214000,1754593048513,0
1615,,REPLACE_WITH_YOUR_USER_ID,18772528666,lat-pulldown-close,Close-Grip Lat Pulldown,8,68.06.00,,1,1744162576000,1754593048513,0
1616,,REPLACE_WITH_YOUR_USER_ID,18772528666,lat-pulldown-close,Close-Grip Lat Pulldown,8,68.06.00,,2,1744162899000,1754593048513,0
1617,,REPLACE_WITH_YOUR_USER_ID,18772528666,cable-row,Seated Cable Row,8,86.19.00,,1,1744163132000,1754593048513,0
1618,,REPLACE_WITH_YOUR_USER_ID,18772528666,cable-row,Seated Cable Row,12,82.03.00,,2,1744163449000,1754593048513,0
1619,,REPLACE_WITH_YOUR_USER_ID,18772528666,cable-row-wide,Wide-Grip Cable Row,8,68.06.00,,1,1744163731000,1754593048513,0
1620,,REPLACE_WITH_YOUR_USER_ID,18772528666,cable-row-wide,Wide-Grip Cable Row,10,68.06.00,,2,1744164457000,1754593048513,0
1621,,REPLACE_WITH_YOUR_USER_ID,18772528666,bent-over-rear-delt-raise,Bent-Over Rear Delt Raise,12,34,,1,1744165208000,1754593048513,0
1622,,REPLACE_WITH_YOUR_USER_ID,18772528666,bent-over-rear-delt-raise,Bent-Over Rear Delt Raise,12,34,,2,1744165632000,1754593048513,0
1623,,REPLACE_WITH_YOUR_USER_ID,18772528666,bent-over-rear-delt-raise,Bent-Over Rear Delt Raise,9,34,,3,1744166091000,1754593048513,0
1624,,REPLACE_WITH_YOUR_USER_ID,18772528666,cable-lateral-raise,Cable Lateral Raise,12,20.44,,1,1744166315000,1754593048513,0
1625,,REPLACE_WITH_YOUR_USER_ID,18772528666,cable-lateral-raise,Cable Lateral Raise,12,20.44,,2,1744166627000,1754593048513,0
1626,,REPLACE_WITH_YOUR_USER_ID,18772528666,ez-bar-curl,EZ-Bar Curl,7,50.28.00,,1,1744167123000,1754593048513,0
1627,,REPLACE_WITH_YOUR_USER_ID,18772528666,ez-bar-curl,EZ-Bar Curl,7,50.28.00,,2,1744167573000,1754593048513,0
1628,,REPLACE_WITH_YOUR_USER_ID,18772528666,cable-hammer-curl,Cable Hammer Curl,8,45.38.00,,1,1744168015000,1754593048513,0
1629,,REPLACE_WITH_YOUR_USER_ID,18772528666,cable-hammer-curl,Cable Hammer Curl,10,45.38.00,,2,1744168231000,1754593048513,0
1630,,REPLACE_WITH_YOUR_USER_ID,18772528666,cable-hammer-curl,Cable Hammer Curl,12,45.38.00,,3,1744168540000,1754593048513,0
1631,,REPLACE_WITH_YOUR_USER_ID,18743006834,smith-incline-bench-press,Incline Smith Machine Bench Press,6,75.21.00,,1,1743902597000,1754593059524,0
1632,,REPLACE_WITH_YOUR_USER_ID,18743006834,smith-incline-bench-press,Incline Smith Machine Bench Press,7,72.56.00,,2,1743902931000,1754593059524,0
1633,,REPLACE_WITH_YOUR_USER_ID,18743006834,smith-incline-bench-press,Incline Smith Machine Bench Press,6,72.56.00,,3,1743903254000,1754593059524,0
1634,,REPLACE_WITH_YOUR_USER_ID,18743006834,pec-deck,Pec Deck Machine,8,82.03.00,,1,1743903644000,1754593059524,0
1635,,REPLACE_WITH_YOUR_USER_ID,18743006834,pec-deck,Pec Deck Machine,8,82.03.00,,2,1743903882000,1754593059524,0
1636,,REPLACE_WITH_YOUR_USER_ID,18743006834,pec-deck,Pec Deck Machine,7,82.03.00,,3,1743904342000,1754593059524,0
1637,,REPLACE_WITH_YOUR_USER_ID,18743006834,overhead-tricep-ext-barbell,Overhead Tricep Extension (Barbell),9,29.5,,1,1743904597000,1754593059524,0
1638,,REPLACE_WITH_YOUR_USER_ID,18743006834,overhead-tricep-ext-barbell,Overhead Tricep Extension (Barbell),8,29.5,,2,1743904996000,1754593059524,0
1639,,REPLACE_WITH_YOUR_USER_ID,18743006834,overhead-tricep-ext-barbell,Overhead Tricep Extension (Barbell),10,29.5,,3,1743905439000,1754593059524,0
1640,,REPLACE_WITH_YOUR_USER_ID,18743006834,tricep-pushdown-bar,Tricep Pushdown (Bar),8,59.34.00,,1,1743905687000,1754593059524,0
1641,,REPLACE_WITH_YOUR_USER_ID,18743006834,tricep-pushdown-bar,Tricep Pushdown (Bar),8,59.34.00,,2,1743905879000,1754593059524,0
1642,,REPLACE_WITH_YOUR_USER_ID,18743006834,tricep-pushdown-bar,Tricep Pushdown (Bar),8,59.34.00,,3,1743906263000,1754593059524,0
1643,,REPLACE_WITH_YOUR_USER_ID,18743006834,lat-pulldown,Lat Pulldown,8,63.5,,1,1743905807000,1754593059524,0
1644,,REPLACE_WITH_YOUR_USER_ID,18743006834,lat-pulldown,Lat Pulldown,8,63.5,,2,1743906112000,1754593059524,0
1645,,REPLACE_WITH_YOUR_USER_ID,18743006834,lat-pulldown-close,Close-Grip Lat Pulldown,8,68.06.00,,1,1743906564000,1754593059524,0
1646,,REPLACE_WITH_YOUR_USER_ID,18743006834,lat-pulldown-close,Close-Grip Lat Pulldown,8,68.06.00,,2,1743906923000,1754593059524,0
1647,,REPLACE_WITH_YOUR_USER_ID,18743006834,bent-over-rear-delt-raise,Bent-Over Rear Delt Raise,12,36.31.00,,1,1743907152000,1754593059524,0
1648,,REPLACE_WITH_YOUR_USER_ID,18743006834,bent-over-rear-delt-raise,Bent-Over Rear Delt Raise,12,36.31.00,,2,1743907474000,1754593059524,0
1649,,REPLACE_WITH_YOUR_USER_ID,18743006834,bent-over-rear-delt-raise,Bent-Over Rear Delt Raise,8,36.31.00,,3,1743907851000,1754593059524,0
1650,,REPLACE_WITH_YOUR_USER_ID,18743006834,cable-row-wide,Wide-Grip Cable Row,8,68.06.00,,1,1743908331000,1754593059524,0
1651,,REPLACE_WITH_YOUR_USER_ID,18743006834,cable-row-wide,Wide-Grip Cable Row,8,70.31.00,,2,1743908677000,1754593059524,0
1652,,REPLACE_WITH_YOUR_USER_ID,18743006834,cable-row,Seated Cable Row,12,86.19.00,,1,1743908941000,1754593059524,0
1653,,REPLACE_WITH_YOUR_USER_ID,18743006834,cable-row,Seated Cable Row,12,86.19.00,,2,1743909357000,1754593059524,0
1654,,REPLACE_WITH_YOUR_USER_ID,18743006834,machine-preacher-curl,Machine Preacher Curl,7,52.19.00,,1,1743909657000,1754593059524,0
1655,,REPLACE_WITH_YOUR_USER_ID,18743006834,machine-preacher-curl,Machine Preacher Curl,6,52.19.00,,2,1743909908000,1754593059524,0
1656,,REPLACE_WITH_YOUR_USER_ID,18743006834,machine-preacher-curl,Machine Preacher Curl,6,50.28.00,,3,1743910362000,1754593059524,0
1657,,REPLACE_WITH_YOUR_USER_ID,18743006834,cable-hammer-curl,Cable Hammer Curl,12,41.21.00,,1,1743910563000,1754593059524,0
1658,,REPLACE_WITH_YOUR_USER_ID,18743006834,cable-hammer-curl,Cable Hammer Curl,12,41.21.00,,2,1743910781000,1754593059524,0
1659,,REPLACE_WITH_YOUR_USER_ID,18743006834,cable-hammer-curl,Cable Hammer Curl,12,41.21.00,,3,1743911129000,1754593059524,0
1660,,REPLACE_WITH_YOUR_USER_ID,18743006834,leaning-lateral-raise,Leaning Lateral Raise,12,18.13,,1,1743911860000,1754593059524,0
1661,,REPLACE_WITH_YOUR_USER_ID,18743006834,leaning-lateral-raise,Leaning Lateral Raise,12,18.13,,2,1743912062000,1754593059524,0
1662,,REPLACE_WITH_YOUR_USER_ID,18743006834,leaning-lateral-raise,Leaning Lateral Raise,12,18.13,,3,1743912356000,1754593059524,0
1663,,REPLACE_WITH_YOUR_USER_ID,18724533866,weighted-crunch,Weighted Crunch,10,66.15.00,,1,1743742177000,1754593069407,0
1664,,REPLACE_WITH_YOUR_USER_ID,18731779753,romanian-deadlift,Romanian Deadlift,12,68.06.00,,1,1743806572000,1754593066513,0
1665,,REPLACE_WITH_YOUR_USER_ID,18724533866,weighted-crunch,Weighted Crunch,10,66.15.00,,2,1743742726000,1754593069407,0
1666,,REPLACE_WITH_YOUR_USER_ID,18731779753,romanian-deadlift,Romanian Deadlift,12,68.06.00,,2,1743806784000,1754593066513,0
1667,,REPLACE_WITH_YOUR_USER_ID,18724533866,weighted-crunch,Weighted Crunch,10,66.15.00,,3,1743743415000,1754593069407,0
1668,,REPLACE_WITH_YOUR_USER_ID,18731779753,romanian-deadlift,Romanian Deadlift,12,68.06.00,,3,1743807107000,1754593066513,0
1669,,REPLACE_WITH_YOUR_USER_ID,18724533866,standing-calf-raise-machine,Standing Calf Raise Machine,15,181.44.00,,1,1743743621000,1754593069407,0
1670,,REPLACE_WITH_YOUR_USER_ID,18731779753,hack-squat,Hack Squat Machine,8,111.13.00,,1,1743807444000,1754593066513,0
1671,,REPLACE_WITH_YOUR_USER_ID,18724533866,standing-calf-raise-machine,Standing Calf Raise Machine,12,159.15.00,,2,1743743979000,1754593069407,0
1672,,REPLACE_WITH_YOUR_USER_ID,18731779753,hack-squat,Hack Squat Machine,6,111.13.00,,2,1743807824000,1754593066513,0
1673,,REPLACE_WITH_YOUR_USER_ID,18724533866,standing-calf-raise-machine,Standing Calf Raise Machine,16,159.15.00,,3,1743744453000,1754593069407,0
1674,,REPLACE_WITH_YOUR_USER_ID,18731779753,hack-squat,Hack Squat Machine,6,111.13.00,,3,1743808254000,1754593066513,0
1675,,REPLACE_WITH_YOUR_USER_ID,18724533866,reverse-curl,Reverse Barbell Curl,16,18.13,,1,1743744866000,1754593069407,0
1676,,REPLACE_WITH_YOUR_USER_ID,18731779753,leg-press,Leg Press,12,113.38.00,,1,1743808497000,1754593066513,0
1677,,REPLACE_WITH_YOUR_USER_ID,18724533866,reverse-curl,Reverse Barbell Curl,10,18.13,,2,1743745140000,1754593069407,0
1678,,REPLACE_WITH_YOUR_USER_ID,18731779753,leg-press,Leg Press,12,113.38.00,,2,1743808905000,1754593066513,0
1679,,REPLACE_WITH_YOUR_USER_ID,18724533866,overhead-tricep-ext-barbell,Overhead Tricep Extension (Barbell),12,27.19.00,,1,1743745482000,1754593069407,0
1680,,REPLACE_WITH_YOUR_USER_ID,18731779753,leg-extension,Leg Extension,15,97.5,,1,1743809266000,1754593066513,0
1681,,REPLACE_WITH_YOUR_USER_ID,18724533866,overhead-tricep-ext-barbell,Overhead Tricep Extension (Barbell),15,27.19.00,,2,1743745924000,1754593069407,0
1682,,REPLACE_WITH_YOUR_USER_ID,18731779753,leg-extension,Leg Extension,12,102.06.00,,2,1743809541000,1754593066513,0
1683,,REPLACE_WITH_YOUR_USER_ID,18724533866,overhead-tricep-ext-barbell,Overhead Tricep Extension (Barbell),10,32.15.00,,3,1743746447000,1754593069407,0
1684,,REPLACE_WITH_YOUR_USER_ID,18731779753,leg-extension,Leg Extension,12,102.06.00,,3,1743809840000,1754593066513,0
1685,,REPLACE_WITH_YOUR_USER_ID,18724533866,tricep-pushdown-bar,Tricep Pushdown (Bar),10,54.44.00,,1,1743746651000,1754593069407,0
1686,,REPLACE_WITH_YOUR_USER_ID,18731779753,hip-abduction,Hip Abduction Machine,16,97.5,,1,1743810075000,1754593066513,0
1687,,REPLACE_WITH_YOUR_USER_ID,18724533866,tricep-pushdown-bar,Tricep Pushdown (Bar),10,54.44.00,,2,1743747166000,1754593069407,0
1688,,REPLACE_WITH_YOUR_USER_ID,18731779753,hip-abduction,Hip Abduction Machine,15,97.5,,2,1743810404000,1754593066513,0
1689,,REPLACE_WITH_YOUR_USER_ID,18724533866,tricep-pushdown-bar,Tricep Pushdown (Bar),6,59.34.00,,3,1743747339000,1754593069407,0
1690,,REPLACE_WITH_YOUR_USER_ID,18731779753,hip-abduction,Hip Abduction Machine,15,93,,3,1743810780000,1754593066513,0
1691,,REPLACE_WITH_YOUR_USER_ID,18731779753,hip-adduction,Hip Adduction Machine,12,97.5,,1,1743810169000,1754593066513,0
1692,,REPLACE_WITH_YOUR_USER_ID,18731779753,hip-adduction,Hip Adduction Machine,15,97.5,,2,1743810489000,1754593066513,0
1693,,REPLACE_WITH_YOUR_USER_ID,18731779753,hip-adduction,Hip Adduction Machine,16,97.5,,3,1743811021000,1754593066513,0
1694,,REPLACE_WITH_YOUR_USER_ID,18713106398,lat-pulldown,Lat Pulldown,8,63.5,,1,1743631551000,1754593071815,0
1695,,REPLACE_WITH_YOUR_USER_ID,18713106398,lat-pulldown,Lat Pulldown,8,68.06.00,,2,1743631808000,1754593071815,0
1696,,REPLACE_WITH_YOUR_USER_ID,18713106398,lat-pulldown,Lat Pulldown,8,63.5,,3,1743632019000,1754593071815,0
1697,,REPLACE_WITH_YOUR_USER_ID,18713106398,lat-pulldown-close,Close-Grip Lat Pulldown,8,68.06.00,,1,1743632545000,1754593071815,0
1698,,REPLACE_WITH_YOUR_USER_ID,18713106398,lat-pulldown-close,Close-Grip Lat Pulldown,8,68.06.00,,2,1743632847000,1754593071815,0
1699,,REPLACE_WITH_YOUR_USER_ID,18713106398,lat-pulldown-close,Close-Grip Lat Pulldown,8,68.06.00,,3,1743633285000,1754593071815,0
1700,,REPLACE_WITH_YOUR_USER_ID,18713106398,bent-over-rear-delt-raise,Bent-Over Rear Delt Raise,8,34,,1,1743633558000,1754593071815,0
1701,,REPLACE_WITH_YOUR_USER_ID,18713106398,bent-over-rear-delt-raise,Bent-Over Rear Delt Raise,15,32.15.00,,2,1743633789000,1754593071815,0
1702,,REPLACE_WITH_YOUR_USER_ID,18713106398,bent-over-rear-delt-raise,Bent-Over Rear Delt Raise,13,34,,3,1743634451000,1754593071815,0
1703,,REPLACE_WITH_YOUR_USER_ID,18713106398,cable-row,Seated Cable Row,10,82.03.00,,1,1743634901000,1754593071815,0
1704,,REPLACE_WITH_YOUR_USER_ID,18713106398,cable-row,Seated Cable Row,15,82.03.00,,2,1743635366000,1754593071815,0
1705,,REPLACE_WITH_YOUR_USER_ID,18713106398,cable-row,Seated Cable Row,10,91.09.00,,3,1743635838000,1754593071815,0
1706,,REPLACE_WITH_YOUR_USER_ID,18713106398,ez-bar-curl,EZ-Bar Curl,7,50.28.00,,1,1743636728000,1754593071815,0
1707,,REPLACE_WITH_YOUR_USER_ID,18713106398,ez-bar-curl,EZ-Bar Curl,8,50.28.00,,2,1743637205000,1754593071815,0
1708,,REPLACE_WITH_YOUR_USER_ID,18713106398,cable-curl,Cable Curl,10,45.38.00,,1,1743637403000,1754593071815,0
1709,,REPLACE_WITH_YOUR_USER_ID,18713106398,cable-curl,Cable Curl,13,45.38.00,,2,1743637750000,1754593071815,0
1710,,REPLACE_WITH_YOUR_USER_ID,18713106398,cable-lateral-raise,Cable Lateral Raise,12,23.09,,1,1743637944000,1754593071815,0
1711,,REPLACE_WITH_YOUR_USER_ID,18713106398,cable-lateral-raise,Cable Lateral Raise,10,23.09,,2,1743638345000,1754593071815,0
1712,,REPLACE_WITH_YOUR_USER_ID,18713106398,cable-lateral-raise,Cable Lateral Raise,10,23.09,,3,1743638668000,1754593071815,0
1713,,REPLACE_WITH_YOUR_USER_ID,18713106398,cable-hammer-curl,Cable Hammer Curl,12,45.38.00,,1,1743638820000,1754593071815,0
1714,,REPLACE_WITH_YOUR_USER_ID,18713106398,cable-hammer-curl,Cable Hammer Curl,10,50.28.00,,2,1743639066000,1754593071815,0
1715,,REPLACE_WITH_YOUR_USER_ID,18713106398,cable-hammer-curl,Cable Hammer Curl,10,50.28.00,,3,1743639327000,1754593071815,0
1716,,REPLACE_WITH_YOUR_USER_ID,18694476491,dumbbell-deadlift,Dumbbell Deadlift,15,68.06.00,,1,1743477268000,1754593076524,0
1717,,REPLACE_WITH_YOUR_USER_ID,18704693670,machine-chest-press,Machine Chest Press,6,84.34.00,,1,1743566820000,1754593073691,0
1718,,REPLACE_WITH_YOUR_USER_ID,18694476491,dumbbell-deadlift,Dumbbell Deadlift,15,68.06.00,,2,1743477731000,1754593076524,0
1719,,REPLACE_WITH_YOUR_USER_ID,18704693670,machine-chest-press,Machine Chest Press,6,82.03.00,,2,1743567849000,1754593073691,0
1720,,REPLACE_WITH_YOUR_USER_ID,18694476491,dumbbell-deadlift,Dumbbell Deadlift,15,68.06.00,,3,1743478094000,1754593076524,0
1721,,REPLACE_WITH_YOUR_USER_ID,18704693670,cable-chest-press,Cable Chest Press,10,91.09.00,,1,1743567054000,1754593073691,0
1722,,REPLACE_WITH_YOUR_USER_ID,18694476491,hack-squat,Hack Squat Machine,6,97.5,,1,1743478441000,1754593076524,0
1723,,REPLACE_WITH_YOUR_USER_ID,18704693670,cable-chest-press,Cable Chest Press,6,102.06.00,,2,1743567378000,1754593073691,0
1724,,REPLACE_WITH_YOUR_USER_ID,18694476491,hack-squat,Hack Squat Machine,8,97.5,,2,1743478660000,1754593076524,0
1725,,REPLACE_WITH_YOUR_USER_ID,18704693670,smith-incline-bench-press,Incline Smith Machine Bench Press,5,70.31.00,,1,1743568300000,1754593073691,0
1726,,REPLACE_WITH_YOUR_USER_ID,18694476491,hack-squat,Hack Squat Machine,4,97.5,,3,1743478998000,1754593076524,0
1727,,REPLACE_WITH_YOUR_USER_ID,18704693670,smith-incline-bench-press,Incline Smith Machine Bench Press,4,70.31.00,,2,1743568558000,1754593073691,0
1728,,REPLACE_WITH_YOUR_USER_ID,18694476491,leg-press,Leg Press,8,113.38.00,,1,1743479609000,1754593076524,0
1729,,REPLACE_WITH_YOUR_USER_ID,18704693670,chest-dip,Chest Dip,8,<null>,,1,1743568894000,1754593073691,0
1730,,REPLACE_WITH_YOUR_USER_ID,18694476491,leg-press,Leg Press,12,113.38.00,,2,1743480036000,1754593076524,0
1731,,REPLACE_WITH_YOUR_USER_ID,18704693670,chest-dip,Chest Dip,8,<null>,,2,1743569235000,1754593073691,0
1732,,REPLACE_WITH_YOUR_USER_ID,18694476491,hip-abduction,Hip Abduction Machine,12,104.31.00,,1,1743481118000,1754593076524,0
1733,,REPLACE_WITH_YOUR_USER_ID,18704693670,tricep-pushdown-bar,Tricep Pushdown (Bar),8,59.34.00,,1,1743569499000,1754593073691,0
1734,,REPLACE_WITH_YOUR_USER_ID,18694476491,hip-abduction,Hip Abduction Machine,8,104.31.00,,2,1743481355000,1754593076524,0
1735,,REPLACE_WITH_YOUR_USER_ID,18704693670,tricep-pushdown-bar,Tricep Pushdown (Bar),8,59.34.00,,2,1743569716000,1754593073691,0
1736,,REPLACE_WITH_YOUR_USER_ID,18694476491,hip-abduction,Hip Abduction Machine,10,104.33.00,,3,1743481754000,1754593076524,0
1737,,REPLACE_WITH_YOUR_USER_ID,18704693670,pec-deck,Pec Deck Machine,8,77.13.00,,1,1743569994000,1754593073691,0
1738,,REPLACE_WITH_YOUR_USER_ID,18694476491,hip-adduction,Hip Adduction Machine,8,104.31.00,,1,1743482030000,1754593076524,0
1739,,REPLACE_WITH_YOUR_USER_ID,18704693670,pec-deck,Pec Deck Machine,9,77.13.00,,2,1743570220000,1754593073691,0
1740,,REPLACE_WITH_YOUR_USER_ID,18694476491,hip-adduction,Hip Adduction Machine,10,104.31.00,,2,1743482212000,1754593076524,0
1741,,REPLACE_WITH_YOUR_USER_ID,18704693670,overhead-tricep-ext-barbell,Overhead Tricep Extension (Barbell),10,25.34.00,,1,1743570487000,1754593073691,0
1742,,REPLACE_WITH_YOUR_USER_ID,18694476491,hip-adduction,Hip Adduction Machine,15,93,,3,1743482413000,1754593076524,0
1743,,REPLACE_WITH_YOUR_USER_ID,18704693670,overhead-tricep-ext-barbell,Overhead Tricep Extension (Barbell),12,27.19.00,,2,1743570897000,1754593073691,0
1744,,REPLACE_WITH_YOUR_USER_ID,18694476491,cable-kickback,Cable Glute Kickback,12,48.03.00,,1,1743482565000,1754593076524,0
1745,,REPLACE_WITH_YOUR_USER_ID,18704693670,close-grip-bench,Close-Grip Bench Press,7,84.34.00,,1,1743571349000,1754593073691,0
1746,,REPLACE_WITH_YOUR_USER_ID,18694476491,seated-calf-raise,Seated Calf Raise Machine,15,181.44.00,,1,1743482875000,1754593076524,0
1747,,REPLACE_WITH_YOUR_USER_ID,18704693670,close-grip-bench,Close-Grip Bench Press,6,84.34.00,,2,1743571681000,1754593073691,0
1748,,REPLACE_WITH_YOUR_USER_ID,18694476491,seated-calf-raise,Seated Calf Raise Machine,16,181.44.00,,2,1743483283000,1754593076524,0
1749,,REPLACE_WITH_YOUR_USER_ID,18694476491,seated-calf-raise,Seated Calf Raise Machine,20,181.44.00,,3,1743483597000,1754593076524,0
1750,,REPLACE_WITH_YOUR_USER_ID,18694476491,cable-lateral-raise,Cable Lateral Raise,12,20.44,,1,1743483742000,1754593076524,0
1751,,REPLACE_WITH_YOUR_USER_ID,18694476491,cable-lateral-raise,Cable Lateral Raise,12,20.44,,2,1743484167000,1754593076524,0
1752,,REPLACE_WITH_YOUR_USER_ID,18694476491,cable-lateral-raise,Cable Lateral Raise,12,20.44,,3,1743484623000,1754593076524,0
1753,,REPLACE_WITH_YOUR_USER_ID,18685064307,lat-pulldown-underhand,Reverse-Grip Lat Pulldown,12,72.56.00,,1,1743385184000,1754593081571,0
1754,,REPLACE_WITH_YOUR_USER_ID,18675411481,smith-incline-bench-press,Incline Smith Machine Bench Press,8,70.31.00,,1,1743306410000,1754593086530,0
1755,,REPLACE_WITH_YOUR_USER_ID,18685064307,lat-pulldown-underhand,Reverse-Grip Lat Pulldown,6,32.15.00,,2,1743387340000,1754593081571,0
1756,,REPLACE_WITH_YOUR_USER_ID,18675411481,smith-incline-bench-press,Incline Smith Machine Bench Press,7,70.31.00,,2,1743306840000,1754593086530,0
1757,,REPLACE_WITH_YOUR_USER_ID,18685064307,lat-pulldown,Lat Pulldown,8,84.34.00,,1,1743385714000,1754593081571,0
1758,,REPLACE_WITH_YOUR_USER_ID,18675411481,smith-incline-bench-press,Incline Smith Machine Bench Press,6,70.31.00,,3,1743307232000,1754593086530,0
1759,,REPLACE_WITH_YOUR_USER_ID,18685064307,lat-pulldown,Lat Pulldown,8,86.19.00,,2,1743386023000,1754593081571,0
1760,,REPLACE_WITH_YOUR_USER_ID,18675411481,pec-deck,Pec Deck Machine,8,79.38.00,,1,1743307544000,1754593086530,0
1761,,REPLACE_WITH_YOUR_USER_ID,18685064307,lat-pulldown,Lat Pulldown,8,86.19.00,,3,1743386399000,1754593081571,0
1762,,REPLACE_WITH_YOUR_USER_ID,18675411481,pec-deck,Pec Deck Machine,7,79.38.00,,2,1743307736000,1754593086530,0
1763,,REPLACE_WITH_YOUR_USER_ID,18685064307,lat-pulldown-close,Close-Grip Lat Pulldown,6,68.06.00,,1,1743386773000,1754593081571,0
1764,,REPLACE_WITH_YOUR_USER_ID,18675411481,pec-deck,Pec Deck Machine,8,79.38.00,,3,1743308068000,1754593086530,0
1765,,REPLACE_WITH_YOUR_USER_ID,18685064307,lat-pulldown-close,Close-Grip Lat Pulldown,6,68.06.00,,2,1743386969000,1754593081571,0
1766,,REPLACE_WITH_YOUR_USER_ID,18675411481,tricep-pushdown-bar,Tricep Pushdown (Bar),6,61.25.00,,1,1743308269000,1754593086530,0
1767,,REPLACE_WITH_YOUR_USER_ID,18685064307,cable-row,Seated Cable Row,10,86.19.00,,1,1743387935000,1754593081571,0
1768,,REPLACE_WITH_YOUR_USER_ID,18675411481,tricep-pushdown-bar,Tricep Pushdown (Bar),7,59.34.00,,2,1743308406000,1754593086530,0
1769,,REPLACE_WITH_YOUR_USER_ID,18685064307,cable-row,Seated Cable Row,6,91.09.00,,2,1743388206000,1754593081571,0
1770,,REPLACE_WITH_YOUR_USER_ID,18675411481,tricep-pushdown-bar,Tricep Pushdown (Bar),7,59.34.00,,3,1743308623000,1754593086530,0
1771,,REPLACE_WITH_YOUR_USER_ID,18685064307,barbell-row,Barbell Row,8,72.56.00,,1,1743389143000,1754593081571,0
1772,,REPLACE_WITH_YOUR_USER_ID,18675411481,cable-lateral-raise,Cable Lateral Raise,12,20.44,,1,1743308799000,1754593086530,0
1773,,REPLACE_WITH_YOUR_USER_ID,18685064307,barbell-row,Barbell Row,8,68.06.00,,2,1743389525000,1754593081571,0
1774,,REPLACE_WITH_YOUR_USER_ID,18675411481,cable-lateral-raise,Cable Lateral Raise,10,20.44,,2,1743309024000,1754593086530,0
1775,,REPLACE_WITH_YOUR_USER_ID,18685064307,barbell-row,Barbell Row,10,68.06.00,,3,1743389996000,1754593081571,0
1776,,REPLACE_WITH_YOUR_USER_ID,18675411481,cable-lateral-raise,Cable Lateral Raise,10,20.44,,3,1743309292000,1754593086530,0
1777,,REPLACE_WITH_YOUR_USER_ID,18685064307,bent-over-rear-delt-raise,Bent-Over Rear Delt Raise,10,38.56.00,,1,1743390296000,1754593081571,0
1778,,REPLACE_WITH_YOUR_USER_ID,18675411481,close-grip-bench,Close-Grip Bench Press,8,86.19.00,,1,1743309610000,1754593086530,0
1779,,REPLACE_WITH_YOUR_USER_ID,18685064307,bent-over-rear-delt-raise,Bent-Over Rear Delt Raise,8,38.56.00,,2,1743390540000,1754593081571,0
1780,,REPLACE_WITH_YOUR_USER_ID,18675411481,close-grip-bench,Close-Grip Bench Press,8,88.44.00,,2,1743309954000,1754593086530,0
1781,,REPLACE_WITH_YOUR_USER_ID,18685064307,bent-over-rear-delt-raise,Bent-Over Rear Delt Raise,10,34,,3,1743390776000,1754593081571,0
1782,,REPLACE_WITH_YOUR_USER_ID,18675411481,close-grip-bench,Close-Grip Bench Press,8,88.44.00,,3,1743310269000,1754593086530,0
1783,,REPLACE_WITH_YOUR_USER_ID,18685064307,machine-preacher-curl,Machine Preacher Curl,7,50.28.00,,1,1743392689000,1754593081571,0
1784,,REPLACE_WITH_YOUR_USER_ID,18675411481,weighted-crunch,Weighted Crunch,12,66.15.00,,1,1743310479000,1754593086530,0
1785,,REPLACE_WITH_YOUR_USER_ID,18685064307,machine-preacher-curl,Machine Preacher Curl,6,50.28.00,,2,1743393019000,1754593081571,0
1786,,REPLACE_WITH_YOUR_USER_ID,18675411481,weighted-crunch,Weighted Crunch,10,66.15.00,,2,1743310797000,1754593086530,0
1787,,REPLACE_WITH_YOUR_USER_ID,18685064307,machine-preacher-curl,Machine Preacher Curl,6,50.28.00,,3,1743393615000,1754593081571,0
1788,,REPLACE_WITH_YOUR_USER_ID,18675411481,weighted-crunch,Weighted Crunch,10,66.15.00,,3,1743311152000,1754593086530,0
1789,,REPLACE_WITH_YOUR_USER_ID,18685064307,cable-hammer-curl,Cable Hammer Curl,14,41.21.00,,1,1743393957000,1754593081571,0
1790,,REPLACE_WITH_YOUR_USER_ID,18675411481,hip-abduction,Hip Abduction Machine,20,93,,1,1743311275000,1754593086530,0
1791,,REPLACE_WITH_YOUR_USER_ID,18685064307,cable-hammer-curl,Cable Hammer Curl,12,45.38.00,,2,1743394303000,1754593081571,0
1792,,REPLACE_WITH_YOUR_USER_ID,18675411481,hip-abduction,Hip Abduction Machine,16,93,,2,1743312299000,1754593086530,0
1793,,REPLACE_WITH_YOUR_USER_ID,18685064307,cable-hammer-curl,Cable Hammer Curl,10,45.38.00,,3,1743394527000,1754593081571,0
1794,,REPLACE_WITH_YOUR_USER_ID,18675411481,hip-abduction,Hip Abduction Machine,20,93,,3,1743312624000,1754593086530,0
1795,,REPLACE_WITH_YOUR_USER_ID,18651725089,lying-leg-curl,Lying Leg Curl,10,97.5,,1,1743093453000,1754593093525,0
1796,,REPLACE_WITH_YOUR_USER_ID,18651725089,lying-leg-curl,Lying Leg Curl,10,102.06.00,,2,1743093637000,1754593093525,0
1797,,REPLACE_WITH_YOUR_USER_ID,18651725089,lying-leg-curl,Lying Leg Curl,8,102.06.00,,3,1743093850000,1754593093525,0
1798,,REPLACE_WITH_YOUR_USER_ID,18651725089,leg-extension,Leg Extension,12,97.5,,1,1743094015000,1754593093525,0
1799,,REPLACE_WITH_YOUR_USER_ID,18651725089,leg-extension,Leg Extension,10,97.5,,2,1743094389000,1754593093525,0
1800,,REPLACE_WITH_YOUR_USER_ID,18651725089,leg-extension,Leg Extension,10,97.5,,3,1743094605000,1754593093525,0
1801,,REPLACE_WITH_YOUR_USER_ID,18651725089,hip-abduction,Hip Abduction Machine,16,93,,1,1743094967000,1754593093525,0
1802,,REPLACE_WITH_YOUR_USER_ID,18651725089,hip-abduction,Hip Abduction Machine,15,93,,2,1743095205000,1754593093525,0
1803,,REPLACE_WITH_YOUR_USER_ID,18651725089,hip-adduction,Hip Adduction Machine,12,93,,1,1743095422000,1754593093525,0
1804,,REPLACE_WITH_YOUR_USER_ID,18651725089,hip-adduction,Hip Adduction Machine,16,93,,2,1743095586000,1754593093525,0
1805,,REPLACE_WITH_YOUR_USER_ID,18651725089,standing-calf-raise-bw,Standing Calf Raise (Bodyweight),12,186,,1,1743095883000,1754593093525,0
1806,,REPLACE_WITH_YOUR_USER_ID,18651725089,standing-calf-raise-bw,Standing Calf Raise (Bodyweight),12,186,,2,1743096133000,1754593093525,0
1807,,REPLACE_WITH_YOUR_USER_ID,18651725089,standing-calf-raise-bw,Standing Calf Raise (Bodyweight),20,186,,3,1743096356000,1754593093525,0
1808,,REPLACE_WITH_YOUR_USER_ID,18647002168,weighted-crunch,Weighted Crunch,8,66.15.00,,1,1743034772000,1754593099513,0
1809,,REPLACE_WITH_YOUR_USER_ID,18636955620,smith-incline-bench-press,Incline Smith Machine Bench Press,7,70.31.00,,1,1742948301000,1754593104513,0
1810,,REPLACE_WITH_YOUR_USER_ID,18647002168,lat-pulldown,Lat Pulldown,8,84.34.00,,1,1743035932000,1754593099513,0
1811,,REPLACE_WITH_YOUR_USER_ID,18636955620,smith-incline-bench-press,Incline Smith Machine Bench Press,6,70.31.00,,2,1742948710000,1754593104513,0
1812,,REPLACE_WITH_YOUR_USER_ID,18647002168,lat-pulldown,Lat Pulldown,8,84.34.00,,2,1743036235000,1754593099513,0
1813,,REPLACE_WITH_YOUR_USER_ID,18636955620,smith-incline-bench-press,Incline Smith Machine Bench Press,6,70.31.00,,3,1742949105000,1754593104513,0
1814,,REPLACE_WITH_YOUR_USER_ID,18647002168,lat-pulldown,Lat Pulldown,8,84.34.00,,3,1743036548000,1754593099513,0
1815,,REPLACE_WITH_YOUR_USER_ID,18636955620,machine-chest-press,Machine Chest Press,6,79.38.00,,1,1742949392000,1754593104513,0
1816,,REPLACE_WITH_YOUR_USER_ID,18647002168,cable-rear-delt-fly,Cable Rear Delt Fly,8,38.56.00,,1,1743036871000,1754593099513,0
1817,,REPLACE_WITH_YOUR_USER_ID,18636955620,machine-chest-press,Machine Chest Press,6,79.38.00,,2,1742949856000,1754593104513,0
1818,,REPLACE_WITH_YOUR_USER_ID,18647002168,cable-rear-delt-fly,Cable Rear Delt Fly,8,38.56.00,,2,1743037025000,1754593099513,0
1819,,REPLACE_WITH_YOUR_USER_ID,18636955620,machine-chest-press,Machine Chest Press,6,79.38.00,,3,1742950138000,1754593104513,0
1820,,REPLACE_WITH_YOUR_USER_ID,18647002168,cable-rear-delt-fly,Cable Rear Delt Fly,10,34,,3,1743037234000,1754593099513,0
1821,,REPLACE_WITH_YOUR_USER_ID,18636955620,pec-deck,Pec Deck Machine,8,75.21.00,,1,1742950289000,1754593104513,0
1822,,REPLACE_WITH_YOUR_USER_ID,18647002168,lat-pulldown-close,Close-Grip Lat Pulldown,10,61.25.00,,1,1743037486000,1754593099513,0
1823,,REPLACE_WITH_YOUR_USER_ID,18636955620,pec-deck,Pec Deck Machine,8,75.21.00,,2,1742950455000,1754593104513,0
1824,,REPLACE_WITH_YOUR_USER_ID,18647002168,lat-pulldown-close,Close-Grip Lat Pulldown,10,61.25.00,,2,1743037783000,1754593099513,0
1825,,REPLACE_WITH_YOUR_USER_ID,18636955620,pec-deck,Pec Deck Machine,9,75.21.00,,3,1742950695000,1754593104513,0
1826,,REPLACE_WITH_YOUR_USER_ID,18647002168,lat-pulldown-close,Close-Grip Lat Pulldown,8,61.25.00,,3,1743038001000,1754593099513,0
1827,,REPLACE_WITH_YOUR_USER_ID,18636955620,smith-ohp,Smith Machine Overhead Press,6,43.06.00,,1,1742950974000,1754593104513,0
1828,,REPLACE_WITH_YOUR_USER_ID,18647002168,cable-row,Seated Cable Row,8,70.31.00,,1,1743038240000,1754593099513,0
1829,,REPLACE_WITH_YOUR_USER_ID,18636955620,smith-ohp,Smith Machine Overhead Press,6,48.03.00,,2,1742951270000,1754593104513,0
1830,,REPLACE_WITH_YOUR_USER_ID,18647002168,cable-row,Seated Cable Row,8,70.31.00,,2,1743038492000,1754593099513,0
1831,,REPLACE_WITH_YOUR_USER_ID,18636955620,smith-ohp,Smith Machine Overhead Press,7,48.03.00,,3,1742951909000,1754593104513,0
1832,,REPLACE_WITH_YOUR_USER_ID,18647002168,cable-row,Seated Cable Row,10,66.15.00,,3,1743038819000,1754593099513,0
1833,,REPLACE_WITH_YOUR_USER_ID,18636955620,tricep-pushdown-bar,Tricep Pushdown (Bar),9,59.34.00,,1,1742952333000,1754593104513,0
1834,,REPLACE_WITH_YOUR_USER_ID,18647002168,cable-lateral-raise,Cable Lateral Raise,12,20.44,,1,1743039003000,1754593099513,0
1835,,REPLACE_WITH_YOUR_USER_ID,18636955620,tricep-pushdown-bar,Tricep Pushdown (Bar),8,61.25.00,,2,1742952665000,1754593104513,0
1836,,REPLACE_WITH_YOUR_USER_ID,18647002168,cable-lateral-raise,Cable Lateral Raise,12,20.44,,2,1743039283000,1754593099513,0
1837,,REPLACE_WITH_YOUR_USER_ID,18636955620,tricep-pushdown-bar,Tricep Pushdown (Bar),7,61.25.00,,3,1742952954000,1754593104513,0
1838,,REPLACE_WITH_YOUR_USER_ID,18647002168,cable-lateral-raise,Cable Lateral Raise,10,20.44,,3,1743039604000,1754593099513,0
1839,,REPLACE_WITH_YOUR_USER_ID,18636955620,close-grip-bench,Close-Grip Bench Press,10,84.34.00,,1,1742953469000,1754593104513,0
1840,,REPLACE_WITH_YOUR_USER_ID,18647002168,ez-bar-curl,EZ-Bar Curl,6,48.03.00,,1,1743039890000,1754593099513,0
1841,,REPLACE_WITH_YOUR_USER_ID,18636955620,close-grip-bench,Close-Grip Bench Press,7,88.44.00,,2,1742953675000,1754593104513,0
1842,,REPLACE_WITH_YOUR_USER_ID,18647002168,ez-bar-curl,EZ-Bar Curl,8,48.03.00,,2,1743040223000,1754593099513,0
1843,,REPLACE_WITH_YOUR_USER_ID,18636955620,close-grip-bench,Close-Grip Bench Press,7,88.44.00,,3,1742954192000,1754593104513,0
1844,,REPLACE_WITH_YOUR_USER_ID,18647002168,ez-bar-curl,EZ-Bar Curl,7,48.03.00,,3,1743040461000,1754593099513,0
1845,,REPLACE_WITH_YOUR_USER_ID,18647002168,cable-hammer-curl,Cable Hammer Curl,12,38.56.00,,1,1743040795000,1754593099513,0
1846,,REPLACE_WITH_YOUR_USER_ID,18647002168,cable-hammer-curl,Cable Hammer Curl,10,43.06.00,,2,1743041030000,1754593099513,0
1847,,REPLACE_WITH_YOUR_USER_ID,18647002168,cable-hammer-curl,Cable Hammer Curl,10,43.06.00,,3,1743041259000,1754593099513,0
1848,,REPLACE_WITH_YOUR_USER_ID,18647002168,reverse-curl,Reverse Barbell Curl,12,18.13,,1,1743041586000,1754593099513,0
1849,,REPLACE_WITH_YOUR_USER_ID,18647002168,reverse-curl,Reverse Barbell Curl,15,18.13,,2,1743041813000,1754593099513,0
1850,,REPLACE_WITH_YOUR_USER_ID,18647002168,reverse-curl,Reverse Barbell Curl,15,18.13,,3,1743042102000,1754593099513,0
1851,,REPLACE_WITH_YOUR_USER_ID,18627032601,dumbbell-deadlift,Dumbbell Deadlift,15,68.06.00,,1,1742861431000,1754593109518,0
1852,,REPLACE_WITH_YOUR_USER_ID,18627032601,dumbbell-deadlift,Dumbbell Deadlift,15,68.06.00,,2,1742861743000,1754593109518,0
1853,,REPLACE_WITH_YOUR_USER_ID,18627032601,dumbbell-deadlift,Dumbbell Deadlift,12,68.06.00,,3,1742862327000,1754593109518,0
1854,,REPLACE_WITH_YOUR_USER_ID,18627032601,lying-leg-curl,Lying Leg Curl,6,102.06.00,,1,1742862926000,1754593109518,0
1855,,REPLACE_WITH_YOUR_USER_ID,18627032601,lying-leg-curl,Lying Leg Curl,6,102.06.00,,2,1742863319000,1754593109518,0
1856,,REPLACE_WITH_YOUR_USER_ID,18627032601,lying-leg-curl,Lying Leg Curl,5,102.06.00,,3,1742863680000,1754593109518,0
1857,,REPLACE_WITH_YOUR_USER_ID,18627032601,hack-squat,Hack Squat Machine,8,88.44.00,,1,1742863875000,1754593109518,0
1858,,REPLACE_WITH_YOUR_USER_ID,18627032601,hack-squat,Hack Squat Machine,10,88.44.00,,2,1742864116000,1754593109518,0
1859,,REPLACE_WITH_YOUR_USER_ID,18627032601,hack-squat,Hack Squat Machine,8,88.44.00,,3,1742864403000,1754593109518,0
1860,,REPLACE_WITH_YOUR_USER_ID,18627032601,hip-abduction,Hip Abduction Machine,15,93,,1,1742864635000,1754593109518,0
1861,,REPLACE_WITH_YOUR_USER_ID,18627032601,hip-abduction,Hip Abduction Machine,20,93,,2,1742865183000,1754593109518,0
1862,,REPLACE_WITH_YOUR_USER_ID,18627032601,hip-abduction,Hip Abduction Machine,20,93,,3,1742865478000,1754593109518,0
1863,,REPLACE_WITH_YOUR_USER_ID,18627032601,hip-adduction,Hip Adduction Machine,20,93,,1,1742864713000,1754593109518,0
1864,,REPLACE_WITH_YOUR_USER_ID,18627032601,hip-adduction,Hip Adduction Machine,20,93,,2,1742865270000,1754593109518,0
1865,,REPLACE_WITH_YOUR_USER_ID,18627032601,hip-adduction,Hip Adduction Machine,24,93,,3,1742865759000,1754593109518,0
1866,,REPLACE_WITH_YOUR_USER_ID,18627032601,weighted-crunch,Weighted Crunch,12,61.25.00,,1,1742865953000,1754593109518,0
1867,,REPLACE_WITH_YOUR_USER_ID,18627032601,weighted-crunch,Weighted Crunch,10,66.15.00,,2,1742866217000,1754593109518,0
1868,,REPLACE_WITH_YOUR_USER_ID,18627032601,weighted-crunch,Weighted Crunch,8,66.15.00,,3,1742866504000,1754593109518,0
1869,,REPLACE_WITH_YOUR_USER_ID,18627032601,leg-extension,Leg Extension,15,88.44.00,,1,1742866742000,1754593109518,0
1870,,REPLACE_WITH_YOUR_USER_ID,18627032601,leg-extension,Leg Extension,12,88.44.00,,2,1742867008000,1754593109518,0
1871,,REPLACE_WITH_YOUR_USER_ID,18627032601,leg-extension,Leg Extension,15,88.44.00,,3,1742867345000,1754593109518,0
1872,,REPLACE_WITH_YOUR_USER_ID,18627032601,standing-calf-raise-machine,Standing Calf Raise Machine,16,188.25.00,,1,1742867523000,1754593109518,0
1873,,REPLACE_WITH_YOUR_USER_ID,18627032601,standing-calf-raise-machine,Standing Calf Raise Machine,20,170.13.00,,2,1742867783000,1754593109518,0
1874,,REPLACE_WITH_YOUR_USER_ID,18627032601,standing-calf-raise-machine,Standing Calf Raise Machine,24,170.13.00,,3,1742868071000,1754593109518,0
1875,,REPLACE_WITH_YOUR_USER_ID,18609114299,smith-incline-bench-press,Incline Smith Machine Bench Press,9,70.31.00,,1,1742700532000,1754593119515,0
1876,,REPLACE_WITH_YOUR_USER_ID,18616357178,pullup,Pull-Up,8,84.34.00,,1,1742760264000,1754593114519,0
1877,,REPLACE_WITH_YOUR_USER_ID,18609114299,smith-incline-bench-press,Incline Smith Machine Bench Press,6,70.31.00,,2,1742700847000,1754593119515,0
1878,,REPLACE_WITH_YOUR_USER_ID,18616357178,pullup,Pull-Up,8,63.5,,2,1742763142000,1754593114519,0
1879,,REPLACE_WITH_YOUR_USER_ID,18609114299,smith-incline-bench-press,Incline Smith Machine Bench Press,6,70.31.00,,3,1742701132000,1754593119515,0
1880,,REPLACE_WITH_YOUR_USER_ID,18616357178,barbell-bench-press,Barbell Bench Press,10,84.34.00,,1,1742760488000,1754593114519,0
1881,,REPLACE_WITH_YOUR_USER_ID,18609114299,chest-fly-machine,Chest Fly Machine,12,21.28,,1,1742701433000,1754593119515,0
1882,,REPLACE_WITH_YOUR_USER_ID,18616357178,barbell-bench-press,Barbell Bench Press,10,84.34.00,,2,1742760747000,1754593114519,0
1883,,REPLACE_WITH_YOUR_USER_ID,18609114299,chest-fly-machine,Chest Fly Machine,10,21.28,,2,1742701629000,1754593119515,0
1884,,REPLACE_WITH_YOUR_USER_ID,18616357178,barbell-bench-press,Barbell Bench Press,8,63.5,,3,1742762900000,1754593114519,0
1885,,REPLACE_WITH_YOUR_USER_ID,18609114299,pec-deck,Pec Deck Machine,9,75.21.00,,1,1742701878000,1754593119515,0
1886,,REPLACE_WITH_YOUR_USER_ID,18616357178,barbell-bench-press,Barbell Bench Press,8,63.5,,4,1742763444000,1754593114519,0
1887,,REPLACE_WITH_YOUR_USER_ID,18609114299,pec-deck,Pec Deck Machine,8,75.21.00,,2,1742702112000,1754593119515,0
1888,,REPLACE_WITH_YOUR_USER_ID,18616357178,unknown,UNKNOWN,8,70.31.00,,1,1742760909000,1754593114519,0
1889,,REPLACE_WITH_YOUR_USER_ID,18609114299,tricep-pushdown-bar,Tricep Pushdown (Bar),8,59.37.00,,1,1742702802000,1754593119515,0
1890,,REPLACE_WITH_YOUR_USER_ID,18616357178,unknown,UNKNOWN,10,70.31.00,,2,1742761526000,1754593114519,0
1891,,REPLACE_WITH_YOUR_USER_ID,18609114299,tricep-pushdown-bar,Tricep Pushdown (Bar),8,59.34.00,,2,1742703082000,1754593119515,0
1892,,REPLACE_WITH_YOUR_USER_ID,18616357178,unknown,UNKNOWN,8,23.09,,3,1742761725000,1754593114519,0
1893,,REPLACE_WITH_YOUR_USER_ID,18609114299,tricep-pushdown-bar,Tricep Pushdown (Bar),8,59.34.00,,3,1742703368000,1754593119515,0
1894,,REPLACE_WITH_YOUR_USER_ID,18616357178,unknown,UNKNOWN,10,20.44,,4,1742762332000,1754593114519,0
1895,,REPLACE_WITH_YOUR_USER_ID,18609114299,barbell-ohp,Barbell Overhead Press,12,61.25.00,,1,1742703549000,1754593119515,0
1896,,REPLACE_WITH_YOUR_USER_ID,18616357178,barbell-row,Barbell Row,10,70.31.00,,1,1742761334000,1754593114519,0
1897,,REPLACE_WITH_YOUR_USER_ID,18609114299,barbell-ohp,Barbell Overhead Press,10,61.25.00,,2,1742704024000,1754593119515,0
1898,,REPLACE_WITH_YOUR_USER_ID,18616357178,lateral-raise,Lateral Raise,10,20.44,,1,1742762025000,1754593114519,0
1899,,REPLACE_WITH_YOUR_USER_ID,18609114299,barbell-ohp,Barbell Overhead Press,10,61.25.00,,3,1742704312000,1754593119515,0
1900,,REPLACE_WITH_YOUR_USER_ID,18616357178,situp,Sit-Up,8,36.31.00,,1,1742763731000,1754593114519,0
1901,,REPLACE_WITH_YOUR_USER_ID,18609114299,close-grip-bench,Close-Grip Bench Press,6,84.34.00,,1,1742704742000,1754593119515,0
1902,,REPLACE_WITH_YOUR_USER_ID,18616357178,situp,Sit-Up,6,36.31.00,,2,1742763980000,1754593114519,0
1903,,REPLACE_WITH_YOUR_USER_ID,18609114299,close-grip-bench,Close-Grip Bench Press,8,84.34.00,,2,1742705081000,1754593119515,0
1904,,REPLACE_WITH_YOUR_USER_ID,18616357178,situp,Sit-Up,8,36.31.00,,3,1742764210000,1754593114519,0
1905,,REPLACE_WITH_YOUR_USER_ID,18609114299,close-grip-bench,Close-Grip Bench Press,8,84.34.00,,3,1742705420000,1754593119515,0
1906,,REPLACE_WITH_YOUR_USER_ID,18609114299,ez-bar-curl,EZ-Bar Curl,8,48.03.00,,1,1742705650000,1754593119515,0
1907,,REPLACE_WITH_YOUR_USER_ID,18609114299,ez-bar-curl,EZ-Bar Curl,8,48.03.00,,2,1742706048000,1754593119515,0
1908,,REPLACE_WITH_YOUR_USER_ID,18609114299,cable-hammer-curl,Cable Hammer Curl,15,41.21.00,,1,1742706477000,1754593119515,0
1909,,REPLACE_WITH_YOUR_USER_ID,18609114299,cable-hammer-curl,Cable Hammer Curl,10,45.38.00,,2,1742706739000,1754593119515,0
1910,,REPLACE_WITH_YOUR_USER_ID,18598713719,lat-pulldown,Lat Pulldown,8,82.03.00,,1,1742602067000,1754593124520,0
1911,,REPLACE_WITH_YOUR_USER_ID,18598713719,lat-pulldown,Lat Pulldown,10,82.03.00,,2,1742608986000,1754593124520,0
1912,,REPLACE_WITH_YOUR_USER_ID,18598713719,lat-pulldown,Lat Pulldown,10,82.03.00,,3,1742610058000,1754593124520,0
1913,,REPLACE_WITH_YOUR_USER_ID,18598713719,hack-squat,Hack Squat Machine,8,88.44.00,,1,1742602282000,1754593124520,0
1914,,REPLACE_WITH_YOUR_USER_ID,18598713719,hack-squat,Hack Squat Machine,7,88.44.00,,2,1742602546000,1754593124520,0
1915,,REPLACE_WITH_YOUR_USER_ID,18598713719,hack-squat,Hack Squat Machine,5,88.44.00,,3,1742602838000,1754593124520,0
1916,,REPLACE_WITH_YOUR_USER_ID,18598713719,lying-leg-curl,Lying Leg Curl,8,102.06.00,,1,1742603100000,1754593124520,0
1917,,REPLACE_WITH_YOUR_USER_ID,18598713719,lying-leg-curl,Lying Leg Curl,8,102.06.00,,2,1742603322000,1754593124520,0
1918,,REPLACE_WITH_YOUR_USER_ID,18598713719,lying-leg-curl,Lying Leg Curl,8,102.06.00,,3,1742603568000,1754593124520,0
1919,,REPLACE_WITH_YOUR_USER_ID,18598713719,leg-extension,Leg Extension,10,97.5,,1,1742603787000,1754593124520,0
1920,,REPLACE_WITH_YOUR_USER_ID,18598713719,leg-extension,Leg Extension,8,97.5,,2,1742604110000,1754593124520,0
1921,,REPLACE_WITH_YOUR_USER_ID,18598713719,leg-extension,Leg Extension,8,97.5,,3,1742604545000,1754593124520,0
1922,,REPLACE_WITH_YOUR_USER_ID,18598713719,hip-abduction,Hip Abduction Machine,12,93,,1,1742605008000,1754593124520,0
1923,,REPLACE_WITH_YOUR_USER_ID,18598713719,hip-abduction,Hip Abduction Machine,12,93,,2,1742605235000,1754593124520,0
1924,,REPLACE_WITH_YOUR_USER_ID,18598713719,hip-abduction,Hip Abduction Machine,15,93,,3,1742605462000,1754593124520,0
1925,,REPLACE_WITH_YOUR_USER_ID,18598713719,hip-adduction,Hip Adduction Machine,15,93,,1,1742605134000,1754593124520,0
1926,,REPLACE_WITH_YOUR_USER_ID,18598713719,hip-adduction,Hip Adduction Machine,16,93,,2,1742605750000,1754593124520,0
1927,,REPLACE_WITH_YOUR_USER_ID,18598713719,tricep-pushdown-bar,Tricep Pushdown (Bar),11,57.09.00,,1,1742606302000,1754593124520,0
1928,,REPLACE_WITH_YOUR_USER_ID,18598713719,tricep-pushdown-bar,Tricep Pushdown (Bar),10,57.09.00,,2,1742606470000,1754593124520,0
1929,,REPLACE_WITH_YOUR_USER_ID,18598713719,tricep-pushdown-bar,Tricep Pushdown (Bar),8,57.09.00,,3,1742606643000,1754593124520,0
1930,,REPLACE_WITH_YOUR_USER_ID,18598713719,ez-bar-curl,EZ-Bar Curl,8,48.03.00,,1,1742606912000,1754593124520,0
1931,,REPLACE_WITH_YOUR_USER_ID,18598713719,ez-bar-curl,EZ-Bar Curl,7,48.03.00,,2,1742607204000,1754593124520,0
1932,,REPLACE_WITH_YOUR_USER_ID,18598713719,ez-bar-curl,EZ-Bar Curl,7,48.03.00,,3,1742607737000,1754593124520,0
1933,,REPLACE_WITH_YOUR_USER_ID,18598713719,cable-lateral-raise,Cable Lateral Raise,8,23.09,,1,1742608207000,1754593124520,0
1934,,REPLACE_WITH_YOUR_USER_ID,18598713719,cable-lateral-raise,Cable Lateral Raise,8,23.09,,2,1742608478000,1754593124520,0
1935,,REPLACE_WITH_YOUR_USER_ID,18598713719,cable-lateral-raise,Cable Lateral Raise,10,20.44,,3,1742608741000,1754593124520,0
1936,,REPLACE_WITH_YOUR_USER_ID,18580446334,smith-incline-bench-press,Incline Smith Machine Bench Press,8,70.31.00,,1,1742429042000,1754593132796,0
1937,,REPLACE_WITH_YOUR_USER_ID,18580446334,smith-incline-bench-press,Incline Smith Machine Bench Press,6,70.31.00,,2,1742429470000,1754593132796,0
1938,,REPLACE_WITH_YOUR_USER_ID,18580446334,smith-incline-bench-press,Incline Smith Machine Bench Press,5,70.31.00,,3,1742429902000,1754593132796,0
1939,,REPLACE_WITH_YOUR_USER_ID,18580446334,pec-deck,Pec Deck Machine,9,72.57.00,,1,1742430326000,1754593132796,0
1940,,REPLACE_WITH_YOUR_USER_ID,18580446334,pec-deck,Pec Deck Machine,8,75.21.00,,2,1742430679000,1754593132796,0
1941,,REPLACE_WITH_YOUR_USER_ID,18580446334,pec-deck,Pec Deck Machine,8,75.21.00,,3,1742431067000,1754593132796,0
1942,,REPLACE_WITH_YOUR_USER_ID,18580446334,cable-lateral-raise,Cable Lateral Raise,10,20.44,,1,1742432000000,1754593132796,0
1943,,REPLACE_WITH_YOUR_USER_ID,18580446334,cable-lateral-raise,Cable Lateral Raise,8,20.44,,2,1742432179000,1754593132796,0
1944,,REPLACE_WITH_YOUR_USER_ID,18580446334,cable-lateral-raise,Cable Lateral Raise,8,20.44,,3,1742432539000,1754593132796,0
1945,,REPLACE_WITH_YOUR_USER_ID,18580446334,lat-pulldown,Lat Pulldown,10,61.25.00,,1,1742432787000,1754593132796,0
1946,,REPLACE_WITH_YOUR_USER_ID,18580446334,lat-pulldown,Lat Pulldown,8,63.5,,2,1742432995000,1754593132796,0
1947,,REPLACE_WITH_YOUR_USER_ID,18580446334,lat-pulldown,Lat Pulldown,8,63.5,,3,1742433168000,1754593132796,0
1948,,REPLACE_WITH_YOUR_USER_ID,18580446334,cable-row,Seated Cable Row,10,63.5,,1,1742433438000,1754593132796,0
1949,,REPLACE_WITH_YOUR_USER_ID,18580446334,cable-row,Seated Cable Row,10,63.5,,2,1742433607000,1754593132796,0
1950,,REPLACE_WITH_YOUR_USER_ID,18580446334,cable-row,Seated Cable Row,10,63.5,,3,1742433820000,1754593132796,0
1951,,REPLACE_WITH_YOUR_USER_ID,18580446334,bent-over-rear-delt-raise,Bent-Over Rear Delt Raise,8,36.31.00,,1,1742434160000,1754593132796,0
1952,,REPLACE_WITH_YOUR_USER_ID,18580446334,bent-over-rear-delt-raise,Bent-Over Rear Delt Raise,8,36.31.00,,2,1742434322000,1754593132796,0
1953,,REPLACE_WITH_YOUR_USER_ID,18580446334,bent-over-rear-delt-raise,Bent-Over Rear Delt Raise,8,36.31.00,,3,1742434520000,1754593132796,0
1954,,REPLACE_WITH_YOUR_USER_ID,18580446334,ez-bar-curl,EZ-Bar Curl,8,45.38.00,,1,1742434758000,1754593132796,0
1955,,REPLACE_WITH_YOUR_USER_ID,18580446334,ez-bar-curl,EZ-Bar Curl,6,45.38.00,,2,1742434974000,1754593132796,0
1956,,REPLACE_WITH_YOUR_USER_ID,18580446334,ez-bar-curl,EZ-Bar Curl,7,45.38.00,,3,1742435253000,1754593132796,0
1957,,REPLACE_WITH_YOUR_USER_ID,18580446334,cable-hammer-curl,Cable Hammer Curl,14,38.56.00,,1,1742435796000,1754593132796,0
1958,,REPLACE_WITH_YOUR_USER_ID,18580446334,cable-hammer-curl,Cable Hammer Curl,12,38.56.00,,2,1742436001000,1754593132796,0
1959,,REPLACE_WITH_YOUR_USER_ID,18580446334,cable-hammer-curl,Cable Hammer Curl,12,38.56.00,,3,1742436199000,1754593132796,0
1960,,REPLACE_WITH_YOUR_USER_ID,18570753387,unknown,UNKNOWN,10,143.28.00,,1,1742342329000,1754593141513,0
1961,,REPLACE_WITH_YOUR_USER_ID,18560747789,smith-incline-bench-press,Incline Smith Machine Bench Press,7,70.31.00,,1,1742256547000,1754593146512,0
1962,,REPLACE_WITH_YOUR_USER_ID,18570753387,unknown,UNKNOWN,10,161,,2,1742342991000,1754593141513,0
1963,,REPLACE_WITH_YOUR_USER_ID,18560747789,smith-incline-bench-press,Incline Smith Machine Bench Press,7,70.31.00,,2,1742256935000,1754593146512,0
1964,,REPLACE_WITH_YOUR_USER_ID,18570753387,unknown,UNKNOWN,8,184.09.00,,3,1742343510000,1754593141513,0
1965,,REPLACE_WITH_YOUR_USER_ID,18560747789,smith-incline-bench-press,Incline Smith Machine Bench Press,5,70.31.00,,3,1742257188000,1754593146512,0
1966,,REPLACE_WITH_YOUR_USER_ID,18570753387,unknown,UNKNOWN,12,97.5,,4,1742344989000,1754593141513,0
1967,,REPLACE_WITH_YOUR_USER_ID,18560747789,chest-fly-machine,Chest Fly Machine,10,11.56,,1,1742257491000,1754593146512,0
1968,,REPLACE_WITH_YOUR_USER_ID,18570753387,unknown,UNKNOWN,12,97.5,,5,1742345880000,1754593141513,0
1969,,REPLACE_WITH_YOUR_USER_ID,18560747789,chest-fly-machine,Chest Fly Machine,10,23.13,,2,1742257716000,1754593146512,0
1970,,REPLACE_WITH_YOUR_USER_ID,18570753387,unknown,UNKNOWN,15,97.5,,6,1742346367000,1754593141513,0
1971,,REPLACE_WITH_YOUR_USER_ID,18560747789,pec-deck,Pec Deck Machine,8,72.56.00,,1,1742257910000,1754593146512,0
1972,,REPLACE_WITH_YOUR_USER_ID,18570753387,unknown,UNKNOWN,15,93,,7,1742346724000,1754593141513,0
1973,,REPLACE_WITH_YOUR_USER_ID,18560747789,pec-deck,Pec Deck Machine,8,72.56.00,,2,1742258434000,1754593146512,0
1974,,REPLACE_WITH_YOUR_USER_ID,18570753387,unknown,UNKNOWN,15,93,,8,1742346860000,1754593141513,0
1975,,REPLACE_WITH_YOUR_USER_ID,18560747789,barbell-ohp,Barbell Overhead Press,8,66.15.00,,1,1742258169000,1754593146512,0
1976,,REPLACE_WITH_YOUR_USER_ID,18570753387,unknown,UNKNOWN,12,93,,9,1742347105000,1754593141513,0
1977,,REPLACE_WITH_YOUR_USER_ID,18560747789,barbell-ohp,Barbell Overhead Press,10,66.15.00,,2,1742258690000,1754593146512,0
1978,,REPLACE_WITH_YOUR_USER_ID,18570753387,unknown,UNKNOWN,12,93,,10,1742348201000,1754593141513,0
1979,,REPLACE_WITH_YOUR_USER_ID,18560747789,barbell-ohp,Barbell Overhead Press,10,68.06.00,,3,1742259109000,1754593146512,0
1980,,REPLACE_WITH_YOUR_USER_ID,18570753387,unknown,UNKNOWN,8,111.13.00,,11,1742348980000,1754593141513,0
1981,,REPLACE_WITH_YOUR_USER_ID,18560747789,tricep-pushdown-bar,Tricep Pushdown (Bar),10,57.09.00,,1,1742259722000,1754593146512,0
1982,,REPLACE_WITH_YOUR_USER_ID,18570753387,unknown,UNKNOWN,6,111.13.00,,12,1742349388000,1754593141513,0
1983,,REPLACE_WITH_YOUR_USER_ID,18560747789,tricep-pushdown-bar,Tricep Pushdown (Bar),10,57.09.00,,2,1742260060000,1754593146512,0
1984,,REPLACE_WITH_YOUR_USER_ID,18570753387,unknown,UNKNOWN,12,102.06.00,,13,1742349729000,1754593141513,0
1985,,REPLACE_WITH_YOUR_USER_ID,18560747789,tricep-pushdown-bar,Tricep Pushdown (Bar),10,57.09.00,,3,1742260460000,1754593146512,0
1986,,REPLACE_WITH_YOUR_USER_ID,18570753387,unknown,UNKNOWN,32,145.13.00,,14,1742349984000,1754593141513,0
1987,,REPLACE_WITH_YOUR_USER_ID,18560747789,overhead-tricep-ext-db,Overhead Tricep Extension (Dumbbell),8,41.21.00,,1,1742260819000,1754593146512,0
1988,,REPLACE_WITH_YOUR_USER_ID,18570753387,unknown,UNKNOWN,0,<null>,,15,1742350122000,1754593141513,0
1989,,REPLACE_WITH_YOUR_USER_ID,18560747789,overhead-tricep-ext-db,Overhead Tricep Extension (Dumbbell),8,41.21.00,,2,1742261176000,1754593146512,0
1990,,REPLACE_WITH_YOUR_USER_ID,18570753387,unknown,UNKNOWN,20,181.44.00,,16,1742350288000,1754593141513,0
1991,,REPLACE_WITH_YOUR_USER_ID,18560747789,overhead-tricep-ext-db,Overhead Tricep Extension (Dumbbell),8,41.21.00,,3,1742261438000,1754593146512,0
1992,,REPLACE_WITH_YOUR_USER_ID,18560747789,cable-curl,Cable Curl,10,45.38.00,,1,1742261704000,1754593146512,0
1993,,REPLACE_WITH_YOUR_USER_ID,18560747789,cable-curl,Cable Curl,10,50.28.00,,2,1742261943000,1754593146512,0
1994,,REPLACE_WITH_YOUR_USER_ID,18560747789,cable-hammer-curl,Cable Hammer Curl,8,45.38.00,,1,1742262349000,1754593146512,0
1995,,REPLACE_WITH_YOUR_USER_ID,18560747789,cable-hammer-curl,Cable Hammer Curl,15,41.21.00,,2,1742262641000,1754593146512,0
1996,,REPLACE_WITH_YOUR_USER_ID,18552787858,bent-over-rear-delt-raise,Bent-Over Rear Delt Raise,8,36.31.00,,1,1742180341000,1754593151520,0
1997,,REPLACE_WITH_YOUR_USER_ID,18542192392,lat-pulldown,Lat Pulldown,12,79.38.00,,1,1742079973000,1754593156516,0
1998,,REPLACE_WITH_YOUR_USER_ID,18552787858,bent-over-rear-delt-raise,Bent-Over Rear Delt Raise,12,32.15.00,,2,1742180589000,1754593151520,0
1999,,REPLACE_WITH_YOUR_USER_ID,18542192392,lat-pulldown,Lat Pulldown,10,79.38.00,,2,1742080144000,1754593156516,0
2000,,REPLACE_WITH_YOUR_USER_ID,18552787858,bent-over-rear-delt-raise,Bent-Over Rear Delt Raise,10,34,,3,1742180843000,1754593151520,0
2001,,REPLACE_WITH_YOUR_USER_ID,18542192392,lat-pulldown,Lat Pulldown,10,79.38.00,,3,1742080348000,1754593156516,0
2002,,REPLACE_WITH_YOUR_USER_ID,18552787858,dumbbell-deadlift,Dumbbell Deadlift,10,68.06.00,,1,1742182152000,1754593151520,0
2003,,REPLACE_WITH_YOUR_USER_ID,18542192392,barbell-row,Barbell Row,8,68.06.00,,1,1742080537000,1754593156516,0
2004,,REPLACE_WITH_YOUR_USER_ID,18552787858,dumbbell-deadlift,Dumbbell Deadlift,12,68.06.00,,2,1742182542000,1754593151520,0
2005,,REPLACE_WITH_YOUR_USER_ID,18542192392,barbell-row,Barbell Row,10,68.06.00,,2,1742080774000,1754593156516,0
2006,,REPLACE_WITH_YOUR_USER_ID,18552787858,dumbbell-deadlift,Dumbbell Deadlift,12,68.06.00,,3,1742183054000,1754593151520,0
2007,,REPLACE_WITH_YOUR_USER_ID,18542192392,cable-row,Seated Cable Row,10,63.5,,1,1742080993000,1754593156516,0
2008,,REPLACE_WITH_YOUR_USER_ID,18552787858,weighted-crunch,Weighted Crunch,6,63.5,,1,1742183840000,1754593151520,0
2009,,REPLACE_WITH_YOUR_USER_ID,18542192392,cable-row,Seated Cable Row,12,57.09.00,,2,1742081175000,1754593156516,0
2010,,REPLACE_WITH_YOUR_USER_ID,18552787858,weighted-crunch,Weighted Crunch,8,59.34.00,,2,1742184278000,1754593151520,0
2011,,REPLACE_WITH_YOUR_USER_ID,18542192392,cable-row,Seated Cable Row,12,57.09.00,,3,1742081377000,1754593156516,0
2012,,REPLACE_WITH_YOUR_USER_ID,18552787858,weighted-crunch,Weighted Crunch,10,59.34.00,,3,1742185131000,1754593151520,0
2013,,REPLACE_WITH_YOUR_USER_ID,18542192392,cable-lateral-raise,Cable Lateral Raise,12,20.44,,1,1742081672000,1754593156516,0
2014,,REPLACE_WITH_YOUR_USER_ID,18542192392,cable-lateral-raise,Cable Lateral Raise,8,20.44,,2,1742081910000,1754593156516,0
2015,,REPLACE_WITH_YOUR_USER_ID,18542192392,cable-lateral-raise,Cable Lateral Raise,10,20.44,,3,1742082138000,1754593156516,0
2016,,REPLACE_WITH_YOUR_USER_ID,18542192392,ez-bar-curl,EZ-Bar Curl,6,45.38.00,,1,1742082407000,1754593156516,0
2017,,REPLACE_WITH_YOUR_USER_ID,18542192392,ez-bar-curl,EZ-Bar Curl,6,45.38.00,,2,1742082692000,1754593156516,0
2018,,REPLACE_WITH_YOUR_USER_ID,18542192392,ez-bar-curl,EZ-Bar Curl,6,43.06.00,,3,1742083012000,1754593156516,0
2019,,REPLACE_WITH_YOUR_USER_ID,18542192392,cable-hammer-curl,Cable Hammer Curl,8,41.21.00,,1,1742083312000,1754593156516,0
2020,,REPLACE_WITH_YOUR_USER_ID,18542192392,cable-hammer-curl,Cable Hammer Curl,8,41.21.00,,2,1742083698000,1754593156516,0
2021,,REPLACE_WITH_YOUR_USER_ID,18542192392,cable-hammer-curl,Cable Hammer Curl,10,41.21.00,,3,1742084077000,1754593156516,0
2022,,REPLACE_WITH_YOUR_USER_ID,18542192392,reverse-curl,Reverse Barbell Curl,12,18.13,,1,1742084289000,1754593156516,0
2023,,REPLACE_WITH_YOUR_USER_ID,18542192392,reverse-curl,Reverse Barbell Curl,15,18.13,,2,1742084549000,1754593156516,0
2024,,REPLACE_WITH_YOUR_USER_ID,18542192392,reverse-curl,Reverse Barbell Curl,15,18.13,,3,1742084754000,1754593156516,0
2025,,REPLACE_WITH_YOUR_USER_ID,18529779724,smith-incline-bench-press,Incline Smith Machine Bench Press,8,70.31.00,,1,1741971311000,1754593161514,0
2026,,REPLACE_WITH_YOUR_USER_ID,18529779724,smith-incline-bench-press,Incline Smith Machine Bench Press,6,70.31.00,,2,1741971529000,1754593161514,0
2027,,REPLACE_WITH_YOUR_USER_ID,18529779724,smith-incline-bench-press,Incline Smith Machine Bench Press,6,70.31.00,,3,1741971837000,1754593161514,0
2028,,REPLACE_WITH_YOUR_USER_ID,18529779724,pec-deck,Pec Deck Machine,10,72.56.00,,1,1741972060000,1754593161514,0
2029,,REPLACE_WITH_YOUR_USER_ID,18529779724,pec-deck,Pec Deck Machine,8,72.56.00,,2,1741972336000,1754593161514,0
2030,,REPLACE_WITH_YOUR_USER_ID,18529779724,pec-deck,Pec Deck Machine,10,72.56.00,,3,1741972714000,1754593161514,0
2031,,REPLACE_WITH_YOUR_USER_ID,18529779724,barbell-ohp,Barbell Overhead Press,8,59.34.00,,1,1741972970000,1754593161514,0
2032,,REPLACE_WITH_YOUR_USER_ID,18529779724,barbell-ohp,Barbell Overhead Press,10,59.34.00,,2,1741973428000,1754593161514,0
2033,,REPLACE_WITH_YOUR_USER_ID,18529779724,barbell-ohp,Barbell Overhead Press,8,61.25.00,,3,1741973767000,1754593161514,0
2034,,REPLACE_WITH_YOUR_USER_ID,18529779724,tricep-pushdown-bar,Tricep Pushdown (Bar),10,54.44.00,,1,1741974041000,1754593161514,0
2035,,REPLACE_WITH_YOUR_USER_ID,18529779724,tricep-pushdown-bar,Tricep Pushdown (Bar),8,59.34.00,,2,1741974301000,1754593161514,0
2036,,REPLACE_WITH_YOUR_USER_ID,18529779724,tricep-pushdown-bar,Tricep Pushdown (Bar),8,59.34.00,,3,1741974610000,1754593161514,0
2037,,REPLACE_WITH_YOUR_USER_ID,18529779724,close-grip-bench,Close-Grip Bench Press,6,82.03.00,,1,1741974812000,1754593161514,0
2038,,REPLACE_WITH_YOUR_USER_ID,18529779724,close-grip-bench,Close-Grip Bench Press,6,82.03.00,,2,1741975057000,1754593161514,0
2039,,REPLACE_WITH_YOUR_USER_ID,18529779724,close-grip-bench,Close-Grip Bench Press,7,82.03.00,,3,1741975403000,1754593161514,0
2040,,REPLACE_WITH_YOUR_USER_ID,18516317604,hip-adduction,Hip Adduction Machine,15,91.09.00,,1,1741827593000,1754593172514,0
2041,,REPLACE_WITH_YOUR_USER_ID,18524780268,lat-pulldown,Lat Pulldown,15,79.38.00,,1,1741910623000,1754593167685,0
2042,,REPLACE_WITH_YOUR_USER_ID,18516317604,hip-adduction,Hip Adduction Machine,15,91.09.00,,2,1741827787000,1754593172514,0
2043,,REPLACE_WITH_YOUR_USER_ID,18524780268,lat-pulldown,Lat Pulldown,12,79.38.00,,2,1741910832000,1754593167685,0
2044,,REPLACE_WITH_YOUR_USER_ID,18516317604,hip-abduction,Hip Abduction Machine,15,93,,1,1741827981000,1754593172514,0
2045,,REPLACE_WITH_YOUR_USER_ID,18524780268,lat-pulldown,Lat Pulldown,12,79.38.00,,3,1741911199000,1754593167685,0
2046,,REPLACE_WITH_YOUR_USER_ID,18516317604,hip-abduction,Hip Abduction Machine,15,93,,2,1741828158000,1754593172514,0
2047,,REPLACE_WITH_YOUR_USER_ID,18524780268,bent-over-rear-delt-raise,Bent-Over Rear Delt Raise,8,36.31.00,,1,1741911407000,1754593167685,0
2048,,REPLACE_WITH_YOUR_USER_ID,18516317604,dumbbell-deadlift,Dumbbell Deadlift,15,68.06.00,,1,1741828433000,1754593172514,0
2049,,REPLACE_WITH_YOUR_USER_ID,18524780268,bent-over-rear-delt-raise,Bent-Over Rear Delt Raise,10,36.31.00,,2,1741911681000,1754593167685,0
2050,,REPLACE_WITH_YOUR_USER_ID,18516317604,dumbbell-deadlift,Dumbbell Deadlift,12,68.06.00,,2,1741828624000,1754593172514,0
2051,,REPLACE_WITH_YOUR_USER_ID,18524780268,bent-over-rear-delt-raise,Bent-Over Rear Delt Raise,10,36.31.00,,3,1741912005000,1754593167685,0
2052,,REPLACE_WITH_YOUR_USER_ID,18516317604,dumbbell-deadlift,Dumbbell Deadlift,15,68.06.00,,3,1741828850000,1754593172514,0
2053,,REPLACE_WITH_YOUR_USER_ID,18524780268,cable-lateral-raise,Cable Lateral Raise,12,20.44,,1,1741912152000,1754593167685,0
2054,,REPLACE_WITH_YOUR_USER_ID,18516317604,hack-squat,Hack Squat Machine,8,88.44.00,,1,1741829162000,1754593172514,0
2055,,REPLACE_WITH_YOUR_USER_ID,18524780268,cable-lateral-raise,Cable Lateral Raise,12,20.44,,2,1741912552000,1754593167685,0
2056,,REPLACE_WITH_YOUR_USER_ID,18516317604,hack-squat,Hack Squat Machine,8,88.44.00,,2,1741829481000,1754593172514,0
2057,,REPLACE_WITH_YOUR_USER_ID,18524780268,cable-lateral-raise,Cable Lateral Raise,12,20.44,,3,1741913158000,1754593167685,0
2058,,REPLACE_WITH_YOUR_USER_ID,18516317604,hack-squat,Hack Squat Machine,6,88.44.00,,3,1741830024000,1754593172514,0
2059,,REPLACE_WITH_YOUR_USER_ID,18524780268,barbell-row,Barbell Row,10,68.06.00,,1,1741913933000,1754593167685,0
2060,,REPLACE_WITH_YOUR_USER_ID,18516317604,standing-calf-raise-bw,Standing Calf Raise (Bodyweight),25,136.06.00,,1,1741830221000,1754593172514,0
2061,,REPLACE_WITH_YOUR_USER_ID,18524780268,barbell-row,Barbell Row,10,68.06.00,,2,1741914351000,1754593167685,0
2062,,REPLACE_WITH_YOUR_USER_ID,18516317604,standing-calf-raise-bw,Standing Calf Raise (Bodyweight),10,168.21.00,,2,1741830480000,1754593172514,0
2063,,REPLACE_WITH_YOUR_USER_ID,18524780268,barbell-row,Barbell Row,12,68.06.00,,3,1741914691000,1754593167685,0
2064,,REPLACE_WITH_YOUR_USER_ID,18516317604,standing-calf-raise-bw,Standing Calf Raise (Bodyweight),16,168.21.00,,3,1741830744000,1754593172514,0
2065,,REPLACE_WITH_YOUR_USER_ID,18516317604,lying-leg-curl,Lying Leg Curl,6,91.09.00,,1,1741831082000,1754593172514,0
2066,,REPLACE_WITH_YOUR_USER_ID,18516317604,lying-leg-curl,Lying Leg Curl,8,97.5,,2,1741831402000,1754593172514,0
2067,,REPLACE_WITH_YOUR_USER_ID,18516317604,lying-leg-curl,Lying Leg Curl,6,97.5,,3,1741831729000,1754593172514,0
2068,,REPLACE_WITH_YOUR_USER_ID,18516317604,leg-extension,Leg Extension,10,91.09.00,,1,1741832197000,1754593172514,0
2069,,REPLACE_WITH_YOUR_USER_ID,18516317604,leg-extension,Leg Extension,12,91.09.00,,2,1741832497000,1754593172514,0
2070,,REPLACE_WITH_YOUR_USER_ID,18516317604,leg-extension,Leg Extension,12,91.09.00,,3,1741832818000,1754593172514,0
2071,,REPLACE_WITH_YOUR_USER_ID,18516317604,cable-hammer-curl,Cable Hammer Curl,16,36.31.00,,1,1741832986000,1754593172514,0
2072,,REPLACE_WITH_YOUR_USER_ID,18516317604,cable-hammer-curl,Cable Hammer Curl,10,41.21.00,,2,1741833178000,1754593172514,0
2073,,REPLACE_WITH_YOUR_USER_ID,18516317604,cable-hammer-curl,Cable Hammer Curl,10,41.21.00,,3,1741833343000,1754593172514,0
2074,,REPLACE_WITH_YOUR_USER_ID,18506839092,cable-lateral-raise,Cable Lateral Raise,12,20.44,,1,1741737531000,1754593176083,0
2075,,REPLACE_WITH_YOUR_USER_ID,18506839092,cable-lateral-raise,Cable Lateral Raise,12,20.44,,2,1741738034000,1754593176083,0
2076,,REPLACE_WITH_YOUR_USER_ID,18506839092,cable-lateral-raise,Cable Lateral Raise,12,20.44,,3,1741738511000,1754593176083,0
2077,,REPLACE_WITH_YOUR_USER_ID,18506839092,weighted-crunch,Weighted Crunch,12,61.25.00,,1,1741738929000,1754593176083,0
2078,,REPLACE_WITH_YOUR_USER_ID,18506839092,weighted-crunch,Weighted Crunch,10,61.25.00,,2,1741739300000,1754593176083,0
2079,,REPLACE_WITH_YOUR_USER_ID,18506839092,weighted-crunch,Weighted Crunch,10,61.25.00,,3,1741739838000,1754593176083,0
2080,,REPLACE_WITH_YOUR_USER_ID,18506839092,barbell-row,Barbell Row,10,68.04.00,,1,1741740337000,1754593176083,0
2081,,REPLACE_WITH_YOUR_USER_ID,18506839092,barbell-row,Barbell Row,10,68.06.00,,2,1741740547000,1754593176083,0
2082,,REPLACE_WITH_YOUR_USER_ID,18506839092,barbell-row,Barbell Row,10,68.06.00,,3,1741740865000,1754593176083,0
2083,,REPLACE_WITH_YOUR_USER_ID,18506839092,overhead-cable-tricep,Overhead Cable Tricep Extension,10,45.38.00,,1,1741741110000,1754593176083,0
2084,,REPLACE_WITH_YOUR_USER_ID,18506839092,close-grip-bench,Close-Grip Bench Press,10,84.34.00,,1,1741741312000,1754593176083,0
2085,,REPLACE_WITH_YOUR_USER_ID,18506839092,close-grip-bench,Close-Grip Bench Press,8,84.34.00,,2,1741741595000,1754593176083,0
2086,,REPLACE_WITH_YOUR_USER_ID,18506839092,close-grip-bench,Close-Grip Bench Press,10,84.34.00,,3,1741742096000,1754593176083,0
2087,,REPLACE_WITH_YOUR_USER_ID,18506839092,lat-pulldown,Lat Pulldown,10,79.38.00,,1,1741742608000,1754593176083,0
2088,,REPLACE_WITH_YOUR_USER_ID,18506839092,lat-pulldown,Lat Pulldown,10,75.21.00,,2,1741743453000,1754593176083,0
2089,,REPLACE_WITH_YOUR_USER_ID,18506839092,lat-pulldown,Lat Pulldown,10,75.21.00,,3,1741744346000,1754593176083,0
2090,,REPLACE_WITH_YOUR_USER_ID,18506839092,ez-bar-curl,EZ-Bar Curl,8,48.03.00,,1,1741745057000,1754593176083,0
2091,,REPLACE_WITH_YOUR_USER_ID,18506839092,ez-bar-curl,EZ-Bar Curl,6,48.03.00,,2,1741745349000,1754593176083,0
2092,,REPLACE_WITH_YOUR_USER_ID,18506839092,ez-bar-curl,EZ-Bar Curl,8,45.38.00,,3,1741745740000,1754593176083,0
2093,,REPLACE_WITH_YOUR_USER_ID,18506839092,cable-hammer-curl,Cable Hammer Curl,15,36.31.00,,1,1741746057000,1754593176083,0
2094,,REPLACE_WITH_YOUR_USER_ID,18506839092,cable-hammer-curl,Cable Hammer Curl,12,36.31.00,,2,1741746248000,1754593176083,0
2095,,REPLACE_WITH_YOUR_USER_ID,18506839092,cable-hammer-curl,Cable Hammer Curl,12,36.31.00,,3,1741746448000,1754593176083,0
2096,,REPLACE_WITH_YOUR_USER_ID,18496742736,smith-incline-bench-press,Incline Smith Machine Bench Press,7,70.31.00,,1,1741651655000,1754593178660,0
2097,,REPLACE_WITH_YOUR_USER_ID,18496742736,smith-incline-bench-press,Incline Smith Machine Bench Press,5,70.31.00,,2,1741651891000,1754593178660,0
2098,,REPLACE_WITH_YOUR_USER_ID,18496742736,smith-incline-bench-press,Incline Smith Machine Bench Press,7,68.06.00,,3,1741652301000,1754593178660,0
2099,,REPLACE_WITH_YOUR_USER_ID,18496742736,pec-deck,Pec Deck Machine,7,77.13.00,,1,1741652498000,1754593178660,0
2100,,REPLACE_WITH_YOUR_USER_ID,18496742736,pec-deck,Pec Deck Machine,8,75.21.00,,2,1741652720000,1754593178660,0
2101,,REPLACE_WITH_YOUR_USER_ID,18496742736,pec-deck,Pec Deck Machine,8,75.21.00,,3,1741652953000,1754593178660,0
2102,,REPLACE_WITH_YOUR_USER_ID,18496742736,cable-lateral-raise,Cable Lateral Raise,10,20.44,,1,1741653139000,1754593178660,0
2103,,REPLACE_WITH_YOUR_USER_ID,18496742736,cable-lateral-raise,Cable Lateral Raise,10,20.44,,2,1741653429000,1754593178660,0
2104,,REPLACE_WITH_YOUR_USER_ID,18496742736,cable-lateral-raise,Cable Lateral Raise,10,20.44,,3,1741653862000,1754593178660,0
2105,,REPLACE_WITH_YOUR_USER_ID,18496742736,barbell-ohp,Barbell Overhead Press,8,61.25.00,,1,1741654244000,1754593178660,0
2106,,REPLACE_WITH_YOUR_USER_ID,18496742736,leg-extension,Leg Extension,12,91.09.00,,1,1741654841000,1754593178660,0
2107,,REPLACE_WITH_YOUR_USER_ID,18496742736,leg-extension,Leg Extension,12,95.25.00,,2,1741655194000,1754593178660,0
2108,,REPLACE_WITH_YOUR_USER_ID,18496742736,leg-extension,Leg Extension,10,97.5,,3,1741655679000,1754593178660,0
2109,,REPLACE_WITH_YOUR_USER_ID,18496742736,lying-leg-curl,Lying Leg Curl,7,100.21.00,,1,1741655940000,1754593178660,0
2110,,REPLACE_WITH_YOUR_USER_ID,18496742736,lying-leg-curl,Lying Leg Curl,8,100.21.00,,2,1741656197000,1754593178660,0
2111,,REPLACE_WITH_YOUR_USER_ID,18496742736,lying-leg-curl,Lying Leg Curl,8,100.21.00,,3,1741656643000,1754593178660,0
2112,,REPLACE_WITH_YOUR_USER_ID,18496742736,standing-calf-raise-bw,Standing Calf Raise (Bodyweight),25,136.06.00,,1,1741657011000,1754593178660,0
2113,,REPLACE_WITH_YOUR_USER_ID,18496742736,standing-calf-raise-bw,Standing Calf Raise (Bodyweight),24,136.06.00,,2,1741657369000,1754593178660,0
2114,,REPLACE_WITH_YOUR_USER_ID,18496742736,standing-calf-raise-bw,Standing Calf Raise (Bodyweight),20,136.06.00,,3,1741657701000,1754593178660,0
2115,,REPLACE_WITH_YOUR_USER_ID,18469164452,smith-incline-bench-press,Incline Smith Machine Bench Press,6,70.31.00,,1,1741408849000,1754593183522,0
2116,,REPLACE_WITH_YOUR_USER_ID,18478757728,lat-pulldown,Lat Pulldown,12,79.38.00,,1,1741504063000,1754593180544,0
2117,,REPLACE_WITH_YOUR_USER_ID,18469164452,smith-incline-bench-press,Incline Smith Machine Bench Press,6,70.31.00,,2,1741409086000,1754593183522,0
2118,,REPLACE_WITH_YOUR_USER_ID,18478757728,lat-pulldown,Lat Pulldown,10,79.38.00,,2,1741504282000,1754593180544,0
2119,,REPLACE_WITH_YOUR_USER_ID,18469164452,smith-incline-bench-press,Incline Smith Machine Bench Press,6,68.06.00,,3,1741409310000,1754593183522,0
2120,,REPLACE_WITH_YOUR_USER_ID,18478757728,lat-pulldown,Lat Pulldown,12,79.38.00,,3,1741504524000,1754593180544,0
2121,,REPLACE_WITH_YOUR_USER_ID,18469164452,machine-chest-press,Machine Chest Press,6,72.56.00,,1,1741409662000,1754593183522,0
2122,,REPLACE_WITH_YOUR_USER_ID,18478757728,lat-pulldown-close,Close-Grip Lat Pulldown,10,59.34.00,,1,1741504746000,1754593180544,0
2123,,REPLACE_WITH_YOUR_USER_ID,18469164452,machine-chest-press,Machine Chest Press,6,72.56.00,,2,1741409858000,1754593183522,0
2124,,REPLACE_WITH_YOUR_USER_ID,18478757728,lat-pulldown-close,Close-Grip Lat Pulldown,10,59.34.00,,2,1741505004000,1754593180544,0
2125,,REPLACE_WITH_YOUR_USER_ID,18469164452,dumbbell-bench-press,Dumbbell Bench Press,10,41.21.00,,1,1741410154000,1754593183522,0
2126,,REPLACE_WITH_YOUR_USER_ID,18478757728,lat-pulldown-close,Close-Grip Lat Pulldown,10,59.34.00,,3,1741505311000,1754593180544,0
2127,,REPLACE_WITH_YOUR_USER_ID,18469164452,dumbbell-bench-press,Dumbbell Bench Press,10,41.21.00,,2,1741410397000,1754593183522,0
2128,,REPLACE_WITH_YOUR_USER_ID,18478757728,ez-bar-curl,EZ-Bar Curl,6,48.03.00,,1,1741505679000,1754593180544,0
2129,,REPLACE_WITH_YOUR_USER_ID,18469164452,dumbbell-bench-press,Dumbbell Bench Press,8,41.21.00,,3,1741410633000,1754593183522,0
2130,,REPLACE_WITH_YOUR_USER_ID,18478757728,ez-bar-curl,EZ-Bar Curl,6,45.38.00,,2,1741505931000,1754593180544,0
2131,,REPLACE_WITH_YOUR_USER_ID,18469164452,pec-deck,Pec Deck Machine,10,72.56.00,,1,1741411009000,1754593183522,0
2132,,REPLACE_WITH_YOUR_USER_ID,18478757728,barbell-row,Barbell Row,15,72.56.00,,1,1741506169000,1754593180544,0
2133,,REPLACE_WITH_YOUR_USER_ID,18469164452,pec-deck,Pec Deck Machine,10,72.56.00,,2,1741411331000,1754593183522,0
2134,,REPLACE_WITH_YOUR_USER_ID,18478757728,barbell-row,Barbell Row,8,77.13.00,,2,1741506331000,1754593180544,0
2135,,REPLACE_WITH_YOUR_USER_ID,18469164452,pec-deck,Pec Deck Machine,10,72.56.00,,3,1741411674000,1754593183522,0
2136,,REPLACE_WITH_YOUR_USER_ID,18478757728,barbell-row,Barbell Row,10,72.56.00,,3,1741506471000,1754593180544,0
2137,,REPLACE_WITH_YOUR_USER_ID,18469164452,barbell-ohp,Barbell Overhead Press,4,66.15.00,,1,1741412268000,1754593183522,0
2138,,REPLACE_WITH_YOUR_USER_ID,18478757728,cable-hammer-curl,Cable Hammer Curl,12,36.31.00,,1,1741506596000,1754593180544,0
2139,,REPLACE_WITH_YOUR_USER_ID,18469164452,barbell-ohp,Barbell Overhead Press,6,63.5,,2,1741412550000,1754593183522,0
2140,,REPLACE_WITH_YOUR_USER_ID,18478757728,hammer-curl,Hammer Curl,8,32.15.00,,1,1741506839000,1754593180544,0
2141,,REPLACE_WITH_YOUR_USER_ID,18469164452,barbell-ohp,Barbell Overhead Press,7,63.5,,3,1741412937000,1754593183522,0
2142,,REPLACE_WITH_YOUR_USER_ID,18478757728,hammer-curl,Hammer Curl,10,27.19.00,,2,1741506985000,1754593180544,0
2143,,REPLACE_WITH_YOUR_USER_ID,18469164452,close-grip-bench,Close-Grip Bench Press,5,84.34.00,,1,1741413288000,1754593183522,0
2144,,REPLACE_WITH_YOUR_USER_ID,18469164452,close-grip-bench,Close-Grip Bench Press,6,82.03.00,,2,1741413658000,1754593183522,0
2145,,REPLACE_WITH_YOUR_USER_ID,18469164452,close-grip-bench,Close-Grip Bench Press,7,82.03.00,,3,1741413985000,1754593183522,0
2146,,REPLACE_WITH_YOUR_USER_ID,18469164452,cable-lateral-raise,Cable Lateral Raise,12,18.13,,1,1741414168000,1754593183522,0
2147,,REPLACE_WITH_YOUR_USER_ID,18469164452,cable-lateral-raise,Cable Lateral Raise,12,18.13,,2,1741414517000,1754593183522,0
2148,,REPLACE_WITH_YOUR_USER_ID,18469164452,cable-lateral-raise,Cable Lateral Raise,12,18.13,,3,1741415016000,1754593183522,0
2149,,REPLACE_WITH_YOUR_USER_ID,18469164452,ez-bar-curl,EZ-Bar Curl,8,45.38.00,,1,1741415414000,1754593183522,0
2150,,REPLACE_WITH_YOUR_USER_ID,18469164452,ez-bar-curl,EZ-Bar Curl,8,45.38.00,,2,1741415926000,1754593183522,0
2151,,REPLACE_WITH_YOUR_USER_ID,18469164452,ez-bar-curl,EZ-Bar Curl,8,45.38.00,,3,1741416723000,1754593183522,0
2152,,REPLACE_WITH_YOUR_USER_ID,18469164452,reverse-curl,Reverse Barbell Curl,10,18.13,,1,1741417327000,1754593183522,0
2153,,REPLACE_WITH_YOUR_USER_ID,18469164452,reverse-curl,Reverse Barbell Curl,20,14.03,,2,1741418019000,1754593183522,0
2154,,REPLACE_WITH_YOUR_USER_ID,18469164452,reverse-curl,Reverse Barbell Curl,30,14.03,,3,1741418360000,1754593183522,0
2155,,REPLACE_WITH_YOUR_USER_ID,18450331300,hack-squat,Hack Squat Machine,8,97.5,,1,1741230463000,1754593187693,0
2156,,REPLACE_WITH_YOUR_USER_ID,18450331300,hack-squat,Hack Squat Machine,6,97.5,,2,1741230715000,1754593187693,0
2157,,REPLACE_WITH_YOUR_USER_ID,18450331300,hack-squat,Hack Squat Machine,6,93,,3,1741231097000,1754593187693,0
2158,,REPLACE_WITH_YOUR_USER_ID,18450331300,leg-extension,Leg Extension,10,97.5,,1,1741231501000,1754593187693,0
2159,,REPLACE_WITH_YOUR_USER_ID,18450331300,leg-extension,Leg Extension,12,93,,2,1741231741000,1754593187693,0
2160,,REPLACE_WITH_YOUR_USER_ID,18450331300,leg-extension,Leg Extension,12,93,,3,1741232483000,1754593187693,0
2161,,REPLACE_WITH_YOUR_USER_ID,18450331300,lying-leg-curl,Lying Leg Curl,10,97.5,,1,1741232861000,1754593187693,0
2162,,REPLACE_WITH_YOUR_USER_ID,18450331300,lying-leg-curl,Lying Leg Curl,10,102.06.00,,2,1741233176000,1754593187693,0
2163,,REPLACE_WITH_YOUR_USER_ID,18450331300,lying-leg-curl,Lying Leg Curl,8,102.06.00,,3,1741233603000,1754593187693,0
2164,,REPLACE_WITH_YOUR_USER_ID,18450331300,weighted-crunch,Weighted Crunch,12,61.25.00,,1,1741234052000,1754593187693,0
2165,,REPLACE_WITH_YOUR_USER_ID,18450331300,weighted-crunch,Weighted Crunch,8,66.15.00,,2,1741234284000,1754593187693,0
2166,,REPLACE_WITH_YOUR_USER_ID,18450331300,weighted-crunch,Weighted Crunch,8,66.15.00,,3,1741234622000,1754593187693,0
2167,,REPLACE_WITH_YOUR_USER_ID,18450331300,dumbbell-deadlift,Dumbbell Deadlift,12,68.06.00,,1,1741235016000,1754593187693,0
2168,,REPLACE_WITH_YOUR_USER_ID,18450331300,dumbbell-deadlift,Dumbbell Deadlift,12,68.06.00,,2,1741235376000,1754593187693,0
2169,,REPLACE_WITH_YOUR_USER_ID,18450331300,dumbbell-deadlift,Dumbbell Deadlift,12,68.06.00,,3,1741235691000,1754593187693,0
2170,,REPLACE_WITH_YOUR_USER_ID,18440453333,ez-bar-curl,EZ-Bar Curl,7,48.03.00,,1,1741140620000,1754593189580,0
2171,,REPLACE_WITH_YOUR_USER_ID,18430968188,smith-incline-bench-press,Incline Smith Machine Bench Press,6,70.31.00,,1,1741054377000,1754593191402,0
2172,,REPLACE_WITH_YOUR_USER_ID,18440453333,ez-bar-curl,EZ-Bar Curl,6,48.03.00,,2,1741140962000,1754593189580,0
2173,,REPLACE_WITH_YOUR_USER_ID,18430968188,smith-incline-bench-press,Incline Smith Machine Bench Press,6,68.06.00,,2,1741054614000,1754593191402,0
2174,,REPLACE_WITH_YOUR_USER_ID,18440453333,ez-bar-curl,EZ-Bar Curl,7,48.03.00,,3,1741141419000,1754593189580,0
2175,,REPLACE_WITH_YOUR_USER_ID,18430968188,smith-incline-bench-press,Incline Smith Machine Bench Press,7,66.15.00,,3,1741054965000,1754593191402,0
2176,,REPLACE_WITH_YOUR_USER_ID,18440453333,lat-pulldown,Lat Pulldown,10,84.34.00,,1,1741141676000,1754593189580,0
2177,,REPLACE_WITH_YOUR_USER_ID,18430968188,pec-deck,Pec Deck Machine,12,68.06.00,,1,1741055286000,1754593191402,0
2178,,REPLACE_WITH_YOUR_USER_ID,18440453333,lat-pulldown,Lat Pulldown,8,82.03.00,,2,1741141883000,1754593189580,0
2179,,REPLACE_WITH_YOUR_USER_ID,18430968188,pec-deck,Pec Deck Machine,12,72.56.00,,2,1741055534000,1754593191402,0
2180,,REPLACE_WITH_YOUR_USER_ID,18440453333,lat-pulldown,Lat Pulldown,10,75.21.00,,3,1741142464000,1754593189580,0
2181,,REPLACE_WITH_YOUR_USER_ID,18430968188,pec-deck,Pec Deck Machine,12,72.56.00,,3,1741055946000,1754593191402,0
2182,,REPLACE_WITH_YOUR_USER_ID,18440453333,barbell-row,Barbell Row,12,63.5,,1,1741143600000,1754593189580,0
2183,,REPLACE_WITH_YOUR_USER_ID,18430968188,close-grip-bench,Close-Grip Bench Press,6,84.34.00,,1,1741056157000,1754593191402,0
2184,,REPLACE_WITH_YOUR_USER_ID,18440453333,barbell-row,Barbell Row,12,63.5,,2,1741143991000,1754593189580,0
2185,,REPLACE_WITH_YOUR_USER_ID,18430968188,close-grip-bench,Close-Grip Bench Press,9,82.03.00,,2,1741056540000,1754593191402,0
2186,,REPLACE_WITH_YOUR_USER_ID,18440453333,barbell-row,Barbell Row,12,63.5,,3,1741144157000,1754593189580,0
2187,,REPLACE_WITH_YOUR_USER_ID,18430968188,close-grip-bench,Close-Grip Bench Press,8,82.03.00,,3,1741056798000,1754593191402,0
2188,,REPLACE_WITH_YOUR_USER_ID,18440453333,cable-hammer-curl,Cable Hammer Curl,12,36.31.00,,1,1741144261000,1754593189580,0
2189,,REPLACE_WITH_YOUR_USER_ID,18440453333,cable-hammer-curl,Cable Hammer Curl,12,36.31.00,,2,1741144425000,1754593189580,0
2190,,REPLACE_WITH_YOUR_USER_ID,18440453333,cable-hammer-curl,Cable Hammer Curl,10,36.31.00,,3,1741144545000,1754593189580,0
2191,,REPLACE_WITH_YOUR_USER_ID,18423026229,lying-leg-curl,Lying Leg Curl,12,82.03.00,,1,1740971014000,1754593193319,0
2192,,REPLACE_WITH_YOUR_USER_ID,18413689221,smith-incline-bench-press,Incline Smith Machine Bench Press,7,68.06.00,,1,1740889838000,1754593195237,0
2193,,REPLACE_WITH_YOUR_USER_ID,18423026229,lying-leg-curl,Lying Leg Curl,10,86.19.00,,2,1740971213000,1754593193319,0
2194,,REPLACE_WITH_YOUR_USER_ID,18413689221,smith-incline-bench-press,Incline Smith Machine Bench Press,6,68.06.00,,2,1740890098000,1754593195237,0
2195,,REPLACE_WITH_YOUR_USER_ID,18423026229,lying-leg-curl,Lying Leg Curl,10,91.09.00,,3,1740971499000,1754593193319,0
2196,,REPLACE_WITH_YOUR_USER_ID,18413689221,smith-incline-bench-press,Incline Smith Machine Bench Press,8,66.15.00,,3,1740890380000,1754593195237,0
2197,,REPLACE_WITH_YOUR_USER_ID,18423026229,leg-extension,Leg Extension,12,91.09.00,,1,1740971858000,1754593193319,0
2198,,REPLACE_WITH_YOUR_USER_ID,18413689221,machine-chest-press,Machine Chest Press,8,77.13.00,,1,1740891061000,1754593195237,0
2199,,REPLACE_WITH_YOUR_USER_ID,18423026229,leg-extension,Leg Extension,12,91.09.00,,2,1740972110000,1754593193319,0
2200,,REPLACE_WITH_YOUR_USER_ID,18413689221,machine-chest-press,Machine Chest Press,6,77.13.00,,2,1740891390000,1754593195237,0
2201,,REPLACE_WITH_YOUR_USER_ID,18423026229,leg-extension,Leg Extension,12,91.09.00,,3,1740972414000,1754593193319,0
2202,,REPLACE_WITH_YOUR_USER_ID,18413689221,barbell-ohp,Barbell Overhead Press,6,63.5,,1,1740892689000,1754593195237,0
2203,,REPLACE_WITH_YOUR_USER_ID,18423026229,hip-abduction,Hip Abduction Machine,12,93,,1,1740972858000,1754593193319,0
2204,,REPLACE_WITH_YOUR_USER_ID,18413689221,barbell-ohp,Barbell Overhead Press,8,61.25.00,,2,1740893041000,1754593195237,0
2205,,REPLACE_WITH_YOUR_USER_ID,18423026229,hip-abduction,Hip Abduction Machine,15,93,,2,1740973035000,1754593193319,0
2206,,REPLACE_WITH_YOUR_USER_ID,18413689221,barbell-ohp,Barbell Overhead Press,10,61.25.00,,3,1740893347000,1754593195237,0
2207,,REPLACE_WITH_YOUR_USER_ID,18423026229,hip-adduction,Hip Adduction Machine,15,93,,1,1740973393000,1754593193319,0
2208,,REPLACE_WITH_YOUR_USER_ID,18413689221,overhead-cable-tricep,Overhead Cable Tricep Extension,10,32.15.00,,1,1740893602000,1754593195237,0
2209,,REPLACE_WITH_YOUR_USER_ID,18423026229,hip-adduction,Hip Adduction Machine,12,93,,2,1740973570000,1754593193319,0
2210,,REPLACE_WITH_YOUR_USER_ID,18413689221,overhead-cable-tricep,Overhead Cable Tricep Extension,10,32.15.00,,2,1740893909000,1754593195237,0
2211,,REPLACE_WITH_YOUR_USER_ID,18423026229,standing-calf-raise-bw,Standing Calf Raise (Bodyweight),26,127,,1,1740973701000,1754593193319,0
2212,,REPLACE_WITH_YOUR_USER_ID,18413689221,overhead-cable-tricep,Overhead Cable Tricep Extension,10,32.15.00,,3,1740894171000,1754593195237,0
2213,,REPLACE_WITH_YOUR_USER_ID,18423026229,standing-calf-raise-bw,Standing Calf Raise (Bodyweight),26,136.06.00,,2,1740973943000,1754593193319,0
2214,,REPLACE_WITH_YOUR_USER_ID,18413689221,tricep-pushdown-bar,Tricep Pushdown (Bar),12,50.28.00,,1,1740894529000,1754593195237,0
2215,,REPLACE_WITH_YOUR_USER_ID,18423026229,standing-calf-raise-bw,Standing Calf Raise (Bodyweight),26,145.13.00,,3,1740974324000,1754593193319,0
2216,,REPLACE_WITH_YOUR_USER_ID,18413689221,tricep-pushdown-bar,Tricep Pushdown (Bar),10,54.44.00,,2,1740894918000,1754593195237,0
2217,,REPLACE_WITH_YOUR_USER_ID,18423026229,lat-pulldown,Lat Pulldown,12,82.03.00,,1,1740974564000,1754593193319,0
2218,,REPLACE_WITH_YOUR_USER_ID,18413689221,tricep-pushdown-bar,Tricep Pushdown (Bar),8,54.44.00,,3,1740895117000,1754593195237,0
2219,,REPLACE_WITH_YOUR_USER_ID,18423026229,lat-pulldown,Lat Pulldown,10,82.03.00,,2,1740974925000,1754593193319,0
2220,,REPLACE_WITH_YOUR_USER_ID,18413689221,cable-lateral-raise,Cable Lateral Raise,8,20.44,,1,1740895400000,1754593195237,0
2221,,REPLACE_WITH_YOUR_USER_ID,18423026229,lat-pulldown,Lat Pulldown,10,82.03.00,,3,1740975440000,1754593193319,0
2222,,REPLACE_WITH_YOUR_USER_ID,18413689221,cable-lateral-raise,Cable Lateral Raise,8,20.44,,2,1740895796000,1754593195237,0
2223,,REPLACE_WITH_YOUR_USER_ID,18423026229,ez-bar-curl,EZ-Bar Curl,8,48.03.00,,1,1740975847000,1754593193319,0
2224,,REPLACE_WITH_YOUR_USER_ID,18413689221,cable-lateral-raise,Cable Lateral Raise,8,20.44,,3,1740896131000,1754593195237,0
2225,,REPLACE_WITH_YOUR_USER_ID,18423026229,ez-bar-curl,EZ-Bar Curl,8,45.38.00,,2,1740976465000,1754593193319,0
2226,,REPLACE_WITH_YOUR_USER_ID,18413689221,cable-rear-delt-fly,Cable Rear Delt Fly,8,32.15.00,,1,1740896236000,1754593195237,0
2227,,REPLACE_WITH_YOUR_USER_ID,18423026229,ez-bar-curl,EZ-Bar Curl,6,45.38.00,,3,1740977644000,1754593193319,0
2228,,REPLACE_WITH_YOUR_USER_ID,18413689221,cable-rear-delt-fly,Cable Rear Delt Fly,10,32.15.00,,2,1740896569000,1754593195237,0
2229,,REPLACE_WITH_YOUR_USER_ID,18423026229,cable-hammer-curl,Cable Hammer Curl,10,36.31.00,,1,1740978014000,1754593193319,0
2230,,REPLACE_WITH_YOUR_USER_ID,18413689221,cable-rear-delt-fly,Cable Rear Delt Fly,12,32.15.00,,3,1740896736000,1754593195237,0
2231,,REPLACE_WITH_YOUR_USER_ID,18423026229,cable-hammer-curl,Cable Hammer Curl,12,36.31.00,,2,1740978228000,1754593193319,0
2232,,REPLACE_WITH_YOUR_USER_ID,18413689221,romanian-deadlift,Romanian Deadlift,12,59.34.00,,1,1740897293000,1754593195237,0
2233,,REPLACE_WITH_YOUR_USER_ID,18423026229,cable-hammer-curl,Cable Hammer Curl,15,36.31.00,,3,1740978491000,1754593193319,0
2234,,REPLACE_WITH_YOUR_USER_ID,18413689221,romanian-deadlift,Romanian Deadlift,15,59.34.00,,2,1740897721000,1754593195237,0
2235,,REPLACE_WITH_YOUR_USER_ID,18423026229,barbell-row,Barbell Row,12,63.5,,1,1740979080000,1754593193319,0
2236,,REPLACE_WITH_YOUR_USER_ID,18413689221,romanian-deadlift,Romanian Deadlift,15,59.34.00,,3,1740897992000,1754593195237,0
2237,,REPLACE_WITH_YOUR_USER_ID,18423026229,barbell-row,Barbell Row,12,63.5,,2,1740979343000,1754593193319,0
2238,,REPLACE_WITH_YOUR_USER_ID,18413689221,reverse-curl,Reverse Barbell Curl,16,18.13,,1,1740898266000,1754593195237,0
2239,,REPLACE_WITH_YOUR_USER_ID,18423026229,barbell-row,Barbell Row,12,63.5,,3,1740980459000,1754593193319,0
2240,,REPLACE_WITH_YOUR_USER_ID,18413689221,reverse-curl,Reverse Barbell Curl,12,18.13,,2,1740898466000,1754593195237,0
2241,,REPLACE_WITH_YOUR_USER_ID,18413689221,reverse-curl,Reverse Barbell Curl,20,18.13,,3,1740898772000,1754593195237,0
2242,,REPLACE_WITH_YOUR_USER_ID,18413689221,weighted-crunch,Weighted Crunch,12,57.09.00,,1,1740899002000,1754593195237,0
2243,,REPLACE_WITH_YOUR_USER_ID,18413689221,weighted-crunch,Weighted Crunch,10,57.09.00,,2,1740899349000,1754593195237,0
2244,,REPLACE_WITH_YOUR_USER_ID,18395400745,lat-pulldown,Lat Pulldown,10,82.03.00,,1,1740706396000,1754593200706,0
2245,,REPLACE_WITH_YOUR_USER_ID,18395400745,lat-pulldown,Lat Pulldown,10,82.03.00,,2,1740706909000,1754593200706,0
2246,,REPLACE_WITH_YOUR_USER_ID,18395400745,lat-pulldown,Lat Pulldown,10,82.03.00,,3,1740707267000,1754593200706,0
2247,,REPLACE_WITH_YOUR_USER_ID,18395400745,ez-bar-curl,EZ-Bar Curl,11,45.38.00,,1,1740707769000,1754593200706,0
2248,,REPLACE_WITH_YOUR_USER_ID,18395400745,ez-bar-curl,EZ-Bar Curl,6,48.03.00,,2,1740708142000,1754593200706,0
2249,,REPLACE_WITH_YOUR_USER_ID,18395400745,ez-bar-curl,EZ-Bar Curl,8,45.38.00,,3,1740708806000,1754593200706,0
2250,,REPLACE_WITH_YOUR_USER_ID,18395400745,lat-pulldown-close,Close-Grip Lat Pulldown,10,63.5,,1,1740709320000,1754593200706,0
2251,,REPLACE_WITH_YOUR_USER_ID,18395400745,lat-pulldown-close,Close-Grip Lat Pulldown,10,61.25.00,,2,1740709725000,1754593200706,0
2252,,REPLACE_WITH_YOUR_USER_ID,18395400745,lat-pulldown-close,Close-Grip Lat Pulldown,12,61.25.00,,3,1740710284000,1754593200706,0
2253,,REPLACE_WITH_YOUR_USER_ID,18395400745,barbell-row,Barbell Row,12,61.25.00,,1,1740710579000,1754593200706,0
2254,,REPLACE_WITH_YOUR_USER_ID,18395400745,barbell-row,Barbell Row,12,63.5,,2,1740710956000,1754593200706,0
2255,,REPLACE_WITH_YOUR_USER_ID,18395400745,barbell-row,Barbell Row,12,63.5,,3,1740711282000,1754593200706,0
2256,,REPLACE_WITH_YOUR_USER_ID,18395400745,cable-hammer-curl,Cable Hammer Curl,15,34,,1,1740712443000,1754593200706,0
2257,,REPLACE_WITH_YOUR_USER_ID,18395400745,cable-hammer-curl,Cable Hammer Curl,15,36.31.00,,2,1740712643000,1754593200706,0
2258,,REPLACE_WITH_YOUR_USER_ID,18395400745,cable-hammer-curl,Cable Hammer Curl,15,36.31.00,,3,1740713084000,1754593200706,0
2259,,REPLACE_WITH_YOUR_USER_ID,18395400745,overhead-cable-tricep,Overhead Cable Tricep Extension,10,36.31.00,,1,1740713806000,1754593200706,0
2260,,REPLACE_WITH_YOUR_USER_ID,18395400745,overhead-cable-tricep,Overhead Cable Tricep Extension,10,36.31.00,,2,1740714108000,1754593200706,0
2261,,REPLACE_WITH_YOUR_USER_ID,18395400745,overhead-cable-tricep,Overhead Cable Tricep Extension,10,36.31.00,,3,1740714766000,1754593200706,0
2262,,REPLACE_WITH_YOUR_USER_ID,18395400745,tricep-pushdown-bar,Tricep Pushdown (Bar),12,82.03.00,,1,1740715108000,1754593200706,0
2263,,REPLACE_WITH_YOUR_USER_ID,18395400745,tricep-pushdown-bar,Tricep Pushdown (Bar),10,82.03.00,,2,1740715506000,1754593200706,0
2264,,REPLACE_WITH_YOUR_USER_ID,18395400745,tricep-pushdown-bar,Tricep Pushdown (Bar),10,82.03.00,,3,1740716022000,1754593200706,0
2265,,REPLACE_WITH_YOUR_USER_ID,18373070091,lying-leg-curl,Lying Leg Curl,10,88.44.00,,1,1740510501000,1754593212528,0
2266,,REPLACE_WITH_YOUR_USER_ID,18376913796,smith-incline-bench-press,Incline Smith Machine Bench Press,8,63.5,,1,1740536041000,1754593209523,0
2267,,REPLACE_WITH_YOUR_USER_ID,18373070091,lying-leg-curl,Lying Leg Curl,11,91.09.00,,2,1740510702000,1754593212528,0
2268,,REPLACE_WITH_YOUR_USER_ID,18376913796,smith-incline-bench-press,Incline Smith Machine Bench Press,7,63.5,,2,1740536279000,1754593209523,0
2269,,REPLACE_WITH_YOUR_USER_ID,18373070091,lying-leg-curl,Lying Leg Curl,6,93,,3,1740510942000,1754593212528,0
2270,,REPLACE_WITH_YOUR_USER_ID,18376913796,smith-incline-bench-press,Incline Smith Machine Bench Press,6,63.5,,3,1740536690000,1754593209523,0
2271,,REPLACE_WITH_YOUR_USER_ID,18373070091,leg-extension,Leg Extension,15,82.03.00,,1,1740511276000,1754593212528,0
2272,,REPLACE_WITH_YOUR_USER_ID,18376913796,chest-dip,Chest Dip,10,<null>,,1,1740537057000,1754593209523,0
2273,,REPLACE_WITH_YOUR_USER_ID,18373070091,leg-extension,Leg Extension,12,91.09.00,,2,1740511556000,1754593212528,0
2274,,REPLACE_WITH_YOUR_USER_ID,18376913796,chest-dip,Chest Dip,10,<null>,,2,1740537245000,1754593209523,0
2275,,REPLACE_WITH_YOUR_USER_ID,18373070091,leg-extension,Leg Extension,12,97.5,,3,1740511743000,1754593212528,0
2276,,REPLACE_WITH_YOUR_USER_ID,18376913796,chest-dip,Chest Dip,10,<null>,,3,1740537616000,1754593209523,0
2277,,REPLACE_WITH_YOUR_USER_ID,18373070091,hip-abduction,Hip Abduction Machine,20,91.09.00,,1,1740511965000,1754593212528,0
2278,,REPLACE_WITH_YOUR_USER_ID,18376913796,overhead-cable-tricep,Overhead Cable Tricep Extension,8,34,,1,1740538070000,1754593209523,0
2279,,REPLACE_WITH_YOUR_USER_ID,18373070091,hip-abduction,Hip Abduction Machine,12,91.09.00,,2,1740512293000,1754593212528,0
2280,,REPLACE_WITH_YOUR_USER_ID,18376913796,overhead-cable-tricep,Overhead Cable Tricep Extension,10,29.5,,2,1740538352000,1754593209523,0
2281,,REPLACE_WITH_YOUR_USER_ID,18373070091,hip-abduction,Hip Abduction Machine,10,91.09.00,,3,1740512433000,1754593212528,0
2282,,REPLACE_WITH_YOUR_USER_ID,18376913796,overhead-cable-tricep,Overhead Cable Tricep Extension,10,29.5,,3,1740538699000,1754593209523,0
2283,,REPLACE_WITH_YOUR_USER_ID,18373070091,hip-adduction,Hip Adduction Machine,15,91.09.00,,1,1740512576000,1754593212528,0
2284,,REPLACE_WITH_YOUR_USER_ID,18376913796,tricep-pushdown-bar,Tricep Pushdown (Bar),10,50.28.00,,1,1740538870000,1754593209523,0
2285,,REPLACE_WITH_YOUR_USER_ID,18373070091,hip-adduction,Hip Adduction Machine,15,91.09.00,,2,1740512835000,1754593212528,0
2286,,REPLACE_WITH_YOUR_USER_ID,18376913796,tricep-pushdown-bar,Tricep Pushdown (Bar),10,50.28.00,,2,1740539068000,1754593209523,0
2287,,REPLACE_WITH_YOUR_USER_ID,18373070091,romanian-deadlift,Romanian Deadlift,15,59.34.00,,1,1740513428000,1754593212528,0
2288,,REPLACE_WITH_YOUR_USER_ID,18376913796,tricep-pushdown-bar,Tricep Pushdown (Bar),10,50.28.00,,3,1740539394000,1754593209523,0
2289,,REPLACE_WITH_YOUR_USER_ID,18373070091,romanian-deadlift,Romanian Deadlift,16,59.34.00,,2,1740513757000,1754593212528,0
2290,,REPLACE_WITH_YOUR_USER_ID,18376913796,smith-bench-press,Smith Machine Bench Press,6,68.06.00,,1,1740539906000,1754593209523,0
2291,,REPLACE_WITH_YOUR_USER_ID,18373070091,romanian-deadlift,Romanian Deadlift,15,59.34.00,,3,1740513969000,1754593212528,0
2292,,REPLACE_WITH_YOUR_USER_ID,18376913796,smith-bench-press,Smith Machine Bench Press,5,66.15.00,,2,1740540218000,1754593209523,0
2293,,REPLACE_WITH_YOUR_USER_ID,18373070091,standing-calf-raise-bw,Standing Calf Raise (Bodyweight),20,113.38.00,,1,1740514139000,1754593212528,0
2294,,REPLACE_WITH_YOUR_USER_ID,18373070091,standing-calf-raise-bw,Standing Calf Raise (Bodyweight),18,113.38.00,,2,1740514334000,1754593212528,0
2295,,REPLACE_WITH_YOUR_USER_ID,18373070091,standing-calf-raise-bw,Standing Calf Raise (Bodyweight),25,113.38.00,,3,1740514545000,1754593212528,0
2296,,REPLACE_WITH_YOUR_USER_ID,18373070091,weighted-crunch,Weighted Crunch,10,59.34.00,,1,1740514881000,1754593212528,0
2297,,REPLACE_WITH_YOUR_USER_ID,18367640834,ez-bar-curl,EZ-Bar Curl,8,45.38.00,,1,1740448482000,1754593217525,0
2298,,REPLACE_WITH_YOUR_USER_ID,18367640834,ez-bar-curl,EZ-Bar Curl,6,45.38.00,,2,1740448738000,1754593217525,0
2299,,REPLACE_WITH_YOUR_USER_ID,18367640834,ez-bar-curl,EZ-Bar Curl,8,45.38.00,,3,1740449092000,1754593217525,0
2300,,REPLACE_WITH_YOUR_USER_ID,18367640834,lat-pulldown,Lat Pulldown,10,82.03.00,,1,1740449610000,1754593217525,0
2301,,REPLACE_WITH_YOUR_USER_ID,18367640834,lat-pulldown,Lat Pulldown,10,79.38.00,,2,1740449866000,1754593217525,0
2302,,REPLACE_WITH_YOUR_USER_ID,18367640834,lat-pulldown,Lat Pulldown,12,79.38.00,,3,1740450149000,1754593217525,0
2303,,REPLACE_WITH_YOUR_USER_ID,18367640834,cable-lateral-raise,Cable Lateral Raise,12,18.13,,1,1740451149000,1754593217525,0
2304,,REPLACE_WITH_YOUR_USER_ID,18367640834,cable-lateral-raise,Cable Lateral Raise,12,18.13,,2,1740453048000,1754593217525,0
2305,,REPLACE_WITH_YOUR_USER_ID,18367640834,cable-lateral-raise,Cable Lateral Raise,12,20.44,,3,1740453471000,1754593217525,0
2306,,REPLACE_WITH_YOUR_USER_ID,18367640834,cable-hammer-curl,Cable Hammer Curl,15,34,,1,1740451387000,1754593217525,0
2307,,REPLACE_WITH_YOUR_USER_ID,18367640834,cable-hammer-curl,Cable Hammer Curl,15,34,,2,1740451591000,1754593217525,0
2308,,REPLACE_WITH_YOUR_USER_ID,18367640834,cable-hammer-curl,Cable Hammer Curl,15,34,,3,1740451863000,1754593217525,0
2309,,REPLACE_WITH_YOUR_USER_ID,18367640834,lat-pulldown-close,Close-Grip Lat Pulldown,8,63.5,,1,1740452250000,1754593217525,0
2310,,REPLACE_WITH_YOUR_USER_ID,18367640834,lat-pulldown-close,Close-Grip Lat Pulldown,8,63.5,,2,1740452490000,1754593217525,0
2311,,REPLACE_WITH_YOUR_USER_ID,18367640834,lat-pulldown-close,Close-Grip Lat Pulldown,8,61.23.00,,3,1740452817000,1754593217525,0
2312,,REPLACE_WITH_YOUR_USER_ID,18367640834,barbell-row,Barbell Row,12,57.09.00,,1,1740454007000,1754593217525,0
2313,,REPLACE_WITH_YOUR_USER_ID,18367640834,barbell-row,Barbell Row,10,54.44.00,,2,1740454260000,1754593217525,0
2314,,REPLACE_WITH_YOUR_USER_ID,18367640834,barbell-row,Barbell Row,12,45.38.00,,3,1740454689000,1754593217525,0
2315,,REPLACE_WITH_YOUR_USER_ID,18367640834,lateral-raise,Lateral Raise,10,18.13,,1,1740455212000,1754593217525,0
2316,,REPLACE_WITH_YOUR_USER_ID,18367640834,lateral-raise,Lateral Raise,10,18.13,,2,1740455539000,1754593217525,0
2317,,REPLACE_WITH_YOUR_USER_ID,18359941187,smith-incline-bench-press,Incline Smith Machine Bench Press,8,66.15.00,,1,1740376149000,1754593226525,0
2318,,REPLACE_WITH_YOUR_USER_ID,18350455406,lat-pulldown,Lat Pulldown,10,82.03.00,,1,1740291543000,1754593231521,0
2319,,REPLACE_WITH_YOUR_USER_ID,18359941187,smith-incline-bench-press,Incline Smith Machine Bench Press,8,66.15.00,,2,1740376362000,1754593226525,0
2320,,REPLACE_WITH_YOUR_USER_ID,18350455406,lat-pulldown,Lat Pulldown,10,82.03.00,,2,1740291842000,1754593231521,0
2321,,REPLACE_WITH_YOUR_USER_ID,18359941187,smith-incline-bench-press,Incline Smith Machine Bench Press,7,66.15.00,,3,1740376656000,1754593226525,0
2322,,REPLACE_WITH_YOUR_USER_ID,18350455406,lat-pulldown,Lat Pulldown,8,82.03.00,,3,1740292052000,1754593231521,0
2323,,REPLACE_WITH_YOUR_USER_ID,18359941187,machine-chest-press,Machine Chest Press,6,79.38.00,,1,1740377143000,1754593226525,0
2324,,REPLACE_WITH_YOUR_USER_ID,18350455406,cable-row-wide,Wide-Grip Cable Row,8,82.03.00,,1,1740292281000,1754593231521,0
2325,,REPLACE_WITH_YOUR_USER_ID,18359941187,machine-chest-press,Machine Chest Press,6,79.38.00,,2,1740377524000,1754593226525,0
2326,,REPLACE_WITH_YOUR_USER_ID,18350455406,cable-row-wide,Wide-Grip Cable Row,12,82.03.00,,2,1740292500000,1754593231521,0
2327,,REPLACE_WITH_YOUR_USER_ID,18359941187,machine-chest-press,Machine Chest Press,6,79.38.00,,3,1740377935000,1754593226525,0
2328,,REPLACE_WITH_YOUR_USER_ID,18350455406,cable-row,Seated Cable Row,8,77.13.00,,1,1740292743000,1754593231521,0
2329,,REPLACE_WITH_YOUR_USER_ID,18359941187,barbell-ohp,Barbell Overhead Press,8,68.06.00,,1,1740378428000,1754593226525,0
2330,,REPLACE_WITH_YOUR_USER_ID,18350455406,cable-row,Seated Cable Row,10,68.06.00,,2,1740292947000,1754593231521,0
2331,,REPLACE_WITH_YOUR_USER_ID,18359941187,barbell-ohp,Barbell Overhead Press,6,70.31.00,,2,1740378694000,1754593226525,0
2332,,REPLACE_WITH_YOUR_USER_ID,18350455406,ez-bar-curl,EZ-Bar Curl,8,45.38.00,,1,1740293176000,1754593231521,0
2333,,REPLACE_WITH_YOUR_USER_ID,18359941187,barbell-ohp,Barbell Overhead Press,6,70.31.00,,3,1740379042000,1754593226525,0
2334,,REPLACE_WITH_YOUR_USER_ID,18350455406,ez-bar-curl,EZ-Bar Curl,7,45.38.00,,2,1740293511000,1754593231521,0
2335,,REPLACE_WITH_YOUR_USER_ID,18359941187,close-grip-bench,Close-Grip Bench Press,6,82.03.00,,1,1740379650000,1754593226525,0
2336,,REPLACE_WITH_YOUR_USER_ID,18350455406,ez-bar-curl,EZ-Bar Curl,7,45.38.00,,3,1740293885000,1754593231521,0
2337,,REPLACE_WITH_YOUR_USER_ID,18359941187,close-grip-bench,Close-Grip Bench Press,7,79.38.00,,2,1740379991000,1754593226525,0
2338,,REPLACE_WITH_YOUR_USER_ID,18350455406,cable-hammer-curl,Cable Hammer Curl,12,29.5,,1,1740294189000,1754593231521,0
2339,,REPLACE_WITH_YOUR_USER_ID,18359941187,close-grip-bench,Close-Grip Bench Press,7,79.38.00,,3,1740380377000,1754593226525,0
2340,,REPLACE_WITH_YOUR_USER_ID,18350455406,cable-hammer-curl,Cable Hammer Curl,15,29.5,,2,1740294417000,1754593231521,0
2341,,REPLACE_WITH_YOUR_USER_ID,18359941187,lying-leg-curl,Lying Leg Curl,18,79.38.00,,1,1740380958000,1754593226525,0
2342,,REPLACE_WITH_YOUR_USER_ID,18350455406,cable-hammer-curl,Cable Hammer Curl,16,29.5,,3,1740294873000,1754593231521,0
2343,,REPLACE_WITH_YOUR_USER_ID,18359941187,hack-squat,Hack Squat Machine,6,97.5,,1,1740381956000,1754593226525,0
2344,,REPLACE_WITH_YOUR_USER_ID,18350455406,lateral-raise,Lateral Raise,15,18.13,,1,1740295379000,1754593231521,0
2345,,REPLACE_WITH_YOUR_USER_ID,18359941187,hack-squat,Hack Squat Machine,6,91.09.00,,2,1740382206000,1754593226525,0
2346,,REPLACE_WITH_YOUR_USER_ID,18350455406,lateral-raise,Lateral Raise,12,18.13,,2,1740295787000,1754593231521,0
2347,,REPLACE_WITH_YOUR_USER_ID,18350455406,lateral-raise,Lateral Raise,12,18.13,,3,1740296096000,1754593231521,0
2348,,REPLACE_WITH_YOUR_USER_ID,18350455406,upright-row-barbell,Barbell Upright Row,15,27.19.00,,1,1740296620000,1754593231521,0
2349,,REPLACE_WITH_YOUR_USER_ID,18350455406,upright-row-barbell,Barbell Upright Row,20,27.19.00,,2,1740297051000,1754593231521,0
2350,,REPLACE_WITH_YOUR_USER_ID,18331854834,ez-bar-curl,EZ-Bar Curl,8,45.38.00,,1,1740101717000,1754593242526,0
2351,,REPLACE_WITH_YOUR_USER_ID,18340666272,smith-incline-bench-press,Incline Smith Machine Bench Press,7,61.25.00,,1,1740190591000,1754593237512,0
2352,,REPLACE_WITH_YOUR_USER_ID,18331854834,ez-bar-curl,EZ-Bar Curl,6,45.38.00,,2,1740101945000,1754593242526,0
2353,,REPLACE_WITH_YOUR_USER_ID,18340666272,smith-incline-bench-press,Incline Smith Machine Bench Press,7,61.25.00,,2,1740190964000,1754593237512,0
2354,,REPLACE_WITH_YOUR_USER_ID,18331854834,ez-bar-curl,EZ-Bar Curl,8,41.21.00,,3,1740102128000,1754593242526,0
2355,,REPLACE_WITH_YOUR_USER_ID,18340666272,smith-incline-bench-press,Incline Smith Machine Bench Press,7,61.25.00,,3,1740191310000,1754593237512,0
2356,,REPLACE_WITH_YOUR_USER_ID,18331854834,machine-preacher-curl,Machine Preacher Curl,12,27.19.00,,1,1740102452000,1754593242526,0
2357,,REPLACE_WITH_YOUR_USER_ID,18340666272,machine-chest-press,Machine Chest Press,6,77.13.00,,1,1740191903000,1754593237512,0
2358,,REPLACE_WITH_YOUR_USER_ID,18331854834,machine-preacher-curl,Machine Preacher Curl,12,32.15.00,,2,1740102739000,1754593242526,0
2359,,REPLACE_WITH_YOUR_USER_ID,18340666272,machine-chest-press,Machine Chest Press,6,75.21.00,,2,1740192365000,1754593237512,0
2360,,REPLACE_WITH_YOUR_USER_ID,18331854834,machine-preacher-curl,Machine Preacher Curl,12,27.19.00,,3,1740103017000,1754593242526,0
2361,,REPLACE_WITH_YOUR_USER_ID,18340666272,machine-chest-press,Machine Chest Press,6,75.21.00,,3,1740192734000,1754593237512,0
2362,,REPLACE_WITH_YOUR_USER_ID,18331854834,lateral-raise,Lateral Raise,10,23.09,,1,1740103361000,1754593242526,0
2363,,REPLACE_WITH_YOUR_USER_ID,18340666272,barbell-ohp,Barbell Overhead Press,6,70.31.00,,1,1740193146000,1754593237512,0
2364,,REPLACE_WITH_YOUR_USER_ID,18331854834,lateral-raise,Lateral Raise,10,18.13,,2,1740103650000,1754593242526,0
2365,,REPLACE_WITH_YOUR_USER_ID,18340666272,barbell-ohp,Barbell Overhead Press,7,70.31.00,,2,1740193432000,1754593237512,0
2366,,REPLACE_WITH_YOUR_USER_ID,18331854834,lateral-raise,Lateral Raise,10,18.13,,3,1740103850000,1754593242526,0
2367,,REPLACE_WITH_YOUR_USER_ID,18340666272,barbell-ohp,Barbell Overhead Press,8,70.31.00,,3,1740193963000,1754593237512,0
2368,,REPLACE_WITH_YOUR_USER_ID,18331854834,dumbbell-bench-press,Dumbbell Bench Press,12,41.21.00,,1,1740104112000,1754593242526,0
2369,,REPLACE_WITH_YOUR_USER_ID,18340666272,close-grip-bench,Close-Grip Bench Press,8,82.03.00,,1,1740194375000,1754593237512,0
2370,,REPLACE_WITH_YOUR_USER_ID,18331854834,dumbbell-bench-press,Dumbbell Bench Press,11,45.38.00,,2,1740104390000,1754593242526,0
2371,,REPLACE_WITH_YOUR_USER_ID,18340666272,close-grip-bench,Close-Grip Bench Press,8,79.38.00,,2,1740194459000,1754593237512,0
2372,,REPLACE_WITH_YOUR_USER_ID,18331854834,dumbbell-bench-press,Dumbbell Bench Press,10,45.38.00,,3,1740104727000,1754593242526,0
2373,,REPLACE_WITH_YOUR_USER_ID,18340666272,close-grip-bench,Close-Grip Bench Press,9,79.38.00,,3,1740195676000,1754593237512,0
2374,,REPLACE_WITH_YOUR_USER_ID,18331854834,lat-pulldown,Lat Pulldown,12,79.38.00,,1,1740105318000,1754593242526,0
2375,,REPLACE_WITH_YOUR_USER_ID,18340666272,lying-leg-curl,Lying Leg Curl,12,79.38.00,,1,1740195929000,1754593237512,0
2376,,REPLACE_WITH_YOUR_USER_ID,18331854834,lat-pulldown,Lat Pulldown,8,82.03.00,,2,1740105682000,1754593242526,0
2377,,REPLACE_WITH_YOUR_USER_ID,18340666272,lying-leg-curl,Lying Leg Curl,15,79.38.00,,2,1740196344000,1754593237512,0
2378,,REPLACE_WITH_YOUR_USER_ID,18331854834,cable-row-wide,Wide-Grip Cable Row,10,72.56.00,,1,1740106035000,1754593242526,0
2379,,REPLACE_WITH_YOUR_USER_ID,18340666272,lying-leg-curl,Lying Leg Curl,12,77.13.00,,3,1740196830000,1754593237512,0
2380,,REPLACE_WITH_YOUR_USER_ID,18331854834,cable-row-wide,Wide-Grip Cable Row,15,72.56.00,,2,1740106462000,1754593242526,0
2381,,REPLACE_WITH_YOUR_USER_ID,18340666272,hip-abduction,Hip Abduction Machine,10,91.09.00,,1,1740197178000,1754593237512,0
2382,,REPLACE_WITH_YOUR_USER_ID,18340666272,hip-abduction,Hip Abduction Machine,15,72.57.00,,2,1740197275000,1754593237512,0
2383,,REPLACE_WITH_YOUR_USER_ID,18340666272,hip-abduction,Hip Abduction Machine,15,82.03.00,,3,1740197577000,1754593237512,0
2384,,REPLACE_WITH_YOUR_USER_ID,18340666272,reverse-wrist-curl,Reverse Wrist Curl,16,68.06.00,,1,1740197833000,1754593237512,0
2385,,REPLACE_WITH_YOUR_USER_ID,18340666272,reverse-wrist-curl,Reverse Wrist Curl,16,63.5,,2,1740198328000,1754593237512,0
2386,,REPLACE_WITH_YOUR_USER_ID,18340666272,reverse-curl,Reverse Barbell Curl,15,18.13,,1,1740198588000,1754593237512,0
2387,,REPLACE_WITH_YOUR_USER_ID,18340666272,reverse-curl,Reverse Barbell Curl,18,18.13,,2,1740198960000,1754593237512,0
2388,,REPLACE_WITH_YOUR_USER_ID,18314187640,pullup,Pull-Up,6,<null>,,1,1739931778000,1754593249513,0
2389,,REPLACE_WITH_YOUR_USER_ID,18314187640,ez-bar-curl,EZ-Bar Curl,8,45.38.00,,1,1739931983000,1754593249513,0
2390,,REPLACE_WITH_YOUR_USER_ID,18314187640,ez-bar-curl,EZ-Bar Curl,6,45.38.00,,2,1739932258000,1754593249513,0
2391,,REPLACE_WITH_YOUR_USER_ID,18314187640,ez-bar-curl,EZ-Bar Curl,8,41.21.00,,3,1739932545000,1754593249513,0
2392,,REPLACE_WITH_YOUR_USER_ID,18314187640,cable-hammer-curl,Cable Hammer Curl,12,27.19.00,,1,1739932749000,1754593249513,0
2393,,REPLACE_WITH_YOUR_USER_ID,18314187640,cable-hammer-curl,Cable Hammer Curl,15,32.15.00,,2,1739932859000,1754593249513,0
2394,,REPLACE_WITH_YOUR_USER_ID,18314187640,cable-hammer-curl,Cable Hammer Curl,12,32.15.00,,3,1739933106000,1754593249513,0
2395,,REPLACE_WITH_YOUR_USER_ID,18314187640,lateral-raise,Lateral Raise,8,23.09,,1,1739933348000,1754593249513,0
2396,,REPLACE_WITH_YOUR_USER_ID,18314187640,lateral-raise,Lateral Raise,12,20.44,,2,1739933604000,1754593249513,0
2397,,REPLACE_WITH_YOUR_USER_ID,18314187640,lateral-raise,Lateral Raise,12,18.13,,3,1739933898000,1754593249513,0
2398,,REPLACE_WITH_YOUR_USER_ID,18314187640,close-grip-bench,Close-Grip Bench Press,12,82.03.00,,1,1739934240000,1754593249513,0
2399,,REPLACE_WITH_YOUR_USER_ID,18314187640,close-grip-bench,Close-Grip Bench Press,8,84.34.00,,2,1739934564000,1754593249513,0
2400,,REPLACE_WITH_YOUR_USER_ID,18314187640,barbell-ohp,Barbell Overhead Press,10,63.5,,1,1739934730000,1754593249513,0
2401,,REPLACE_WITH_YOUR_USER_ID,18314187640,barbell-ohp,Barbell Overhead Press,10,63.5,,2,1739935218000,1754593249513,0
2402,,REPLACE_WITH_YOUR_USER_ID,18314187640,barbell-ohp,Barbell Overhead Press,8,63.5,,3,1739935433000,1754593249513,0
2403,,REPLACE_WITH_YOUR_USER_ID,18296460873,barbell-bench-press,Barbell Bench Press,6,70.31.00,,1,1739758274000,1754593259514,0
2404,,REPLACE_WITH_YOUR_USER_ID,18304009492,hack-squat,Hack Squat Machine,8,88.44.00,,1,1739833799000,1754593254634,0
2405,,REPLACE_WITH_YOUR_USER_ID,18296460873,barbell-bench-press,Barbell Bench Press,6,70.31.00,,2,1739758542000,1754593259514,0
2406,,REPLACE_WITH_YOUR_USER_ID,18304009492,hack-squat,Hack Squat Machine,8,91.09.00,,2,1739834166000,1754593254634,0
2407,,REPLACE_WITH_YOUR_USER_ID,18296460873,pullup,Pull-Up,4,70.31.00,,1,1739758822000,1754593259514,0
2408,,REPLACE_WITH_YOUR_USER_ID,18304009492,hack-squat,Hack Squat Machine,6,91.09.00,,3,1739834543000,1754593254634,0
2409,,REPLACE_WITH_YOUR_USER_ID,18296460873,unknown,UNKNOWN,6,77.13.00,,1,1739759258000,1754593259514,0
2410,,REPLACE_WITH_YOUR_USER_ID,18304009492,lying-leg-curl,Lying Leg Curl,6,72.56.00,,1,1739834918000,1754593254634,0
2411,,REPLACE_WITH_YOUR_USER_ID,18296460873,unknown,UNKNOWN,6,77.13.00,,2,1739759499000,1754593259514,0
2412,,REPLACE_WITH_YOUR_USER_ID,18304009492,lying-leg-curl,Lying Leg Curl,15,72.56.00,,2,1739835141000,1754593254634,0
2413,,REPLACE_WITH_YOUR_USER_ID,18296460873,unknown,UNKNOWN,6,75.21.00,,3,1739759833000,1754593259514,0
2414,,REPLACE_WITH_YOUR_USER_ID,18304009492,lying-leg-curl,Lying Leg Curl,10,79.38.00,,3,1739835452000,1754593254634,0
2415,,REPLACE_WITH_YOUR_USER_ID,18296460873,unknown,UNKNOWN,10,75.21.00,,4,1739760077000,1754593259514,0
2416,,REPLACE_WITH_YOUR_USER_ID,18304009492,hip-adduction,Hip Adduction Machine,12,91.09.00,,1,1739835851000,1754593254634,0
2417,,REPLACE_WITH_YOUR_USER_ID,18296460873,unknown,UNKNOWN,8,68.06.00,,5,1739760224000,1754593259514,0
2418,,REPLACE_WITH_YOUR_USER_ID,18304009492,hip-adduction,Hip Adduction Machine,12,91.09.00,,2,1739836074000,1754593254634,0
2419,,REPLACE_WITH_YOUR_USER_ID,18296460873,unknown,UNKNOWN,8,68.06.00,,6,1739760489000,1754593259514,0
2420,,REPLACE_WITH_YOUR_USER_ID,18304009492,hip-abduction,Hip Abduction Machine,10,91.09.00,,1,1739836374000,1754593254634,0
2421,,REPLACE_WITH_YOUR_USER_ID,18296460873,unknown,UNKNOWN,16,18.13,,7,1739762058000,1754593259514,0
2422,,REPLACE_WITH_YOUR_USER_ID,18304009492,hip-abduction,Hip Abduction Machine,15,82.03.00,,2,1739836563000,1754593254634,0
2423,,REPLACE_WITH_YOUR_USER_ID,18296460873,barbell-row,Barbell Row,10,54.44.00,,1,1739760746000,1754593259514,0
2424,,REPLACE_WITH_YOUR_USER_ID,18304009492,weighted-crunch,Weighted Crunch,10,59.34.00,,1,1739836877000,1754593254634,0
2425,,REPLACE_WITH_YOUR_USER_ID,18296460873,barbell-row,Barbell Row,10,54.44.00,,2,1739761015000,1754593259514,0
2426,,REPLACE_WITH_YOUR_USER_ID,18304009492,weighted-crunch,Weighted Crunch,8,61.25.00,,2,1739837210000,1754593254634,0
2427,,REPLACE_WITH_YOUR_USER_ID,18296460873,lateral-raise,Lateral Raise,8,54.44.00,,1,1739761400000,1754593259514,0
2428,,REPLACE_WITH_YOUR_USER_ID,18304009492,leg-extension,Leg Extension,12,68.06.00,,1,1739837894000,1754593254634,0
2429,,REPLACE_WITH_YOUR_USER_ID,18296460873,lateral-raise,Lateral Raise,12,18.13,,2,1739761558000,1754593259514,0
2430,,REPLACE_WITH_YOUR_USER_ID,18304009492,leg-extension,Leg Extension,15,68.06.00,,2,1739838508000,1754593254634,0
2431,,REPLACE_WITH_YOUR_USER_ID,18296460873,lateral-raise,Lateral Raise,15,18.13,,3,1739761792000,1754593259514,0
2432,,REPLACE_WITH_YOUR_USER_ID,18304009492,leg-extension,Leg Extension,15,68.06.00,,3,1739838737000,1754593254634,0
2433,,REPLACE_WITH_YOUR_USER_ID,18304009492,seated-calf-raise,Seated Calf Raise Machine,8,52.16.00,,1,1739839060000,1754593254634,0
2434,,REPLACE_WITH_YOUR_USER_ID,18304009492,seated-calf-raise,Seated Calf Raise Machine,8,66.17.00,,2,1739839295000,1754593254634,0
2435,,REPLACE_WITH_YOUR_USER_ID,18304009492,seated-calf-raise,Seated Calf Raise Machine,8,70.31.00,,3,1739839434000,1754593254634,0
2436,,REPLACE_WITH_YOUR_USER_ID,18278721752,hack-squat,Hack Squat Machine,8,88.44.00,,1,1739587038000,1754593264513,0
2437,,REPLACE_WITH_YOUR_USER_ID,18278721752,hack-squat,Hack Squat Machine,6,88.44.00,,2,1739587355000,1754593264513,0
2438,,REPLACE_WITH_YOUR_USER_ID,18278721752,hack-squat,Hack Squat Machine,6,88.44.00,,3,1739587719000,1754593264513,0
2439,,REPLACE_WITH_YOUR_USER_ID,18278721752,barbell-ohp,Barbell Overhead Press,10,72.56.00,,1,1739587949000,1754593264513,0
2440,,REPLACE_WITH_YOUR_USER_ID,18278721752,barbell-ohp,Barbell Overhead Press,10,72.56.00,,2,1739588309000,1754593264513,0
2441,,REPLACE_WITH_YOUR_USER_ID,18278721752,barbell-ohp,Barbell Overhead Press,8,72.56.00,,3,1739588619000,1754593264513,0
2442,,REPLACE_WITH_YOUR_USER_ID,18278721752,upright-row-barbell,Barbell Upright Row,16,27.19.00,,1,1739588966000,1754593264513,0
2443,,REPLACE_WITH_YOUR_USER_ID,18278721752,upright-row-barbell,Barbell Upright Row,16,27.19.00,,2,1739589210000,1754593264513,0
2444,,REPLACE_WITH_YOUR_USER_ID,18278721752,upright-row-barbell,Barbell Upright Row,16,27.19.00,,3,1739589579000,1754593264513,0
2445,,REPLACE_WITH_YOUR_USER_ID,18278721752,hammer-curl,Hammer Curl,10,32.15.00,,1,1739589800000,1754593264513,0
2446,,REPLACE_WITH_YOUR_USER_ID,18278721752,hip-adduction,Hip Adduction Machine,12,91.09.00,,1,1739589939000,1754593264513,0
2447,,REPLACE_WITH_YOUR_USER_ID,18278721752,hip-adduction,Hip Adduction Machine,12,91.09.00,,2,1739590163000,1754593264513,0
2448,,REPLACE_WITH_YOUR_USER_ID,18270058462,cable-row-wide,Wide-Grip Cable Row,12,72.56.00,,1,1739496356000,1754593270735,0
2449,,REPLACE_WITH_YOUR_USER_ID,18262871497,smith-incline-bench-press,Incline Smith Machine Bench Press,5,66.15.00,,1,1739425364000,1754593275537,0
2450,,REPLACE_WITH_YOUR_USER_ID,18270058462,cable-row-wide,Wide-Grip Cable Row,10,82.03.00,,2,1739496636000,1754593270735,0
2451,,REPLACE_WITH_YOUR_USER_ID,18262871497,smith-incline-bench-press,Incline Smith Machine Bench Press,6,63.5,,2,1739425627000,1754593275537,0
2452,,REPLACE_WITH_YOUR_USER_ID,18270058462,cable-row-wide,Wide-Grip Cable Row,10,77.13.00,,3,1739496856000,1754593270735,0
2453,,REPLACE_WITH_YOUR_USER_ID,18262871497,smith-incline-bench-press,Incline Smith Machine Bench Press,7,61.25.00,,3,1739425987000,1754593275537,0
2454,,REPLACE_WITH_YOUR_USER_ID,18270058462,lat-pulldown,Lat Pulldown,12,77.13.00,,1,1739497121000,1754593270735,0
2455,,REPLACE_WITH_YOUR_USER_ID,18262871497,machine-chest-press,Machine Chest Press,8,70.31.00,,1,1739426328000,1754593275537,0
2456,,REPLACE_WITH_YOUR_USER_ID,18270058462,lat-pulldown,Lat Pulldown,10,77.13.00,,2,1739497313000,1754593270735,0
2457,,REPLACE_WITH_YOUR_USER_ID,18262871497,machine-chest-press,Machine Chest Press,6,70.31.00,,2,1739426726000,1754593275537,0
2458,,REPLACE_WITH_YOUR_USER_ID,18270058462,lat-pulldown,Lat Pulldown,10,77.13.00,,3,1739497558000,1754593270735,0
2459,,REPLACE_WITH_YOUR_USER_ID,18262871497,machine-chest-press,Machine Chest Press,8,70.31.00,,3,1739427310000,1754593275537,0
2460,,REPLACE_WITH_YOUR_USER_ID,18270058462,lateral-raise,Lateral Raise,12,18.13,,1,1739497790000,1754593270735,0
2461,,REPLACE_WITH_YOUR_USER_ID,18262871497,close-grip-bench,Close-Grip Bench Press,10,82.03.00,,1,1739427855000,1754593275537,0
2462,,REPLACE_WITH_YOUR_USER_ID,18270058462,lateral-raise,Lateral Raise,8,18.13,,2,1739497979000,1754593270735,0
2463,,REPLACE_WITH_YOUR_USER_ID,18262871497,close-grip-bench,Close-Grip Bench Press,6,82.03.00,,2,1739428056000,1754593275537,0
2464,,REPLACE_WITH_YOUR_USER_ID,18270058462,lateral-raise,Lateral Raise,12,18.13,,3,1739498253000,1754593270735,0
2465,,REPLACE_WITH_YOUR_USER_ID,18262871497,close-grip-bench,Close-Grip Bench Press,8,79.38.00,,3,1739428250000,1754593275537,0
2466,,REPLACE_WITH_YOUR_USER_ID,18270058462,ez-bar-curl,EZ-Bar Curl,10,27.19.00,,1,1739498581000,1754593270735,0
2467,,REPLACE_WITH_YOUR_USER_ID,18262871497,reverse-wrist-curl,Reverse Wrist Curl,16,63.5,,1,1739428358000,1754593275537,0
2468,,REPLACE_WITH_YOUR_USER_ID,18270058462,ez-bar-curl,EZ-Bar Curl,10,41.21.00,,1,1739498979000,1754593270735,0
2469,,REPLACE_WITH_YOUR_USER_ID,18270058462,ez-bar-curl,EZ-Bar Curl,10,41.21.00,,2,1739499429000,1754593270735,0
2470,,REPLACE_WITH_YOUR_USER_ID,18243287033,smith-bench-press,Smith Machine Bench Press,4,77.13.00,,1,1739235610000,1754593285511,0
2471,,REPLACE_WITH_YOUR_USER_ID,18253407272,hack-squat,Hack Squat Machine,8,79.38.00,,1,1739327347000,1754593280512,0
2472,,REPLACE_WITH_YOUR_USER_ID,18243287033,smith-bench-press,Smith Machine Bench Press,6,75.21.00,,2,1739235968000,1754593285511,0
2473,,REPLACE_WITH_YOUR_USER_ID,18253407272,hack-squat,Hack Squat Machine,8,79.38.00,,2,1739327559000,1754593280512,0
2474,,REPLACE_WITH_YOUR_USER_ID,18243287033,smith-bench-press,Smith Machine Bench Press,5,75.21.00,,3,1739236453000,1754593285511,0
2475,,REPLACE_WITH_YOUR_USER_ID,18253407272,hack-squat,Hack Squat Machine,8,79.38.00,,3,1739328148000,1754593280512,0
2476,,REPLACE_WITH_YOUR_USER_ID,18243287033,pec-deck,Pec Deck Machine,12,68.04.00,,1,1739236588000,1754593285511,0
2477,,REPLACE_WITH_YOUR_USER_ID,18253407272,lat-pulldown,Lat Pulldown,12,75.21.00,,1,1739328439000,1754593280512,0
2478,,REPLACE_WITH_YOUR_USER_ID,18243287033,pec-deck,Pec Deck Machine,12,68.04.00,,2,1739236942000,1754593285511,0
2479,,REPLACE_WITH_YOUR_USER_ID,18253407272,lat-pulldown,Lat Pulldown,10,77.13.00,,2,1739328724000,1754593280512,0
2480,,REPLACE_WITH_YOUR_USER_ID,18243287033,pec-deck,Pec Deck Machine,10,70.31.00,,3,1739237587000,1754593285511,0
2481,,REPLACE_WITH_YOUR_USER_ID,18253407272,lat-pulldown,Lat Pulldown,12,77.13.00,,3,1739329253000,1754593280512,0
2482,,REPLACE_WITH_YOUR_USER_ID,18243287033,barbell-ohp,Barbell Overhead Press,8,66.15.00,,1,1739238114000,1754593285511,0
2483,,REPLACE_WITH_YOUR_USER_ID,18253407272,ez-bar-curl,EZ-Bar Curl,11,41.21.00,,1,1739329701000,1754593280512,0
2484,,REPLACE_WITH_YOUR_USER_ID,18243287033,barbell-ohp,Barbell Overhead Press,8,66.15.00,,2,1739238562000,1754593285511,0
2485,,REPLACE_WITH_YOUR_USER_ID,18253407272,ez-bar-curl,EZ-Bar Curl,10,41.21.00,,2,1739330212000,1754593280512,0
2486,,REPLACE_WITH_YOUR_USER_ID,18243287033,barbell-ohp,Barbell Overhead Press,6,68.06.00,,3,1739238782000,1754593285511,0
2487,,REPLACE_WITH_YOUR_USER_ID,18253407272,ez-bar-curl,EZ-Bar Curl,10,41.21.00,,3,1739330623000,1754593280512,0
2488,,REPLACE_WITH_YOUR_USER_ID,18243287033,close-grip-bench,Close-Grip Bench Press,9,68.06.00,,1,1739239226000,1754593285511,0
2489,,REPLACE_WITH_YOUR_USER_ID,18253407272,hip-abduction,Hip Abduction Machine,8,82.03.00,,1,1739330851000,1754593280512,0
2490,,REPLACE_WITH_YOUR_USER_ID,18243287033,close-grip-bench,Close-Grip Bench Press,7,79.38.00,,2,1739239446000,1754593285511,0
2491,,REPLACE_WITH_YOUR_USER_ID,18253407272,hip-abduction,Hip Abduction Machine,12,79.38.00,,2,1739331200000,1754593280512,0
2492,,REPLACE_WITH_YOUR_USER_ID,18253407272,hip-abduction,Hip Abduction Machine,15,86.19.00,,3,1739331856000,1754593280512,0
2493,,REPLACE_WITH_YOUR_USER_ID,18243287033,close-grip-bench,Close-Grip Bench Press,8,79.38.00,,3,1739239691000,1754593285511,0
2494,,REPLACE_WITH_YOUR_USER_ID,18253407272,upright-row-barbell,Barbell Upright Row,16,27.19.00,,1,1739332493000,1754593280512,0
2495,,REPLACE_WITH_YOUR_USER_ID,18253407272,upright-row-barbell,Barbell Upright Row,16,27.19.00,,2,1739333175000,1754593280512,0
2496,,REPLACE_WITH_YOUR_USER_ID,18253407272,upright-row-barbell,Barbell Upright Row,15,27.19.00,,3,1739333489000,1754593280512,0
2497,,REPLACE_WITH_YOUR_USER_ID,18253407272,lateral-raise,Lateral Raise,8,18.13,,1,1739332556000,1754593280512,0
2498,,REPLACE_WITH_YOUR_USER_ID,18253407272,lateral-raise,Lateral Raise,15,18.13,,2,1739333859000,1754593280512,0
2499,,REPLACE_WITH_YOUR_USER_ID,18253407272,lateral-raise,Lateral Raise,10,18.13,,3,1739334027000,1754593280512,0
2500,,REPLACE_WITH_YOUR_USER_ID,18253407272,reverse-curl,Reverse Barbell Curl,20,14.03,,1,1739334185000,1754593280512,0
2501,,REPLACE_WITH_YOUR_USER_ID,18253407272,reverse-curl,Reverse Barbell Curl,30,14.03,,2,1739334591000,1754593280512,0
2502,,REPLACE_WITH_YOUR_USER_ID,18253407272,reverse-curl,Reverse Barbell Curl,16,14.03,,3,1739334834000,1754593280512,0
2503,,REPLACE_WITH_YOUR_USER_ID,18218175821,ez-bar-curl,EZ-Bar Curl,11,41.21.00,,1,1738998322000,1754593292517,0
2504,,REPLACE_WITH_YOUR_USER_ID,18218175821,ez-bar-curl,EZ-Bar Curl,12,41.21.00,,2,1738998707000,1754593292517,0
2505,,REPLACE_WITH_YOUR_USER_ID,18218175821,ez-bar-curl,EZ-Bar Curl,10,38.56.00,,3,1738999116000,1754593292517,0
2506,,REPLACE_WITH_YOUR_USER_ID,18218175821,lat-pulldown,Lat Pulldown,10,72.56.00,,1,1738999662000,1754593292517,0
2507,,REPLACE_WITH_YOUR_USER_ID,18218175821,lat-pulldown,Lat Pulldown,12,72.56.00,,2,1739000017000,1754593292517,0
2508,,REPLACE_WITH_YOUR_USER_ID,18218175821,cable-row-wide,Wide-Grip Cable Row,12,77.13.00,,1,1739000271000,1754593292517,0
2509,,REPLACE_WITH_YOUR_USER_ID,18218175821,cable-row-wide,Wide-Grip Cable Row,12,77.13.00,,2,1739000591000,1754593292517,0
2510,,REPLACE_WITH_YOUR_USER_ID,18218175821,upright-row-barbell,Barbell Upright Row,15,27.19.00,,1,1739000900000,1754593292517,0
2511,,REPLACE_WITH_YOUR_USER_ID,18218175821,upright-row-barbell,Barbell Upright Row,15,27.19.00,,2,1739001482000,1754593292517,0
2512,,REPLACE_WITH_YOUR_USER_ID,18218175821,upright-row-barbell,Barbell Upright Row,15,27.19.00,,3,1739002052000,1754593292517,0
2513,,REPLACE_WITH_YOUR_USER_ID,18218175821,ez-bar-curl,EZ-Bar Curl,12,27.19.00,,1,1739001146000,1754593292517,0
2514,,REPLACE_WITH_YOUR_USER_ID,18218175821,ez-bar-curl,EZ-Bar Curl,12,27.19.00,,2,1739001718000,1754593292517,0
2515,,REPLACE_WITH_YOUR_USER_ID,18208816914,smith-incline-bench-press,Incline Smith Machine Bench Press,6,66.15.00,,1,1738893521000,1754593299524,0
2516,,REPLACE_WITH_YOUR_USER_ID,18208816914,smith-incline-bench-press,Incline Smith Machine Bench Press,6,63.5,,2,1738893833000,1754593299524,0
2517,,REPLACE_WITH_YOUR_USER_ID,18208816914,smith-incline-bench-press,Incline Smith Machine Bench Press,4,63.5,,3,1738894296000,1754593299524,0
2518,,REPLACE_WITH_YOUR_USER_ID,18208816914,machine-chest-press,Machine Chest Press,8,68.06.00,,1,1738894696000,1754593299524,0
2519,,REPLACE_WITH_YOUR_USER_ID,18208816914,machine-chest-press,Machine Chest Press,8,68.06.00,,2,1738895018000,1754593299524,0
2520,,REPLACE_WITH_YOUR_USER_ID,18208816914,machine-chest-press,Machine Chest Press,10,68.06.00,,3,1738895479000,1754593299524,0
2521,,REPLACE_WITH_YOUR_USER_ID,18208816914,close-grip-bench,Close-Grip Bench Press,10,77.13.00,,1,1738896131000,1754593299524,0
2522,,REPLACE_WITH_YOUR_USER_ID,18208816914,close-grip-bench,Close-Grip Bench Press,8,79.38.00,,2,1738896365000,1754593299524,0
2523,,REPLACE_WITH_YOUR_USER_ID,18208816914,close-grip-bench,Close-Grip Bench Press,8,79.38.00,,3,1738896732000,1754593299524,0
2524,,REPLACE_WITH_YOUR_USER_ID,18208816914,lateral-raise,Lateral Raise,10,18.13,,1,1738897263000,1754593299524,0
2525,,REPLACE_WITH_YOUR_USER_ID,18208816914,lateral-raise,Lateral Raise,12,18.13,,2,1738897671000,1754593299524,0
2526,,REPLACE_WITH_YOUR_USER_ID,18208816914,lateral-raise,Lateral Raise,12,18.13,,3,1738898219000,1754593299524,0
2527,,REPLACE_WITH_YOUR_USER_ID,18190682720,smith-bench-press,Smith Machine Bench Press,5,75.21.00,,1,1738723150000,1754593310518,0
2528,,REPLACE_WITH_YOUR_USER_ID,18200396449,lat-pulldown,Lat Pulldown,12,75.21.00,,1,1738808380000,1754593305833,0
2529,,REPLACE_WITH_YOUR_USER_ID,18190682720,smith-bench-press,Smith Machine Bench Press,6,72.56.00,,2,1738723584000,1754593310518,0
2530,,REPLACE_WITH_YOUR_USER_ID,18200396449,lat-pulldown,Lat Pulldown,12,75.21.00,,2,1738808743000,1754593305833,0
2531,,REPLACE_WITH_YOUR_USER_ID,18190682720,smith-bench-press,Smith Machine Bench Press,8,70.31.00,,3,1738723972000,1754593310518,0
2532,,REPLACE_WITH_YOUR_USER_ID,18200396449,lat-pulldown,Lat Pulldown,10,75.21.00,,3,1738809050000,1754593305833,0
2533,,REPLACE_WITH_YOUR_USER_ID,18190682720,pec-deck,Pec Deck Machine,10,63.5,,1,1738724137000,1754593310518,0
2534,,REPLACE_WITH_YOUR_USER_ID,18200396449,cable-row-wide,Wide-Grip Cable Row,15,77.13.00,,1,1738809437000,1754593305833,0
2535,,REPLACE_WITH_YOUR_USER_ID,18190682720,pec-deck,Pec Deck Machine,10,66.15.00,,2,1738724372000,1754593310518,0
2536,,REPLACE_WITH_YOUR_USER_ID,18200396449,cable-row-wide,Wide-Grip Cable Row,12,77.13.00,,2,1738809922000,1754593305833,0
2537,,REPLACE_WITH_YOUR_USER_ID,18190682720,pec-deck,Pec Deck Machine,10,66.15.00,,3,1738724642000,1754593310518,0
2538,,REPLACE_WITH_YOUR_USER_ID,18200396449,cable-row-wide,Wide-Grip Cable Row,15,77.13.00,,3,1738810324000,1754593305833,0
2539,,REPLACE_WITH_YOUR_USER_ID,18190682720,barbell-ohp,Barbell Overhead Press,6,68.06.00,,1,1738725006000,1754593310518,0
2540,,REPLACE_WITH_YOUR_USER_ID,18200396449,rear-delt-fly,Rear Delt Fly,8,36.31.00,,1,1738810646000,1754593305833,0
2541,,REPLACE_WITH_YOUR_USER_ID,18190682720,barbell-ohp,Barbell Overhead Press,8,66.15.00,,2,1738725422000,1754593310518,0
2542,,REPLACE_WITH_YOUR_USER_ID,18200396449,rear-delt-fly,Rear Delt Fly,12,32.15.00,,2,1738810908000,1754593305833,0
2543,,REPLACE_WITH_YOUR_USER_ID,18190682720,barbell-ohp,Barbell Overhead Press,8,66.15.00,,3,1738725660000,1754593310518,0
2544,,REPLACE_WITH_YOUR_USER_ID,18200396449,rear-delt-fly,Rear Delt Fly,8,34,,3,1738811162000,1754593305833,0
2545,,REPLACE_WITH_YOUR_USER_ID,18190682720,tricep-pushdown-bar,Tricep Pushdown (Bar),12,50.28.00,,1,1738725815000,1754593310518,0
2546,,REPLACE_WITH_YOUR_USER_ID,18200396449,ez-bar-curl,EZ-Bar Curl,10,38.56.00,,1,1738811402000,1754593305833,0
2547,,REPLACE_WITH_YOUR_USER_ID,18190682720,tricep-pushdown-bar,Tricep Pushdown (Bar),9,54.44.00,,2,1738726041000,1754593310518,0
2548,,REPLACE_WITH_YOUR_USER_ID,18200396449,ez-bar-curl,EZ-Bar Curl,10,38.56.00,,2,1738811827000,1754593305833,0
2549,,REPLACE_WITH_YOUR_USER_ID,18190682720,tricep-pushdown-bar,Tricep Pushdown (Bar),9,54.44.00,,3,1738726262000,1754593310518,0
2550,,REPLACE_WITH_YOUR_USER_ID,18200396449,ez-bar-curl,EZ-Bar Curl,10,38.56.00,,3,1738812146000,1754593305833,0
2551,,REPLACE_WITH_YOUR_USER_ID,18200396449,deadlift,Deadlift,6,75.21.00,,1,1738812945000,1754593305833,0
2552,,REPLACE_WITH_YOUR_USER_ID,18200396449,hack-squat,Hack Squat Machine,10,70.31.00,,1,1738813244000,1754593305833,0
2553,,REPLACE_WITH_YOUR_USER_ID,18200396449,hack-squat,Hack Squat Machine,8,70.31.00,,2,1738813588000,1754593305833,0
2554,,REPLACE_WITH_YOUR_USER_ID,18200396449,hack-squat,Hack Squat Machine,10,70.31.00,,3,1738814149000,1754593305833,0
2555,,REPLACE_WITH_YOUR_USER_ID,18200396449,seated-calf-raise,Seated Calf Raise Machine,20,59.37.00,,1,1738813687000,1754593305833,0
2556,,REPLACE_WITH_YOUR_USER_ID,18200396449,seated-calf-raise,Seated Calf Raise Machine,20,59.37.00,,2,1738814268000,1754593305833,0
2557,,REPLACE_WITH_YOUR_USER_ID,18200396449,upright-row-barbell,Barbell Upright Row,20,27.19.00,,1,1738814720000,1754593305833,0
2558,,REPLACE_WITH_YOUR_USER_ID,18200396449,upright-row-barbell,Barbell Upright Row,16,27.19.00,,2,1738815438000,1754593305833,0
2559,,REPLACE_WITH_YOUR_USER_ID,18200396449,upright-row-barbell,Barbell Upright Row,16,27.19.00,,3,1738816172000,1754593305833,0
2560,,REPLACE_WITH_YOUR_USER_ID,18200396449,ez-bar-curl,EZ-Bar Curl,12,27.19.00,,1,1738814914000,1754593305833,0
2561,,REPLACE_WITH_YOUR_USER_ID,18200396449,ez-bar-curl,EZ-Bar Curl,12,27.19.00,,2,1738815773000,1754593305833,0
2562,,REPLACE_WITH_YOUR_USER_ID,18200396449,ez-bar-curl,EZ-Bar Curl,8,27.19.00,,3,1738816302000,1754593305833,0
2563,,REPLACE_WITH_YOUR_USER_ID,18154539741,smith-bench-press,Smith Machine Bench Press,10,75.21.00,,1,1738375828000,1754593316222,0
2564,,REPLACE_WITH_YOUR_USER_ID,18181480432,cable-row-wide,Wide-Grip Cable Row,12,72.56.00,,1,1738637533000,1754593314323,0
2565,,REPLACE_WITH_YOUR_USER_ID,18154539741,smith-bench-press,Smith Machine Bench Press,10,75.21.00,,2,1738376050000,1754593316222,0
2566,,REPLACE_WITH_YOUR_USER_ID,18181480432,cable-row-wide,Wide-Grip Cable Row,12,72.56.00,,2,1738637823000,1754593314323,0
2567,,REPLACE_WITH_YOUR_USER_ID,18154539741,smith-bench-press,Smith Machine Bench Press,8,75.21.00,,3,1738376406000,1754593316222,0
2568,,REPLACE_WITH_YOUR_USER_ID,18181480432,cable-row-wide,Wide-Grip Cable Row,12,77.13.00,,3,1738638098000,1754593314323,0
2569,,REPLACE_WITH_YOUR_USER_ID,18154539741,seated-barbell-ohp,Seated Barbell Overhead Press,10,63.5,,1,1738376646000,1754593316222,0
2570,,REPLACE_WITH_YOUR_USER_ID,18181480432,lat-pulldown,Lat Pulldown,12,72.56.00,,1,1738638597000,1754593314323,0
2571,,REPLACE_WITH_YOUR_USER_ID,18154539741,seated-barbell-ohp,Seated Barbell Overhead Press,8,68.06.00,,2,1738376853000,1754593316222,0
2572,,REPLACE_WITH_YOUR_USER_ID,18181480432,lat-pulldown,Lat Pulldown,10,72.56.00,,2,1738638892000,1754593314323,0
2573,,REPLACE_WITH_YOUR_USER_ID,18154539741,seated-barbell-ohp,Seated Barbell Overhead Press,8,66.15.00,,3,1738377180000,1754593316222,0
2574,,REPLACE_WITH_YOUR_USER_ID,18181480432,lat-pulldown,Lat Pulldown,12,72.56.00,,3,1738639130000,1754593314323,0
2575,,REPLACE_WITH_YOUR_USER_ID,18154539741,chest-dip,Chest Dip,10,<null>,,1,1738377547000,1754593316222,0
2576,,REPLACE_WITH_YOUR_USER_ID,18181480432,ez-bar-curl,EZ-Bar Curl,8,38.56.00,,1,1738639667000,1754593314323,0
2577,,REPLACE_WITH_YOUR_USER_ID,18154539741,chest-dip,Chest Dip,8,<null>,,2,1738377782000,1754593316222,0
2578,,REPLACE_WITH_YOUR_USER_ID,18181480432,ez-bar-curl,EZ-Bar Curl,10,36.31.00,,2,1738640000000,1754593314323,0
2579,,REPLACE_WITH_YOUR_USER_ID,18154539741,chest-dip,Chest Dip,8,<null>,,3,1738378234000,1754593316222,0
2580,,REPLACE_WITH_YOUR_USER_ID,18181480432,ez-bar-curl,EZ-Bar Curl,8,36.31.00,,3,1738640191000,1754593314323,0
2581,,REPLACE_WITH_YOUR_USER_ID,18154539741,pec-deck,Pec Deck Machine,8,68.06.00,,1,1738378695000,1754593316222,0
2582,,REPLACE_WITH_YOUR_USER_ID,18181480432,hammer-curl,Hammer Curl,10,27.19.00,,1,1738640434000,1754593314323,0
2583,,REPLACE_WITH_YOUR_USER_ID,18154539741,pec-deck,Pec Deck Machine,10,63.5,,2,1738379107000,1754593316222,0
2584,,REPLACE_WITH_YOUR_USER_ID,18181480432,hammer-curl,Hammer Curl,12,27.19.00,,2,1738640655000,1754593314323,0
2585,,REPLACE_WITH_YOUR_USER_ID,18154539741,pec-deck,Pec Deck Machine,12,63.5,,3,1738379432000,1754593316222,0
2586,,REPLACE_WITH_YOUR_USER_ID,18181480432,hammer-curl,Hammer Curl,10,27.19.00,,3,1738640967000,1754593314323,0
2587,,REPLACE_WITH_YOUR_USER_ID,18154539741,tricep-pushdown-bar,Tricep Pushdown (Bar),10,41.21.00,,1,1738379763000,1754593316222,0
2588,,REPLACE_WITH_YOUR_USER_ID,18181480432,upright-row-barbell,Barbell Upright Row,12,27.19.00,,1,1738641482000,1754593314323,0
2589,,REPLACE_WITH_YOUR_USER_ID,18154539741,tricep-pushdown-bar,Tricep Pushdown (Bar),12,41.21.00,,2,1738380071000,1754593316222,0
2590,,REPLACE_WITH_YOUR_USER_ID,18181480432,upright-row-barbell,Barbell Upright Row,12,27.19.00,,2,1738641858000,1754593314323,0
2591,,REPLACE_WITH_YOUR_USER_ID,18154539741,tricep-pushdown-bar,Tricep Pushdown (Bar),12,41.21.00,,3,1738380437000,1754593316222,0
2592,,REPLACE_WITH_YOUR_USER_ID,18181480432,upright-row-barbell,Barbell Upright Row,15,27.19.00,,3,1738642294000,1754593314323,0
2593,,REPLACE_WITH_YOUR_USER_ID,18154539741,upright-row-barbell,Barbell Upright Row,15,27.19.00,,1,1738380930000,1754593316222,0
2594,,REPLACE_WITH_YOUR_USER_ID,18181480432,hack-squat,Hack Squat Machine,6,70.31.00,,1,1738642688000,1754593314323,0
2595,,REPLACE_WITH_YOUR_USER_ID,18154539741,upright-row-barbell,Barbell Upright Row,15,27.19.00,,2,1738381424000,1754593316222,0
2596,,REPLACE_WITH_YOUR_USER_ID,18181480432,hack-squat,Hack Squat Machine,10,66.15.00,,2,1738642975000,1754593314323,0
2597,,REPLACE_WITH_YOUR_USER_ID,18154539741,upright-row-barbell,Barbell Upright Row,15,27.19.00,,3,1738382000000,1754593316222,0
2598,,REPLACE_WITH_YOUR_USER_ID,18181480432,hack-squat,Hack Squat Machine,8,66.15.00,,3,1738643220000,1754593314323,0
2599,,REPLACE_WITH_YOUR_USER_ID,18154539741,lateral-raise,Lateral Raise,12,18.13,,1,1738382673000,1754593316222,0
2600,,REPLACE_WITH_YOUR_USER_ID,18154539741,lateral-raise,Lateral Raise,12,18.13,,2,1738382993000,1754593316222,0
2601,,REPLACE_WITH_YOUR_USER_ID,18154539741,lateral-raise,Lateral Raise,10,18.13,,3,1738383235000,1754593316222,0
2602,,REPLACE_WITH_YOUR_USER_ID,18154539741,dumbbell-curl,Dumbbell Curl,15,36.31.00,,1,1738383379000,1754593316222,0
2603,,REPLACE_WITH_YOUR_USER_ID,18154539741,dumbbell-curl,Dumbbell Curl,8,38.56.00,,2,1738383880000,1754593316222,0
2604,,REPLACE_WITH_YOUR_USER_ID,18154539741,dumbbell-curl,Dumbbell Curl,8,38.56.00,,3,1738384254000,1754593316222,0
2605,,REPLACE_WITH_YOUR_USER_ID,18154539741,leg-press,Leg Press,8,63.5,,1,1738384403000,1754593316222,0
2606,,REPLACE_WITH_YOUR_USER_ID,18154539741,leg-press,Leg Press,8,68.06.00,,2,1738384672000,1754593316222,0
2607,,REPLACE_WITH_YOUR_USER_ID,18154539741,leg-press,Leg Press,10,68.06.00,,3,1738385130000,1754593316222,0
2608,,REPLACE_WITH_YOUR_USER_ID,18154539741,weighted-crunch,Weighted Crunch,8,57.09.00,,1,1738385562000,1754593316222,0
2609,,REPLACE_WITH_YOUR_USER_ID,18154539741,weighted-crunch,Weighted Crunch,8,54.44.00,,2,1738385960000,1754593316222,0
2610,,REPLACE_WITH_YOUR_USER_ID,18154539741,weighted-crunch,Weighted Crunch,8,54.44.00,,3,1738386307000,1754593316222,0
2611,,REPLACE_WITH_YOUR_USER_ID,18154539741,reverse-curl,Reverse Barbell Curl,20,14.03,,1,1738386562000,1754593316222,0
2612,,REPLACE_WITH_YOUR_USER_ID,18154539741,reverse-curl,Reverse Barbell Curl,18,14.03,,2,1738386882000,1754593316222,0
2613,,REPLACE_WITH_YOUR_USER_ID,18154539741,reverse-curl,Reverse Barbell Curl,20,14.03,,3,1738387310000,1754593316222,0
2614,,REPLACE_WITH_YOUR_USER_ID,18154539741,reverse-wrist-curl,Reverse Wrist Curl,20,45.38.00,,1,1738387467000,1754593316222,0
2615,,REPLACE_WITH_YOUR_USER_ID,18154539741,reverse-wrist-curl,Reverse Wrist Curl,16,45.38.00,,2,1738387618000,1754593316222,0
2616,,REPLACE_WITH_YOUR_USER_ID,18154539741,reverse-wrist-curl,Reverse Wrist Curl,15,45.38.00,,3,1738387818000,1754593316222,0
2617,,REPLACE_WITH_YOUR_USER_ID,18145751799,cable-row,Seated Cable Row,12,72.56.00,,1,1738292332000,1754593318140,0
2618,,REPLACE_WITH_YOUR_USER_ID,18145751799,cable-row,Seated Cable Row,12,72.56.00,,2,1738292854000,1754593318140,0
2619,,REPLACE_WITH_YOUR_USER_ID,18145751799,cable-row,Seated Cable Row,12,72.56.00,,3,1738293339000,1754593318140,0
2620,,REPLACE_WITH_YOUR_USER_ID,18145751799,dumbbell-curl,Dumbbell Curl,10,41.21.00,,1,1738293655000,1754593318140,0
2621,,REPLACE_WITH_YOUR_USER_ID,18145751799,dumbbell-curl,Dumbbell Curl,10,38.56.00,,2,1738294032000,1754593318140,0
2622,,REPLACE_WITH_YOUR_USER_ID,18145751799,dumbbell-curl,Dumbbell Curl,15,36.31.00,,3,1738294350000,1754593318140,0
2623,,REPLACE_WITH_YOUR_USER_ID,18119245206,smith-incline-bench-press,Incline Smith Machine Bench Press,6,61.25.00,,1,1738034509000,1754593327512,0
2624,,REPLACE_WITH_YOUR_USER_ID,18119245206,smith-incline-bench-press,Incline Smith Machine Bench Press,10,57.09.00,,2,1738034826000,1754593327512,0
2625,,REPLACE_WITH_YOUR_USER_ID,18119245206,smith-incline-bench-press,Incline Smith Machine Bench Press,8,59.34.00,,3,1738035318000,1754593327512,0
2626,,REPLACE_WITH_YOUR_USER_ID,18119245206,smith-bench-press,Smith Machine Bench Press,6,70.31.00,,1,1738035692000,1754593327512,0
2627,,REPLACE_WITH_YOUR_USER_ID,18119245206,smith-bench-press,Smith Machine Bench Press,7,68.06.00,,2,1738036255000,1754593327512,0
2628,,REPLACE_WITH_YOUR_USER_ID,18119245206,smith-bench-press,Smith Machine Bench Press,6,68.06.00,,3,1738036466000,1754593327512,0
2629,,REPLACE_WITH_YOUR_USER_ID,18119245206,barbell-bench-press,Barbell Bench Press,10,63.5,,1,1738036849000,1754593327512,0
2630,,REPLACE_WITH_YOUR_USER_ID,18119245206,barbell-bench-press,Barbell Bench Press,10,61.25.00,,2,1738037149000,1754593327512,0
2631,,REPLACE_WITH_YOUR_USER_ID,18119245206,barbell-bench-press,Barbell Bench Press,12,61.25.00,,3,1738037727000,1754593327512,0
2632,,REPLACE_WITH_YOUR_USER_ID,18119245206,lateral-raise,Lateral Raise,12,18.13,,1,1738038131000,1754593327512,0
2633,,REPLACE_WITH_YOUR_USER_ID,18119245206,lateral-raise,Lateral Raise,10,18.13,,2,1738038531000,1754593327512,0
2634,,REPLACE_WITH_YOUR_USER_ID,18119245206,lateral-raise,Lateral Raise,12,18.13,,3,1738038996000,1754593327512,0
2635,,REPLACE_WITH_YOUR_USER_ID,18119245206,reverse-curl,Reverse Barbell Curl,15,14.01,,1,1738038171000,1754593327512,0
2636,,REPLACE_WITH_YOUR_USER_ID,18119245206,reverse-curl,Reverse Barbell Curl,16,14.01,,2,1738038736000,1754593327512,0
2637,,REPLACE_WITH_YOUR_USER_ID,18119245206,reverse-curl,Reverse Barbell Curl,26,14.01,,3,1738039103000,1754593327512,0
2638,,REPLACE_WITH_YOUR_USER_ID,18119245206,upright-row-barbell,Barbell Upright Row,15,23.09,,1,1738039244000,1754593327512,0
2639,,REPLACE_WITH_YOUR_USER_ID,18119245206,upright-row-barbell,Barbell Upright Row,15,23.09,,2,1738039719000,1754593327512,0
2640,,REPLACE_WITH_YOUR_USER_ID,18119245206,upright-row-barbell,Barbell Upright Row,15,23.09,,3,1738040094000,1754593327512,0
2641,,REPLACE_WITH_YOUR_USER_ID,18119245206,tricep-pushdown-bar,Tricep Pushdown (Bar),15,50.28.00,,1,1738040346000,1754593327512,0
2642,,REPLACE_WITH_YOUR_USER_ID,18119245206,tricep-pushdown-bar,Tricep Pushdown (Bar),12,54.44.00,,2,1738040650000,1754593327512,0
2643,,REPLACE_WITH_YOUR_USER_ID,18119245206,tricep-pushdown-bar,Tricep Pushdown (Bar),12,50.28.00,,3,1738040974000,1754593327512,0
2644,,REPLACE_WITH_YOUR_USER_ID,18119245206,leg-press,Leg Press,15,86.19.00,,1,1738041278000,1754593327512,0
2645,,REPLACE_WITH_YOUR_USER_ID,18119245206,leg-press,Leg Press,10,86.19.00,,2,1738041736000,1754593327512,0
2646,,REPLACE_WITH_YOUR_USER_ID,18119245206,leg-press,Leg Press,12,82.03.00,,3,1738042206000,1754593327512,0
2647,,REPLACE_WITH_YOUR_USER_ID,18109708360,cable-row,Seated Cable Row,12,68.06.00,,1,1737937400000,1754593333515,0
2648,,REPLACE_WITH_YOUR_USER_ID,18109708360,cable-row,Seated Cable Row,12,68.06.00,,2,1737937794000,1754593333515,0
2649,,REPLACE_WITH_YOUR_USER_ID,18109708360,cable-row,Seated Cable Row,10,72.56.00,,3,1737937990000,1754593333515,0
2650,,REPLACE_WITH_YOUR_USER_ID,18109708360,dumbbell-curl,Dumbbell Curl,12,41.21.00,,1,1737938604000,1754593333515,0
2651,,REPLACE_WITH_YOUR_USER_ID,18109708360,dumbbell-curl,Dumbbell Curl,10,41.21.00,,2,1737939238000,1754593333515,0
2652,,REPLACE_WITH_YOUR_USER_ID,18109708360,dumbbell-curl,Dumbbell Curl,10,41.21.00,,3,1737939771000,1754593333515,0
2653,,REPLACE_WITH_YOUR_USER_ID,18109708360,lat-pulldown,Lat Pulldown,10,68.06.00,,1,1737940138000,1754593333515,0
2654,,REPLACE_WITH_YOUR_USER_ID,18109708360,lat-pulldown,Lat Pulldown,12,68.06.00,,2,1737940526000,1754593333515,0
2655,,REPLACE_WITH_YOUR_USER_ID,18109708360,lat-pulldown,Lat Pulldown,12,68.06.00,,3,1737940942000,1754593333515,0
2656,,REPLACE_WITH_YOUR_USER_ID,18092059068,smith-incline-bench-press,Incline Smith Machine Bench Press,10,61.25.00,,1,1737761677000,1754593338516,0
2657,,REPLACE_WITH_YOUR_USER_ID,18092059068,smith-incline-bench-press,Incline Smith Machine Bench Press,7,61.25.00,,2,1737761885000,1754593338516,0
2658,,REPLACE_WITH_YOUR_USER_ID,18092059068,smith-incline-bench-press,Incline Smith Machine Bench Press,8,61.25.00,,3,1737762176000,1754593338516,0
2659,,REPLACE_WITH_YOUR_USER_ID,18092059068,smith-bench-press,Smith Machine Bench Press,10,66.15.00,,1,1737762613000,1754593338516,0
2660,,REPLACE_WITH_YOUR_USER_ID,18092059068,smith-bench-press,Smith Machine Bench Press,8,66.15.00,,2,1737762974000,1754593338516,0
2661,,REPLACE_WITH_YOUR_USER_ID,18092059068,smith-bench-press,Smith Machine Bench Press,6,66.15.00,,3,1737763320000,1754593338516,0
2662,,REPLACE_WITH_YOUR_USER_ID,18092059068,pec-deck,Pec Deck Machine,8,63.5,,1,1737763489000,1754593338516,0
2663,,REPLACE_WITH_YOUR_USER_ID,18092059068,pec-deck,Pec Deck Machine,9,59.34.00,,2,1737763768000,1754593338516,0
2664,,REPLACE_WITH_YOUR_USER_ID,18092059068,pec-deck,Pec Deck Machine,10,59.34.00,,3,1737764062000,1754593338516,0
2665,,REPLACE_WITH_YOUR_USER_ID,18092059068,barbell-ohp,Barbell Overhead Press,6,54.44.00,,1,1737764211000,1754593338516,0
2666,,REPLACE_WITH_YOUR_USER_ID,18092059068,barbell-ohp,Barbell Overhead Press,10,52.19.00,,2,1737764450000,1754593338516,0
2667,,REPLACE_WITH_YOUR_USER_ID,18092059068,barbell-ohp,Barbell Overhead Press,8,52.19.00,,3,1737764666000,1754593338516,0
2668,,REPLACE_WITH_YOUR_USER_ID,18092059068,lateral-raise,Lateral Raise,10,18.13,,1,1737765109000,1754593338516,0
2669,,REPLACE_WITH_YOUR_USER_ID,18092059068,lateral-raise,Lateral Raise,10,18.13,,2,1737765419000,1754593338516,0
2670,,REPLACE_WITH_YOUR_USER_ID,18092059068,lateral-raise,Lateral Raise,10,18.13,,3,1737765669000,1754593338516,0
2671,,REPLACE_WITH_YOUR_USER_ID,18092059068,tricep-pushdown-bar,Tricep Pushdown (Bar),10,50.28.00,,1,1737765820000,1754593338516,0
2672,,REPLACE_WITH_YOUR_USER_ID,18092059068,tricep-pushdown-bar,Tricep Pushdown (Bar),12,50.28.00,,2,1737766039000,1754593338516,0
2673,,REPLACE_WITH_YOUR_USER_ID,18092059068,tricep-pushdown-bar,Tricep Pushdown (Bar),10,52.19.00,,3,1737766238000,1754593338516,0
2674,,REPLACE_WITH_YOUR_USER_ID,18092059068,cable-row,Seated Cable Row,10,68.06.00,,1,1737766566000,1754593338516,0
2675,,REPLACE_WITH_YOUR_USER_ID,18092059068,cable-row,Seated Cable Row,12,63.5,,2,1737766995000,1754593338516,0
2676,,REPLACE_WITH_YOUR_USER_ID,18092059068,cable-row,Seated Cable Row,12,63.5,,3,1737767242000,1754593338516,0
2677,,REPLACE_WITH_YOUR_USER_ID,18092059068,lat-pulldown,Lat Pulldown,15,66.17.00,,1,1737767377000,1754593338516,0
2678,,REPLACE_WITH_YOUR_USER_ID,18092059068,lat-pulldown,Lat Pulldown,12,66.17.00,,2,1737767857000,1754593338516,0
2679,,REPLACE_WITH_YOUR_USER_ID,18092059068,lat-pulldown,Lat Pulldown,10,63.5,,3,1737768032000,1754593338516,0
2680,,REPLACE_WITH_YOUR_USER_ID,18092059068,ez-bar-curl,EZ-Bar Curl,15,23.09,,1,1737768391000,1754593338516,0
2681,,REPLACE_WITH_YOUR_USER_ID,18092059068,ez-bar-curl,EZ-Bar Curl,12,23.09,,2,1737768847000,1754593338516,0
2682,,REPLACE_WITH_YOUR_USER_ID,18092059068,ez-bar-curl,EZ-Bar Curl,12,23.09,,3,1737769486000,1754593338516,0
2683,,REPLACE_WITH_YOUR_USER_ID,18092059068,reverse-curl,Reverse Barbell Curl,15,14.03,,1,1737768501000,1754593338516,0
2684,,REPLACE_WITH_YOUR_USER_ID,18092059068,reverse-curl,Reverse Barbell Curl,15,14.03,,2,1737768989000,1754593338516,0
2685,,REPLACE_WITH_YOUR_USER_ID,18092059068,reverse-curl,Reverse Barbell Curl,24,14.03,,3,1737769824000,1754593338516,0
2686,,REPLACE_WITH_YOUR_USER_ID,18092059068,leg-press,Leg Press,12,82.03.00,,1,1737769960000,1754593338516,0
2687,,REPLACE_WITH_YOUR_USER_ID,18092059068,leg-press,Leg Press,12,82.03.00,,2,1737770344000,1754593338516,0
2688,,REPLACE_WITH_YOUR_USER_ID,18092059068,leg-press,Leg Press,15,82.03.00,,3,1737770528000,1754593338516,0
2689,,REPLACE_WITH_YOUR_USER_ID,18092059068,weighted-crunch,Weighted Crunch,10,54.44.00,,1,1737770846000,1754593338516,0
2690,,REPLACE_WITH_YOUR_USER_ID,18092059068,weighted-crunch,Weighted Crunch,10,45.38.00,,2,1737771158000,1754593338516,0
2691,,REPLACE_WITH_YOUR_USER_ID,18092059068,weighted-crunch,Weighted Crunch,12,45.38.00,,3,1737771590000,1754593338516,0
2692,,REPLACE_WITH_YOUR_USER_ID,18030319028,smith-bench-press,Smith Machine Bench Press,8,61.23.00,,1,1737165936000,1754593350526,0
2693,,REPLACE_WITH_YOUR_USER_ID,18064738072,pushup,Push-Up,25,<null>,,1,1737503158000,1754593347526,0
2694,,REPLACE_WITH_YOUR_USER_ID,18030319028,smith-bench-press,Smith Machine Bench Press,5,61.23.00,,2,1737166486000,1754593350526,0
2695,,REPLACE_WITH_YOUR_USER_ID,18064738072,pushup,Push-Up,20,<null>,,2,1737503365000,1754593347526,0
2696,,REPLACE_WITH_YOUR_USER_ID,18030319028,smith-bench-press,Smith Machine Bench Press,8,56.7,,3,1737166700000,1754593350526,0
2697,,REPLACE_WITH_YOUR_USER_ID,18064738072,pushup,Push-Up,16,<null>,,3,1737503570000,1754593347526,0
2698,,REPLACE_WITH_YOUR_USER_ID,18030319028,tricep-pushdown-bar,Tricep Pushdown (Bar),10,54.43.00,,1,1737166848000,1754593350526,0
2699,,REPLACE_WITH_YOUR_USER_ID,18030319028,tricep-pushdown-bar,Tricep Pushdown (Bar),8,54.43.00,,2,1737167015000,1754593350526,0
2700,,REPLACE_WITH_YOUR_USER_ID,18030319028,tricep-pushdown-bar,Tricep Pushdown (Bar),8,52.16.00,,3,1737167172000,1754593350526,0
2701,,REPLACE_WITH_YOUR_USER_ID,18022618229,cable-row,Seated Cable Row,12,63.5,,1,1737079553000,1754593354522,0
2702,,REPLACE_WITH_YOUR_USER_ID,18022618229,cable-row,Seated Cable Row,12,59.37.00,,2,1737079897000,1754593354522,0
2703,,REPLACE_WITH_YOUR_USER_ID,18022618229,cable-row,Seated Cable Row,12,63.5,,3,1737080085000,1754593354522,0
2704,,REPLACE_WITH_YOUR_USER_ID,18022618229,lat-pulldown,Lat Pulldown,12,72.57.00,,1,1737080720000,1754593354522,0
2705,,REPLACE_WITH_YOUR_USER_ID,18022618229,lat-pulldown,Lat Pulldown,12,72.57.00,,2,1737081085000,1754593354522,0
2706,,REPLACE_WITH_YOUR_USER_ID,18022618229,lat-pulldown,Lat Pulldown,12,68.04.00,,3,1737081430000,1754593354522,0
2707,,REPLACE_WITH_YOUR_USER_ID,18022618229,ez-bar-curl,EZ-Bar Curl,12,38.56.00,,1,1737081938000,1754593354522,0
2708,,REPLACE_WITH_YOUR_USER_ID,18022618229,ez-bar-curl,EZ-Bar Curl,12,38.56.00,,2,1737082187000,1754593354522,0
2709,,REPLACE_WITH_YOUR_USER_ID,18022618229,ez-bar-curl,EZ-Bar Curl,10,38.56.00,,3,1737082644000,1754593354522,0
2710,,REPLACE_WITH_YOUR_USER_ID,18022618229,dumbbell-lateral-raise,Dumbbell Lateral Raise,12,16.28,,1,1737082930000,1754593354522,0
2711,,REPLACE_WITH_YOUR_USER_ID,18022618229,dumbbell-lateral-raise,Dumbbell Lateral Raise,12,16.28,,2,1737083143000,1754593354522,0
2712,,REPLACE_WITH_YOUR_USER_ID,18022618229,dumbbell-lateral-raise,Dumbbell Lateral Raise,12,16.28,,3,1737083410000,1754593354522,0
2713,,REPLACE_WITH_YOUR_USER_ID,18022618229,hammer-curl,Hammer Curl,6,32.15.00,,1,1737083806000,1754593354522,0
2714,,REPLACE_WITH_YOUR_USER_ID,18022618229,hammer-curl,Hammer Curl,10,27.22.00,,2,1737084089000,1754593354522,0
2715,,REPLACE_WITH_YOUR_USER_ID,18022618229,hammer-curl,Hammer Curl,10,27.22.00,,3,1737084416000,1754593354522,0
2716,,REPLACE_WITH_YOUR_USER_ID,18022618229,reverse-curl,Reverse Barbell Curl,20,14.01,,1,1737084695000,1754593354522,0
2717,,REPLACE_WITH_YOUR_USER_ID,18022618229,reverse-curl,Reverse Barbell Curl,20,14.01,,2,1737085018000,1754593354522,0
2718,,REPLACE_WITH_YOUR_USER_ID,18022618229,reverse-curl,Reverse Barbell Curl,15,14.01,,3,1737085304000,1754593354522,0
2719,,REPLACE_WITH_YOUR_USER_ID,18022618229,leg-press,Leg Press,15,72.57.00,,1,1737085550000,1754593354522,0
2720,,REPLACE_WITH_YOUR_USER_ID,18022618229,leg-press,Leg Press,15,82.05.00,,2,1737086127000,1754593354522,0
2721,,REPLACE_WITH_YOUR_USER_ID,18022618229,leg-press,Leg Press,15,82.05.00,,3,1737086654000,1754593354522,0
2722,,REPLACE_WITH_YOUR_USER_ID,18004662924,smith-bench-press,Smith Machine Bench Press,8,75.21.00,,1,1736906800000,1754593362499,0
2723,,REPLACE_WITH_YOUR_USER_ID,17968445339,leg-press,Leg Press,12,72.56.00,,1,1736563455000,1754593365242,0
2724,,REPLACE_WITH_YOUR_USER_ID,18004662924,smith-bench-press,Smith Machine Bench Press,8,70.31.00,,2,1736907083000,1754593362499,0
2725,,REPLACE_WITH_YOUR_USER_ID,17968445339,leg-press,Leg Press,15,82.03.00,,2,1736563714000,1754593365242,0
2726,,REPLACE_WITH_YOUR_USER_ID,18004662924,smith-bench-press,Smith Machine Bench Press,9,66.15.00,,3,1736907385000,1754593362499,0
2727,,REPLACE_WITH_YOUR_USER_ID,17968445339,leg-press,Leg Press,12,82.03.00,,3,1736564212000,1754593365242,0
2728,,REPLACE_WITH_YOUR_USER_ID,18004662924,cable-row,Seated Cable Row,12,63.5,,1,1736907636000,1754593362499,0
2729,,REPLACE_WITH_YOUR_USER_ID,17968445339,smith-incline-bench-press,Incline Smith Machine Bench Press,10,61.25.00,,1,1736564681000,1754593365242,0
2730,,REPLACE_WITH_YOUR_USER_ID,18004662924,cable-row,Seated Cable Row,10,63.5,,2,1736907954000,1754593362499,0
2731,,REPLACE_WITH_YOUR_USER_ID,17968445339,smith-incline-bench-press,Incline Smith Machine Bench Press,10,61.25.00,,2,1736565034000,1754593365242,0
2732,,REPLACE_WITH_YOUR_USER_ID,18004662924,cable-row,Seated Cable Row,12,63.5,,3,1736908600000,1754593362499,0
2733,,REPLACE_WITH_YOUR_USER_ID,17968445339,smith-incline-bench-press,Incline Smith Machine Bench Press,8,61.25.00,,3,1736565499000,1754593365242,0
2734,,REPLACE_WITH_YOUR_USER_ID,18004662924,ez-bar-curl,EZ-Bar Curl,10,41.21.00,,1,1736909075000,1754593362499,0
2735,,REPLACE_WITH_YOUR_USER_ID,17968445339,smith-bench-press,Smith Machine Bench Press,10,63.5,,1,1736566141000,1754593365242,0
2736,,REPLACE_WITH_YOUR_USER_ID,18004662924,ez-bar-curl,EZ-Bar Curl,10,38.56.00,,2,1736909743000,1754593362499,0
2737,,REPLACE_WITH_YOUR_USER_ID,17968445339,smith-bench-press,Smith Machine Bench Press,10,63.5,,2,1736566353000,1754593365242,0
2738,,REPLACE_WITH_YOUR_USER_ID,18004662924,ez-bar-curl,EZ-Bar Curl,8,38.56.00,,3,1736909953000,1754593362499,0
2739,,REPLACE_WITH_YOUR_USER_ID,17968445339,smith-bench-press,Smith Machine Bench Press,10,63.5,,3,1736566747000,1754593365242,0
2740,,REPLACE_WITH_YOUR_USER_ID,18004662924,tricep-pushdown-bar,Tricep Pushdown (Bar),10,50.28.00,,1,1736910213000,1754593362499,0
2741,,REPLACE_WITH_YOUR_USER_ID,17968445339,close-grip-bench,Close-Grip Bench Press,12,59.34.00,,1,1736567149000,1754593365242,0
2742,,REPLACE_WITH_YOUR_USER_ID,18004662924,tricep-pushdown-bar,Tricep Pushdown (Bar),10,50.28.00,,2,1736910614000,1754593362499,0
2743,,REPLACE_WITH_YOUR_USER_ID,17968445339,close-grip-bench,Close-Grip Bench Press,12,63.5,,2,1736567501000,1754593365242,0
2744,,REPLACE_WITH_YOUR_USER_ID,18004662924,tricep-pushdown-bar,Tricep Pushdown (Bar),10,50.28.00,,3,1736910773000,1754593362499,0
2745,,REPLACE_WITH_YOUR_USER_ID,17968445339,close-grip-bench,Close-Grip Bench Press,10,66.17.00,,3,1736568042000,1754593365242,0
2746,,REPLACE_WITH_YOUR_USER_ID,17968445339,lat-pulldown,Lat Pulldown,10,66.15.00,,1,1736568289000,1754593365242,0
2747,,REPLACE_WITH_YOUR_USER_ID,17968445339,lat-pulldown,Lat Pulldown,12,66.15.00,,2,1736568571000,1754593365242,0
2748,,REPLACE_WITH_YOUR_USER_ID,17951716914,ez-bar-curl,EZ-Bar Curl,12,36.31.00,,1,1736388497000,1754593368709,0
2749,,REPLACE_WITH_YOUR_USER_ID,17951716914,ez-bar-curl,EZ-Bar Curl,12,36.31.00,,2,1736389132000,1754593368709,0
2750,,REPLACE_WITH_YOUR_USER_ID,17951716914,ez-bar-curl,EZ-Bar Curl,10,38.56.00,,3,1736389616000,1754593368709,0
2751,,REPLACE_WITH_YOUR_USER_ID,17951716914,tricep-pushdown-bar,Tricep Pushdown (Bar),12,54.44.00,,1,1736389946000,1754593368709,0
2752,,REPLACE_WITH_YOUR_USER_ID,17951716914,tricep-pushdown-bar,Tricep Pushdown (Bar),15,52.19.00,,2,1736390172000,1754593368709,0
2753,,REPLACE_WITH_YOUR_USER_ID,17951716914,tricep-pushdown-bar,Tricep Pushdown (Bar),10,54.44.00,,3,1736390386000,1754593368709,0
2754,,REPLACE_WITH_YOUR_USER_ID,17951716914,dumbbell-lateral-raise,Dumbbell Lateral Raise,12,18.13,,1,1736391102000,1754593368709,0
2755,,REPLACE_WITH_YOUR_USER_ID,17951716914,dumbbell-lateral-raise,Dumbbell Lateral Raise,15,18.13,,2,1736391432000,1754593368709,0
2756,,REPLACE_WITH_YOUR_USER_ID,17951716914,dumbbell-lateral-raise,Dumbbell Lateral Raise,12,18.13,,3,1736391711000,1754593368709,0
2757,,REPLACE_WITH_YOUR_USER_ID,17951716914,decline-sit-up,Decline Sit-Up,15,50.28.00,,1,1736391864000,1754593368709,0
2758,,REPLACE_WITH_YOUR_USER_ID,17951716914,decline-sit-up,Decline Sit-Up,12,54.44.00,,2,1736392111000,1754593368709,0
2759,,REPLACE_WITH_YOUR_USER_ID,17951716914,decline-sit-up,Decline Sit-Up,10,54.44.00,,3,1736392354000,1754593368709,0
2760,,REPLACE_WITH_YOUR_USER_ID,17943600697,smith-bench-press,Smith Machine Bench Press,5,75.21.00,,1,1736302791000,1754593370655,0
2761,,REPLACE_WITH_YOUR_USER_ID,17943600697,smith-bench-press,Smith Machine Bench Press,7,70.31.00,,2,1736302970000,1754593370655,0
2762,,REPLACE_WITH_YOUR_USER_ID,17943600697,smith-bench-press,Smith Machine Bench Press,7,70.31.00,,3,1736303373000,1754593370655,0
2763,,REPLACE_WITH_YOUR_USER_ID,17943600697,seated-barbell-ohp,Seated Barbell Overhead Press,8,68.06.00,,1,1736303731000,1754593370655,0
2764,,REPLACE_WITH_YOUR_USER_ID,17943600697,seated-barbell-ohp,Seated Barbell Overhead Press,7,68.06.00,,2,1736304140000,1754593370655,0
2765,,REPLACE_WITH_YOUR_USER_ID,17943600697,seated-barbell-ohp,Seated Barbell Overhead Press,7,68.06.00,,3,1736304659000,1754593370655,0
2766,,REPLACE_WITH_YOUR_USER_ID,17943600697,pec-deck,Pec Deck Machine,10,63.5,,1,1736305059000,1754593370655,0
2767,,REPLACE_WITH_YOUR_USER_ID,17943600697,pec-deck,Pec Deck Machine,10,63.5,,2,1736305266000,1754593370655,0
2768,,REPLACE_WITH_YOUR_USER_ID,17943600697,pec-deck,Pec Deck Machine,10,63.5,,3,1736305479000,1754593370655,0
2769,,REPLACE_WITH_YOUR_USER_ID,17943600697,lateral-raise,Lateral Raise,15,16.28,,1,1736305805000,1754593370655,0
2770,,REPLACE_WITH_YOUR_USER_ID,17943600697,lateral-raise,Lateral Raise,12,16.28,,2,1736305992000,1754593370655,0
2771,,REPLACE_WITH_YOUR_USER_ID,17943600697,lateral-raise,Lateral Raise,12,16.28,,3,1736306253000,1754593370655,0
2772,,REPLACE_WITH_YOUR_USER_ID,17943600697,ez-bar-curl,EZ-Bar Curl,12,36.31.00,,1,1736306509000,1754593370655,0
2773,,REPLACE_WITH_YOUR_USER_ID,17943600697,ez-bar-curl,EZ-Bar Curl,8,36.31.00,,2,1736306852000,1754593370655,0
2774,,REPLACE_WITH_YOUR_USER_ID,17943600697,ez-bar-curl,EZ-Bar Curl,8,36.31.00,,3,1736307096000,1754593370655,0
2775,,REPLACE_WITH_YOUR_USER_ID,17943600697,cable-row,Seated Cable Row,12,72.56.00,,1,1736307316000,1754593370655,0
2776,,REPLACE_WITH_YOUR_USER_ID,17943600697,cable-row,Seated Cable Row,10,72.56.00,,2,1736307552000,1754593370655,0
2777,,REPLACE_WITH_YOUR_USER_ID,17943600697,cable-row,Seated Cable Row,10,72.56.00,,3,1736307975000,1754593370655,0
2778,,REPLACE_WITH_YOUR_USER_ID,17943600697,lat-pulldown,Lat Pulldown,10,72.56.00,,1,1736308384000,1754593370655,0
2779,,REPLACE_WITH_YOUR_USER_ID,17943600697,lat-pulldown,Lat Pulldown,15,68.06.00,,2,1736309135000,1754593370655,0
2780,,REPLACE_WITH_YOUR_USER_ID,17943600697,lat-pulldown,Lat Pulldown,15,68.06.00,,3,1736309445000,1754593370655,0
2781,,REPLACE_WITH_YOUR_USER_ID,17943600697,reverse-curl,Reverse Barbell Curl,10,14.03,,1,1736310019000,1754593370655,0
2782,,REPLACE_WITH_YOUR_USER_ID,17943600697,reverse-curl,Reverse Barbell Curl,12,14.03,,2,1736310376000,1754593370655,0
2783,,REPLACE_WITH_YOUR_USER_ID,17943600697,reverse-curl,Reverse Barbell Curl,12,14.03,,3,1736310707000,1754593370655,0
2784,,REPLACE_WITH_YOUR_USER_ID,17943600697,close-grip-bench,Close-Grip Bench Press,15,68.06.00,,1,1736310980000,1754593370655,0
2785,,REPLACE_WITH_YOUR_USER_ID,17943600697,close-grip-bench,Close-Grip Bench Press,10,68.06.00,,2,1736311235000,1754593370655,0
2786,,REPLACE_WITH_YOUR_USER_ID,17943600697,close-grip-bench,Close-Grip Bench Press,12,63.5,,3,1736311498000,1754593370655,0
2787,,REPLACE_WITH_YOUR_USER_ID,17892413364,smith-bench-press,Smith Machine Bench Press,8,70.31.00,,1,1735791161000,1754593374524,0
2788,,REPLACE_WITH_YOUR_USER_ID,17926883911,smith-bench-press,Smith Machine Bench Press,7,72.56.00,,1,1736144249000,1754593372617,0
2789,,REPLACE_WITH_YOUR_USER_ID,17892413364,smith-bench-press,Smith Machine Bench Press,8,70.31.00,,2,1735791503000,1754593374524,0
2790,,REPLACE_WITH_YOUR_USER_ID,17926883911,ez-bar-curl,EZ-Bar Curl,12,27.19.00,,1,1736145957000,1754593372617,0
2791,,REPLACE_WITH_YOUR_USER_ID,17892413364,smith-bench-press,Smith Machine Bench Press,5,70.31.00,,3,1735791722000,1754593374524,0
2792,,REPLACE_WITH_YOUR_USER_ID,17926883911,ez-bar-curl,EZ-Bar Curl,10,27.19.00,,2,1736146125000,1754593372617,0
2793,,REPLACE_WITH_YOUR_USER_ID,17892413364,dumbbell-lateral-raise,Dumbbell Lateral Raise,15,16.28,,1,1735792201000,1754593374524,0
2794,,REPLACE_WITH_YOUR_USER_ID,17926883911,ez-bar-curl,EZ-Bar Curl,10,27.19.00,,3,1736146988000,1754593372617,0
2795,,REPLACE_WITH_YOUR_USER_ID,17892413364,dumbbell-lateral-raise,Dumbbell Lateral Raise,5,16.28,,2,1735792454000,1754593374524,0
2796,,REPLACE_WITH_YOUR_USER_ID,17926883911,seated-barbell-ohp,Seated Barbell Overhead Press,10,68.06.00,,1,1736147189000,1754593372617,0
2797,,REPLACE_WITH_YOUR_USER_ID,17892413364,lat-pulldown,Lat Pulldown,15,54.44.00,,1,1735792840000,1754593374524,0
2798,,REPLACE_WITH_YOUR_USER_ID,17926883911,seated-barbell-ohp,Seated Barbell Overhead Press,10,68.06.00,,2,1736148072000,1754593372617,0
2799,,REPLACE_WITH_YOUR_USER_ID,17892413364,lat-pulldown,Lat Pulldown,12,54.44.00,,2,1735793053000,1754593374524,0
2800,,REPLACE_WITH_YOUR_USER_ID,17926883911,seated-barbell-ohp,Seated Barbell Overhead Press,9,68.06.00,,3,1736148373000,1754593372617,0
2801,,REPLACE_WITH_YOUR_USER_ID,17926883911,tricep-pushdown-bar,Tricep Pushdown (Bar),12,54.44.00,,1,1736148604000,1754593372617,0
2802,,REPLACE_WITH_YOUR_USER_ID,17892413364,lat-pulldown,Lat Pulldown,12,54.44.00,,3,1735793377000,1754593374524,0
2803,,REPLACE_WITH_YOUR_USER_ID,17926883911,tricep-pushdown-bar,Tricep Pushdown (Bar),12,54.44.00,,2,1736148971000,1754593372617,0
2804,,REPLACE_WITH_YOUR_USER_ID,17892413364,tricep-pushdown-bar,Tricep Pushdown (Bar),12,45.38.00,,1,1735793854000,1754593374524,0
2805,,REPLACE_WITH_YOUR_USER_ID,17926883911,tricep-pushdown-bar,Tricep Pushdown (Bar),10,54.44.00,,3,1736149188000,1754593372617,0
2806,,REPLACE_WITH_YOUR_USER_ID,17892413364,tricep-pushdown-bar,Tricep Pushdown (Bar),12,45.38.00,,2,1735794056000,1754593374524,0
2807,,REPLACE_WITH_YOUR_USER_ID,17926883911,pec-deck,Pec Deck Machine,10,54.44.00,,1,1736149407000,1754593372617,0
2808,,REPLACE_WITH_YOUR_USER_ID,17892413364,tricep-pushdown-bar,Tricep Pushdown (Bar),11,45.38.00,,3,1735794270000,1754593374524,0
2809,,REPLACE_WITH_YOUR_USER_ID,17926883911,pec-deck,Pec Deck Machine,10,68.06.00,,2,1736149838000,1754593372617,0
2810,,REPLACE_WITH_YOUR_USER_ID,17892413364,cable-row,Seated Cable Row,10,72.56.00,,1,1735794540000,1754593374524,0
2811,,REPLACE_WITH_YOUR_USER_ID,17926883911,pec-deck,Pec Deck Machine,10,63.5,,3,1736150096000,1754593372617,0
2812,,REPLACE_WITH_YOUR_USER_ID,17892413364,cable-row,Seated Cable Row,13,68.04.00,,2,1735795130000,1754593374524,0
2813,,REPLACE_WITH_YOUR_USER_ID,17926883911,lat-pulldown,Lat Pulldown,12,68.04.00,,1,1736150154000,1754593372617,0
2814,,REPLACE_WITH_YOUR_USER_ID,17892413364,cable-row,Seated Cable Row,12,68.06.00,,3,1735795618000,1754593374524,0
2815,,REPLACE_WITH_YOUR_USER_ID,17845440909,cable-row,Seated Cable Row,12,68.06.00,,1,1735277310000,1754593378791,0
2816,,REPLACE_WITH_YOUR_USER_ID,17869028999,smith-incline-bench-press,Incline Smith Machine Bench Press,8,66.15.00,,1,1735529442000,1754593376792,0
2817,,REPLACE_WITH_YOUR_USER_ID,17845440909,cable-row,Seated Cable Row,12,68.06.00,,2,1735277531000,1754593378791,0
2818,,REPLACE_WITH_YOUR_USER_ID,17869028999,smith-incline-bench-press,Incline Smith Machine Bench Press,6,66.15.00,,2,1735530108000,1754593376792,0
2819,,REPLACE_WITH_YOUR_USER_ID,17845440909,cable-row,Seated Cable Row,12,68.06.00,,3,1735278003000,1754593378791,0
2820,,REPLACE_WITH_YOUR_USER_ID,17869028999,smith-incline-bench-press,Incline Smith Machine Bench Press,6,63.5,,3,1735530400000,1754593376792,0
2821,,REPLACE_WITH_YOUR_USER_ID,17845440909,lat-pulldown,Lat Pulldown,10,72.56.00,,1,1735278339000,1754593378791,0
2822,,REPLACE_WITH_YOUR_USER_ID,17869028999,smith-bench-press,Smith Machine Bench Press,8,63.5,,1,1735530778000,1754593376792,0
2823,,REPLACE_WITH_YOUR_USER_ID,17845440909,lat-pulldown,Lat Pulldown,12,68.06.00,,2,1735278653000,1754593378791,0
2824,,REPLACE_WITH_YOUR_USER_ID,17869028999,smith-bench-press,Smith Machine Bench Press,8,63.5,,2,1735531005000,1754593376792,0
2825,,REPLACE_WITH_YOUR_USER_ID,17845440909,lat-pulldown,Lat Pulldown,12,68.06.00,,3,1735279170000,1754593378791,0
2826,,REPLACE_WITH_YOUR_USER_ID,17869028999,smith-bench-press,Smith Machine Bench Press,7,63.5,,3,1735531419000,1754593376792,0
2827,,REPLACE_WITH_YOUR_USER_ID,17845440909,dumbbell-lateral-raise,Dumbbell Lateral Raise,15,16.28,,1,1735279452000,1754593378791,0
2828,,REPLACE_WITH_YOUR_USER_ID,17869028999,tricep-pushdown-bar,Tricep Pushdown (Bar),13,45.38.00,,1,1735531739000,1754593376792,0
2829,,REPLACE_WITH_YOUR_USER_ID,17845440909,dumbbell-lateral-raise,Dumbbell Lateral Raise,15,16.28,,2,1735279890000,1754593378791,0
2830,,REPLACE_WITH_YOUR_USER_ID,17869028999,tricep-pushdown-bar,Tricep Pushdown (Bar),10,50.28.00,,2,1735532223000,1754593376792,0
2831,,REPLACE_WITH_YOUR_USER_ID,17845440909,dumbbell-lateral-raise,Dumbbell Lateral Raise,15,16.28,,3,1735280450000,1754593378791,0
2832,,REPLACE_WITH_YOUR_USER_ID,17869028999,tricep-pushdown-bar,Tricep Pushdown (Bar),9,50.28.00,,3,1735532496000,1754593376792,0
2833,,REPLACE_WITH_YOUR_USER_ID,17845440909,ez-bar-curl,EZ-Bar Curl,12,36.31.00,,1,1735280933000,1754593378791,0
2834,,REPLACE_WITH_YOUR_USER_ID,17869028999,ez-bar-curl,EZ-Bar Curl,15,36.31.00,,1,1735532805000,1754593376792,0
2835,,REPLACE_WITH_YOUR_USER_ID,17845440909,ez-bar-curl,EZ-Bar Curl,12,36.31.00,,2,1735281449000,1754593378791,0
2836,,REPLACE_WITH_YOUR_USER_ID,17869028999,ez-bar-curl,EZ-Bar Curl,10,36.31.00,,2,1735533200000,1754593376792,0
2837,,REPLACE_WITH_YOUR_USER_ID,17845440909,ez-bar-curl,EZ-Bar Curl,10,36.31.00,,3,1735281798000,1754593378791,0
2838,,REPLACE_WITH_YOUR_USER_ID,17869028999,ez-bar-curl,EZ-Bar Curl,12,36.31.00,,3,1735533606000,1754593376792,0
2839,,REPLACE_WITH_YOUR_USER_ID,17845440909,ez-bar-curl,EZ-Bar Curl,12,27.22.00,,1,1735282135000,1754593378791,0
2840,,REPLACE_WITH_YOUR_USER_ID,17869028999,dumbbell-lateral-raise,Dumbbell Lateral Raise,15,16.28,,1,1735533924000,1754593376792,0
2841,,REPLACE_WITH_YOUR_USER_ID,17845440909,ez-bar-curl,EZ-Bar Curl,12,27.19.00,,2,1735282300000,1754593378791,0
2842,,REPLACE_WITH_YOUR_USER_ID,17869028999,dumbbell-lateral-raise,Dumbbell Lateral Raise,15,16.28,,2,1735534697000,1754593376792,0
2843,,REPLACE_WITH_YOUR_USER_ID,17845440909,ez-bar-curl,EZ-Bar Curl,15,27.22.00,,3,1735282761000,1754593378791,0
2844,,REPLACE_WITH_YOUR_USER_ID,17869028999,dumbbell-lateral-raise,Dumbbell Lateral Raise,12,16.28,,3,1735534871000,1754593376792,0
2845,,REPLACE_WITH_YOUR_USER_ID,17845440909,upright-row-barbell,Barbell Upright Row,10,27.19.00,,1,1735283006000,1754593378791,0
2846,,REPLACE_WITH_YOUR_USER_ID,17869028999,lat-pulldown,Lat Pulldown,10,72.56.00,,1,1735535214000,1754593376792,0
2847,,REPLACE_WITH_YOUR_USER_ID,17845440909,upright-row-barbell,Barbell Upright Row,10,27.19.00,,2,1735283219000,1754593378791,0
2848,,REPLACE_WITH_YOUR_USER_ID,17869028999,lat-pulldown,Lat Pulldown,12,68.06.00,,2,1735535572000,1754593376792,0
2849,,REPLACE_WITH_YOUR_USER_ID,17845440909,upright-row-barbell,Barbell Upright Row,10,27.19.00,,3,1735283587000,1754593378791,0
2850,,REPLACE_WITH_YOUR_USER_ID,17869028999,lat-pulldown,Lat Pulldown,12,68.06.00,,3,1735535827000,1754593376792,0
2851,,REPLACE_WITH_YOUR_USER_ID,17845440909,weighted-crunch,Weighted Crunch,12,57.09.00,,1,1735283666000,1754593378791,0
2852,,REPLACE_WITH_YOUR_USER_ID,17845440909,weighted-crunch,Weighted Crunch,12,57.09.00,,2,1735283965000,1754593378791,0
2853,,REPLACE_WITH_YOUR_USER_ID,17818220945,chest-dip,Chest Dip,12,<null>,,1,1734937565000,1754593380628,0
2854,,REPLACE_WITH_YOUR_USER_ID,17818220945,chest-dip,Chest Dip,12,<null>,,2,1734938003000,1754593380628,0
2855,,REPLACE_WITH_YOUR_USER_ID,17818220945,chest-dip,Chest Dip,10,<null>,,3,1734938434000,1754593380628,0
2856,,REPLACE_WITH_YOUR_USER_ID,17818220945,smith-bench-press,Smith Machine Bench Press,10,61.25.00,,1,1734939069000,1754593380628,0
2857,,REPLACE_WITH_YOUR_USER_ID,17818220945,smith-bench-press,Smith Machine Bench Press,8,61.25.00,,2,1734939696000,1754593380628,0
2858,,REPLACE_WITH_YOUR_USER_ID,17818220945,smith-bench-press,Smith Machine Bench Press,7,61.25.00,,3,1734939937000,1754593380628,0
2859,,REPLACE_WITH_YOUR_USER_ID,17818220945,ez-bar-curl,EZ-Bar Curl,15,27.19.00,,1,1734940098000,1754593380628,0
2860,,REPLACE_WITH_YOUR_USER_ID,17818220945,ez-bar-curl,EZ-Bar Curl,8,32.15.00,,2,1734940417000,1754593380628,0
2861,,REPLACE_WITH_YOUR_USER_ID,17818220945,ez-bar-curl,EZ-Bar Curl,8,32.15.00,,3,1734940604000,1754593380628,0
2862,,REPLACE_WITH_YOUR_USER_ID,17797013892,dumbbell-lateral-raise,Dumbbell Lateral Raise,15,18.13,,1,1734659163000,1754593383265,0
2863,,REPLACE_WITH_YOUR_USER_ID,17797013892,dumbbell-lateral-raise,Dumbbell Lateral Raise,12,18.13,,2,1734659561000,1754593383265,0
2864,,REPLACE_WITH_YOUR_USER_ID,17797013892,dumbbell-lateral-raise,Dumbbell Lateral Raise,12,18.13,,3,1734660141000,1754593383265,0
2865,,REPLACE_WITH_YOUR_USER_ID,17797013892,front-raise-db,Dumbbell Front Raise,10,23.09,,1,1734659250000,1754593383265,0
2866,,REPLACE_WITH_YOUR_USER_ID,17797013892,front-raise-db,Dumbbell Front Raise,10,23.08,,2,1734659836000,1754593383265,0
2867,,REPLACE_WITH_YOUR_USER_ID,17797013892,front-raise-db,Dumbbell Front Raise,10,23.09,,3,1734660374000,1754593383265,0
2868,,REPLACE_WITH_YOUR_USER_ID,17797013892,ez-bar-curl,EZ-Bar Curl,10,41.21.00,,1,1734660823000,1754593383265,0
2869,,REPLACE_WITH_YOUR_USER_ID,17797013892,ez-bar-curl,EZ-Bar Curl,10,36.31.00,,2,1734661230000,1754593383265,0
2870,,REPLACE_WITH_YOUR_USER_ID,17797013892,ez-bar-curl,EZ-Bar Curl,12,36.31.00,,3,1734661586000,1754593383265,0
2871,,REPLACE_WITH_YOUR_USER_ID,17797013892,upright-row-barbell,Barbell Upright Row,15,23.09,,1,1734661941000,1754593383265,0
2872,,REPLACE_WITH_YOUR_USER_ID,17797013892,upright-row-barbell,Barbell Upright Row,15,23.09,,2,1734662289000,1754593383265,0
2873,,REPLACE_WITH_YOUR_USER_ID,17797013892,upright-row-barbell,Barbell Upright Row,15,23.09,,3,1734662637000,1754593383265,0
2874,,REPLACE_WITH_YOUR_USER_ID,17797013892,incline-barbell-bench-press,Incline Barbell Bench Press,10,36.31.00,,1,1734662875000,1754593383265,0
2875,,REPLACE_WITH_YOUR_USER_ID,17797013892,tricep-pushdown-bar,Tricep Pushdown (Bar),15,50.28.00,,1,1734663213000,1754593383265,0
2876,,REPLACE_WITH_YOUR_USER_ID,17797013892,tricep-pushdown-bar,Tricep Pushdown (Bar),12,52.19.00,,2,1734663501000,1754593383265,0
2877,,REPLACE_WITH_YOUR_USER_ID,17797013892,tricep-pushdown-bar,Tricep Pushdown (Bar),15,52.19.00,,3,1734664079000,1754593383265,0
2878,,REPLACE_WITH_YOUR_USER_ID,17775266867,smith-bench-press,Smith Machine Bench Press,12,66.15.00,,1,1734401217000,1754593387925,0
2879,,REPLACE_WITH_YOUR_USER_ID,17782985131,ez-bar-curl,EZ-Bar Curl,10,41.21.00,,1,1734488517000,1754593385933,0
2880,,REPLACE_WITH_YOUR_USER_ID,17775266867,smith-bench-press,Smith Machine Bench Press,8,66.15.00,,2,1734401432000,1754593387925,0
2881,,REPLACE_WITH_YOUR_USER_ID,17782985131,ez-bar-curl,EZ-Bar Curl,12,36.31.00,,2,1734488909000,1754593385933,0
2882,,REPLACE_WITH_YOUR_USER_ID,17775266867,smith-bench-press,Smith Machine Bench Press,8,66.15.00,,3,1734401658000,1754593387925,0
2883,,REPLACE_WITH_YOUR_USER_ID,17782985131,ez-bar-curl,EZ-Bar Curl,10,36.31.00,,3,1734489108000,1754593385933,0
2884,,REPLACE_WITH_YOUR_USER_ID,17775266867,unknown,UNKNOWN,10,22.15,,1,1734402203000,1754593387925,0
2885,,REPLACE_WITH_YOUR_USER_ID,17782985131,cable-row,Seated Cable Row,10,68.06.00,,1,1734489369000,1754593385933,0
2886,,REPLACE_WITH_YOUR_USER_ID,17775266867,unknown,UNKNOWN,10,20.44,,2,1734402361000,1754593387925,0
2887,,REPLACE_WITH_YOUR_USER_ID,17782985131,cable-row,Seated Cable Row,10,68.06.00,,2,1734489612000,1754593385933,0
2888,,REPLACE_WITH_YOUR_USER_ID,17775266867,unknown,UNKNOWN,12,20.44,,3,1734402533000,1754593387925,0
2889,,REPLACE_WITH_YOUR_USER_ID,17782985131,cable-row,Seated Cable Row,12,63.5,,3,1734489857000,1754593385933,0
2890,,REPLACE_WITH_YOUR_USER_ID,17775266867,chest-dip,Chest Dip,8,<null>,,1,1734402745000,1754593387925,0
2891,,REPLACE_WITH_YOUR_USER_ID,17782985131,hammer-curl,Hammer Curl,15,27.19.00,,1,1734490251000,1754593385933,0
2892,,REPLACE_WITH_YOUR_USER_ID,17775266867,tricep-pushdown-bar,Tricep Pushdown (Bar),12,50.28.00,,1,1734403018000,1754593387925,0
2893,,REPLACE_WITH_YOUR_USER_ID,17782985131,hammer-curl,Hammer Curl,15,27.19.00,,2,1734490710000,1754593385933,0
2894,,REPLACE_WITH_YOUR_USER_ID,17775266867,tricep-pushdown-bar,Tricep Pushdown (Bar),10,50.28.00,,2,1734403249000,1754593387925,0
2895,,REPLACE_WITH_YOUR_USER_ID,17782985131,hammer-curl,Hammer Curl,12,27.19.00,,3,1734490974000,1754593385933,0
2896,,REPLACE_WITH_YOUR_USER_ID,17775266867,tricep-pushdown-bar,Tricep Pushdown (Bar),10,50.28.00,,3,1734403461000,1754593387925,0
2897,,REPLACE_WITH_YOUR_USER_ID,17782985131,lat-pulldown,Lat Pulldown,10,68.06.00,,1,1734491089000,1754593385933,0
2898,,REPLACE_WITH_YOUR_USER_ID,17775266867,standing-calf-raise-bw,Standing Calf Raise (Bodyweight),20,72.57.00,,1,1734403874000,1754593387925,0
2899,,REPLACE_WITH_YOUR_USER_ID,17782985131,lat-pulldown,Lat Pulldown,12,68.06.00,,2,1734491308000,1754593385933,0
2900,,REPLACE_WITH_YOUR_USER_ID,17775266867,standing-calf-raise-bw,Standing Calf Raise (Bodyweight),20,72.57.00,,2,1734404401000,1754593387925,0
2901,,REPLACE_WITH_YOUR_USER_ID,17782985131,lat-pulldown,Lat Pulldown,12,68.06.00,,3,1734491606000,1754593385933,0
2902,,REPLACE_WITH_YOUR_USER_ID,17775266867,standing-calf-raise-bw,Standing Calf Raise (Bodyweight),22,72.57.00,,3,1734404588000,1754593387925,0
2903,,REPLACE_WITH_YOUR_USER_ID,17775266867,dumbbell-lateral-raise,Dumbbell Lateral Raise,15,18.13,,1,1734403975000,1754593387925,0
2904,,REPLACE_WITH_YOUR_USER_ID,17775266867,dumbbell-lateral-raise,Dumbbell Lateral Raise,26,14.03,,2,1734404457000,1754593387925,0
2905,,REPLACE_WITH_YOUR_USER_ID,17775266867,dumbbell-lateral-raise,Dumbbell Lateral Raise,25,14.03,,3,1734404642000,1754593387925,0
2906,,REPLACE_WITH_YOUR_USER_ID,17747631573,unknown,UNKNOWN,12,0,,1,1734055316000,1754593392114,0
2907,,REPLACE_WITH_YOUR_USER_ID,17761897153,unknown,UNKNOWN,6,50.28.00,,1,1734240547000,1754593390113,0
2908,,REPLACE_WITH_YOUR_USER_ID,17747631573,unknown,UNKNOWN,12,0,,2,1734055527000,1754593392114,0
2909,,REPLACE_WITH_YOUR_USER_ID,17761897153,unknown,UNKNOWN,8,45.38.00,,2,1734240922000,1754593390113,0
2910,,REPLACE_WITH_YOUR_USER_ID,17747631573,unknown,UNKNOWN,10,0,,3,1734056104000,1754593392114,0
2911,,REPLACE_WITH_YOUR_USER_ID,17761897153,unknown,UNKNOWN,9,41.21.00,,3,1734241174000,1754593390113,0
2912,,REPLACE_WITH_YOUR_USER_ID,17747631573,unknown,UNKNOWN,15,52.19.00,,4,1734056566000,1754593392114,0
2913,,REPLACE_WITH_YOUR_USER_ID,17761897153,unknown,UNKNOWN,8,41.21.00,,4,1734241587000,1754593390113,0
2914,,REPLACE_WITH_YOUR_USER_ID,17747631573,unknown,UNKNOWN,12,54.44.00,,5,1734057485000,1754593392114,0
2915,,REPLACE_WITH_YOUR_USER_ID,17761897153,unknown,UNKNOWN,12,72.56.00,,5,1734241866000,1754593390113,0
2916,,REPLACE_WITH_YOUR_USER_ID,17747631573,unknown,UNKNOWN,10,57.09.00,,6,1734057900000,1754593392114,0
2917,,REPLACE_WITH_YOUR_USER_ID,17761897153,unknown,UNKNOWN,10,72.56.00,,6,1734242174000,1754593390113,0
2918,,REPLACE_WITH_YOUR_USER_ID,17747631573,unknown,UNKNOWN,10,27.19.00,,7,1734058124000,1754593392114,0
2919,,REPLACE_WITH_YOUR_USER_ID,17761897153,unknown,UNKNOWN,12,68.06.00,,7,1734242520000,1754593390113,0
2920,,REPLACE_WITH_YOUR_USER_ID,17747631573,unknown,UNKNOWN,12,27.19.00,,8,1734058805000,1754593392114,0
2921,,REPLACE_WITH_YOUR_USER_ID,17761897153,unknown,UNKNOWN,8,27.19.00,,8,1734242927000,1754593390113,0
2922,,REPLACE_WITH_YOUR_USER_ID,17747631573,unknown,UNKNOWN,12,27.19.00,,9,1734059495000,1754593392114,0
2923,,REPLACE_WITH_YOUR_USER_ID,17761897153,unknown,UNKNOWN,10,23.09,,9,1734243266000,1754593390113,0
2924,,REPLACE_WITH_YOUR_USER_ID,17747631573,unknown,UNKNOWN,12,41.21.00,,10,1734059692000,1754593392114,0
2925,,REPLACE_WITH_YOUR_USER_ID,17761897153,unknown,UNKNOWN,15,23.09,,10,1734243918000,1754593390113,0
2926,,REPLACE_WITH_YOUR_USER_ID,17747631573,unknown,UNKNOWN,15,41.21.00,,11,1734059983000,1754593392114,0
2927,,REPLACE_WITH_YOUR_USER_ID,17761897153,unknown,UNKNOWN,12,23.09,,11,1734244123000,1754593390113,0
2928,,REPLACE_WITH_YOUR_USER_ID,17747631573,unknown,UNKNOWN,12,43.06.00,,12,1734060264000,1754593392114,0
2929,,REPLACE_WITH_YOUR_USER_ID,17761897153,unknown,UNKNOWN,12,63.5,,12,1734244388000,1754593390113,0
2930,,REPLACE_WITH_YOUR_USER_ID,17747631573,unknown,UNKNOWN,10,32.15.00,,13,1734060575000,1754593392114,0
2931,,REPLACE_WITH_YOUR_USER_ID,17761897153,unknown,UNKNOWN,12,63.5,,13,1734244832000,1754593390113,0
2932,,REPLACE_WITH_YOUR_USER_ID,17747631573,unknown,UNKNOWN,11,27.19.00,,14,1734060866000,1754593392114,0
2933,,REPLACE_WITH_YOUR_USER_ID,17761897153,unknown,UNKNOWN,12,63.5,,14,1734245057000,1754593390113,0
2934,,REPLACE_WITH_YOUR_USER_ID,17747631573,unknown,UNKNOWN,12,27.19.00,,15,1734061233000,1754593392114,0
2935,,REPLACE_WITH_YOUR_USER_ID,17761897153,unknown,UNKNOWN,15,45.38.00,,15,1734245357000,1754593390113,0
2936,,REPLACE_WITH_YOUR_USER_ID,17747631573,unknown,UNKNOWN,15,23.09,,16,1734061455000,1754593392114,0
2937,,REPLACE_WITH_YOUR_USER_ID,17761897153,unknown,UNKNOWN,12,50.28.00,,16,1734245526000,1754593390113,0
2938,,REPLACE_WITH_YOUR_USER_ID,17747631573,unknown,UNKNOWN,10,27.19.00,,17,1734061645000,1754593392114,0
2939,,REPLACE_WITH_YOUR_USER_ID,17761897153,unknown,UNKNOWN,12,50.28.00,,17,1734245827000,1754593390113,0
2940,,REPLACE_WITH_YOUR_USER_ID,17747631573,unknown,UNKNOWN,12,27.19.00,,18,1734062057000,1754593392114,0
2941,,REPLACE_WITH_YOUR_USER_ID,17761897153,unknown,UNKNOWN,15,14.03,,18,1734246085000,1754593390113,0
2942,,REPLACE_WITH_YOUR_USER_ID,17747631573,unknown,UNKNOWN,12,57.09.00,,19,1734062136000,1754593392114,0
2943,,REPLACE_WITH_YOUR_USER_ID,17761897153,unknown,UNKNOWN,20,14.03,,19,1734246378000,1754593390113,0
2944,,REPLACE_WITH_YOUR_USER_ID,17747631573,unknown,UNKNOWN,12,57.09.00,,20,1734062482000,1754593392114,0
2945,,REPLACE_WITH_YOUR_USER_ID,17761897153,unknown,UNKNOWN,8,27.19.00,,20,1734246536000,1754593390113,0
2946,,REPLACE_WITH_YOUR_USER_ID,17761897153,unknown,UNKNOWN,10,18.13,,21,1734246621000,1754593390113,0
2947,,REPLACE_WITH_YOUR_USER_ID,17761897153,unknown,UNKNOWN,10,27.22.00,,22,1734246833000,1754593390113,0
2948,,REPLACE_WITH_YOUR_USER_ID,17761897153,unknown,UNKNOWN,8,72.56.00,,23,1734247045000,1754593390113,0
2949,,REPLACE_WITH_YOUR_USER_ID,17761897153,unknown,UNKNOWN,10,70.31.00,,24,1734247309000,1754593390113,0
2950,,REPLACE_WITH_YOUR_USER_ID,17761897153,unknown,UNKNOWN,7,70.31.00,,25,1734247529000,1754593390113,0
2951,,REPLACE_WITH_YOUR_USER_ID,17718305650,unknown,UNKNOWN,7,48.03.00,,1,1733707959000,1754593396304,0
2952,,REPLACE_WITH_YOUR_USER_ID,17718305650,unknown,UNKNOWN,8,45.38.00,,2,1733708157000,1754593396304,0
2953,,REPLACE_WITH_YOUR_USER_ID,17718305650,unknown,UNKNOWN,8,45.38.00,,3,1733708495000,1754593396304,0
2954,,REPLACE_WITH_YOUR_USER_ID,17718305650,unknown,UNKNOWN,10,75.21.00,,4,1733708945000,1754593396304,0
2955,,REPLACE_WITH_YOUR_USER_ID,17718305650,unknown,UNKNOWN,10,75.21.00,,5,1733709257000,1754593396304,0
2956,,REPLACE_WITH_YOUR_USER_ID,17718305650,unknown,UNKNOWN,10,75.21.00,,6,1733709768000,1754593396304,0
2957,,REPLACE_WITH_YOUR_USER_ID,17718305650,unknown,UNKNOWN,10,32.15.00,,7,1733710223000,1754593396304,0
2958,,REPLACE_WITH_YOUR_USER_ID,17718305650,unknown,UNKNOWN,8,32.15.00,,8,1733710460000,1754593396304,0
2959,,REPLACE_WITH_YOUR_USER_ID,17718305650,unknown,UNKNOWN,12,27.19.00,,9,1733710660000,1754593396304,0
2960,,REPLACE_WITH_YOUR_USER_ID,17718305650,unknown,UNKNOWN,10,82.03.00,,10,1733710943000,1754593396304,0
2961,,REPLACE_WITH_YOUR_USER_ID,17718305650,unknown,UNKNOWN,10,77.13.00,,11,1733711434000,1754593396304,0
2962,,REPLACE_WITH_YOUR_USER_ID,17718305650,unknown,UNKNOWN,10,77.13.00,,12,1733712303000,1754593396304,0
2963,,REPLACE_WITH_YOUR_USER_ID,17718305650,unknown,UNKNOWN,15,23.09,,13,1733713289000,1754593396304,0
2964,,REPLACE_WITH_YOUR_USER_ID,17718305650,unknown,UNKNOWN,12,18.13,,14,1733713597000,1754593396304,0
2965,,REPLACE_WITH_YOUR_USER_ID,17718305650,unknown,UNKNOWN,12,23.09,,15,1733713759000,1754593396304,0
2966,,REPLACE_WITH_YOUR_USER_ID,17718305650,unknown,UNKNOWN,15,18.13,,16,1733714694000,1754593396304,0
2967,,REPLACE_WITH_YOUR_USER_ID,17718305650,unknown,UNKNOWN,10,23.09,,17,1733714779000,1754593396304,0
2968,,REPLACE_WITH_YOUR_USER_ID,17718305650,unknown,UNKNOWN,12,18.13,,18,1733715076000,1754593396304,0
2969,,REPLACE_WITH_YOUR_USER_ID,17697020718,unknown,UNKNOWN,15,45.38.00,,1,1733448634000,1754593399938,0
2970,,REPLACE_WITH_YOUR_USER_ID,17697020718,unknown,UNKNOWN,8,66.15.00,,2,1733449202000,1754593399938,0
2971,,REPLACE_WITH_YOUR_USER_ID,17697020718,unknown,UNKNOWN,7,66.15.00,,3,1733449410000,1754593399938,0
2972,,REPLACE_WITH_YOUR_USER_ID,17697020718,unknown,UNKNOWN,5,66.15.00,,4,1733449623000,1754593399938,0
2973,,REPLACE_WITH_YOUR_USER_ID,17697020718,unknown,UNKNOWN,10,50.28.00,,5,1733449818000,1754593399938,0
2974,,REPLACE_WITH_YOUR_USER_ID,17697020718,unknown,UNKNOWN,10,50.28.00,,6,1733450083000,1754593399938,0
2975,,REPLACE_WITH_YOUR_USER_ID,17697020718,unknown,UNKNOWN,10,50.28.00,,7,1733450294000,1754593399938,0
2976,,REPLACE_WITH_YOUR_USER_ID,17697020718,unknown,UNKNOWN,8,68.06.00,,8,1733450497000,1754593399938,0
2977,,REPLACE_WITH_YOUR_USER_ID,17697020718,unknown,UNKNOWN,12,59.34.00,,9,1733450853000,1754593399938,0
2978,,REPLACE_WITH_YOUR_USER_ID,17697020718,unknown,UNKNOWN,12,59.34.00,,10,1733451224000,1754593399938,0
2979,,REPLACE_WITH_YOUR_USER_ID,17697020718,unknown,UNKNOWN,10,32.15.00,,11,1733451583000,1754593399938,0
2980,,REPLACE_WITH_YOUR_USER_ID,17697020718,unknown,UNKNOWN,10,32.15.00,,12,1733451937000,1754593399938,0
2981,,REPLACE_WITH_YOUR_USER_ID,17697020718,unknown,UNKNOWN,10,32.15.00,,13,1733452522000,1754593399938,0
2982,,REPLACE_WITH_YOUR_USER_ID,17697020718,unknown,UNKNOWN,15,16.28,,14,1733452734000,1754593399938,0
2983,,REPLACE_WITH_YOUR_USER_ID,17697020718,unknown,UNKNOWN,15,16.28,,15,1733453214000,1754593399938,0
2984,,REPLACE_WITH_YOUR_USER_ID,17697020718,unknown,UNKNOWN,15,16.28,,16,1733453609000,1754593399938,0
2985,,REPLACE_WITH_YOUR_USER_ID,17667988209,unknown,UNKNOWN,8,68.06.00,,1,1733119007000,1754593406909,0
2986,,REPLACE_WITH_YOUR_USER_ID,17660195237,unknown,UNKNOWN,10,77.13.00,,1,1733037193000,1754593408840,0
2987,,REPLACE_WITH_YOUR_USER_ID,17667988209,unknown,UNKNOWN,6,68.06.00,,2,1733119540000,1754593406909,0
2988,,REPLACE_WITH_YOUR_USER_ID,17660195237,unknown,UNKNOWN,10,77.13.00,,2,1733037394000,1754593408840,0
2989,,REPLACE_WITH_YOUR_USER_ID,17667988209,unknown,UNKNOWN,6,66.15.00,,3,1733119750000,1754593406909,0
2990,,REPLACE_WITH_YOUR_USER_ID,17660195237,unknown,UNKNOWN,10,77.13.00,,3,1733037720000,1754593408840,0
2991,,REPLACE_WITH_YOUR_USER_ID,17667988209,unknown,UNKNOWN,12,66.15.00,,4,1733120192000,1754593406909,0
2992,,REPLACE_WITH_YOUR_USER_ID,17660195237,unknown,UNKNOWN,8,36.31.00,,4,1733038517000,1754593408840,0
2993,,REPLACE_WITH_YOUR_USER_ID,17667988209,unknown,UNKNOWN,11,45.38.00,,5,1733120270000,1754593406909,0
2994,,REPLACE_WITH_YOUR_USER_ID,17660195237,unknown,UNKNOWN,9,32.15.00,,5,1733038724000,1754593408840,0
2995,,REPLACE_WITH_YOUR_USER_ID,17667988209,unknown,UNKNOWN,10,66.15.00,,6,1733120633000,1754593406909,0
2996,,REPLACE_WITH_YOUR_USER_ID,17660195237,unknown,UNKNOWN,9,32.15.00,,6,1733038935000,1754593408840,0
2997,,REPLACE_WITH_YOUR_USER_ID,17667988209,unknown,UNKNOWN,10,48.03.00,,7,1733120718000,1754593406909,0
2998,,REPLACE_WITH_YOUR_USER_ID,17660195237,unknown,UNKNOWN,8,68.06.00,,7,1733039001000,1754593408840,0
2999,,REPLACE_WITH_YOUR_USER_ID,17667988209,unknown,UNKNOWN,10,66.15.00,,8,1733121223000,1754593406909,0
3000,,REPLACE_WITH_YOUR_USER_ID,17660195237,unknown,UNKNOWN,9,45.38.00,,8,1733039200000,1754593408840,0
3001,,REPLACE_WITH_YOUR_USER_ID,17667988209,unknown,UNKNOWN,12,48.03.00,,9,1733121442000,1754593406909,0
3002,,REPLACE_WITH_YOUR_USER_ID,17660195237,unknown,UNKNOWN,7,45.38.00,,9,1733039404000,1754593408840,0
3003,,REPLACE_WITH_YOUR_USER_ID,17667988209,unknown,UNKNOWN,10,16.28,,10,1733121863000,1754593406909,0
3004,,REPLACE_WITH_YOUR_USER_ID,17660195237,unknown,UNKNOWN,8,45.38.00,,10,1733039647000,1754593408840,0
3005,,REPLACE_WITH_YOUR_USER_ID,17667988209,unknown,UNKNOWN,10,23.09,,11,1733121946000,1754593406909,0
3006,,REPLACE_WITH_YOUR_USER_ID,17667988209,unknown,UNKNOWN,15,16.28,,12,1733122303000,1754593406909,0
3007,,REPLACE_WITH_YOUR_USER_ID,17667988209,unknown,UNKNOWN,10,23.09,,13,1733122543000,1754593406909,0
3008,,REPLACE_WITH_YOUR_USER_ID,17667988209,unknown,UNKNOWN,14,16.28,,14,1733123018000,1754593406909,0
3009,,REPLACE_WITH_YOUR_USER_ID,17667988209,unknown,UNKNOWN,15,23.09,,15,1733123686000,1754593406909,0
3010,,REPLACE_WITH_YOUR_USER_ID,17652783009,smith-incline-bench-press,Incline Smith Machine Bench Press,10,54.44.00,,1,1732946365000,1754593410684,0
3011,,REPLACE_WITH_YOUR_USER_ID,17652783009,smith-incline-bench-press,Incline Smith Machine Bench Press,8,57.09.00,,2,1732946608000,1754593410684,0
3012,,REPLACE_WITH_YOUR_USER_ID,17652783009,smith-incline-bench-press,Incline Smith Machine Bench Press,8,57.09.00,,3,1732947106000,1754593410684,0
3013,,REPLACE_WITH_YOUR_USER_ID,17652783009,smith-bench-press,Smith Machine Bench Press,7,66.15.00,,1,1732947577000,1754593410684,0
3014,,REPLACE_WITH_YOUR_USER_ID,17652783009,smith-bench-press,Smith Machine Bench Press,6,66.15.00,,2,1732947950000,1754593410684,0
3015,,REPLACE_WITH_YOUR_USER_ID,17652783009,smith-bench-press,Smith Machine Bench Press,7,63.5,,3,1732948434000,1754593410684,0
3016,,REPLACE_WITH_YOUR_USER_ID,17652783009,unknown,UNKNOWN,8,77.13.00,,1,1732948741000,1754593410684,0
3017,,REPLACE_WITH_YOUR_USER_ID,17652783009,unknown,UNKNOWN,10,75.21.00,,2,1732949236000,1754593410684,0
3018,,REPLACE_WITH_YOUR_USER_ID,17652783009,unknown,UNKNOWN,9,75.21.00,,3,1732949794000,1754593410684,0
3019,,REPLACE_WITH_YOUR_USER_ID,17652783009,unknown,UNKNOWN,10,63.5,,4,1732950080000,1754593410684,0
3020,,REPLACE_WITH_YOUR_USER_ID,17652783009,unknown,UNKNOWN,8,63.5,,5,1732950305000,1754593410684,0
3021,,REPLACE_WITH_YOUR_USER_ID,17652783009,unknown,UNKNOWN,7,63.5,,6,1732950515000,1754593410684,0
3022,,REPLACE_WITH_YOUR_USER_ID,17652783009,unknown,UNKNOWN,9,<null>,,7,1732950684000,1754593410684,0
3023,,REPLACE_WITH_YOUR_USER_ID,17652783009,unknown,UNKNOWN,12,32.15.00,,8,1732950979000,1754593410684,0
3024,,REPLACE_WITH_YOUR_USER_ID,17652783009,unknown,UNKNOWN,10,32.15.00,,9,1732951388000,1754593410684,0
3025,,REPLACE_WITH_YOUR_USER_ID,17652783009,unknown,UNKNOWN,7,45.38.00,,10,1732951724000,1754593410684,0
3026,,REPLACE_WITH_YOUR_USER_ID,17652783009,unknown,UNKNOWN,9,45.38.00,,11,1732952014000,1754593410684,0
3027,,REPLACE_WITH_YOUR_USER_ID,17652783009,unknown,UNKNOWN,10,45.38.00,,12,1732952237000,1754593410684,0
3028,,REPLACE_WITH_YOUR_USER_ID,17652783009,unknown,UNKNOWN,15,14.03,,13,1732952668000,1754593410684,0
3029,,REPLACE_WITH_YOUR_USER_ID,17652783009,unknown,UNKNOWN,12,14.03,,14,1732952780000,1754593410684,0
3030,,REPLACE_WITH_YOUR_USER_ID,17652783009,unknown,UNKNOWN,12,14.03,,15,1732952903000,1754593410684,0
3031,,REPLACE_WITH_YOUR_USER_ID,17652783009,unknown,UNKNOWN,15,14.03,,16,1732953363000,1754593410684,0
3032,,REPLACE_WITH_YOUR_USER_ID,17630345169,unknown,UNKNOWN,6,68.06.00,,1,1732674022000,1754593420522,0
3033,,REPLACE_WITH_YOUR_USER_ID,17638924664,unknown,UNKNOWN,10,75.21.00,,1,1732775447000,1754593414518,0
3034,,REPLACE_WITH_YOUR_USER_ID,17630345169,unknown,UNKNOWN,8,59.34.00,,2,1732674718000,1754593420522,0
3035,,REPLACE_WITH_YOUR_USER_ID,17638924664,unknown,UNKNOWN,10,75.21.00,,2,1732775647000,1754593414518,0
3036,,REPLACE_WITH_YOUR_USER_ID,17630345169,unknown,UNKNOWN,6,63.5,,3,1732675245000,1754593420522,0
3037,,REPLACE_WITH_YOUR_USER_ID,17638924664,unknown,UNKNOWN,12,75.21.00,,3,1732776320000,1754593414518,0
3038,,REPLACE_WITH_YOUR_USER_ID,17630345169,unknown,UNKNOWN,12,75.21.00,,4,1732675509000,1754593420522,0
3039,,REPLACE_WITH_YOUR_USER_ID,17638924664,unknown,UNKNOWN,9,45.38.00,,4,1732776759000,1754593414518,0
3040,,REPLACE_WITH_YOUR_USER_ID,17630345169,unknown,UNKNOWN,11,77.13.00,,5,1732676228000,1754593420522,0
3041,,REPLACE_WITH_YOUR_USER_ID,17638924664,unknown,UNKNOWN,8,45.38.00,,5,1732777629000,1754593414518,0
3042,,REPLACE_WITH_YOUR_USER_ID,17630345169,unknown,UNKNOWN,8,77.13.00,,6,1732676807000,1754593420522,0
3043,,REPLACE_WITH_YOUR_USER_ID,17638924664,unknown,UNKNOWN,7,45.38.00,,6,1732778088000,1754593414518,0
3044,,REPLACE_WITH_YOUR_USER_ID,17630345169,unknown,UNKNOWN,6,63.5,,7,1732677122000,1754593420522,0
3045,,REPLACE_WITH_YOUR_USER_ID,17638924664,unknown,UNKNOWN,12,32.15.00,,7,1732778536000,1754593414518,0
3046,,REPLACE_WITH_YOUR_USER_ID,17630345169,unknown,UNKNOWN,5,63.5,,8,1732677760000,1754593420522,0
3047,,REPLACE_WITH_YOUR_USER_ID,17638924664,unknown,UNKNOWN,10,32.15.00,,8,1732778935000,1754593414518,0
3048,,REPLACE_WITH_YOUR_USER_ID,17630345169,unknown,UNKNOWN,8,63.5,,9,1732678856000,1754593420522,0
3049,,REPLACE_WITH_YOUR_USER_ID,17638924664,unknown,UNKNOWN,10,32.15.00,,9,1732779161000,1754593414518,0
3050,,REPLACE_WITH_YOUR_USER_ID,17630345169,unknown,UNKNOWN,10,50.28.00,,10,1732679436000,1754593420522,0
3051,,REPLACE_WITH_YOUR_USER_ID,17638924664,unknown,UNKNOWN,15,14.03,,10,1732779563000,1754593414518,0
3052,,REPLACE_WITH_YOUR_USER_ID,17638924664,unknown,UNKNOWN,8,23.09,,11,1732779644000,1754593414518,0
3053,,REPLACE_WITH_YOUR_USER_ID,17638924664,unknown,UNKNOWN,15,14.03,,12,1732779943000,1754593414518,0
3054,,REPLACE_WITH_YOUR_USER_ID,17638924664,unknown,UNKNOWN,12,18.13,,13,1732780381000,1754593414518,0
3055,,REPLACE_WITH_YOUR_USER_ID,17638924664,unknown,UNKNOWN,12,20.44,,14,1732780629000,1754593414518,0
3056,,REPLACE_WITH_YOUR_USER_ID,17638924664,unknown,UNKNOWN,12,23.09,,15,1732780759000,1754593414518,0
3057,,REPLACE_WITH_YOUR_USER_ID,17638924664,unknown,UNKNOWN,8,72.56.00,,16,1732781385000,1754593414518,0
3058,,REPLACE_WITH_YOUR_USER_ID,17638924664,unknown,UNKNOWN,12,68.06.00,,17,1732781790000,1754593414518,0
3059,,REPLACE_WITH_YOUR_USER_ID,17638924664,unknown,UNKNOWN,12,68.06.00,,18,1732782291000,1754593414518,0
3060,,REPLACE_WITH_YOUR_USER_ID,17638924664,unknown,UNKNOWN,12,14.03,,19,1732782560000,1754593414518,0
3061,,REPLACE_WITH_YOUR_USER_ID,17638924664,unknown,UNKNOWN,12,14.03,,20,1732782804000,1754593414518,0
3062,,REPLACE_WITH_YOUR_USER_ID,17638924664,unknown,UNKNOWN,15,14.03,,21,1732783093000,1754593414518,0
3063,,REPLACE_WITH_YOUR_USER_ID,17615728146,unknown,UNKNOWN,12,70.31.00,,1,1732510530000,1754593427521,0
3064,,REPLACE_WITH_YOUR_USER_ID,17615728146,unknown,UNKNOWN,10,70.31.00,,2,1732510959000,1754593427521,0
3065,,REPLACE_WITH_YOUR_USER_ID,17615728146,unknown,UNKNOWN,10,70.31.00,,3,1732511463000,1754593427521,0
3066,,REPLACE_WITH_YOUR_USER_ID,17615728146,unknown,UNKNOWN,6,36.31.00,,4,1732511832000,1754593427521,0
3067,,REPLACE_WITH_YOUR_USER_ID,17615728146,unknown,UNKNOWN,10,32.15.00,,5,1732512107000,1754593427521,0
3068,,REPLACE_WITH_YOUR_USER_ID,17615728146,unknown,UNKNOWN,12,32.15.00,,6,1732512538000,1754593427521,0
3069,,REPLACE_WITH_YOUR_USER_ID,17615728146,unknown,UNKNOWN,10,32.15.00,,7,1732512733000,1754593427521,0
3070,,REPLACE_WITH_YOUR_USER_ID,17615728146,unknown,UNKNOWN,10,72.56.00,,8,1732512902000,1754593427521,0
3071,,REPLACE_WITH_YOUR_USER_ID,17615728146,unknown,UNKNOWN,10,72.56.00,,9,1732513292000,1754593427521,0
3072,,REPLACE_WITH_YOUR_USER_ID,17615728146,unknown,UNKNOWN,10,72.56.00,,10,1732513720000,1754593427521,0
3073,,REPLACE_WITH_YOUR_USER_ID,17615728146,unknown,UNKNOWN,8,45.38.00,,11,1732514248000,1754593427521,0
3074,,REPLACE_WITH_YOUR_USER_ID,17615728146,unknown,UNKNOWN,10,45.38.00,,12,1732514939000,1754593427521,0
3075,,REPLACE_WITH_YOUR_USER_ID,17615728146,unknown,UNKNOWN,10,45.38.00,,13,1732515616000,1754593427521,0
3076,,REPLACE_WITH_YOUR_USER_ID,17615728146,unknown,UNKNOWN,10,18.13,,14,1732515905000,1754593427521,0
3077,,REPLACE_WITH_YOUR_USER_ID,17615728146,unknown,UNKNOWN,8,23.09,,15,1732515982000,1754593427521,0
3078,,REPLACE_WITH_YOUR_USER_ID,17615728146,unknown,UNKNOWN,12,16.28,,16,1732516436000,1754593427521,0
3079,,REPLACE_WITH_YOUR_USER_ID,17615728146,unknown,UNKNOWN,10,23.09,,17,1732516692000,1754593427521,0
3080,,REPLACE_WITH_YOUR_USER_ID,17615728146,unknown,UNKNOWN,12,16.28,,18,1732517089000,1754593427521,0
3081,,REPLACE_WITH_YOUR_USER_ID,17615728146,unknown,UNKNOWN,10,23.09,,19,1732517184000,1754593427521,0
3082,,REPLACE_WITH_YOUR_USER_ID,17607984180,smith-bench-press,Smith Machine Bench Press,8,63.5,,1,1732430519000,1754593439203,0
3083,,REPLACE_WITH_YOUR_USER_ID,17607984180,smith-bench-press,Smith Machine Bench Press,8,63.5,,2,1732431024000,1754593439203,0
3084,,REPLACE_WITH_YOUR_USER_ID,17607984180,smith-bench-press,Smith Machine Bench Press,6,63.5,,3,1732431320000,1754593439203,0
3085,,REPLACE_WITH_YOUR_USER_ID,17607984180,unknown,UNKNOWN,8,<null>,,1,1732431802000,1754593439203,0
3086,,REPLACE_WITH_YOUR_USER_ID,17607984180,unknown,UNKNOWN,8,<null>,,2,1732432070000,1754593439203,0
3087,,REPLACE_WITH_YOUR_USER_ID,17607984180,unknown,UNKNOWN,5,<null>,,3,1732432671000,1754593439203,0
3088,,REPLACE_WITH_YOUR_USER_ID,17607984180,unknown,UNKNOWN,6,54.44.00,,4,1732433191000,1754593439203,0
3089,,REPLACE_WITH_YOUR_USER_ID,17607984180,unknown,UNKNOWN,6,54.44.00,,5,1732433423000,1754593439203,0
3090,,REPLACE_WITH_YOUR_USER_ID,17607984180,unknown,UNKNOWN,8,54.44.00,,6,1732433683000,1754593439203,0
3091,,REPLACE_WITH_YOUR_USER_ID,17607984180,unknown,UNKNOWN,12,41.21.00,,7,1732433908000,1754593439203,0
3092,,REPLACE_WITH_YOUR_USER_ID,17607984180,unknown,UNKNOWN,12,41.21.00,,8,1732434402000,1754593439203,0
3093,,REPLACE_WITH_YOUR_USER_ID,17607984180,unknown,UNKNOWN,10,43.06.00,,9,1732434621000,1754593439203,0
3094,,REPLACE_WITH_YOUR_USER_ID,17578096024,unknown,UNKNOWN,8,68.06.00,,1,1732069987000,1754593458538,0
3095,,REPLACE_WITH_YOUR_USER_ID,17578096024,unknown,UNKNOWN,10,68.06.00,,2,1732070396000,1754593458538,0
3096,,REPLACE_WITH_YOUR_USER_ID,17578096024,unknown,UNKNOWN,12,68.06.00,,3,1732070927000,1754593458538,0
3097,,REPLACE_WITH_YOUR_USER_ID,17578096024,unknown,UNKNOWN,10,41.21.00,,4,1732071638000,1754593458538,0
3098,,REPLACE_WITH_YOUR_USER_ID,17578096024,unknown,UNKNOWN,10,41.21.00,,5,1732071971000,1754593458538,0
3099,,REPLACE_WITH_YOUR_USER_ID,17578096024,unknown,UNKNOWN,7,43.06.00,,6,1732072400000,1754593458538,0
3100,,REPLACE_WITH_YOUR_USER_ID,17578096024,unknown,UNKNOWN,12,68.06.00,,7,1732072819000,1754593458538,0
3101,,REPLACE_WITH_YOUR_USER_ID,17578096024,unknown,UNKNOWN,10,68.06.00,,8,1732073070000,1754593458538,0
3102,,REPLACE_WITH_YOUR_USER_ID,17578096024,unknown,UNKNOWN,12,68.06.00,,9,1732074671000,1754593458538,0
3103,,REPLACE_WITH_YOUR_USER_ID,17578096024,unknown,UNKNOWN,8,36.31.00,,10,1732074985000,1754593458538,0
3104,,REPLACE_WITH_YOUR_USER_ID,17578096024,unknown,UNKNOWN,10,32.15.00,,11,1732075274000,1754593458538,0
3105,,REPLACE_WITH_YOUR_USER_ID,17578096024,unknown,UNKNOWN,12,32.15.00,,12,1732075626000,1754593458538,0
3106,,REPLACE_WITH_YOUR_USER_ID,17563366040,unknown,UNKNOWN,8,<null>,,1,1731903829000,1754593462617,0
3107,,REPLACE_WITH_YOUR_USER_ID,17563366040,unknown,UNKNOWN,10,68.06.00,,2,1731904128000,1754593462617,0
3108,,REPLACE_WITH_YOUR_USER_ID,17563366040,unknown,UNKNOWN,9,68.06.00,,3,1731904658000,1754593462617,0
3109,,REPLACE_WITH_YOUR_USER_ID,17563366040,unknown,UNKNOWN,8,68.06.00,,4,1731904904000,1754593462617,0
3110,,REPLACE_WITH_YOUR_USER_ID,17563366040,unknown,UNKNOWN,8,68.06.00,,5,1731905128000,1754593462617,0
3111,,REPLACE_WITH_YOUR_USER_ID,17563366040,unknown,UNKNOWN,10,68.06.00,,6,1731905428000,1754593462617,0
3112,,REPLACE_WITH_YOUR_USER_ID,17563366040,unknown,UNKNOWN,8,68.06.00,,7,1731905643000,1754593462617,0
3113,,REPLACE_WITH_YOUR_USER_ID,17563366040,unknown,UNKNOWN,12,68.06.00,,8,1731906019000,1754593462617,0
3114,,REPLACE_WITH_YOUR_USER_ID,17563366040,unknown,UNKNOWN,10,48.03.00,,9,1731906344000,1754593462617,0
3115,,REPLACE_WITH_YOUR_USER_ID,17563366040,unknown,UNKNOWN,15,48.03.00,,10,1731906852000,1754593462617,0
3116,,REPLACE_WITH_YOUR_USER_ID,17563366040,unknown,UNKNOWN,6,68.06.00,,11,1731907338000,1754593462617,0
3117,,REPLACE_WITH_YOUR_USER_ID,17563366040,unknown,UNKNOWN,8,66.15.00,,12,1731907543000,1754593462617,0
3118,,REPLACE_WITH_YOUR_USER_ID,17563366040,unknown,UNKNOWN,10,66.15.00,,13,1731907992000,1754593462617,0
3119,,REPLACE_WITH_YOUR_USER_ID,17563366040,unknown,UNKNOWN,9,75.21.00,,14,1731908459000,1754593462617,0
3120,,REPLACE_WITH_YOUR_USER_ID,17563366040,unknown,UNKNOWN,8,75.21.00,,15,1731908744000,1754593462617,0
3121,,REPLACE_WITH_YOUR_USER_ID,17563366040,unknown,UNKNOWN,10,75.21.00,,16,1731909208000,1754593462617,0
3122,,REPLACE_WITH_YOUR_USER_ID,17554661340,unknown,UNKNOWN,8,68.06.00,,1,1731809182000,1754593466433,0
3123,,REPLACE_WITH_YOUR_USER_ID,17546397677,unknown,UNKNOWN,11,<null>,,1,1731724505000,1754593468412,0
3124,,REPLACE_WITH_YOUR_USER_ID,17554661340,unknown,UNKNOWN,8,68.06.00,,2,1731809411000,1754593466433,0
3125,,REPLACE_WITH_YOUR_USER_ID,17546397677,unknown,UNKNOWN,10,<null>,,2,1731724759000,1754593468412,0
3126,,REPLACE_WITH_YOUR_USER_ID,17554661340,unknown,UNKNOWN,8,68.06.00,,3,1731809793000,1754593466433,0
3127,,REPLACE_WITH_YOUR_USER_ID,17546397677,unknown,UNKNOWN,10,<null>,,3,1731724995000,1754593468412,0
3128,,REPLACE_WITH_YOUR_USER_ID,17554661340,unknown,UNKNOWN,8,36.31.00,,4,1731810419000,1754593466433,0
3129,,REPLACE_WITH_YOUR_USER_ID,17546397677,unknown,UNKNOWN,10,68.06.00,,4,1731725316000,1754593468412,0
3130,,REPLACE_WITH_YOUR_USER_ID,17554661340,unknown,UNKNOWN,10,32.15.00,,5,1731810674000,1754593466433,0
3131,,REPLACE_WITH_YOUR_USER_ID,17546397677,unknown,UNKNOWN,10,63.5,,5,1731725531000,1754593468412,0
3132,,REPLACE_WITH_YOUR_USER_ID,17554661340,unknown,UNKNOWN,12,32.15.00,,6,1731810881000,1754593466433,0
3133,,REPLACE_WITH_YOUR_USER_ID,17546397677,unknown,UNKNOWN,10,63.5,,6,1731725837000,1754593468412,0
3134,,REPLACE_WITH_YOUR_USER_ID,17554661340,unknown,UNKNOWN,10,18.13,,7,1731811127000,1754593466433,0
3135,,REPLACE_WITH_YOUR_USER_ID,17546397677,unknown,UNKNOWN,5,52.19.00,,7,1731726112000,1754593468412,0
3136,,REPLACE_WITH_YOUR_USER_ID,17554661340,unknown,UNKNOWN,9,18.13,,8,1731811428000,1754593466433,0
3137,,REPLACE_WITH_YOUR_USER_ID,17546397677,unknown,UNKNOWN,6,50.28.00,,8,1731726281000,1754593468412,0
3138,,REPLACE_WITH_YOUR_USER_ID,17554661340,unknown,UNKNOWN,8,18.13,,9,1731811649000,1754593466433,0
3139,,REPLACE_WITH_YOUR_USER_ID,17546397677,unknown,UNKNOWN,10,45.38.00,,9,1731726594000,1754593468412,0
3140,,REPLACE_WITH_YOUR_USER_ID,17554661340,unknown,UNKNOWN,10,36.31.00,,10,1731812003000,1754593466433,0
3141,,REPLACE_WITH_YOUR_USER_ID,17554661340,unknown,UNKNOWN,10,36.31.00,,11,1731812238000,1754593466433,0
3142,,REPLACE_WITH_YOUR_USER_ID,17554661340,unknown,UNKNOWN,10,36.31.00,,12,1731812675000,1754593466433,0
3143,,REPLACE_WITH_YOUR_USER_ID,17554661340,unknown,UNKNOWN,12,14.03,,13,1731812908000,1754593466433,0
3144,,REPLACE_WITH_YOUR_USER_ID,17554661340,unknown,UNKNOWN,15,14.03,,14,1731813183000,1754593466433,0
3145,,REPLACE_WITH_YOUR_USER_ID,17554661340,unknown,UNKNOWN,15,14.03,,15,1731813666000,1754593466433,0
3146,,REPLACE_WITH_YOUR_USER_ID,17554661340,unknown,UNKNOWN,15,18.13,,16,1731814055000,1754593466433,0
3147,,REPLACE_WITH_YOUR_USER_ID,17554661340,unknown,UNKNOWN,12,23.09,,17,1731814645000,1754593466433,0
3148,,REPLACE_WITH_YOUR_USER_ID,17554661340,unknown,UNKNOWN,12,23.09,,18,1731815114000,1754593466433,0
3149,,REPLACE_WITH_YOUR_USER_ID,17554661340,unknown,UNKNOWN,15,57.09.00,,19,1731815361000,1754593466433,0
3150,,REPLACE_WITH_YOUR_USER_ID,17554661340,unknown,UNKNOWN,12,57.09.00,,20,1731815573000,1754593466433,0
3151,,REPLACE_WITH_YOUR_USER_ID,17554661340,unknown,UNKNOWN,12,54.44.00,,21,1731815939000,1754593466433,0
3152,,REPLACE_WITH_YOUR_USER_ID,17554661340,unknown,UNKNOWN,10,63.5,,22,1731816049000,1754593466433,0
3153,,REPLACE_WITH_YOUR_USER_ID,17554661340,unknown,UNKNOWN,12,59.34.00,,23,1731816432000,1754593466433,0
3154,,REPLACE_WITH_YOUR_USER_ID,17554661340,unknown,UNKNOWN,12,59.34.00,,24,1731816693000,1754593466433,0
3155,,REPLACE_WITH_YOUR_USER_ID,17539021167,unknown,UNKNOWN,10,36.31.00,,1,1731634674000,1754593481201,0
3156,,REPLACE_WITH_YOUR_USER_ID,17539021167,unknown,UNKNOWN,8,36.31.00,,2,1731634990000,1754593481201,0
3157,,REPLACE_WITH_YOUR_USER_ID,17539021167,unknown,UNKNOWN,10,36.31.00,,3,1731635251000,1754593481201,0
3158,,REPLACE_WITH_YOUR_USER_ID,17539021167,unknown,UNKNOWN,12,16.28,,4,1731635456000,1754593481201,0
3159,,REPLACE_WITH_YOUR_USER_ID,17539021167,unknown,UNKNOWN,10,16.28,,5,1731635690000,1754593481201,0
3160,,REPLACE_WITH_YOUR_USER_ID,17539021167,unknown,UNKNOWN,8,16.28,,6,1731635943000,1754593481201,0
3161,,REPLACE_WITH_YOUR_USER_ID,17539021167,unknown,UNKNOWN,12,16.28,,7,1731636278000,1754593481201,0
3162,,REPLACE_WITH_YOUR_USER_ID,17539021167,unknown,UNKNOWN,10,18.13,,8,1731636440000,1754593481201,0
3163,,REPLACE_WITH_YOUR_USER_ID,17539021167,unknown,UNKNOWN,12,36.31.00,,9,1731636568000,1754593481201,0
3164,,REPLACE_WITH_YOUR_USER_ID,17539021167,unknown,UNKNOWN,12,18.13,,10,1731636683000,1754593481201,0
3165,,REPLACE_WITH_YOUR_USER_ID,17539021167,unknown,UNKNOWN,13,36.31.00,,11,1731637039000,1754593481201,0
3166,,REPLACE_WITH_YOUR_USER_ID,17539021167,unknown,UNKNOWN,10,41.21.00,,12,1731637336000,1754593481201,0
3167,,REPLACE_WITH_YOUR_USER_ID,17539021167,unknown,UNKNOWN,12,14.03,,13,1731637510000,1754593481201,0
3168,,REPLACE_WITH_YOUR_USER_ID,17539021167,unknown,UNKNOWN,12,14.03,,14,1731637758000,1754593481201,0
3169,,REPLACE_WITH_YOUR_USER_ID,17539021167,unknown,UNKNOWN,8,14.03,,15,1731637870000,1754593481201,0
3170,,REPLACE_WITH_YOUR_USER_ID,17537424551,unknown,UNKNOWN,8,72.56.00,,1,1731622893000,1754593482366,0
3171,,REPLACE_WITH_YOUR_USER_ID,17531321463,unknown,UNKNOWN,4,<null>,,1,1731550247000,1754593486408,0
3172,,REPLACE_WITH_YOUR_USER_ID,17537424551,unknown,UNKNOWN,10,72.56.00,,2,1731623182000,1754593482366,0
3173,,REPLACE_WITH_YOUR_USER_ID,17531321463,unknown,UNKNOWN,6,50.28.00,,2,1731550350000,1754593486408,0
3174,,REPLACE_WITH_YOUR_USER_ID,17537424551,unknown,UNKNOWN,8,72.56.00,,3,1731623568000,1754593482366,0
3175,,REPLACE_WITH_YOUR_USER_ID,17531321463,unknown,UNKNOWN,8,50.28.00,,3,1731550553000,1754593486408,0
3176,,REPLACE_WITH_YOUR_USER_ID,17537424551,unknown,UNKNOWN,8,79.38.00,,4,1731623921000,1754593482366,0
3177,,REPLACE_WITH_YOUR_USER_ID,17531321463,unknown,UNKNOWN,12,61.25.00,,4,1731550856000,1754593486408,0
3178,,REPLACE_WITH_YOUR_USER_ID,17537424551,unknown,UNKNOWN,8,77.13.00,,5,1731624136000,1754593482366,0
3179,,REPLACE_WITH_YOUR_USER_ID,17531321463,unknown,UNKNOWN,10,63.5,,5,1731551166000,1754593486408,0
3180,,REPLACE_WITH_YOUR_USER_ID,17531321463,unknown,UNKNOWN,12,63.5,,6,1731551409000,1754593486408,0
3181,,REPLACE_WITH_YOUR_USER_ID,17537424551,unknown,UNKNOWN,10,68.06.00,,6,1731624365000,1754593482366,0
3182,,REPLACE_WITH_YOUR_USER_ID,17537424551,unknown,UNKNOWN,8,77.13.00,,7,1731624604000,1754593482366,0
3183,,REPLACE_WITH_YOUR_USER_ID,17537424551,unknown,UNKNOWN,8,77.13.00,,8,1731624854000,1754593482366,0
3184,,REPLACE_WITH_YOUR_USER_ID,17537424551,unknown,UNKNOWN,8,77.13.00,,9,1731625134000,1754593482366,0
3185,,REPLACE_WITH_YOUR_USER_ID,17523317625,unknown,UNKNOWN,10,72.56.00,,1,1731463405000,1754593489189,0
3186,,REPLACE_WITH_YOUR_USER_ID,17523317625,unknown,UNKNOWN,10,72.56.00,,2,1731463648000,1754593489189,0
3187,,REPLACE_WITH_YOUR_USER_ID,17523317625,unknown,UNKNOWN,12,72.56.00,,3,1731463866000,1754593489189,0
3188,,REPLACE_WITH_YOUR_USER_ID,17523317625,unknown,UNKNOWN,8,75.21.00,,4,1731464308000,1754593489189,0
3189,,REPLACE_WITH_YOUR_USER_ID,17523317625,unknown,UNKNOWN,8,72.56.00,,5,1731464445000,1754593489189,0
3190,,REPLACE_WITH_YOUR_USER_ID,17523317625,unknown,UNKNOWN,10,72.56.00,,6,1731464726000,1754593489189,0
3191,,REPLACE_WITH_YOUR_USER_ID,17523317625,unknown,UNKNOWN,12,32.15.00,,7,1731464961000,1754593489189,0
3192,,REPLACE_WITH_YOUR_USER_ID,17523317625,unknown,UNKNOWN,12,32.15.00,,8,1731465169000,1754593489189,0
3193,,REPLACE_WITH_YOUR_USER_ID,17523317625,unknown,UNKNOWN,12,32.15.00,,9,1731465416000,1754593489189,0
3194,,REPLACE_WITH_YOUR_USER_ID,17508333931,unknown,UNKNOWN,10,68.06.00,,1,1731303931000,1754593500517,0
3195,,REPLACE_WITH_YOUR_USER_ID,17500073598,unknown,UNKNOWN,15,50.28.00,,1,1731222264000,1754593505526,0
3196,,REPLACE_WITH_YOUR_USER_ID,17508333931,unknown,UNKNOWN,10,68.06.00,,2,1731304298000,1754593500517,0
3197,,REPLACE_WITH_YOUR_USER_ID,17500073598,unknown,UNKNOWN,10,54.44.00,,2,1731222476000,1754593505526,0
3198,,REPLACE_WITH_YOUR_USER_ID,17508333931,unknown,UNKNOWN,10,68.06.00,,3,1731304550000,1754593500517,0
3199,,REPLACE_WITH_YOUR_USER_ID,17500073598,unknown,UNKNOWN,10,54.44.00,,3,1731222680000,1754593505526,0
3200,,REPLACE_WITH_YOUR_USER_ID,17508333931,unknown,UNKNOWN,10,72.56.00,,4,1731304827000,1754593500517,0
3201,,REPLACE_WITH_YOUR_USER_ID,17500073598,unknown,UNKNOWN,12,63.5,,4,1731222867000,1754593505526,0
3202,,REPLACE_WITH_YOUR_USER_ID,17508333931,unknown,UNKNOWN,10,72.56.00,,5,1731305089000,1754593500517,0
3203,,REPLACE_WITH_YOUR_USER_ID,17500073598,unknown,UNKNOWN,9,63.5,,5,1731223070000,1754593505526,0
3204,,REPLACE_WITH_YOUR_USER_ID,17508333931,unknown,UNKNOWN,8,70.31.00,,6,1731305291000,1754593500517,0
3205,,REPLACE_WITH_YOUR_USER_ID,17500073598,unknown,UNKNOWN,10,63.5,,6,1731223460000,1754593505526,0
3206,,REPLACE_WITH_YOUR_USER_ID,17508333931,unknown,UNKNOWN,12,32.15.00,,7,1731305672000,1754593500517,0
3207,,REPLACE_WITH_YOUR_USER_ID,17508333931,unknown,UNKNOWN,12,14.03,,8,1731305849000,1754593500517,0
3208,,REPLACE_WITH_YOUR_USER_ID,17508333931,unknown,UNKNOWN,12,32.15.00,,9,1731306065000,1754593500517,0
3209,,REPLACE_WITH_YOUR_USER_ID,17508333931,unknown,UNKNOWN,12,14.03,,10,1731306201000,1754593500517,0
3210,,REPLACE_WITH_YOUR_USER_ID,17508333931,unknown,UNKNOWN,10,32.15.00,,11,1731306495000,1754593500517,0
3211,,REPLACE_WITH_YOUR_USER_ID,17508333931,unknown,UNKNOWN,15,14.03,,12,1731306700000,1754593500517,0
3212,,REPLACE_WITH_YOUR_USER_ID,17492130913,unknown,UNKNOWN,8,59.34.00,,1,1731134621000,1754593526536,0
3213,,REPLACE_WITH_YOUR_USER_ID,17499257516,unknown,UNKNOWN,8,43.06.00,,1,1731209153000,1754593519522,0
3214,,REPLACE_WITH_YOUR_USER_ID,17492130913,unknown,UNKNOWN,8,57.09.00,,2,1731135010000,1754593526536,0
3215,,REPLACE_WITH_YOUR_USER_ID,17499257516,unknown,UNKNOWN,12,45.38.00,,2,1731209889000,1754593519522,0
3216,,REPLACE_WITH_YOUR_USER_ID,17492130913,unknown,UNKNOWN,8,54.44.00,,3,1731135470000,1754593526536,0
3217,,REPLACE_WITH_YOUR_USER_ID,17499257516,unknown,UNKNOWN,8,54.44.00,,3,1731210210000,1754593519522,0
3218,,REPLACE_WITH_YOUR_USER_ID,17492130913,unknown,UNKNOWN,6,36.31.00,,4,1731135702000,1754593526536,0
3219,,REPLACE_WITH_YOUR_USER_ID,17499257516,unknown,UNKNOWN,8,54.44.00,,4,1731210472000,1754593519522,0
3220,,REPLACE_WITH_YOUR_USER_ID,17492130913,unknown,UNKNOWN,9,32.15.00,,5,1731135927000,1754593526536,0
3221,,REPLACE_WITH_YOUR_USER_ID,17492130913,unknown,UNKNOWN,10,32.15.00,,6,1731136224000,1754593526536,0
3222,,REPLACE_WITH_YOUR_USER_ID,17492130913,unknown,UNKNOWN,8,27.19.00,,7,1731137294000,1754593526536,0
3223,,REPLACE_WITH_YOUR_USER_ID,17492130913,unknown,UNKNOWN,8,27.19.00,,8,1731137564000,1754593526536,0
3224,,REPLACE_WITH_YOUR_USER_ID,17492130913,unknown,UNKNOWN,10,27.19.00,,9,1731137906000,1754593526536,0
3225,,REPLACE_WITH_YOUR_USER_ID,17492130913,unknown,UNKNOWN,12,32.15.00,,10,1731138154000,1754593526536,0
3226,,REPLACE_WITH_YOUR_USER_ID,17492130913,unknown,UNKNOWN,13,34,,11,1731138733000,1754593526536,0
3227,,REPLACE_WITH_YOUR_USER_ID,17492130913,unknown,UNKNOWN,0,34,,12,1731139702000,1754593526536,0
3228,,REPLACE_WITH_YOUR_USER_ID,17483797326,unknown,UNKNOWN,12,61.25.00,,1,1731030568000,1754593534526,0
3229,,REPLACE_WITH_YOUR_USER_ID,17483797326,unknown,UNKNOWN,12,61.25.00,,2,1731031009000,1754593534526,0
3230,,REPLACE_WITH_YOUR_USER_ID,17483797326,unknown,UNKNOWN,10,63.5,,3,1731031177000,1754593534526,0
3231,,REPLACE_WITH_YOUR_USER_ID,17483797326,unknown,UNKNOWN,7,63.5,,4,1731031569000,1754593534526,0
3232,,REPLACE_WITH_YOUR_USER_ID,17483797326,unknown,UNKNOWN,6,63.5,,5,1731031887000,1754593534526,0
3233,,REPLACE_WITH_YOUR_USER_ID,17483797326,unknown,UNKNOWN,8,59.34.00,,6,1731032220000,1754593534526,0
3234,,REPLACE_WITH_YOUR_USER_ID,17483797326,unknown,UNKNOWN,10,61.25.00,,7,1731032456000,1754593534526,0
3235,,REPLACE_WITH_YOUR_USER_ID,17483797326,unknown,UNKNOWN,12,59.34.00,,8,1731032940000,1754593534526,0
3236,,REPLACE_WITH_YOUR_USER_ID,17483797326,unknown,UNKNOWN,12,61.25.00,,9,1731033384000,1754593534526,0
3237,,REPLACE_WITH_YOUR_USER_ID,17483797326,unknown,UNKNOWN,8,36.31.00,,10,1731033647000,1754593534526,0
3238,,REPLACE_WITH_YOUR_USER_ID,17483797326,unknown,UNKNOWN,6,54.44.00,,11,1731033983000,1754593534526,0
3239,,REPLACE_WITH_YOUR_USER_ID,17483797326,unknown,UNKNOWN,6,54.44.00,,12,1731034288000,1754593534526,0
3240,,REPLACE_WITH_YOUR_USER_ID,17483797326,unknown,UNKNOWN,7,54.44.00,,13,1731034605000,1754593534526,0
3241,,REPLACE_WITH_YOUR_USER_ID,17483797326,unknown,UNKNOWN,11,36.31.00,,14,1731034903000,1754593534526,0
3242,,REPLACE_WITH_YOUR_USER_ID,17483797326,unknown,UNKNOWN,10,38.56.00,,15,1731035217000,1754593534526,0
3243,,REPLACE_WITH_YOUR_USER_ID,17483797326,unknown,UNKNOWN,10,38.56.00,,16,1731035734000,1754593534526,0
3244,,REPLACE_WITH_YOUR_USER_ID,17483797326,unknown,UNKNOWN,10,50.28.00,,17,1731036140000,1754593534526,0
3245,,REPLACE_WITH_YOUR_USER_ID,17483797326,unknown,UNKNOWN,8,50.28.00,,18,1731036345000,1754593534526,0
3246,,REPLACE_WITH_YOUR_USER_ID,17483797326,unknown,UNKNOWN,9,48.03.00,,19,1731036601000,1754593534526,0
3247,,REPLACE_WITH_YOUR_USER_ID,17483797326,unknown,UNKNOWN,9,68.06.00,,20,1731036885000,1754593534526,0
3248,,REPLACE_WITH_YOUR_USER_ID,17483797326,unknown,UNKNOWN,7,68.06.00,,21,1731037250000,1754593534526,0
3249,,REPLACE_WITH_YOUR_USER_ID,17483797326,unknown,UNKNOWN,8,68.06.00,,22,1731037567000,1754593534526,0
3250,,REPLACE_WITH_YOUR_USER_ID,17473392808,unknown,UNKNOWN,8,75.21.00,,1,1730930539000,1754593545326,0
3251,,REPLACE_WITH_YOUR_USER_ID,17475648946,unknown,UNKNOWN,10,32.15.00,,1,1730945380000,1754593540522,0
3252,,REPLACE_WITH_YOUR_USER_ID,17473392808,unknown,UNKNOWN,8,75.21.00,,2,1730930769000,1754593545326,0
3253,,REPLACE_WITH_YOUR_USER_ID,17475648946,unknown,UNKNOWN,8,32.15.00,,2,1730945575000,1754593540522,0
3254,,REPLACE_WITH_YOUR_USER_ID,17473392808,unknown,UNKNOWN,10,75.21.00,,3,1730930948000,1754593545326,0
3255,,REPLACE_WITH_YOUR_USER_ID,17475648946,unknown,UNKNOWN,10,32.15.00,,3,1730945808000,1754593540522,0
3256,,REPLACE_WITH_YOUR_USER_ID,17473392808,unknown,UNKNOWN,8,68.06.00,,4,1730931211000,1754593545326,0
3257,,REPLACE_WITH_YOUR_USER_ID,17475648946,unknown,UNKNOWN,12,18.13,,4,1730945966000,1754593540522,0
3258,,REPLACE_WITH_YOUR_USER_ID,17473392808,unknown,UNKNOWN,10,63.5,,5,1730931382000,1754593545326,0
3259,,REPLACE_WITH_YOUR_USER_ID,17475648946,unknown,UNKNOWN,15,14.03,,5,1730946078000,1754593540522,0
3260,,REPLACE_WITH_YOUR_USER_ID,17473392808,unknown,UNKNOWN,12,63.5,,6,1730931614000,1754593545326,0
3261,,REPLACE_WITH_YOUR_USER_ID,17475648946,unknown,UNKNOWN,10,18.13,,6,1730946246000,1754593540522,0
3262,,REPLACE_WITH_YOUR_USER_ID,17475648946,unknown,UNKNOWN,15,14.03,,7,1730946386000,1754593540522,0
3263,,REPLACE_WITH_YOUR_USER_ID,17475648946,unknown,UNKNOWN,12,18.13,,8,1730946563000,1754593540522,0
3264,,REPLACE_WITH_YOUR_USER_ID,17475648946,unknown,UNKNOWN,15,14.03,,9,1730946724000,1754593540522,0
3265,,REPLACE_WITH_YOUR_USER_ID,17475648946,unknown,UNKNOWN,15,18.13,,10,1730946873000,1754593540522,0
3266,,REPLACE_WITH_YOUR_USER_ID,17475648946,unknown,UNKNOWN,10,18.13,,11,1730947261000,1754593540522,0
3267,,REPLACE_WITH_YOUR_USER_ID,17475648946,unknown,UNKNOWN,10,18.13,,12,1730947636000,1754593540522,0
3268,,REPLACE_WITH_YOUR_USER_ID,17475648946,unknown,UNKNOWN,10,<null>,,13,1730948118000,1754593540522,0
3269,,REPLACE_WITH_YOUR_USER_ID,17451819394,unknown,UNKNOWN,6,66.15.00,,1,1730689625000,1754593551637,0
3270,,REPLACE_WITH_YOUR_USER_ID,17451819394,unknown,UNKNOWN,8,63.5,,2,1730689838000,1754593551637,0
3271,,REPLACE_WITH_YOUR_USER_ID,17451819394,unknown,UNKNOWN,6,63.5,,3,1730690287000,1754593551637,0
3272,,REPLACE_WITH_YOUR_USER_ID,17451819394,unknown,UNKNOWN,8,50.28.00,,4,1730690605000,1754593551637,0
3273,,REPLACE_WITH_YOUR_USER_ID,17451819394,unknown,UNKNOWN,6,50.28.00,,5,1730690837000,1754593551637,0
3274,,REPLACE_WITH_YOUR_USER_ID,17451819394,unknown,UNKNOWN,7,50.28.00,,6,1730691152000,1754593551637,0
3275,,REPLACE_WITH_YOUR_USER_ID,17451819394,unknown,UNKNOWN,6,52.19.00,,7,1730691518000,1754593551637,0
3276,,REPLACE_WITH_YOUR_USER_ID,17451819394,unknown,UNKNOWN,12,48.03.00,,8,1730691681000,1754593551637,0
3277,,REPLACE_WITH_YOUR_USER_ID,17451819394,unknown,UNKNOWN,12,48.03.00,,9,1730691924000,1754593551637,0
3278,,REPLACE_WITH_YOUR_USER_ID,17451819394,unknown,UNKNOWN,10,48.03.00,,10,1730692207000,1754593551637,0
3279,,REPLACE_WITH_YOUR_USER_ID,17451819394,unknown,UNKNOWN,8,61.25.00,,11,1730692776000,1754593551637,0
3280,,REPLACE_WITH_YOUR_USER_ID,17451819394,unknown,UNKNOWN,6,61.25.00,,12,1730693185000,1754593551637,0
3281,,REPLACE_WITH_YOUR_USER_ID,17451819394,unknown,UNKNOWN,7,52.19.00,,13,1730693629000,1754593551637,0
3282,,REPLACE_WITH_YOUR_USER_ID,17451819394,unknown,UNKNOWN,12,61.25.00,,14,1730693867000,1754593551637,0
3283,,REPLACE_WITH_YOUR_USER_ID,17451819394,unknown,UNKNOWN,11,68.06.00,,15,1730694384000,1754593551637,0
3284,,REPLACE_WITH_YOUR_USER_ID,17451819394,unknown,UNKNOWN,8,68.06.00,,16,1730694591000,1754593551637,0
3285,,REPLACE_WITH_YOUR_USER_ID,17451819394,unknown,UNKNOWN,12,52.19.00,,17,1730694800000,1754593551637,0
3286,,REPLACE_WITH_YOUR_USER_ID,17451819394,unknown,UNKNOWN,10,52.19.00,,18,1730695091000,1754593551637,0
3287,,REPLACE_WITH_YOUR_USER_ID,17451819394,unknown,UNKNOWN,10,52.19.00,,19,1730695512000,1754593551637,0
3288,,REPLACE_WITH_YOUR_USER_ID,17451819394,unknown,UNKNOWN,20,18.13,,20,1730695680000,1754593551637,0
3289,,REPLACE_WITH_YOUR_USER_ID,17451819394,unknown,UNKNOWN,9,18.13,,21,1730695757000,1754593551637,0
3290,,REPLACE_WITH_YOUR_USER_ID,17451819394,unknown,UNKNOWN,20,18.13,,22,1730696121000,1754593551637,0
3291,,REPLACE_WITH_YOUR_USER_ID,17451819394,unknown,UNKNOWN,8,18.13,,23,1730696201000,1754593551637,0
3292,,REPLACE_WITH_YOUR_USER_ID,17451819394,unknown,UNKNOWN,20,18.13,,24,1730696455000,1754593551637,0
3293,,REPLACE_WITH_YOUR_USER_ID,17451819394,unknown,UNKNOWN,10,18.13,,25,1730696660000,1754593551637,0
3294,,REPLACE_WITH_YOUR_USER_ID,17434550773,unknown,UNKNOWN,8,50.28.00,,1,1730513159000,1754593555370,0
3295,,REPLACE_WITH_YOUR_USER_ID,17434550773,unknown,UNKNOWN,10,0,,2,1730513465000,1754593555370,0
3296,,REPLACE_WITH_YOUR_USER_ID,17434550773,unknown,UNKNOWN,8,45.38.00,,3,1730513659000,1754593555370,0
3297,,REPLACE_WITH_YOUR_USER_ID,17434550773,unknown,UNKNOWN,8,45.38.00,,4,1730513830000,1754593555370,0
3298,,REPLACE_WITH_YOUR_USER_ID,17434550773,unknown,UNKNOWN,6,63.5,,5,1730514083000,1754593555370,0
3299,,REPLACE_WITH_YOUR_USER_ID,17434550773,unknown,UNKNOWN,12,59.34.00,,6,1730514331000,1754593555370,0
3300,,REPLACE_WITH_YOUR_USER_ID,17434550773,unknown,UNKNOWN,10,59.34.00,,7,1730514528000,1754593555370,0
3301,,REPLACE_WITH_YOUR_USER_ID,17434550773,unknown,UNKNOWN,8,34,,8,1730514754000,1754593555370,0
3302,,REPLACE_WITH_YOUR_USER_ID,17434550773,unknown,UNKNOWN,10,34,,9,1730514945000,1754593555370,0
3303,,REPLACE_WITH_YOUR_USER_ID,17434550773,unknown,UNKNOWN,8,34,,10,1730515165000,1754593555370,0
3304,,REPLACE_WITH_YOUR_USER_ID,17434550773,unknown,UNKNOWN,10,18.13,,11,1730515356000,1754593555370,0
3305,,REPLACE_WITH_YOUR_USER_ID,17434550773,unknown,UNKNOWN,15,14.03,,12,1730515442000,1754593555370,0
3306,,REPLACE_WITH_YOUR_USER_ID,17434550773,unknown,UNKNOWN,10,32.15.00,,13,1730515815000,1754593555370,0
3307,,REPLACE_WITH_YOUR_USER_ID,17434550773,unknown,UNKNOWN,15,14.03,,14,1730515946000,1754593555370,0
3308,,REPLACE_WITH_YOUR_USER_ID,17434550773,unknown,UNKNOWN,10,32.15.00,,15,1730516132000,1754593555370,0
3309,,REPLACE_WITH_YOUR_USER_ID,17434550773,unknown,UNKNOWN,10,14.03,,16,1730516184000,1754593555370,0
3310,,REPLACE_WITH_YOUR_USER_ID,17434550773,unknown,UNKNOWN,10,14.03,,17,1730516479000,1754593555370,0
3311,,REPLACE_WITH_YOUR_USER_ID,17434550773,unknown,UNKNOWN,9,20.44,,18,1730516898000,1754593555370,0
3312,,REPLACE_WITH_YOUR_USER_ID,17434550773,unknown,UNKNOWN,8,20.44,,19,1730517146000,1754593555370,0
3313,,REPLACE_WITH_YOUR_USER_ID,17426210746,unknown,UNKNOWN,3,<null>,,1,1730418385000,1754593557323,0
3314,,REPLACE_WITH_YOUR_USER_ID,17426210746,unknown,UNKNOWN,9,61.25.00,,2,1730418765000,1754593557323,0
3315,,REPLACE_WITH_YOUR_USER_ID,17426210746,unknown,UNKNOWN,10,61.25.00,,3,1730419174000,1754593557323,0
3316,,REPLACE_WITH_YOUR_USER_ID,17426210746,unknown,UNKNOWN,10,50.28.00,,4,1730419593000,1754593557323,0
3317,,REPLACE_WITH_YOUR_USER_ID,17426210746,unknown,UNKNOWN,6,50.28.00,,5,1730419867000,1754593557323,0
3318,,REPLACE_WITH_YOUR_USER_ID,17426210746,unknown,UNKNOWN,9,50.28.00,,6,1730420268000,1754593557323,0
3319,,REPLACE_WITH_YOUR_USER_ID,17426210746,unknown,UNKNOWN,8,61.25.00,,7,1730420660000,1754593557323,0
3320,,REPLACE_WITH_YOUR_USER_ID,17426210746,unknown,UNKNOWN,10,61.25.00,,8,1730420881000,1754593557323,0
3321,,REPLACE_WITH_YOUR_USER_ID,17426210746,unknown,UNKNOWN,8,61.25.00,,9,1730421199000,1754593557323,0
3322,,REPLACE_WITH_YOUR_USER_ID,17426210746,unknown,UNKNOWN,5,<null>,,10,1730421543000,1754593557323,0
3323,,REPLACE_WITH_YOUR_USER_ID,17426210746,unknown,UNKNOWN,6,<null>,,11,1730421841000,1754593557323,0
3324,,REPLACE_WITH_YOUR_USER_ID,17426210746,unknown,UNKNOWN,6,<null>,,12,1730422080000,1754593557323,0
3325,,REPLACE_WITH_YOUR_USER_ID,17426210746,unknown,UNKNOWN,10,36.31.00,,13,1730422262000,1754593557323,0
3326,,REPLACE_WITH_YOUR_USER_ID,17426210746,unknown,UNKNOWN,12,36.31.00,,14,1730422656000,1754593557323,0
3327,,REPLACE_WITH_YOUR_USER_ID,17426210746,unknown,UNKNOWN,12,36.31.00,,15,1730422867000,1754593557323,0
3328,,REPLACE_WITH_YOUR_USER_ID,17408142163,unknown,UNKNOWN,10,59.34.00,,1,1730237285000,1754593561079,0
3329,,REPLACE_WITH_YOUR_USER_ID,17409910736,unknown,UNKNOWN,7,<null>,,1,1730246813000,1754593559920,0
3330,,REPLACE_WITH_YOUR_USER_ID,17408142163,unknown,UNKNOWN,8,59.34.00,,2,1730237429000,1754593561079,0
3331,,REPLACE_WITH_YOUR_USER_ID,17409910736,unknown,UNKNOWN,4,<null>,,2,1730247055000,1754593559920,0
3332,,REPLACE_WITH_YOUR_USER_ID,17408142163,unknown,UNKNOWN,10,54.44.00,,3,1730237593000,1754593561079,0
3333,,REPLACE_WITH_YOUR_USER_ID,17409910736,unknown,UNKNOWN,5,<null>,,3,1730247187000,1754593559920,0
3334,,REPLACE_WITH_YOUR_USER_ID,17408142163,unknown,UNKNOWN,8,59.34.00,,4,1730237705000,1754593561079,0
3335,,REPLACE_WITH_YOUR_USER_ID,17409910736,unknown,UNKNOWN,10,32.15.00,,4,1730247511000,1754593559920,0
3336,,REPLACE_WITH_YOUR_USER_ID,17408142163,unknown,UNKNOWN,8,54.44.00,,5,1730237820000,1754593561079,0
3337,,REPLACE_WITH_YOUR_USER_ID,17409910736,unknown,UNKNOWN,12,18.13,,5,1730247638000,1754593559920,0
3338,,REPLACE_WITH_YOUR_USER_ID,17408142163,unknown,UNKNOWN,8,54.44.00,,6,1730237926000,1754593561079,0
3339,,REPLACE_WITH_YOUR_USER_ID,17409910736,unknown,UNKNOWN,14,32.15.00,,6,1730247822000,1754593559920,0
3340,,REPLACE_WITH_YOUR_USER_ID,17409910736,unknown,UNKNOWN,15,18.13,,7,1730248080000,1754593559920,0
3341,,REPLACE_WITH_YOUR_USER_ID,17409910736,unknown,UNKNOWN,9,32.15.00,,8,1730248246000,1754593559920,0
3342,,REPLACE_WITH_YOUR_USER_ID,17409910736,unknown,UNKNOWN,12,18.13,,9,1730248630000,1754593559920,0
3343,,REPLACE_WITH_YOUR_USER_ID,17409910736,unknown,UNKNOWN,7,18.13,,10,1730248856000,1754593559920,0
3344,,REPLACE_WITH_YOUR_USER_ID,17409910736,unknown,UNKNOWN,15,14.03,,11,1730248960000,1754593559920,0
3345,,REPLACE_WITH_YOUR_USER_ID,17409910736,unknown,UNKNOWN,12,14.03,,12,1730249092000,1754593559920,0
3346,,REPLACE_WITH_YOUR_USER_ID,17409910736,unknown,UNKNOWN,8,41.21.00,,13,1730249426000,1754593559920,0
3347,,REPLACE_WITH_YOUR_USER_ID,17409910736,unknown,UNKNOWN,10,36.31.00,,14,1730249646000,1754593559920,0
3348,,REPLACE_WITH_YOUR_USER_ID,17409910736,unknown,UNKNOWN,8,36.31.00,,15,1730249896000,1754593559920,0
3349,,REPLACE_WITH_YOUR_USER_ID,17385567197,smith-bench-press,Smith Machine Bench Press,8,63.5,,1,1730002719000,1754593563865,0
3350,,REPLACE_WITH_YOUR_USER_ID,17385567197,smith-bench-press,Smith Machine Bench Press,7,63.5,,2,1730003001000,1754593563865,0
3351,,REPLACE_WITH_YOUR_USER_ID,17385567197,smith-bench-press,Smith Machine Bench Press,6,63.5,,3,1730003459000,1754593563865,0
3352,,REPLACE_WITH_YOUR_USER_ID,17385567197,unknown,UNKNOWN,15,45.38.00,,1,1730003672000,1754593563865,0
3353,,REPLACE_WITH_YOUR_USER_ID,17385567197,unknown,UNKNOWN,10,54.44.00,,2,1730003932000,1754593563865,0
3354,,REPLACE_WITH_YOUR_USER_ID,17385567197,unknown,UNKNOWN,10,50.28.00,,3,1730004317000,1754593563865,0
3355,,REPLACE_WITH_YOUR_USER_ID,17385567197,unknown,UNKNOWN,10,54.44.00,,4,1730004799000,1754593563865,0
3356,,REPLACE_WITH_YOUR_USER_ID,17385567197,unknown,UNKNOWN,10,54.44.00,,5,1730005104000,1754593563865,0
3357,,REPLACE_WITH_YOUR_USER_ID,17385567197,unknown,UNKNOWN,8,63.5,,6,1730005514000,1754593563865,0
3358,,REPLACE_WITH_YOUR_USER_ID,17385567197,unknown,UNKNOWN,12,66.15.00,,7,1730005853000,1754593563865,0
3359,,REPLACE_WITH_YOUR_USER_ID,17385567197,unknown,UNKNOWN,12,68.06.00,,8,1730006176000,1754593563865,0
3360,,REPLACE_WITH_YOUR_USER_ID,17385567197,unknown,UNKNOWN,12,68.06.00,,9,1730006461000,1754593563865,0
3361,,REPLACE_WITH_YOUR_USER_ID,17385567197,unknown,UNKNOWN,15,59.34.00,,10,1730007530000,1754593563865,0
3362,,REPLACE_WITH_YOUR_USER_ID,17385567197,unknown,UNKNOWN,12,59.34.00,,11,1730007731000,1754593563865,0
3363,,REPLACE_WITH_YOUR_USER_ID,17385567197,unknown,UNKNOWN,10,61.25.00,,12,1730007949000,1754593563865,0
3364,,REPLACE_WITH_YOUR_USER_ID,17385567197,unknown,UNKNOWN,8,57.09.00,,13,1730008119000,1754593563865,0
3365,,REPLACE_WITH_YOUR_USER_ID,17385567197,unknown,UNKNOWN,10,45.38.00,,14,1730008329000,1754593563865,0
3366,,REPLACE_WITH_YOUR_USER_ID,17385567197,unknown,UNKNOWN,10,48.03.00,,15,1730008617000,1754593563865,0
3367,,REPLACE_WITH_YOUR_USER_ID,17376410356,unknown,UNKNOWN,4,<null>,,1,1729900928000,1754593566330,0
3368,,REPLACE_WITH_YOUR_USER_ID,17376410356,unknown,UNKNOWN,8,09.06,,2,1729901178000,1754593566330,0
3369,,REPLACE_WITH_YOUR_USER_ID,17376410356,unknown,UNKNOWN,8,09.06,,3,1729901459000,1754593566330,0
3370,,REPLACE_WITH_YOUR_USER_ID,17376410356,unknown,UNKNOWN,12,50.28.00,,4,1729901729000,1754593566330,0
3371,,REPLACE_WITH_YOUR_USER_ID,17376410356,unknown,UNKNOWN,10,54.44.00,,5,1729901987000,1754593566330,0
3372,,REPLACE_WITH_YOUR_USER_ID,17376410356,unknown,UNKNOWN,8,54.44.00,,6,1729902357000,1754593566330,0
3373,,REPLACE_WITH_YOUR_USER_ID,17376410356,unknown,UNKNOWN,12,63.5,,7,1729903177000,1754593566330,0
3374,,REPLACE_WITH_YOUR_USER_ID,17376410356,unknown,UNKNOWN,10,63.5,,8,1729903630000,1754593566330,0
3375,,REPLACE_WITH_YOUR_USER_ID,17376410356,unknown,UNKNOWN,10,63.5,,9,1729903900000,1754593566330,0
3376,,REPLACE_WITH_YOUR_USER_ID,17376410356,unknown,UNKNOWN,8,36.31.00,,10,1729904221000,1754593566330,0
3377,,REPLACE_WITH_YOUR_USER_ID,17376410356,unknown,UNKNOWN,10,32.15.00,,11,1729904344000,1754593566330,0
3378,,REPLACE_WITH_YOUR_USER_ID,17376410356,unknown,UNKNOWN,8,32.15.00,,12,1729904591000,1754593566330,0
3379,,REPLACE_WITH_YOUR_USER_ID,17376410356,unknown,UNKNOWN,10,32.15.00,,13,1729904801000,1754593566330,0
3380,,REPLACE_WITH_YOUR_USER_ID,17376410356,unknown,UNKNOWN,10,18.13,,14,1729905001000,1754593566330,0
3381,,REPLACE_WITH_YOUR_USER_ID,17376410356,unknown,UNKNOWN,9,32.15.00,,15,1729905177000,1754593566330,0
3382,,REPLACE_WITH_YOUR_USER_ID,17376410356,unknown,UNKNOWN,10,18.13,,16,1729905416000,1754593566330,0
3383,,REPLACE_WITH_YOUR_USER_ID,17376410356,unknown,UNKNOWN,10,32.15.00,,17,1729905749000,1754593566330,0
3384,,REPLACE_WITH_YOUR_USER_ID,17376410356,unknown,UNKNOWN,12,18.13,,18,1729905974000,1754593566330,0
3385,,REPLACE_WITH_YOUR_USER_ID,17376410356,unknown,UNKNOWN,15,14.03,,19,1729906139000,1754593566330,0
3386,,REPLACE_WITH_YOUR_USER_ID,17376410356,unknown,UNKNOWN,20,14.03,,20,1729906675000,1754593566330,0
3387,,REPLACE_WITH_YOUR_USER_ID,17376410356,unknown,UNKNOWN,8,14.03,,21,1729907146000,1754593566330,0
3388,,REPLACE_WITH_YOUR_USER_ID,17376410356,unknown,UNKNOWN,8,36.31.00,,22,1729907695000,1754593566330,0
3389,,REPLACE_WITH_YOUR_USER_ID,17376410356,unknown,UNKNOWN,6,36.31.00,,23,1729908003000,1754593566330,0
3390,,REPLACE_WITH_YOUR_USER_ID,17376410356,unknown,UNKNOWN,7,36.31.00,,24,1729908466000,1754593566330,0
3391,,REPLACE_WITH_YOUR_USER_ID,17368608284,smith-bench-press,Smith Machine Bench Press,8,63.5,,1,1729815007000,1754593579515,0
3392,,REPLACE_WITH_YOUR_USER_ID,17368608284,smith-bench-press,Smith Machine Bench Press,8,61.25.00,,2,1729815293000,1754593579515,0
3393,,REPLACE_WITH_YOUR_USER_ID,17368608284,smith-bench-press,Smith Machine Bench Press,6,61.25.00,,3,1729815538000,1754593579515,0
3394,,REPLACE_WITH_YOUR_USER_ID,17368608284,unknown,UNKNOWN,10,45.38.00,,1,1729815768000,1754593579515,0
3395,,REPLACE_WITH_YOUR_USER_ID,17368608284,unknown,UNKNOWN,10,50.28.00,,2,1729815961000,1754593579515,0
3396,,REPLACE_WITH_YOUR_USER_ID,17368608284,unknown,UNKNOWN,12,50.28.00,,3,1729816192000,1754593579515,0
3397,,REPLACE_WITH_YOUR_USER_ID,17368608284,unknown,UNKNOWN,10,61.25.00,,4,1729816603000,1754593579515,0
3398,,REPLACE_WITH_YOUR_USER_ID,17368608284,unknown,UNKNOWN,8,61.25.00,,5,1729816846000,1754593579515,0
3399,,REPLACE_WITH_YOUR_USER_ID,17368608284,unknown,UNKNOWN,10,61.25.00,,6,1729817067000,1754593579515,0
3400,,REPLACE_WITH_YOUR_USER_ID,17351995522,unknown,UNKNOWN,6,<null>,,1,1729642363000,1754593600522,0
3401,,REPLACE_WITH_YOUR_USER_ID,17351995522,unknown,UNKNOWN,6,04.56,,2,1729642406000,1754593600522,0
3402,,REPLACE_WITH_YOUR_USER_ID,17351995522,unknown,UNKNOWN,8,09.06,,3,1729642568000,1754593600522,0
3403,,REPLACE_WITH_YOUR_USER_ID,17351995522,unknown,UNKNOWN,12,45.38.00,,4,1729642823000,1754593600522,0
3404,,REPLACE_WITH_YOUR_USER_ID,17351995522,unknown,UNKNOWN,12,50.28.00,,5,1729643114000,1754593600522,0
3405,,REPLACE_WITH_YOUR_USER_ID,17351995522,unknown,UNKNOWN,12,52.19.00,,6,1729643338000,1754593600522,0
3406,,REPLACE_WITH_YOUR_USER_ID,17351995522,unknown,UNKNOWN,13,27.19.00,,7,1729643542000,1754593600522,0
3407,,REPLACE_WITH_YOUR_USER_ID,17351995522,unknown,UNKNOWN,12,14.03,,8,1729643676000,1754593600522,0
3408,,REPLACE_WITH_YOUR_USER_ID,17351995522,unknown,UNKNOWN,12,14.03,,9,1729643963000,1754593600522,0
3409,,REPLACE_WITH_YOUR_USER_ID,17351995522,unknown,UNKNOWN,10,14.03,,10,1729644163000,1754593600522,0
3410,,REPLACE_WITH_YOUR_USER_ID,17351995522,unknown,UNKNOWN,13,27.19.00,,11,1729644408000,1754593600522,0
3411,,REPLACE_WITH_YOUR_USER_ID,17351995522,unknown,UNKNOWN,10,14.03,,12,1729644517000,1754593600522,0
3412,,REPLACE_WITH_YOUR_USER_ID,17351995522,unknown,UNKNOWN,8,16.28,,13,1729644732000,1754593600522,0
3413,,REPLACE_WITH_YOUR_USER_ID,17351995522,unknown,UNKNOWN,8,16.28,,14,1729644950000,1754593600522,0
3414,,REPLACE_WITH_YOUR_USER_ID,17351995522,unknown,UNKNOWN,8,16.28,,15,1729645277000,1754593600522,0
3415,,REPLACE_WITH_YOUR_USER_ID,17351995522,unknown,UNKNOWN,12,18.13,,16,1729645488000,1754593600522,0
3416,,REPLACE_WITH_YOUR_USER_ID,17351995522,unknown,UNKNOWN,10,18.13,,17,1729645690000,1754593600522,0
3417,,REPLACE_WITH_YOUR_USER_ID,17351995522,unknown,UNKNOWN,10,18.13,,18,1729645852000,1754593600522,0
3418,,REPLACE_WITH_YOUR_USER_ID,17335616506,unknown,UNKNOWN,4,<null>,,1,1729468816000,1754593615526,0
3419,,REPLACE_WITH_YOUR_USER_ID,17335616506,unknown,UNKNOWN,8,09.06,,2,1729469044000,1754593615526,0
3420,,REPLACE_WITH_YOUR_USER_ID,17335616506,unknown,UNKNOWN,6,04.56,,3,1729469248000,1754593615526,0
3421,,REPLACE_WITH_YOUR_USER_ID,17335616506,unknown,UNKNOWN,12,54.44.00,,4,1729469556000,1754593615526,0
3422,,REPLACE_WITH_YOUR_USER_ID,17335616506,unknown,UNKNOWN,12,54.44.00,,5,1729469886000,1754593615526,0
3423,,REPLACE_WITH_YOUR_USER_ID,17335616506,unknown,UNKNOWN,12,54.44.00,,6,1729470170000,1754593615526,0
3424,,REPLACE_WITH_YOUR_USER_ID,17335616506,unknown,UNKNOWN,10,68.06.00,,7,1729470472000,1754593615526,0
3425,,REPLACE_WITH_YOUR_USER_ID,17335616506,unknown,UNKNOWN,8,68.06.00,,8,1729470898000,1754593615526,0
3426,,REPLACE_WITH_YOUR_USER_ID,17335616506,unknown,UNKNOWN,8,68.06.00,,9,1729471200000,1754593615526,0
3427,,REPLACE_WITH_YOUR_USER_ID,17335616506,unknown,UNKNOWN,8,32.15.00,,10,1729471647000,1754593615526,0
3428,,REPLACE_WITH_YOUR_USER_ID,17335616506,unknown,UNKNOWN,8,32.15.00,,11,1729472123000,1754593615526,0
3429,,REPLACE_WITH_YOUR_USER_ID,17335616506,unknown,UNKNOWN,8,32.15.00,,12,1729472486000,1754593615526,0
3430,,REPLACE_WITH_YOUR_USER_ID,17335616506,unknown,UNKNOWN,8,50.28.00,,13,1729472859000,1754593615526,0
3431,,REPLACE_WITH_YOUR_USER_ID,17335616506,unknown,UNKNOWN,8,50.28.00,,14,1729473211000,1754593615526,0
3432,,REPLACE_WITH_YOUR_USER_ID,17335616506,unknown,UNKNOWN,10,50.28.00,,15,1729473626000,1754593615526,0
3433,,REPLACE_WITH_YOUR_USER_ID,17335616506,unknown,UNKNOWN,12,27.19.00,,16,1729473904000,1754593615526,0
3434,,REPLACE_WITH_YOUR_USER_ID,17335616506,unknown,UNKNOWN,12,14.03,,17,1729474067000,1754593615526,0
3435,,REPLACE_WITH_YOUR_USER_ID,17335616506,unknown,UNKNOWN,12,27.19.00,,18,1729474371000,1754593615526,0
3436,,REPLACE_WITH_YOUR_USER_ID,17335616506,unknown,UNKNOWN,15,14.03,,19,1729474564000,1754593615526,0
3437,,REPLACE_WITH_YOUR_USER_ID,17335616506,unknown,UNKNOWN,12,27.19.00,,20,1729474788000,1754593615526,0
3438,,REPLACE_WITH_YOUR_USER_ID,17335616506,unknown,UNKNOWN,12,14.03,,21,1729474984000,1754593615526,0
3439,,REPLACE_WITH_YOUR_USER_ID,17318060722,unknown,UNKNOWN,10,50.28.00,,1,1729289435000,1754593625891,0
3440,,REPLACE_WITH_YOUR_USER_ID,17318060722,unknown,UNKNOWN,10,50.28.00,,2,1729289788000,1754593625891,0
3441,,REPLACE_WITH_YOUR_USER_ID,17318060722,unknown,UNKNOWN,8,50.28.00,,3,1729290190000,1754593625891,0
3442,,REPLACE_WITH_YOUR_USER_ID,17318060722,unknown,UNKNOWN,7,61.25.00,,4,1729291052000,1754593625891,0
3443,,REPLACE_WITH_YOUR_USER_ID,17318060722,unknown,UNKNOWN,7,61.25.00,,5,1729291226000,1754593625891,0
3444,,REPLACE_WITH_YOUR_USER_ID,17318060722,unknown,UNKNOWN,7,61.25.00,,6,1729291532000,1754593625891,0
3445,,REPLACE_WITH_YOUR_USER_ID,17318060722,unknown,UNKNOWN,10,61.25.00,,7,1729291853000,1754593625891,0
3446,,REPLACE_WITH_YOUR_USER_ID,17318060722,unknown,UNKNOWN,10,61.25.00,,8,1729292131000,1754593625891,0
3447,,REPLACE_WITH_YOUR_USER_ID,17318060722,unknown,UNKNOWN,8,59.34.00,,9,1729292371000,1754593625891,0
3448,,REPLACE_WITH_YOUR_USER_ID,17318060722,unknown,UNKNOWN,8,41.21.00,,10,1729292610000,1754593625891,0
3449,,REPLACE_WITH_YOUR_USER_ID,17318060722,unknown,UNKNOWN,8,41.21.00,,11,1729292926000,1754593625891,0
3450,,REPLACE_WITH_YOUR_USER_ID,17318060722,unknown,UNKNOWN,12,41.21.00,,12,1729293211000,1754593625891,0
3451,,REPLACE_WITH_YOUR_USER_ID,17318060722,unknown,UNKNOWN,12,41.21.00,,13,1729293598000,1754593625891,0
3452,,REPLACE_WITH_YOUR_USER_ID,17318060722,unknown,UNKNOWN,15,<null>,,14,1729293931000,1754593625891,0
3453,,REPLACE_WITH_YOUR_USER_ID,17318060722,unknown,UNKNOWN,13,41.21.00,,15,1729294284000,1754593625891,0
3454,,REPLACE_WITH_YOUR_USER_ID,17318060722,unknown,UNKNOWN,12,18.13,,16,1729294572000,1754593625891,0
3455,,REPLACE_WITH_YOUR_USER_ID,17318060722,unknown,UNKNOWN,20,18.13,,17,1729294726000,1754593625891,0
3456,,REPLACE_WITH_YOUR_USER_ID,17318060722,unknown,UNKNOWN,12,18.13,,18,1729295029000,1754593625891,0
3457,,REPLACE_WITH_YOUR_USER_ID,17318060722,unknown,UNKNOWN,25,18.13,,19,1729295173000,1754593625891,0
3458,,REPLACE_WITH_YOUR_USER_ID,17318060722,unknown,UNKNOWN,12,18.13,,20,1729295378000,1754593625891,0
3459,,REPLACE_WITH_YOUR_USER_ID,17318060722,unknown,UNKNOWN,20,18.13,,21,1729295464000,1754593625891,0
3460,,REPLACE_WITH_YOUR_USER_ID,17318060722,unknown,UNKNOWN,10,70.31.00,,22,1729295710000,1754593625891,0
3461,,REPLACE_WITH_YOUR_USER_ID,17318060722,unknown,UNKNOWN,10,70.31.00,,23,1729296062000,1754593625891,0
3462,,REPLACE_WITH_YOUR_USER_ID,17318060722,unknown,UNKNOWN,10,70.31.00,,24,1729296279000,1754593625891,0
3463,,REPLACE_WITH_YOUR_USER_ID,17294539926,unknown,UNKNOWN,10,63.5,,1,1729036969000,1754593639566,0
3464,,REPLACE_WITH_YOUR_USER_ID,17303423703,unknown,UNKNOWN,8,59.34.00,,1,1729130019000,1754593634523,0
3465,,REPLACE_WITH_YOUR_USER_ID,17294539926,unknown,UNKNOWN,10,63.5,,2,1729037184000,1754593639566,0
3466,,REPLACE_WITH_YOUR_USER_ID,17303423703,unknown,UNKNOWN,8,59.34.00,,2,1729130254000,1754593634523,0
3467,,REPLACE_WITH_YOUR_USER_ID,17294539926,unknown,UNKNOWN,10,63.5,,3,1729037350000,1754593639566,0
3468,,REPLACE_WITH_YOUR_USER_ID,17303423703,unknown,UNKNOWN,8,59.34.00,,3,1729130510000,1754593634523,0
3469,,REPLACE_WITH_YOUR_USER_ID,17294539926,unknown,UNKNOWN,10,18.13,,4,1729037545000,1754593639566,0
3470,,REPLACE_WITH_YOUR_USER_ID,17303423703,unknown,UNKNOWN,8,50.28.00,,4,1729130768000,1754593634523,0
3471,,REPLACE_WITH_YOUR_USER_ID,17294539926,unknown,UNKNOWN,6,36.31.00,,5,1729037713000,1754593639566,0
3472,,REPLACE_WITH_YOUR_USER_ID,17303423703,unknown,UNKNOWN,8,59.34.00,,5,1729131034000,1754593634523,0
3473,,REPLACE_WITH_YOUR_USER_ID,17294539926,unknown,UNKNOWN,8,34,,6,1729037969000,1754593639566,0
3474,,REPLACE_WITH_YOUR_USER_ID,17303423703,unknown,UNKNOWN,8,59.34.00,,6,1729131368000,1754593634523,0
3475,,REPLACE_WITH_YOUR_USER_ID,17294539926,unknown,UNKNOWN,8,34,,7,1729038197000,1754593639566,0
3476,,REPLACE_WITH_YOUR_USER_ID,17303423703,unknown,UNKNOWN,10,61.25.00,,7,1729131651000,1754593634523,0
3477,,REPLACE_WITH_YOUR_USER_ID,17294539926,unknown,UNKNOWN,10,<null>,,8,1729038396000,1754593639566,0
3478,,REPLACE_WITH_YOUR_USER_ID,17303423703,unknown,UNKNOWN,10,59.34.00,,8,1729131902000,1754593634523,0
3479,,REPLACE_WITH_YOUR_USER_ID,17294539926,unknown,UNKNOWN,12,18.13,,9,1729038559000,1754593639566,0
3480,,REPLACE_WITH_YOUR_USER_ID,17303423703,unknown,UNKNOWN,10,59.34.00,,9,1729132317000,1754593634523,0
3481,,REPLACE_WITH_YOUR_USER_ID,17294539926,unknown,UNKNOWN,6,27.19.00,,10,1729038773000,1754593639566,0
3482,,REPLACE_WITH_YOUR_USER_ID,17303423703,unknown,UNKNOWN,10,29.5,,10,1729132532000,1754593634523,0
3483,,REPLACE_WITH_YOUR_USER_ID,17294539926,unknown,UNKNOWN,11,27.19.00,,11,1729038871000,1754593639566,0
3484,,REPLACE_WITH_YOUR_USER_ID,17303423703,unknown,UNKNOWN,10,32.15.00,,11,1729132836000,1754593634523,0
3485,,REPLACE_WITH_YOUR_USER_ID,17294539926,unknown,UNKNOWN,12,27.19.00,,12,1729039091000,1754593639566,0
3486,,REPLACE_WITH_YOUR_USER_ID,17303423703,unknown,UNKNOWN,12,34,,12,1729133176000,1754593634523,0
3487,,REPLACE_WITH_YOUR_USER_ID,17294539926,unknown,UNKNOWN,10,72.56.00,,13,1729039431000,1754593639566,0
3488,,REPLACE_WITH_YOUR_USER_ID,17303423703,unknown,UNKNOWN,12,63.5,,13,1729133435000,1754593634523,0
3489,,REPLACE_WITH_YOUR_USER_ID,17294539926,unknown,UNKNOWN,10,72.56.00,,14,1729039738000,1754593639566,0
3490,,REPLACE_WITH_YOUR_USER_ID,17303423703,unknown,UNKNOWN,10,63.5,,14,1729133728000,1754593634523,0
3491,,REPLACE_WITH_YOUR_USER_ID,17294539926,unknown,UNKNOWN,10,34,,15,1729039920000,1754593639566,0
3492,,REPLACE_WITH_YOUR_USER_ID,17303423703,unknown,UNKNOWN,12,63.5,,15,1729134177000,1754593634523,0
3493,,REPLACE_WITH_YOUR_USER_ID,17294539926,unknown,UNKNOWN,10,34,,16,1729040501000,1754593639566,0
3494,,REPLACE_WITH_YOUR_USER_ID,17294539926,unknown,UNKNOWN,10,75.21.00,,17,1729040822000,1754593639566,0
3495,,REPLACE_WITH_YOUR_USER_ID,17294539926,unknown,UNKNOWN,10,34,,18,1729041202000,1754593639566,0
3496,,REPLACE_WITH_YOUR_USER_ID,17294539926,unknown,UNKNOWN,10,27.19.00,,19,1729041386000,1754593639566,0
3497,,REPLACE_WITH_YOUR_USER_ID,17294539926,unknown,UNKNOWN,10,27.19.00,,20,1729041588000,1754593639566,0
3498,,REPLACE_WITH_YOUR_USER_ID,17294539926,unknown,UNKNOWN,15,14.03,,21,1729041812000,1754593639566,0
3499,,REPLACE_WITH_YOUR_USER_ID,17294539926,unknown,UNKNOWN,12,18.13,,22,1729042085000,1754593639566,0
3500,,REPLACE_WITH_YOUR_USER_ID,17278338437,smith-bench-press,Smith Machine Bench Press,8,57.09.00,,1,1728867947000,1754593650524,0
3501,,REPLACE_WITH_YOUR_USER_ID,17278338437,smith-bench-press,Smith Machine Bench Press,8,57.09.00,,2,1728868211000,1754593650524,0
3502,,REPLACE_WITH_YOUR_USER_ID,17278338437,smith-bench-press,Smith Machine Bench Press,8,57.09.00,,3,1728868697000,1754593650524,0
3503,,REPLACE_WITH_YOUR_USER_ID,17278338437,unknown,UNKNOWN,10,57.09.00,,1,1728868942000,1754593650524,0
3504,,REPLACE_WITH_YOUR_USER_ID,17278338437,unknown,UNKNOWN,10,57.09.00,,2,1728869183000,1754593650524,0
3505,,REPLACE_WITH_YOUR_USER_ID,17278338437,unknown,UNKNOWN,12,59.34.00,,3,1728869406000,1754593650524,0
3506,,REPLACE_WITH_YOUR_USER_ID,17278338437,unknown,UNKNOWN,12,66.15.00,,4,1728869698000,1754593650524,0
3507,,REPLACE_WITH_YOUR_USER_ID,17278338437,unknown,UNKNOWN,10,66.15.00,,5,1728869914000,1754593650524,0
3508,,REPLACE_WITH_YOUR_USER_ID,17278338437,unknown,UNKNOWN,10,66.15.00,,6,1728870231000,1754593650524,0
3509,,REPLACE_WITH_YOUR_USER_ID,17261065654,unknown,UNKNOWN,10,77.13.00,,1,1728691966000,1754593664521,0
3510,,REPLACE_WITH_YOUR_USER_ID,17261065654,unknown,UNKNOWN,12,68.06.00,,2,1728692165000,1754593664521,0
3511,,REPLACE_WITH_YOUR_USER_ID,17261065654,unknown,UNKNOWN,10,68.06.00,,3,1728692613000,1754593664521,0
3512,,REPLACE_WITH_YOUR_USER_ID,17261065654,unknown,UNKNOWN,12,45.38.00,,4,1728693090000,1754593664521,0
3513,,REPLACE_WITH_YOUR_USER_ID,17261065654,unknown,UNKNOWN,12,48.03.00,,5,1728693528000,1754593664521,0
3514,,REPLACE_WITH_YOUR_USER_ID,17261065654,unknown,UNKNOWN,10,48.03.00,,6,1728694087000,1754593664521,0
3515,,REPLACE_WITH_YOUR_USER_ID,17261065654,unknown,UNKNOWN,10,72.58.00,,7,1728687784900,1754593664521,0
3516,,REPLACE_WITH_YOUR_USER_ID,17261065654,unknown,UNKNOWN,8,72.58.00,,8,1728687784900,1754593664521,0
3517,,REPLACE_WITH_YOUR_USER_ID,17261065654,unknown,UNKNOWN,8,72.58.00,,9,1728687784900,1754593664521,0
3518,,REPLACE_WITH_YOUR_USER_ID,17261065654,unknown,UNKNOWN,10,32.15.00,,10,1728695271000,1754593664521,0
3519,,REPLACE_WITH_YOUR_USER_ID,17261065654,unknown,UNKNOWN,15,14.03,,11,1728695375000,1754593664521,0
3520,,REPLACE_WITH_YOUR_USER_ID,17261065654,unknown,UNKNOWN,10,34,,12,1728695492000,1754593664521,0
3521,,REPLACE_WITH_YOUR_USER_ID,17261065654,unknown,UNKNOWN,8,18.13,,13,1728695679000,1754593664521,0
3522,,REPLACE_WITH_YOUR_USER_ID,17261065654,unknown,UNKNOWN,10,34.02.00,,14,1728687805400,1754593664521,0
3523,,REPLACE_WITH_YOUR_USER_ID,17261065654,unknown,UNKNOWN,8,18.13,,15,1728696018000,1754593664521,0
3524,,REPLACE_WITH_YOUR_USER_ID,17261065654,unknown,UNKNOWN,12,18.13,,16,1728696168000,1754593664521,0
3525,,REPLACE_WITH_YOUR_USER_ID,17253396458,unknown,UNKNOWN,10,57.09.00,,1,1728603442000,1754593674774,0
3526,,REPLACE_WITH_YOUR_USER_ID,17253396458,unknown,UNKNOWN,6,57.09.00,,2,1728603709000,1754593674774,0
3527,,REPLACE_WITH_YOUR_USER_ID,17253396458,unknown,UNKNOWN,6,57.09.00,,3,1728603909000,1754593674774,0
3528,,REPLACE_WITH_YOUR_USER_ID,17253396458,unknown,UNKNOWN,8,61.25.00,,4,1728604125000,1754593674774,0
3529,,REPLACE_WITH_YOUR_USER_ID,17253396458,unknown,UNKNOWN,6,61.25.00,,5,1728604328000,1754593674774,0
3530,,REPLACE_WITH_YOUR_USER_ID,17253396458,unknown,UNKNOWN,6,61.25.00,,6,1728604508000,1754593674774,0
3531,,REPLACE_WITH_YOUR_USER_ID,17253396458,unknown,UNKNOWN,12,27.19.00,,7,1728604685000,1754593674774,0
3532,,REPLACE_WITH_YOUR_USER_ID,17253396458,unknown,UNKNOWN,12,18.13,,8,1728604790000,1754593674774,0
3533,,REPLACE_WITH_YOUR_USER_ID,17253396458,unknown,UNKNOWN,10,27.19.00,,9,1728605032000,1754593674774,0
3534,,REPLACE_WITH_YOUR_USER_ID,17253396458,unknown,UNKNOWN,8,18.13,,10,1728605139000,1754593674774,0
3535,,REPLACE_WITH_YOUR_USER_ID,17253396458,unknown,UNKNOWN,12,27.19.00,,11,1728605340000,1754593674774,0
3536,,REPLACE_WITH_YOUR_USER_ID,17253396458,unknown,UNKNOWN,8,18.13,,12,1728605394000,1754593674774,0
3537,,REPLACE_WITH_YOUR_USER_ID,17253396458,unknown,UNKNOWN,10,57.09.00,,13,1728605585000,1754593674774,0
3538,,REPLACE_WITH_YOUR_USER_ID,17253396458,unknown,UNKNOWN,10,57.09.00,,14,1728605967000,1754593674774,0
3539,,REPLACE_WITH_YOUR_USER_ID,17253396458,unknown,UNKNOWN,10,57.09.00,,15,1728606417000,1754593674774,0
3540,,REPLACE_WITH_YOUR_USER_ID,17253396458,unknown,UNKNOWN,10,61.25.00,,16,1728606773000,1754593674774,0
3541,,REPLACE_WITH_YOUR_USER_ID,17253396458,unknown,UNKNOWN,10,61.25.00,,17,1728607077000,1754593674774,0
3542,,REPLACE_WITH_YOUR_USER_ID,17253396458,unknown,UNKNOWN,12,61.25.00,,18,1728607290000,1754593674774,0
3543,,REPLACE_WITH_YOUR_USER_ID,17253396458,unknown,UNKNOWN,10,54.44.00,,19,1728595127600,1754593674774,0
3544,,REPLACE_WITH_YOUR_USER_ID,17253396458,unknown,UNKNOWN,10,54.44.00,,20,1728595127600,1754593674774,0
3545,,REPLACE_WITH_YOUR_USER_ID,17253396458,unknown,UNKNOWN,12,54.43.00,,21,1728595127600,1754593674774,0
3546,,REPLACE_WITH_YOUR_USER_ID,17212147932,smith-bench-press,Smith Machine Bench Press,9,57.09.00,,1,1728171437000,1754593686333,0
3547,,REPLACE_WITH_YOUR_USER_ID,17221148745,unknown,UNKNOWN,10,72.56.00,,1,1728263006000,1754593684429,0
3548,,REPLACE_WITH_YOUR_USER_ID,17212147932,smith-bench-press,Smith Machine Bench Press,8,57.09.00,,2,1728171784000,1754593686333,0
3549,,REPLACE_WITH_YOUR_USER_ID,17221148745,unknown,UNKNOWN,10,68.06.00,,2,1728263267000,1754593684429,0
3550,,REPLACE_WITH_YOUR_USER_ID,17212147932,smith-bench-press,Smith Machine Bench Press,6,57.09.00,,3,1728172057000,1754593686333,0
3551,,REPLACE_WITH_YOUR_USER_ID,17221148745,unknown,UNKNOWN,12,68.06.00,,3,1728263543000,1754593684429,0
3552,,REPLACE_WITH_YOUR_USER_ID,17212147932,unknown,UNKNOWN,10,59.34.00,,1,1728172297000,1754593686333,0
3553,,REPLACE_WITH_YOUR_USER_ID,17221148745,unknown,UNKNOWN,12,59.34.00,,4,1728263738000,1754593684429,0
3554,,REPLACE_WITH_YOUR_USER_ID,17212147932,unknown,UNKNOWN,8,59.34.00,,2,1728172550000,1754593686333,0
3555,,REPLACE_WITH_YOUR_USER_ID,17221148745,unknown,UNKNOWN,8,61.25.00,,5,1728263934000,1754593684429,0
3556,,REPLACE_WITH_YOUR_USER_ID,17212147932,unknown,UNKNOWN,10,59.34.00,,3,1728172879000,1754593686333,0
3557,,REPLACE_WITH_YOUR_USER_ID,17221148745,unknown,UNKNOWN,8,61.25.00,,6,1728264162000,1754593684429,0
3558,,REPLACE_WITH_YOUR_USER_ID,17212147932,unknown,UNKNOWN,11,34,,4,1728173541000,1754593686333,0
3559,,REPLACE_WITH_YOUR_USER_ID,17221148745,unknown,UNKNOWN,10,72.56.00,,7,1728264322000,1754593684429,0
3560,,REPLACE_WITH_YOUR_USER_ID,17212147932,unknown,UNKNOWN,8,34,,5,1728173895000,1754593686333,0
3561,,REPLACE_WITH_YOUR_USER_ID,17221148745,unknown,UNKNOWN,10,72.56.00,,8,1728264542000,1754593684429,0
3562,,REPLACE_WITH_YOUR_USER_ID,17212147932,unknown,UNKNOWN,10,34,,6,1728174366000,1754593686333,0
3563,,REPLACE_WITH_YOUR_USER_ID,17221148745,unknown,UNKNOWN,8,72.56.00,,9,1728264732000,1754593684429,0
3564,,REPLACE_WITH_YOUR_USER_ID,17212147932,unknown,UNKNOWN,10,50.28.00,,7,1728174782000,1754593686333,0
3565,,REPLACE_WITH_YOUR_USER_ID,17221148745,unknown,UNKNOWN,8,32.15.00,,10,1728264884000,1754593684429,0
3566,,REPLACE_WITH_YOUR_USER_ID,17212147932,unknown,UNKNOWN,12,50.28.00,,8,1728175177000,1754593686333,0
3567,,REPLACE_WITH_YOUR_USER_ID,17221148745,unknown,UNKNOWN,8,29.5,,11,1728265026000,1754593684429,0
3568,,REPLACE_WITH_YOUR_USER_ID,17212147932,unknown,UNKNOWN,8,59.34.00,,9,1728175553000,1754593686333,0
3569,,REPLACE_WITH_YOUR_USER_ID,17221148745,unknown,UNKNOWN,8,29.5,,12,1728265229000,1754593684429,0
3570,,REPLACE_WITH_YOUR_USER_ID,17212147932,unknown,UNKNOWN,12,23.09,,10,1728175899000,1754593686333,0
3571,,REPLACE_WITH_YOUR_USER_ID,17212147932,unknown,UNKNOWN,10,18.13,,11,1728176101000,1754593686333,0
3572,,REPLACE_WITH_YOUR_USER_ID,17212147932,unknown,UNKNOWN,15,23.09,,12,1728176360000,1754593686333,0
3573,,REPLACE_WITH_YOUR_USER_ID,17212147932,unknown,UNKNOWN,10,18.13,,13,1728176566000,1754593686333,0
3574,,REPLACE_WITH_YOUR_USER_ID,17212147932,unknown,UNKNOWN,16,23.09,,14,1728176900000,1754593686333,0
3575,,REPLACE_WITH_YOUR_USER_ID,17212147932,unknown,UNKNOWN,12,18.13,,15,1728177138000,1754593686333,0
3576,,REPLACE_WITH_YOUR_USER_ID,17212147932,unknown,UNKNOWN,15,63.5,,16,1728177411000,1754593686333,0
3577,,REPLACE_WITH_YOUR_USER_ID,17212147932,unknown,UNKNOWN,15,63.5,,17,1728177762000,1754593686333,0
3578,,REPLACE_WITH_YOUR_USER_ID,17212147932,unknown,UNKNOWN,14,63.5,,18,1728178037000,1754593686333,0
3579,,REPLACE_WITH_YOUR_USER_ID,17212147932,unknown,UNKNOWN,10,43.06.00,,19,1728178323000,1754593686333,0
3580,,REPLACE_WITH_YOUR_USER_ID,17212147932,unknown,UNKNOWN,10,43.06.00,,20,1728178615000,1754593686333,0
3581,,REPLACE_WITH_YOUR_USER_ID,17212147932,unknown,UNKNOWN,10,43.06.00,,21,1728178847000,1754593686333,0
3582,,REPLACE_WITH_YOUR_USER_ID,17179373236,unknown,UNKNOWN,12,77.13.00,,1,1727830224000,1754593693558,0
3583,,REPLACE_WITH_YOUR_USER_ID,17193524554,smith-bench-press,Smith Machine Bench Press,10,54.44.00,,1,1727986148000,1754593690913,0
3584,,REPLACE_WITH_YOUR_USER_ID,17179373236,unknown,UNKNOWN,10,77.13.00,,2,1727830558000,1754593693558,0
3585,,REPLACE_WITH_YOUR_USER_ID,17193524554,smith-bench-press,Smith Machine Bench Press,6,54.44.00,,2,1727986339000,1754593690913,0
3586,,REPLACE_WITH_YOUR_USER_ID,17179373236,unknown,UNKNOWN,8,77.13.00,,3,1727831031000,1754593693558,0
3587,,REPLACE_WITH_YOUR_USER_ID,17193524554,smith-bench-press,Smith Machine Bench Press,6,54.44.00,,3,1727986536000,1754593690913,0
3588,,REPLACE_WITH_YOUR_USER_ID,17179373236,unknown,UNKNOWN,10,61.25.00,,4,1727831682000,1754593693558,0
3589,,REPLACE_WITH_YOUR_USER_ID,17193524554,unknown,UNKNOWN,12,59.34.00,,1,1727986723000,1754593690913,0
3590,,REPLACE_WITH_YOUR_USER_ID,17179373236,unknown,UNKNOWN,8,61.25.00,,5,1727831946000,1754593693558,0
3591,,REPLACE_WITH_YOUR_USER_ID,17193524554,unknown,UNKNOWN,12,59.34.00,,2,1727986937000,1754593690913,0
3592,,REPLACE_WITH_YOUR_USER_ID,17179373236,unknown,UNKNOWN,8,61.25.00,,6,1727832213000,1754593693558,0
3593,,REPLACE_WITH_YOUR_USER_ID,17193524554,unknown,UNKNOWN,10,59.34.00,,3,1727987132000,1754593690913,0
3594,,REPLACE_WITH_YOUR_USER_ID,17179373236,unknown,UNKNOWN,10,75.21.00,,7,1727832656000,1754593693558,0
3595,,REPLACE_WITH_YOUR_USER_ID,17193524554,unknown,UNKNOWN,10,54.44.00,,4,1727987328000,1754593690913,0
3596,,REPLACE_WITH_YOUR_USER_ID,17179373236,unknown,UNKNOWN,10,75.21.00,,8,1727832889000,1754593693558,0
3597,,REPLACE_WITH_YOUR_USER_ID,17193524554,unknown,UNKNOWN,8,54.44.00,,5,1727987545000,1754593690913,0
3598,,REPLACE_WITH_YOUR_USER_ID,17179373236,unknown,UNKNOWN,8,75.21.00,,9,1727833247000,1754593693558,0
3599,,REPLACE_WITH_YOUR_USER_ID,17193524554,unknown,UNKNOWN,10,54.44.00,,6,1727987669000,1754593690913,0
3600,,REPLACE_WITH_YOUR_USER_ID,17179373236,unknown,UNKNOWN,12,45.38.00,,10,1727833401000,1754593693558,0
3601,,REPLACE_WITH_YOUR_USER_ID,17179373236,unknown,UNKNOWN,10,45.38.00,,11,1727833684000,1754593693558,0
3602,,REPLACE_WITH_YOUR_USER_ID,17179373236,unknown,UNKNOWN,12,45.38.00,,12,1727834077000,1754593693558,0
3603,,REPLACE_WITH_YOUR_USER_ID,17163648832,unknown,UNKNOWN,6,57.09.00,,1,1727662195000,1754593697102,0
3604,,REPLACE_WITH_YOUR_USER_ID,17163648832,unknown,UNKNOWN,8,54.44.00,,2,1727662603000,1754593697102,0
3605,,REPLACE_WITH_YOUR_USER_ID,17163648832,unknown,UNKNOWN,6,54.44.00,,3,1727662924000,1754593697102,0
3606,,REPLACE_WITH_YOUR_USER_ID,17163648832,unknown,UNKNOWN,12,57.09.00,,4,1727663133000,1754593697102,0
3607,,REPLACE_WITH_YOUR_USER_ID,17163648832,unknown,UNKNOWN,10,57.09.00,,5,1727663489000,1754593697102,0
3608,,REPLACE_WITH_YOUR_USER_ID,17163648832,unknown,UNKNOWN,10,57.09.00,,6,1727663736000,1754593697102,0
3609,,REPLACE_WITH_YOUR_USER_ID,17163648832,unknown,UNKNOWN,8,50.28.00,,7,1727664045000,1754593697102,0
3610,,REPLACE_WITH_YOUR_USER_ID,17163648832,unknown,UNKNOWN,10,50.28.00,,8,1727664643000,1754593697102,0
3611,,REPLACE_WITH_YOUR_USER_ID,17163648832,unknown,UNKNOWN,10,50.28.00,,9,1727665199000,1754593697102,0
3612,,REPLACE_WITH_YOUR_USER_ID,17163648832,unknown,UNKNOWN,10,27.19.00,,10,1727665622000,1754593697102,0
3613,,REPLACE_WITH_YOUR_USER_ID,17163648832,unknown,UNKNOWN,12,18.13,,11,1727665714000,1754593697102,0
3614,,REPLACE_WITH_YOUR_USER_ID,17163648832,unknown,UNKNOWN,10,27.19.00,,12,1727666030000,1754593697102,0
3615,,REPLACE_WITH_YOUR_USER_ID,17163648832,unknown,UNKNOWN,10,18.13,,13,1727666172000,1754593697102,0
3616,,REPLACE_WITH_YOUR_USER_ID,17163648832,unknown,UNKNOWN,10,27.19.00,,14,1727666798000,1754593697102,0
3617,,REPLACE_WITH_YOUR_USER_ID,17163648832,unknown,UNKNOWN,10,18.13,,15,1727667169000,1754593697102,0
3618,,REPLACE_WITH_YOUR_USER_ID,17163648832,unknown,UNKNOWN,7,38.56.00,,16,1727667355000,1754593697102,0
3619,,REPLACE_WITH_YOUR_USER_ID,17163648832,unknown,UNKNOWN,10,36.31.00,,17,1727667587000,1754593697102,0
3620,,REPLACE_WITH_YOUR_USER_ID,17163648832,unknown,UNKNOWN,10,36.31.00,,18,1727667978000,1754593697102,0
3621,,REPLACE_WITH_YOUR_USER_ID,17163648832,unknown,UNKNOWN,12,36.31.00,,19,1727668411000,1754593697102,0
3622,,REPLACE_WITH_YOUR_USER_ID,17163648832,unknown,UNKNOWN,10,36.31.00,,20,1727668808000,1754593697102,0
3623,,REPLACE_WITH_YOUR_USER_ID,17163648832,unknown,UNKNOWN,10,27.19.00,,21,1727669407000,1754593697102,0
3624,,REPLACE_WITH_YOUR_USER_ID,17163648832,unknown,UNKNOWN,8,54.44.00,,22,1727669922000,1754593697102,0
3625,,REPLACE_WITH_YOUR_USER_ID,17163648832,unknown,UNKNOWN,10,52.19.00,,23,1727670363000,1754593697102,0
3626,,REPLACE_WITH_YOUR_USER_ID,17163648832,unknown,UNKNOWN,8,52.19.00,,24,1727670828000,1754593697102,0
3627,,REPLACE_WITH_YOUR_USER_ID,17136027871,cable-row,Seated Cable Row,12,77.13.00,,1,1727380479500,1754593711521,0
3628,,REPLACE_WITH_YOUR_USER_ID,17136027871,cable-row,Seated Cable Row,10,77.13.00,,2,1727380479500,1754593711521,0
3629,,REPLACE_WITH_YOUR_USER_ID,17136027871,cable-row,Seated Cable Row,8,77.13.00,,3,1727380479500,1754593711521,0
3630,,REPLACE_WITH_YOUR_USER_ID,17136027871,lat-pulldown,Lat Pulldown,10,72.56.00,,1,1727380497600,1754593711521,0
3631,,REPLACE_WITH_YOUR_USER_ID,17136027871,lat-pulldown,Lat Pulldown,8,72.58.00,,2,1727380497600,1754593711521,0
3632,,REPLACE_WITH_YOUR_USER_ID,17136027871,lat-pulldown,Lat Pulldown,8,72.56.00,,3,1727380497600,1754593711521,0
3633,,REPLACE_WITH_YOUR_USER_ID,17128152837,unknown,UNKNOWN,8,54.44.00,,1,1727295140000,1754593716514,0
3634,,REPLACE_WITH_YOUR_USER_ID,17128152837,unknown,UNKNOWN,10,54.44.00,,2,1727295394000,1754593716514,0
3635,,REPLACE_WITH_YOUR_USER_ID,17128152837,unknown,UNKNOWN,8,54.44.00,,3,1727295623000,1754593716514,0
3636,,REPLACE_WITH_YOUR_USER_ID,17128152837,unknown,UNKNOWN,8,54.44.00,,4,1727295910000,1754593716514,0
3637,,REPLACE_WITH_YOUR_USER_ID,17128152837,unknown,UNKNOWN,10,59.34.00,,5,1727296123000,1754593716514,0
3638,,REPLACE_WITH_YOUR_USER_ID,17128152837,unknown,UNKNOWN,10,59.34.00,,6,1727296447000,1754593716514,0
3639,,REPLACE_WITH_YOUR_USER_ID,17128152837,unknown,UNKNOWN,12,59.34.00,,7,1727296744000,1754593716514,0
3640,,REPLACE_WITH_YOUR_USER_ID,17128152837,unknown,UNKNOWN,12,59.34.00,,8,1727296991000,1754593716514,0
3641,,REPLACE_WITH_YOUR_USER_ID,17128152837,unknown,UNKNOWN,10,59.34.00,,9,1727297186000,1754593716514,0
3642,,REPLACE_WITH_YOUR_USER_ID,17128152837,unknown,UNKNOWN,10,18.13,,10,1727297355000,1754593716514,0
3643,,REPLACE_WITH_YOUR_USER_ID,17128152837,unknown,UNKNOWN,10,18.13,,11,1727297604000,1754593716514,0
3644,,REPLACE_WITH_YOUR_USER_ID,17128152837,unknown,UNKNOWN,10,18.13,,12,1727297818000,1754593716514,0
3645,,REPLACE_WITH_YOUR_USER_ID,17104526695,smith-bench-press,Smith Machine Bench Press,10,50.28.00,,1,1727038115000,1754593727512,0
3646,,REPLACE_WITH_YOUR_USER_ID,17104526695,smith-bench-press,Smith Machine Bench Press,10,50.28.00,,2,1727038293000,1754593727512,0
3647,,REPLACE_WITH_YOUR_USER_ID,17104526695,smith-bench-press,Smith Machine Bench Press,8,50.28.00,,3,1727038465000,1754593727512,0
3648,,REPLACE_WITH_YOUR_USER_ID,17104526695,unknown,UNKNOWN,10,59.34.00,,1,1727038743000,1754593727512,0
3649,,REPLACE_WITH_YOUR_USER_ID,17104526695,unknown,UNKNOWN,8,57.09.00,,2,1727038881000,1754593727512,0
3650,,REPLACE_WITH_YOUR_USER_ID,17104526695,unknown,UNKNOWN,8,57.09.00,,3,1727038992000,1754593727512,0
3651,,REPLACE_WITH_YOUR_USER_ID,17104526695,unknown,UNKNOWN,12,41.21.00,,4,1727039341000,1754593727512,0
3652,,REPLACE_WITH_YOUR_USER_ID,17104526695,unknown,UNKNOWN,8,38.56.00,,5,1727039626000,1754593727512,0
3653,,REPLACE_WITH_YOUR_USER_ID,17104526695,unknown,UNKNOWN,8,38.56.00,,6,1727039816000,1754593727512,0
3654,,REPLACE_WITH_YOUR_USER_ID,17104526695,unknown,UNKNOWN,12,27.19.00,,7,1727040163000,1754593727512,0
3655,,REPLACE_WITH_YOUR_USER_ID,17104526695,unknown,UNKNOWN,10,27.19.00,,8,1727040389000,1754593727512,0
3656,,REPLACE_WITH_YOUR_USER_ID,17104526695,unknown,UNKNOWN,10,27.19.00,,9,1727040599000,1754593727512,0
3657,,REPLACE_WITH_YOUR_USER_ID,17104526695,unknown,UNKNOWN,10,27.19.00,,10,1727040975000,1754593727512,0
3658,,REPLACE_WITH_YOUR_USER_ID,17104526695,unknown,UNKNOWN,12,27.19.00,,11,1727041283000,1754593727512,0
3659,,REPLACE_WITH_YOUR_USER_ID,17104526695,unknown,UNKNOWN,8,27.19.00,,12,1727041525000,1754593727512,0
3660,,REPLACE_WITH_YOUR_USER_ID,17104526695,unknown,UNKNOWN,10,23.09,,13,1727041717000,1754593727512,0
3661,,REPLACE_WITH_YOUR_USER_ID,17104526695,unknown,UNKNOWN,12,23.09,,14,1727041920000,1754593727512,0
3662,,REPLACE_WITH_YOUR_USER_ID,17104526695,unknown,UNKNOWN,12,23.09,,15,1727042494000,1754593727512,0
3663,,REPLACE_WITH_YOUR_USER_ID,17104526695,unknown,UNKNOWN,12,50.28.00,,16,1727042853000,1754593727512,0
3664,,REPLACE_WITH_YOUR_USER_ID,17104526695,unknown,UNKNOWN,8,59.34.00,,17,1727043203000,1754593727512,0
3665,,REPLACE_WITH_YOUR_USER_ID,17104526695,unknown,UNKNOWN,8,59.34.00,,18,1727043622000,1754593727512,0
3666,,REPLACE_WITH_YOUR_USER_ID,17104526695,unknown,UNKNOWN,8,34,,19,1727044037000,1754593727512,0
3667,,REPLACE_WITH_YOUR_USER_ID,17104526695,unknown,UNKNOWN,8,34,,20,1727044298000,1754593727512,0
3668,,REPLACE_WITH_YOUR_USER_ID,17104526695,unknown,UNKNOWN,8,34,,21,1727044496000,1754593727512,0
3669,,REPLACE_WITH_YOUR_USER_ID,17104526695,unknown,UNKNOWN,15,57.09.00,,22,1727044647000,1754593727512,0
3670,,REPLACE_WITH_YOUR_USER_ID,17104526695,unknown,UNKNOWN,12,52.19.00,,23,1727044818000,1754593727512,0
3671,,REPLACE_WITH_YOUR_USER_ID,17104526695,unknown,UNKNOWN,12,57.09.00,,24,1727045027000,1754593727512,0
3672,,REPLACE_WITH_YOUR_USER_ID,17104526695,unknown,UNKNOWN,10,18.13,,25,1727045203000,1754593727512,0
3673,,REPLACE_WITH_YOUR_USER_ID,17104526695,unknown,UNKNOWN,8,18.13,,26,1727045384000,1754593727512,0
3674,,REPLACE_WITH_YOUR_USER_ID,17104526695,unknown,UNKNOWN,10,18.13,,27,1727045778000,1754593727512,0
3675,,REPLACE_WITH_YOUR_USER_ID,17104526695,unknown,UNKNOWN,12,52.19.00,,28,1727046148000,1754593727512,0
3676,,REPLACE_WITH_YOUR_USER_ID,17104526695,unknown,UNKNOWN,10,52.19.00,,29,1727046423000,1754593727512,0
3677,,REPLACE_WITH_YOUR_USER_ID,17104526695,unknown,UNKNOWN,8,52.19.00,,30,1727046697000,1754593727512,0
3678,,REPLACE_WITH_YOUR_USER_ID,17104526695,unknown,UNKNOWN,12,41.21.00,,31,1727046856000,1754593727512,0
3679,,REPLACE_WITH_YOUR_USER_ID,17104526695,unknown,UNKNOWN,12,41.21.00,,32,1727047123000,1754593727512,0
3680,,REPLACE_WITH_YOUR_USER_ID,17104526695,unknown,UNKNOWN,10,41.21.00,,33,1727047415000,1754593727512,0
3681,,REPLACE_WITH_YOUR_USER_ID,17104526695,unknown,UNKNOWN,10,41.21.00,,34,1727047634000,1754593727512,0
3682,,REPLACE_WITH_YOUR_USER_ID,17104526695,unknown,UNKNOWN,8,41.21.00,,35,1727047935000,1754593727512,0
3683,,REPLACE_WITH_YOUR_USER_ID,17104526695,unknown,UNKNOWN,8,41.21.00,,36,1727048171000,1754593727512,0
3684,,REPLACE_WITH_YOUR_USER_ID,17104526695,unknown,UNKNOWN,7,41.21.00,,37,1727048411000,1754593727512,0
3685,,REPLACE_WITH_YOUR_USER_ID,17076735942,unknown,UNKNOWN,10,50.28.00,,1,1726776430000,1754593736536,0
3686,,REPLACE_WITH_YOUR_USER_ID,17076735942,unknown,UNKNOWN,5,54.44.00,,2,1726776592000,1754593736536,0
3687,,REPLACE_WITH_YOUR_USER_ID,17076735942,unknown,UNKNOWN,8,50.28.00,,3,1726776745000,1754593736536,0
3688,,REPLACE_WITH_YOUR_USER_ID,17076735942,unknown,UNKNOWN,12,16.28,,4,1726776910000,1754593736536,0
3689,,REPLACE_WITH_YOUR_USER_ID,17076735942,unknown,UNKNOWN,10,16.28,,5,1726777065000,1754593736536,0
3690,,REPLACE_WITH_YOUR_USER_ID,17076735942,unknown,UNKNOWN,12,16.28,,6,1726777220000,1754593736536,0
3691,,REPLACE_WITH_YOUR_USER_ID,17076735942,unknown,UNKNOWN,10,41.21.00,,7,1726777353000,1754593736536,0
3692,,REPLACE_WITH_YOUR_USER_ID,17076735942,unknown,UNKNOWN,8,41.21.00,,8,1726777514000,1754593736536,0
3693,,REPLACE_WITH_YOUR_USER_ID,17076735942,unknown,UNKNOWN,8,41.21.00,,9,1726777698000,1754593736536,0
3694,,REPLACE_WITH_YOUR_USER_ID,17076735942,unknown,UNKNOWN,12,34,,10,1726777857000,1754593736536,0
3695,,REPLACE_WITH_YOUR_USER_ID,17076735942,unknown,UNKNOWN,8,34,,11,1726778090000,1754593736536,0
3696,,REPLACE_WITH_YOUR_USER_ID,17076735942,unknown,UNKNOWN,8,34,,12,1726778248000,1754593736536,0
3697,,REPLACE_WITH_YOUR_USER_ID,17076735942,unknown,UNKNOWN,10,57.09.00,,13,1726778418000,1754593736536,0
3698,,REPLACE_WITH_YOUR_USER_ID,17076735942,unknown,UNKNOWN,8,57.09.00,,14,1726778699000,1754593736536,0
3699,,REPLACE_WITH_YOUR_USER_ID,17076735942,unknown,UNKNOWN,8,57.09.00,,15,1726778883000,1754593736536,0
3700,,REPLACE_WITH_YOUR_USER_ID,17076735942,unknown,UNKNOWN,12,27.19.00,,16,1726779012000,1754593736536,0
3701,,REPLACE_WITH_YOUR_USER_ID,17076735942,unknown,UNKNOWN,10,27.19.00,,17,1726779206000,1754593736536,0
3702,,REPLACE_WITH_YOUR_USER_ID,17076735942,unknown,UNKNOWN,8,27.19.00,,18,1726779400000,1754593736536,0
3703,,REPLACE_WITH_YOUR_USER_ID,17061215054,unknown,UNKNOWN,8,32.15.00,,1,1726618241000,1754593742732,0
3704,,REPLACE_WITH_YOUR_USER_ID,17061215054,unknown,UNKNOWN,8,32.15.00,,2,1726618438000,1754593742732,0
3705,,REPLACE_WITH_YOUR_USER_ID,17061215054,unknown,UNKNOWN,8,32.15.00,,3,1726618612000,1754593742732,0
3706,,REPLACE_WITH_YOUR_USER_ID,17061215054,unknown,UNKNOWN,8,72.56.00,,4,1726618748000,1754593742732,0
3707,,REPLACE_WITH_YOUR_USER_ID,17061215054,unknown,UNKNOWN,8,72.56.00,,5,1726619058000,1754593742732,0
3708,,REPLACE_WITH_YOUR_USER_ID,17061215054,unknown,UNKNOWN,10,68.06.00,,6,1726619227000,1754593742732,0
3709,,REPLACE_WITH_YOUR_USER_ID,17061215054,unknown,UNKNOWN,10,57.09.00,,7,1726619573000,1754593742732,0
3710,,REPLACE_WITH_YOUR_USER_ID,17061215054,unknown,UNKNOWN,10,57.09.00,,8,1726619839000,1754593742732,0
3711,,REPLACE_WITH_YOUR_USER_ID,17061215054,unknown,UNKNOWN,8,57.09.00,,9,1726620159000,1754593742732,0
3712,,REPLACE_WITH_YOUR_USER_ID,17061215054,unknown,UNKNOWN,8,54.44.00,,10,1726620299000,1754593742732,0
3713,,REPLACE_WITH_YOUR_USER_ID,17061215054,unknown,UNKNOWN,8,54.44.00,,11,1726620549000,1754593742732,0
3714,,REPLACE_WITH_YOUR_USER_ID,17061215054,unknown,UNKNOWN,10,54.44.00,,12,1726620844000,1754593742732,0
3715,,REPLACE_WITH_YOUR_USER_ID,17061215054,unknown,UNKNOWN,8,77.13.00,,13,1726621104000,1754593742732,0
3716,,REPLACE_WITH_YOUR_USER_ID,17061215054,unknown,UNKNOWN,10,77.13.00,,14,1726621414000,1754593742732,0
3717,,REPLACE_WITH_YOUR_USER_ID,17061215054,unknown,UNKNOWN,10,77.13.00,,15,1726621771000,1754593742732,0
3718,,REPLACE_WITH_YOUR_USER_ID,17044184018,unknown,UNKNOWN,8,57.09.00,,1,1726440583000,1754593747513,0
3719,,REPLACE_WITH_YOUR_USER_ID,17044184018,unknown,UNKNOWN,10,59.34.00,,2,1726440886000,1754593747513,0
3720,,REPLACE_WITH_YOUR_USER_ID,17044184018,unknown,UNKNOWN,10,61.25.00,,3,1726441186000,1754593747513,0
3721,,REPLACE_WITH_YOUR_USER_ID,17044184018,unknown,UNKNOWN,8,61.25.00,,4,1726441408000,1754593747513,0
3722,,REPLACE_WITH_YOUR_USER_ID,17044184018,unknown,UNKNOWN,10,41.21.00,,5,1726441612000,1754593747513,0
3723,,REPLACE_WITH_YOUR_USER_ID,17044184018,unknown,UNKNOWN,10,38.56.00,,6,1726441842000,1754593747513,0
3724,,REPLACE_WITH_YOUR_USER_ID,17044184018,unknown,UNKNOWN,8,38.56.00,,7,1726442248000,1754593747513,0
3725,,REPLACE_WITH_YOUR_USER_ID,17044184018,unknown,UNKNOWN,15,16.28,,8,1726442398000,1754593747513,0
3726,,REPLACE_WITH_YOUR_USER_ID,17044184018,unknown,UNKNOWN,12,16.28,,9,1726442696000,1754593747513,0
3727,,REPLACE_WITH_YOUR_USER_ID,17044184018,unknown,UNKNOWN,12,16.28,,10,1726443057000,1754593747513,0
3728,,REPLACE_WITH_YOUR_USER_ID,17044184018,unknown,UNKNOWN,12,16.28,,11,1726443582000,1754593747513,0
3729,,REPLACE_WITH_YOUR_USER_ID,17044184018,unknown,UNKNOWN,12,34,,12,1726443923000,1754593747513,0
3730,,REPLACE_WITH_YOUR_USER_ID,17044184018,unknown,UNKNOWN,10,34,,13,1726444245000,1754593747513,0
3731,,REPLACE_WITH_YOUR_USER_ID,17044184018,unknown,UNKNOWN,8,34,,14,1726444496000,1754593747513,0
3732,,REPLACE_WITH_YOUR_USER_ID,17044184018,unknown,UNKNOWN,10,57.09.00,,15,1726444875000,1754593747513,0
3733,,REPLACE_WITH_YOUR_USER_ID,17044184018,unknown,UNKNOWN,10,57.09.00,,16,1726445295000,1754593747513,0
3734,,REPLACE_WITH_YOUR_USER_ID,17044184018,unknown,UNKNOWN,8,57.09.00,,17,1726445594000,1754593747513,0
3735,,REPLACE_WITH_YOUR_USER_ID,17044184018,unknown,UNKNOWN,8,27.19.00,,18,1726446076000,1754593747513,0
3736,,REPLACE_WITH_YOUR_USER_ID,17044184018,unknown,UNKNOWN,8,27.19.00,,19,1726446352000,1754593747513,0
3737,,REPLACE_WITH_YOUR_USER_ID,17044184018,unknown,UNKNOWN,10,27.19.00,,20,1726446735000,1754593747513,0
3738,,REPLACE_WITH_YOUR_USER_ID,17044184018,unknown,UNKNOWN,10,41.21.00,,21,1726447242000,1754593747513,0
3739,,REPLACE_WITH_YOUR_USER_ID,17044184018,unknown,UNKNOWN,9,45.38.00,,22,1726447480000,1754593747513,0
3740,,REPLACE_WITH_YOUR_USER_ID,17044184018,unknown,UNKNOWN,10,45.38.00,,23,1726447723000,1754593747513,0
3741,,REPLACE_WITH_YOUR_USER_ID,17044184018,unknown,UNKNOWN,10,45.38.00,,24,1726448081000,1754593747513,0
3742,,REPLACE_WITH_YOUR_USER_ID,17044184018,unknown,UNKNOWN,12,27.19.00,,25,1726448431000,1754593747513,0
3743,,REPLACE_WITH_YOUR_USER_ID,17044184018,unknown,UNKNOWN,8,27.19.00,,26,1726448639000,1754593747513,0
3744,,REPLACE_WITH_YOUR_USER_ID,17044184018,unknown,UNKNOWN,8,27.19.00,,27,1726448899000,1754593747513,0
3745,,REPLACE_WITH_YOUR_USER_ID,17044184018,unknown,UNKNOWN,8,27.19.00,,28,1726449220000,1754593747513,0
3746,,REPLACE_WITH_YOUR_USER_ID,17044184018,unknown,UNKNOWN,10,23.09,,29,1726449542000,1754593747513,0
3747,,REPLACE_WITH_YOUR_USER_ID,17044184018,unknown,UNKNOWN,12,23.09,,30,1726449770000,1754593747513,0
3748,,REPLACE_WITH_YOUR_USER_ID,17026469386,unknown,UNKNOWN,12,14.03,,1,1726271827000,1754593752420,0
3749,,REPLACE_WITH_YOUR_USER_ID,17035137799,unknown,UNKNOWN,8,32.15.00,,1,1726358897000,1754593749643,0
3750,,REPLACE_WITH_YOUR_USER_ID,17026469386,unknown,UNKNOWN,12,14.03,,2,1726271989000,1754593752420,0
3751,,REPLACE_WITH_YOUR_USER_ID,17035137799,unknown,UNKNOWN,8,32.15.00,,2,1726359068000,1754593749643,0
3752,,REPLACE_WITH_YOUR_USER_ID,17026469386,unknown,UNKNOWN,12,14.03,,3,1726272429000,1754593752420,0
3753,,REPLACE_WITH_YOUR_USER_ID,17035137799,unknown,UNKNOWN,10,32.15.00,,3,1726359439000,1754593749643,0
3754,,REPLACE_WITH_YOUR_USER_ID,17026469386,unknown,UNKNOWN,12,52.19.00,,4,1726273769000,1754593752420,0
3755,,REPLACE_WITH_YOUR_USER_ID,17035137799,unknown,UNKNOWN,8,75.21.00,,4,1726359811000,1754593749643,0
3756,,REPLACE_WITH_YOUR_USER_ID,17026469386,unknown,UNKNOWN,10,52.19.00,,5,1726274035000,1754593752420,0
3757,,REPLACE_WITH_YOUR_USER_ID,17035137799,unknown,UNKNOWN,10,75.21.00,,5,1726360156000,1754593749643,0
3758,,REPLACE_WITH_YOUR_USER_ID,17026469386,unknown,UNKNOWN,15,45.38.00,,6,1726274318000,1754593752420,0
3759,,REPLACE_WITH_YOUR_USER_ID,17035137799,unknown,UNKNOWN,8,72.56.00,,6,1726360430000,1754593749643,0
3760,,REPLACE_WITH_YOUR_USER_ID,17026469386,unknown,UNKNOWN,10,0,,7,1726274385000,1754593752420,0
3761,,REPLACE_WITH_YOUR_USER_ID,17035137799,unknown,UNKNOWN,10,77.13.00,,7,1726361065000,1754593749643,0
3762,,REPLACE_WITH_YOUR_USER_ID,17026469386,unknown,UNKNOWN,8,54.44.00,,8,1726274531000,1754593752420,0
3763,,REPLACE_WITH_YOUR_USER_ID,17035137799,unknown,UNKNOWN,10,77.13.00,,8,1726361530000,1754593749643,0
3764,,REPLACE_WITH_YOUR_USER_ID,17026469386,unknown,UNKNOWN,12,54.44.00,,9,1726274850000,1754593752420,0
3765,,REPLACE_WITH_YOUR_USER_ID,17035137799,unknown,UNKNOWN,10,77.13.00,,9,1726361785000,1754593749643,0
3766,,REPLACE_WITH_YOUR_USER_ID,17026469386,unknown,UNKNOWN,8,59.34.00,,10,1726275106000,1754593752420,0
3767,,REPLACE_WITH_YOUR_USER_ID,17035137799,unknown,UNKNOWN,12,45.38.00,,10,1726362368000,1754593749643,0
3768,,REPLACE_WITH_YOUR_USER_ID,17026469386,unknown,UNKNOWN,10,59.34.00,,11,1726275476000,1754593752420,0
3769,,REPLACE_WITH_YOUR_USER_ID,17035137799,unknown,UNKNOWN,8,45.38.00,,11,1726362693000,1754593749643,0
3770,,REPLACE_WITH_YOUR_USER_ID,17026469386,unknown,UNKNOWN,8,59.34.00,,12,1726275672000,1754593752420,0
3771,,REPLACE_WITH_YOUR_USER_ID,17035137799,unknown,UNKNOWN,6,45.38.00,,12,1726362997000,1754593749643,0
3772,,REPLACE_WITH_YOUR_USER_ID,17026469386,unknown,UNKNOWN,12,27.19.00,,13,1726275960000,1754593752420,0
3773,,REPLACE_WITH_YOUR_USER_ID,17035137799,unknown,UNKNOWN,10,57.09.00,,13,1726363214000,1754593749643,0
3774,,REPLACE_WITH_YOUR_USER_ID,17026469386,unknown,UNKNOWN,10,27.19.00,,14,1726276204000,1754593752420,0
3775,,REPLACE_WITH_YOUR_USER_ID,17035137799,unknown,UNKNOWN,10,57.09.00,,14,1726363758000,1754593749643,0
3776,,REPLACE_WITH_YOUR_USER_ID,17026469386,unknown,UNKNOWN,10,27.19.00,,15,1726276614000,1754593752420,0
3777,,REPLACE_WITH_YOUR_USER_ID,17035137799,unknown,UNKNOWN,10,57.09.00,,15,1726364026000,1754593749643,0
3778,,REPLACE_WITH_YOUR_USER_ID,17026469386,barbell-squat,Barbell Back Squat,10,49.9,,1,1726267528400,1754593752420,0
3779,,REPLACE_WITH_YOUR_USER_ID,17026469386,barbell-squat,Barbell Back Squat,8,49.9,,2,1726267536600,1754593752420,0
3780,,REPLACE_WITH_YOUR_USER_ID,17026469386,barbell-squat,Barbell Back Squat,9,50.28.00,,3,1726273419000,1754593752420,0
3781,,REPLACE_WITH_YOUR_USER_ID,17011728387,unknown,UNKNOWN,10,63.5,,1,1726115652000,1754593754651,0
3782,,REPLACE_WITH_YOUR_USER_ID,17011728387,unknown,UNKNOWN,10,63.5,,2,1726116007000,1754593754651,0
3783,,REPLACE_WITH_YOUR_USER_ID,17011728387,unknown,UNKNOWN,10,63.5,,3,1726116363000,1754593754651,0
3784,,REPLACE_WITH_YOUR_USER_ID,17011728387,unknown,UNKNOWN,10,41.21.00,,4,1726116601000,1754593754651,0
3785,,REPLACE_WITH_YOUR_USER_ID,17011728387,unknown,UNKNOWN,10,36.31.00,,5,1726116888000,1754593754651,0
3786,,REPLACE_WITH_YOUR_USER_ID,17011728387,unknown,UNKNOWN,10,36.31.00,,6,1726117205000,1754593754651,0
3787,,REPLACE_WITH_YOUR_USER_ID,17011728387,unknown,UNKNOWN,8,41.21.00,,7,1726117480000,1754593754651,0
3788,,REPLACE_WITH_YOUR_USER_ID,17011728387,unknown,UNKNOWN,10,36.31.00,,8,1726117935000,1754593754651,0
3789,,REPLACE_WITH_YOUR_USER_ID,17011728387,unknown,UNKNOWN,10,36.31.00,,9,1726118308000,1754593754651,0
3790,,REPLACE_WITH_YOUR_USER_ID,17011728387,unknown,UNKNOWN,12,14.03,,10,1726118463000,1754593754651,0
3791,,REPLACE_WITH_YOUR_USER_ID,17011728387,unknown,UNKNOWN,12,23.09,,11,1726118612000,1754593754651,0
3792,,REPLACE_WITH_YOUR_USER_ID,17011728387,unknown,UNKNOWN,12,14.03,,12,1726118931000,1754593754651,0
3793,,REPLACE_WITH_YOUR_USER_ID,17011728387,unknown,UNKNOWN,15,23.09,,13,1726119083000,1754593754651,0
3794,,REPLACE_WITH_YOUR_USER_ID,17011728387,unknown,UNKNOWN,15,14.03,,14,1726119312000,1754593754651,0
3795,,REPLACE_WITH_YOUR_USER_ID,17011728387,unknown,UNKNOWN,15,23.09,,15,1726119466000,1754593754651,0
3796,,REPLACE_WITH_YOUR_USER_ID,16985032081,unknown,UNKNOWN,12,57.09.00,,1,1725846122000,1754593759696,0
3797,,REPLACE_WITH_YOUR_USER_ID,16985032081,unknown,UNKNOWN,10,57.09.00,,2,1725846357000,1754593759696,0
3798,,REPLACE_WITH_YOUR_USER_ID,16985032081,unknown,UNKNOWN,10,57.09.00,,3,1725846642000,1754593759696,0
3799,,REPLACE_WITH_YOUR_USER_ID,16985032081,unknown,UNKNOWN,10,27.19.00,,4,1725846829000,1754593759696,0
3800,,REPLACE_WITH_YOUR_USER_ID,16985032081,unknown,UNKNOWN,12,27.19.00,,5,1725847110000,1754593759696,0
3801,,REPLACE_WITH_YOUR_USER_ID,16985032081,unknown,UNKNOWN,10,27.19.00,,6,1725847399000,1754593759696,0
3802,,REPLACE_WITH_YOUR_USER_ID,16985032081,unknown,UNKNOWN,8,38.56.00,,7,1725848505000,1754593759696,0
3803,,REPLACE_WITH_YOUR_USER_ID,16985032081,unknown,UNKNOWN,8,41.21.00,,8,1725848658000,1754593759696,0
3804,,REPLACE_WITH_YOUR_USER_ID,16985032081,unknown,UNKNOWN,9,36.31.00,,9,1725848800000,1754593759696,0
3805,,REPLACE_WITH_YOUR_USER_ID,16985032081,unknown,UNKNOWN,10,38.56.00,,10,1725848939000,1754593759696,0
3806,,REPLACE_WITH_YOUR_USER_ID,16985032081,unknown,UNKNOWN,9,36.31.00,,11,1725849171000,1754593759696,0
3807,,REPLACE_WITH_YOUR_USER_ID,16985032081,unknown,UNKNOWN,10,38.56.00,,12,1725849582000,1754593759696,0
3808,,REPLACE_WITH_YOUR_USER_ID,16985032081,barbell-squat,Barbell Back Squat,12,45.38.00,,1,1725847761000,1754593759696,0
3809,,REPLACE_WITH_YOUR_USER_ID,16985032081,barbell-squat,Barbell Back Squat,10,50.28.00,,2,1725847995000,1754593759696,0
3810,,REPLACE_WITH_YOUR_USER_ID,16985032081,barbell-squat,Barbell Back Squat,8,50.28.00,,3,1725848333000,1754593759696,0
3811,,REPLACE_WITH_YOUR_USER_ID,16975646180,unknown,UNKNOWN,6,34,,1,1725758000000,1754593762323,0
3812,,REPLACE_WITH_YOUR_USER_ID,16975646180,unknown,UNKNOWN,10,0,,2,1725758228000,1754593762323,0
3813,,REPLACE_WITH_YOUR_USER_ID,16975646180,unknown,UNKNOWN,10,29.5,,3,1725758467000,1754593762323,0
3814,,REPLACE_WITH_YOUR_USER_ID,16975646180,unknown,UNKNOWN,10,68.06.00,,4,1725758686000,1754593762323,0
3815,,REPLACE_WITH_YOUR_USER_ID,16975646180,unknown,UNKNOWN,10,0,,5,1725758994000,1754593762323,0
3816,,REPLACE_WITH_YOUR_USER_ID,16975646180,unknown,UNKNOWN,8,0,,6,1725759268000,1754593762323,0
3817,,REPLACE_WITH_YOUR_USER_ID,16975646180,unknown,UNKNOWN,10,23.09,,7,1725759438000,1754593762323,0
3818,,REPLACE_WITH_YOUR_USER_ID,16975646180,unknown,UNKNOWN,12,11.28,,8,1725759572000,1754593762323,0
3819,,REPLACE_WITH_YOUR_USER_ID,16975646180,unknown,UNKNOWN,10,23.09,,9,1725759714000,1754593762323,0
3820,,REPLACE_WITH_YOUR_USER_ID,16975646180,unknown,UNKNOWN,15,11.29,,10,1725760016000,1754593762323,0
3821,,REPLACE_WITH_YOUR_USER_ID,16975646180,unknown,UNKNOWN,12,23.09,,11,1725760247000,1754593762323,0
3822,,REPLACE_WITH_YOUR_USER_ID,16975646180,unknown,UNKNOWN,15,11.28,,12,1725760611000,1754593762323,0
3823,,REPLACE_WITH_YOUR_USER_ID,16975646180,unknown,UNKNOWN,10,72.56.00,,13,1725761063000,1754593762323,0
3824,,REPLACE_WITH_YOUR_USER_ID,16975646180,unknown,UNKNOWN,10,72.56.00,,14,1725761321000,1754593762323,0
3825,,REPLACE_WITH_YOUR_USER_ID,16975646180,unknown,UNKNOWN,8,72.56.00,,15,1725761488000,1754593762323,0
3826,,REPLACE_WITH_YOUR_USER_ID,16966273339,unknown,UNKNOWN,8,43.06.00,,1,1725667959000,1754593764280,0
3827,,REPLACE_WITH_YOUR_USER_ID,16966273339,unknown,UNKNOWN,7,43.06.00,,2,1725668191000,1754593764280,0
3828,,REPLACE_WITH_YOUR_USER_ID,16966273339,unknown,UNKNOWN,6,43.06.00,,3,1725668514000,1754593764280,0
3829,,REPLACE_WITH_YOUR_USER_ID,16966273339,unknown,UNKNOWN,10,77.13.00,,4,1725668664000,1754593764280,0
3830,,REPLACE_WITH_YOUR_USER_ID,16966273339,unknown,UNKNOWN,10,77.13.00,,5,1725668918000,1754593764280,0
3831,,REPLACE_WITH_YOUR_USER_ID,16966273339,unknown,UNKNOWN,10,77.13.00,,6,1725669183000,1754593764280,0
3832,,REPLACE_WITH_YOUR_USER_ID,16966273339,unknown,UNKNOWN,10,59.34.00,,7,1725669285000,1754593764280,0
3833,,REPLACE_WITH_YOUR_USER_ID,16966273339,unknown,UNKNOWN,10,59.34.00,,8,1725669598000,1754593764280,0
3834,,REPLACE_WITH_YOUR_USER_ID,16966273339,unknown,UNKNOWN,8,59.34.00,,9,1725669785000,1754593764280,0
3835,,REPLACE_WITH_YOUR_USER_ID,16966273339,unknown,UNKNOWN,8,43.06.00,,10,1725669986000,1754593764280,0
3836,,REPLACE_WITH_YOUR_USER_ID,16966273339,unknown,UNKNOWN,6,43.06.00,,11,1725670138000,1754593764280,0
3837,,REPLACE_WITH_YOUR_USER_ID,16966273339,unknown,UNKNOWN,8,43.06.00,,12,1725670349000,1754593764280,0
3838,,REPLACE_WITH_YOUR_USER_ID,16966273339,unknown,UNKNOWN,8,66.15.00,,13,1725670620000,1754593764280,0
3839,,REPLACE_WITH_YOUR_USER_ID,16966273339,unknown,UNKNOWN,6,66.15.00,,14,1725670988000,1754593764280,0
3840,,REPLACE_WITH_YOUR_USER_ID,16966273339,unknown,UNKNOWN,6,66.15.00,,15,1725671278000,1754593764280,0
3841,,REPLACE_WITH_YOUR_USER_ID,16966273339,unknown,UNKNOWN,10,11.28,,16,1725671426000,1754593764280,0
3842,,REPLACE_WITH_YOUR_USER_ID,16966273339,unknown,UNKNOWN,12,11.28,,17,1725671537000,1754593764280,0
3843,,REPLACE_WITH_YOUR_USER_ID,16966273339,unknown,UNKNOWN,15,11.28,,18,1725672170000,1754593764280,0
3844,,REPLACE_WITH_YOUR_USER_ID,16966273339,unknown,UNKNOWN,15,23.09,,19,1725672323000,1754593764280,0
3845,,REPLACE_WITH_YOUR_USER_ID,16966273339,unknown,UNKNOWN,15,23.09,,20,1725672770000,1754593764280,0
3846,,REPLACE_WITH_YOUR_USER_ID,16966273339,unknown,UNKNOWN,16,23.09,,21,1725673027000,1754593764280,0
3847,,REPLACE_WITH_YOUR_USER_ID,16966273339,unknown,UNKNOWN,0,<null>,,22,1725673111000,1754593764280,0
3848,,REPLACE_WITH_YOUR_USER_ID,16931478728,unknown,UNKNOWN,8,75.21.00,,1,1725331932000,1754593771876,0
3849,,REPLACE_WITH_YOUR_USER_ID,16940200186,unknown,UNKNOWN,15,23.09,,1,1725410964000,1754593768225,0
3850,,REPLACE_WITH_YOUR_USER_ID,16931478728,unknown,UNKNOWN,10,70.31.00,,2,1725332094000,1754593771876,0
3851,,REPLACE_WITH_YOUR_USER_ID,16940200186,unknown,UNKNOWN,15,23.09,,2,1725411185000,1754593768225,0
3852,,REPLACE_WITH_YOUR_USER_ID,16931478728,unknown,UNKNOWN,8,70.31.00,,3,1725332301000,1754593771876,0
3853,,REPLACE_WITH_YOUR_USER_ID,16940200186,unknown,UNKNOWN,15,23.09,,3,1725411482000,1754593768225,0
3854,,REPLACE_WITH_YOUR_USER_ID,16931478728,unknown,UNKNOWN,8,34,,4,1725332481000,1754593771876,0
3855,,REPLACE_WITH_YOUR_USER_ID,16940200186,unknown,UNKNOWN,15,23.09,,4,1725411710000,1754593768225,0
3856,,REPLACE_WITH_YOUR_USER_ID,16931478728,unknown,UNKNOWN,10,29.5,,5,1725332753000,1754593771876,0
3857,,REPLACE_WITH_YOUR_USER_ID,16940200186,unknown,UNKNOWN,10,59.34.00,,5,1725411882000,1754593768225,0
3858,,REPLACE_WITH_YOUR_USER_ID,16931478728,unknown,UNKNOWN,8,29.5,,6,1725332998000,1754593771876,0
3859,,REPLACE_WITH_YOUR_USER_ID,16940200186,unknown,UNKNOWN,8,59.34.00,,6,1725412104000,1754593768225,0
3860,,REPLACE_WITH_YOUR_USER_ID,16931478728,unknown,UNKNOWN,10,09.06,,7,1725333126000,1754593771876,0
3861,,REPLACE_WITH_YOUR_USER_ID,16940200186,unknown,UNKNOWN,10,43.06.00,,7,1725412723000,1754593768225,0
3862,,REPLACE_WITH_YOUR_USER_ID,16931478728,unknown,UNKNOWN,15,09.06,,8,1725333479000,1754593771876,0
3863,,REPLACE_WITH_YOUR_USER_ID,16940200186,unknown,UNKNOWN,10,38.56.00,,8,1725412917000,1754593768225,0
3864,,REPLACE_WITH_YOUR_USER_ID,16931478728,unknown,UNKNOWN,12,09.06,,9,1725333671000,1754593771876,0
3865,,REPLACE_WITH_YOUR_USER_ID,16940200186,unknown,UNKNOWN,12,38.56.00,,9,1725413137000,1754593768225,0
3866,,REPLACE_WITH_YOUR_USER_ID,16931478728,unknown,UNKNOWN,10,72.56.00,,10,1725333927000,1754593771876,0
3867,,REPLACE_WITH_YOUR_USER_ID,16940200186,unknown,UNKNOWN,12,50.28.00,,10,1725413619000,1754593768225,0
3868,,REPLACE_WITH_YOUR_USER_ID,16931478728,unknown,UNKNOWN,8,72.56.00,,11,1725334092000,1754593771876,0
3869,,REPLACE_WITH_YOUR_USER_ID,16940200186,unknown,UNKNOWN,12,50.28.00,,11,1725413934000,1754593768225,0
3870,,REPLACE_WITH_YOUR_USER_ID,16931478728,unknown,UNKNOWN,12,63.5,,12,1725334288000,1754593771876,0
3871,,REPLACE_WITH_YOUR_USER_ID,16940200186,unknown,UNKNOWN,10,50.28.00,,12,1725414167000,1754593768225,0
3872,,REPLACE_WITH_YOUR_USER_ID,16923338567,unknown,UNKNOWN,12,50.28.00,,1,1725252084000,1754593776515,0
3873,,REPLACE_WITH_YOUR_USER_ID,16923338567,unknown,UNKNOWN,12,54.44.00,,2,1725252309000,1754593776515,0
3874,,REPLACE_WITH_YOUR_USER_ID,16923338567,unknown,UNKNOWN,12,54.44.00,,3,1725252622000,1754593776515,0
3875,,REPLACE_WITH_YOUR_USER_ID,16923338567,unknown,UNKNOWN,10,54.44.00,,4,1725252836000,1754593776515,0
3876,,REPLACE_WITH_YOUR_USER_ID,16923338567,unknown,UNKNOWN,15,23.09,,5,1725253195000,1754593776515,0
3877,,REPLACE_WITH_YOUR_USER_ID,16923338567,unknown,UNKNOWN,12,23.09,,6,1725253581000,1754593776515,0
3878,,REPLACE_WITH_YOUR_USER_ID,16923338567,unknown,UNKNOWN,10,23.09,,7,1725253822000,1754593776515,0
3879,,REPLACE_WITH_YOUR_USER_ID,16923338567,unknown,UNKNOWN,15,32.15.00,,8,1725254109000,1754593776515,0
3880,,REPLACE_WITH_YOUR_USER_ID,16923338567,unknown,UNKNOWN,10,41.21.00,,9,1725254267000,1754593776515,0
3881,,REPLACE_WITH_YOUR_USER_ID,16923338567,unknown,UNKNOWN,15,41.21.00,,10,1725254486000,1754593776515,0
3882,,REPLACE_WITH_YOUR_USER_ID,16923338567,unknown,UNKNOWN,8,61.25.00,,11,1725254939000,1754593776515,0
3883,,REPLACE_WITH_YOUR_USER_ID,16923338567,unknown,UNKNOWN,8,59.34.00,,12,1725255169000,1754593776515,0
3884,,REPLACE_WITH_YOUR_USER_ID,16923338567,unknown,UNKNOWN,6,59.34.00,,13,1725255416000,1754593776515,0
3885,,REPLACE_WITH_YOUR_USER_ID,16923338567,unknown,UNKNOWN,8,38.56.00,,14,1725255536000,1754593776515,0
3886,,REPLACE_WITH_YOUR_USER_ID,16923338567,unknown,UNKNOWN,8,36.31.00,,15,1725255803000,1754593776515,0
3887,,REPLACE_WITH_YOUR_USER_ID,16923338567,unknown,UNKNOWN,10,41.21.00,,16,1725255871000,1754593776515,0
3888,,REPLACE_WITH_YOUR_USER_ID,16923338567,unknown,UNKNOWN,9,36.31.00,,17,1725256055000,1754593776515,0
3889,,REPLACE_WITH_YOUR_USER_ID,16923338567,unknown,UNKNOWN,10,<null>,,18,1725251663100,1754593776515,0
3890,,REPLACE_WITH_YOUR_USER_ID,16923338567,unknown,UNKNOWN,8,41.21.00,,19,1725256412000,1754593776515,0
3891,,REPLACE_WITH_YOUR_USER_ID,16904889633,unknown,UNKNOWN,8,59.34.00,,1,1725072552000,1754593789908,0
3892,,REPLACE_WITH_YOUR_USER_ID,16904889633,unknown,UNKNOWN,8,61.25.00,,2,1725072745000,1754593789908,0
3893,,REPLACE_WITH_YOUR_USER_ID,16904889633,unknown,UNKNOWN,8,61.25.00,,3,1725072966000,1754593789908,0
3894,,REPLACE_WITH_YOUR_USER_ID,16904889633,unknown,UNKNOWN,10,50.28.00,,4,1725073253000,1754593789908,0
3895,,REPLACE_WITH_YOUR_USER_ID,16904889633,unknown,UNKNOWN,10,52.19.00,,5,1725073578000,1754593789908,0
3896,,REPLACE_WITH_YOUR_USER_ID,16904889633,unknown,UNKNOWN,10,52.19.00,,6,1725073790000,1754593789908,0
3897,,REPLACE_WITH_YOUR_USER_ID,16904889633,unknown,UNKNOWN,8,66.15.00,,7,1725074010000,1754593789908,0
3898,,REPLACE_WITH_YOUR_USER_ID,16904889633,unknown,UNKNOWN,8,61.25.00,,8,1725074205000,1754593789908,0
3899,,REPLACE_WITH_YOUR_USER_ID,16904889633,unknown,UNKNOWN,10,61.25.00,,9,1725074439000,1754593789908,0
3900,,REPLACE_WITH_YOUR_USER_ID,16904889633,unknown,UNKNOWN,10,27.19.00,,10,1725074739000,1754593789908,0
3901,,REPLACE_WITH_YOUR_USER_ID,16904889633,unknown,UNKNOWN,10,27.19.00,,11,1725075084000,1754593789908,0
3902,,REPLACE_WITH_YOUR_USER_ID,16904889633,unknown,UNKNOWN,8,27.19.00,,12,1725075467000,1754593789908,0
3903,,REPLACE_WITH_YOUR_USER_ID,16904889633,unknown,UNKNOWN,0,<null>,,13,1725075876000,1754593789908,0
3904,,REPLACE_WITH_YOUR_USER_ID,16888941513,unknown,UNKNOWN,8,57.09.00,,1,1724905607000,1754593793475,0
3905,,REPLACE_WITH_YOUR_USER_ID,16888941513,unknown,UNKNOWN,10,57.09.00,,2,1724905918000,1754593793475,0
3906,,REPLACE_WITH_YOUR_USER_ID,16888941513,unknown,UNKNOWN,6,57.09.00,,3,1724906044000,1754593793475,0
3907,,REPLACE_WITH_YOUR_USER_ID,16888941513,unknown,UNKNOWN,12,32.15.00,,4,1724906393000,1754593793475,0
3908,,REPLACE_WITH_YOUR_USER_ID,16888941513,unknown,UNKNOWN,12,32.15.00,,5,1724906606000,1754593793475,0
3909,,REPLACE_WITH_YOUR_USER_ID,16888941513,unknown,UNKNOWN,12,32.15.00,,6,1724906889000,1754593793475,0
3910,,REPLACE_WITH_YOUR_USER_ID,16888941513,unknown,UNKNOWN,10,23.09,,7,1724907164000,1754593793475,0
3911,,REPLACE_WITH_YOUR_USER_ID,16888941513,unknown,UNKNOWN,10,23.09,,8,1724907300000,1754593793475,0
3912,,REPLACE_WITH_YOUR_USER_ID,16888941513,unknown,UNKNOWN,12,23.09,,9,1724907779000,1754593793475,0
3913,,REPLACE_WITH_YOUR_USER_ID,16888941513,unknown,UNKNOWN,8,25.34.00,,10,1724908068000,1754593793475,0
3914,,REPLACE_WITH_YOUR_USER_ID,16888941513,unknown,UNKNOWN,8,25.34.00,,11,1724908343000,1754593793475,0
3915,,REPLACE_WITH_YOUR_USER_ID,16888941513,unknown,UNKNOWN,8,25.34.00,,12,1724908556000,1754593793475,0
3916,,REPLACE_WITH_YOUR_USER_ID,16888941513,unknown,UNKNOWN,6,38.56.00,,13,1724908874000,1754593793475,0
3917,,REPLACE_WITH_YOUR_USER_ID,16888941513,unknown,UNKNOWN,8,38.56.00,,14,1724909411000,1754593793475,0
3918,,REPLACE_WITH_YOUR_USER_ID,16888941513,unknown,UNKNOWN,6,38.56.00,,15,1724909554000,1754593793475,0
3919,,REPLACE_WITH_YOUR_USER_ID,16888941513,unknown,UNKNOWN,12,61.25.00,,16,1724909764000,1754593793475,0
3920,,REPLACE_WITH_YOUR_USER_ID,16888941513,unknown,UNKNOWN,10,61.25.00,,17,1724910087000,1754593793475,0
3921,,REPLACE_WITH_YOUR_USER_ID,16888941513,unknown,UNKNOWN,8,61.25.00,,18,1724910272000,1754593793475,0
3922,,REPLACE_WITH_YOUR_USER_ID,16888941513,unknown,UNKNOWN,8,38.56.00,,19,1724910541000,1754593793475,0
3923,,REPLACE_WITH_YOUR_USER_ID,16888941513,unknown,UNKNOWN,8,38.56.00,,20,1724910730000,1754593793475,0
3924,,REPLACE_WITH_YOUR_USER_ID,16888941513,unknown,UNKNOWN,8,38.56.00,,21,1724910914000,1754593793475,0
3925,,REPLACE_WITH_YOUR_USER_ID,16888941513,unknown,UNKNOWN,12,23.09,,22,1724911520000,1754593793475,0
3926,,REPLACE_WITH_YOUR_USER_ID,16888941513,unknown,UNKNOWN,15,23.09,,23,1724911913000,1754593793475,0
3927,,REPLACE_WITH_YOUR_USER_ID,16888941513,unknown,UNKNOWN,12,23.09,,24,1724912157000,1754593793475,0
3928,,REPLACE_WITH_YOUR_USER_ID,16861265499,unknown,UNKNOWN,12,57.09.00,,1,1724636725000,1754593802480,0
3929,,REPLACE_WITH_YOUR_USER_ID,16869664202,lat-pulldown,Lat Pulldown,8,68.06.00,,1,1724727372000,1754593798294,0
3930,,REPLACE_WITH_YOUR_USER_ID,16861265499,unknown,UNKNOWN,10,61.25.00,,2,1724636971000,1754593802480,0
3931,,REPLACE_WITH_YOUR_USER_ID,16869664202,lat-pulldown,Lat Pulldown,8,68.06.00,,2,1724727473000,1754593798294,0
3932,,REPLACE_WITH_YOUR_USER_ID,16861265499,unknown,UNKNOWN,12,61.25.00,,3,1724637166000,1754593802480,0
3933,,REPLACE_WITH_YOUR_USER_ID,16869664202,lat-pulldown,Lat Pulldown,8,68.06.00,,3,1724727693000,1754593798294,0
3934,,REPLACE_WITH_YOUR_USER_ID,16861265499,unknown,UNKNOWN,12,61.24.00,,4,1724637353000,1754593802480,0
3935,,REPLACE_WITH_YOUR_USER_ID,16869664202,ez-bar-curl,EZ-Bar Curl,6,34,,1,1724727830000,1754593798294,0
3936,,REPLACE_WITH_YOUR_USER_ID,16861265499,unknown,UNKNOWN,10,38.56.00,,5,1724637517000,1754593802480,0
3937,,REPLACE_WITH_YOUR_USER_ID,16869664202,ez-bar-curl,EZ-Bar Curl,6,32.15.00,,2,1724727962000,1754593798294,0
3938,,REPLACE_WITH_YOUR_USER_ID,16861265499,unknown,UNKNOWN,8,38.56.00,,6,1724637690000,1754593802480,0
3939,,REPLACE_WITH_YOUR_USER_ID,16869664202,ez-bar-curl,EZ-Bar Curl,6,32.15.00,,3,1724728192000,1754593798294,0
3940,,REPLACE_WITH_YOUR_USER_ID,16861265499,unknown,UNKNOWN,8,38.56.00,,7,1724637960000,1754593802480,0
3941,,REPLACE_WITH_YOUR_USER_ID,16869664202,unknown,UNKNOWN,8,57.09.00,,1,1724728325000,1754593798294,0
3942,,REPLACE_WITH_YOUR_USER_ID,16861265499,unknown,UNKNOWN,8,41.21.00,,8,1724638310000,1754593802480,0
3943,,REPLACE_WITH_YOUR_USER_ID,16869664202,unknown,UNKNOWN,8,57.09.00,,2,1724728594000,1754593798294,0
3944,,REPLACE_WITH_YOUR_USER_ID,16861265499,unknown,UNKNOWN,8,38.56.00,,9,1724638559000,1754593802480,0
3945,,REPLACE_WITH_YOUR_USER_ID,16869664202,unknown,UNKNOWN,6,57.09.00,,3,1724728704000,1754593798294,0
3946,,REPLACE_WITH_YOUR_USER_ID,16861265499,unknown,UNKNOWN,8,36.31.00,,10,1724638789000,1754593802480,0
3947,,REPLACE_WITH_YOUR_USER_ID,16861265499,unknown,UNKNOWN,10,36.29.00,,11,1724639114000,1754593802480,0
3948,,REPLACE_WITH_YOUR_USER_ID,16861265499,unknown,UNKNOWN,6,54.44.00,,12,1724639446000,1754593802480,0
3949,,REPLACE_WITH_YOUR_USER_ID,16861265499,unknown,UNKNOWN,8,54.44.00,,13,1724639686000,1754593802480,0
3950,,REPLACE_WITH_YOUR_USER_ID,16861265499,unknown,UNKNOWN,12,23.09,,14,1724639854000,1754593802480,0
3951,,REPLACE_WITH_YOUR_USER_ID,16861265499,unknown,UNKNOWN,10,23.09,,15,1724640046000,1754593802480,0
3952,,REPLACE_WITH_YOUR_USER_ID,16861265499,unknown,UNKNOWN,8,23.09,,16,1724640219000,1754593802480,0
3953,,REPLACE_WITH_YOUR_USER_ID,16861265499,unknown,UNKNOWN,8,25.34.00,,17,1724640629000,1754593802480,0
3954,,REPLACE_WITH_YOUR_USER_ID,16861265499,unknown,UNKNOWN,8,25.34.00,,18,1724640975000,1754593802480,0
3955,,REPLACE_WITH_YOUR_USER_ID,16861265499,unknown,UNKNOWN,5,25.35.00,,19,1724641131000,1754593802480,0
3956,,REPLACE_WITH_YOUR_USER_ID,16861265499,unknown,UNKNOWN,10,41.22.00,,20,1724641421000,1754593802480,0
3957,,REPLACE_WITH_YOUR_USER_ID,16861265499,unknown,UNKNOWN,8,41.22.00,,21,1724641626000,1754593802480,0
3958,,REPLACE_WITH_YOUR_USER_ID,16861265499,unknown,UNKNOWN,10,41.22.00,,22,1724641937000,1754593802480,0
3959,,REPLACE_WITH_YOUR_USER_ID,16852102396,unknown,UNKNOWN,10,36.31.00,,1,1724551841000,1754593807582,0
3960,,REPLACE_WITH_YOUR_USER_ID,16852102396,unknown,UNKNOWN,10,36.31.00,,2,1724552049000,1754593807582,0
3961,,REPLACE_WITH_YOUR_USER_ID,16852102396,unknown,UNKNOWN,10,36.31.00,,3,1724552260000,1754593807582,0
3962,,REPLACE_WITH_YOUR_USER_ID,16852102396,unknown,UNKNOWN,10,52.19.00,,4,1724552505000,1754593807582,0
3963,,REPLACE_WITH_YOUR_USER_ID,16852102396,unknown,UNKNOWN,8,54.44.00,,5,1724552766000,1754593807582,0
3964,,REPLACE_WITH_YOUR_USER_ID,16852102396,unknown,UNKNOWN,10,54.44.00,,6,1724553308000,1754593807582,0
3965,,REPLACE_WITH_YOUR_USER_ID,16852102396,unknown,UNKNOWN,10,66.15.00,,7,1724553793000,1754593807582,0
3966,,REPLACE_WITH_YOUR_USER_ID,16852102396,unknown,UNKNOWN,10,66.15.00,,8,1724554020000,1754593807582,0
3967,,REPLACE_WITH_YOUR_USER_ID,16852102396,unknown,UNKNOWN,8,66.15.00,,9,1724554137000,1754593807582,0
3968,,REPLACE_WITH_YOUR_USER_ID,16836411356,unknown,UNKNOWN,15,11.31,,1,1724395368000,1754593814726,0
3969,,REPLACE_WITH_YOUR_USER_ID,16836411356,unknown,UNKNOWN,8,14.03,,2,1724395658000,1754593814726,0
3970,,REPLACE_WITH_YOUR_USER_ID,16836411356,unknown,UNKNOWN,8,14.03,,3,1724395887000,1754593814726,0
3971,,REPLACE_WITH_YOUR_USER_ID,16836411356,unknown,UNKNOWN,12,61.25.00,,4,1724396047000,1754593814726,0
3972,,REPLACE_WITH_YOUR_USER_ID,16836411356,unknown,UNKNOWN,12,66.15.00,,5,1724396267000,1754593814726,0
3973,,REPLACE_WITH_YOUR_USER_ID,16836411356,unknown,UNKNOWN,10,66.15.00,,6,1724396463000,1754593814726,0
3974,,REPLACE_WITH_YOUR_USER_ID,16836411356,unknown,UNKNOWN,10,38.56.00,,7,1724396676000,1754593814726,0
3975,,REPLACE_WITH_YOUR_USER_ID,16836411356,unknown,UNKNOWN,10,38.56.00,,8,1724396945000,1754593814726,0
3976,,REPLACE_WITH_YOUR_USER_ID,16836411356,unknown,UNKNOWN,8,38.56.00,,9,1724397142000,1754593814726,0
3977,,REPLACE_WITH_YOUR_USER_ID,16836411356,unknown,UNKNOWN,12,23.09,,10,1724397235000,1754593814726,0
3978,,REPLACE_WITH_YOUR_USER_ID,16836411356,unknown,UNKNOWN,12,23.09,,11,1724397372000,1754593814726,0
3979,,REPLACE_WITH_YOUR_USER_ID,16836411356,unknown,UNKNOWN,12,23.09,,12,1724397609000,1754593814726,0
3980,,REPLACE_WITH_YOUR_USER_ID,16836411356,unknown,UNKNOWN,12,45.38.00,,13,1724398083000,1754593814726,0
3981,,REPLACE_WITH_YOUR_USER_ID,16836411356,unknown,UNKNOWN,10,48.03.00,,14,1724398318000,1754593814726,0
3982,,REPLACE_WITH_YOUR_USER_ID,16836411356,unknown,UNKNOWN,12,48.03.00,,15,1724398654000,1754593814726,0
3983,,REPLACE_WITH_YOUR_USER_ID,16827117931,unknown,UNKNOWN,8,34,,1,1724299750000,1754593820216,0
3984,,REPLACE_WITH_YOUR_USER_ID,16818002314,dumbbell-curl,Dumbbell Curl,15,11.34,,1,1724211688000,1754593823524,0
3985,,REPLACE_WITH_YOUR_USER_ID,16827117931,unknown,UNKNOWN,10,29.5,,2,1724300022000,1754593820216,0
3986,,REPLACE_WITH_YOUR_USER_ID,16818002314,dumbbell-curl,Dumbbell Curl,10,11.34,,2,1724211980000,1754593823524,0
3987,,REPLACE_WITH_YOUR_USER_ID,16827117931,unknown,UNKNOWN,10,29.5,,3,1724300219000,1754593820216,0
3988,,REPLACE_WITH_YOUR_USER_ID,16818002314,dumbbell-curl,Dumbbell Curl,10,05.39,,3,1724212134000,1754593823524,0
3989,,REPLACE_WITH_YOUR_USER_ID,16827117931,unknown,UNKNOWN,8,29.5,,4,1724300409000,1754593820216,0
3990,,REPLACE_WITH_YOUR_USER_ID,16818002314,dumbbell-curl,Dumbbell Curl,12,10.21,,4,1724213067000,1754593823524,0
3991,,REPLACE_WITH_YOUR_USER_ID,16827117931,unknown,UNKNOWN,8,36.31.00,,5,1724300697000,1754593820216,0
3992,,REPLACE_WITH_YOUR_USER_ID,16818002314,dumbbell-curl,Dumbbell Curl,12,10.21,,5,1724213230000,1754593823524,0
3993,,REPLACE_WITH_YOUR_USER_ID,16827117931,unknown,UNKNOWN,10,36.31.00,,6,1724300904000,1754593820216,0
3994,,REPLACE_WITH_YOUR_USER_ID,16818002314,dumbbell-curl,Dumbbell Curl,12,10.21,,6,1724213441000,1754593823524,0
3995,,REPLACE_WITH_YOUR_USER_ID,16827117931,unknown,UNKNOWN,8,36.31.00,,7,1724301245000,1754593820216,0
3996,,REPLACE_WITH_YOUR_USER_ID,16818002314,barbell-bench-press,Barbell Bench Press,12,16.28,,1,1724212281000,1754593823524,0
3997,,REPLACE_WITH_YOUR_USER_ID,16827117931,unknown,UNKNOWN,8,36.31.00,,8,1724301429000,1754593820216,0
3998,,REPLACE_WITH_YOUR_USER_ID,16818002314,barbell-bench-press,Barbell Bench Press,12,18.14,,2,1724212568000,1754593823524,0
3999,,REPLACE_WITH_YOUR_USER_ID,16827117931,unknown,UNKNOWN,10,66.15.00,,9,1724301589000,1754593820216,0
4000,,REPLACE_WITH_YOUR_USER_ID,16818002314,barbell-bench-press,Barbell Bench Press,12,18.14,,3,1724212837000,1754593823524,0
4001,,REPLACE_WITH_YOUR_USER_ID,16827117931,unknown,UNKNOWN,8,66.15.00,,10,1724301809000,1754593820216,0
4002,,REPLACE_WITH_YOUR_USER_ID,16818002314,pec-deck,Pec Deck Machine,15,54.43.00,,1,1724213554000,1754593823524,0
4003,,REPLACE_WITH_YOUR_USER_ID,16827117931,unknown,UNKNOWN,8,66.15.00,,11,1724302072000,1754593820216,0
4004,,REPLACE_WITH_YOUR_USER_ID,16818002314,pec-deck,Pec Deck Machine,12,56.7,,2,1724213899000,1754593823524,0
4005,,REPLACE_WITH_YOUR_USER_ID,16827117931,unknown,UNKNOWN,0,<null>,,12,1724302287000,1754593820216,0
4006,,REPLACE_WITH_YOUR_USER_ID,16818002314,pec-deck,Pec Deck Machine,15,56.7,,3,1724214115000,1754593823524,0
4007,,REPLACE_WITH_YOUR_USER_ID,16827117931,unknown,UNKNOWN,8,66.15.00,,13,1724302294000,1754593820216,0
4008,,REPLACE_WITH_YOUR_USER_ID,16818002314,overhead-tricep-ext-db,Overhead Tricep Extension (Dumbbell),10,36.29.00,,1,1724214418000,1754593823524,0
4009,,REPLACE_WITH_YOUR_USER_ID,16827117931,unknown,UNKNOWN,0,<null>,,14,1724302470000,1754593820216,0
4010,,REPLACE_WITH_YOUR_USER_ID,16818002314,overhead-tricep-ext-db,Overhead Tricep Extension (Dumbbell),8,36.29.00,,2,1724214608000,1754593823524,0
4011,,REPLACE_WITH_YOUR_USER_ID,16827117931,unknown,UNKNOWN,12,52.19.00,,15,1724302643000,1754593820216,0
4012,,REPLACE_WITH_YOUR_USER_ID,16818002314,overhead-tricep-ext-db,Overhead Tricep Extension (Dumbbell),8,36.29.00,,3,1724214857000,1754593823524,0
4013,,REPLACE_WITH_YOUR_USER_ID,16827117931,unknown,UNKNOWN,10,52.19.00,,16,1724302869000,1754593820216,0
4014,,REPLACE_WITH_YOUR_USER_ID,16818002314,machine-chest-press,Machine Chest Press,8,20.44,,1,1724215175000,1754593823524,0
4015,,REPLACE_WITH_YOUR_USER_ID,16827117931,unknown,UNKNOWN,8,52.19.00,,17,1724303000000,1754593820216,0
4016,,REPLACE_WITH_YOUR_USER_ID,16818002314,machine-chest-press,Machine Chest Press,10,19.03,,2,1724215392000,1754593823524,0
4017,,REPLACE_WITH_YOUR_USER_ID,16818002314,machine-chest-press,Machine Chest Press,14,18.6,,3,1724215647000,1754593823524,0
4018,,REPLACE_WITH_YOUR_USER_ID,16818002314,ez-bar-curl,EZ-Bar Curl,12,31.24.00,,1,1724215934000,1754593823524,0
4019,,REPLACE_WITH_YOUR_USER_ID,16818002314,ez-bar-curl,EZ-Bar Curl,12,31.24.00,,2,1724216352000,1754593823524,0
4020,,REPLACE_WITH_YOUR_USER_ID,16818002314,ez-bar-curl,EZ-Bar Curl,8,31.24.00,,3,1724216517000,1754593823524,0
4021,,REPLACE_WITH_YOUR_USER_ID,16800042415,lat-pulldown,Lat Pulldown,12,66.15.00,,1,1724039010000,1754593827886,0
4022,,REPLACE_WITH_YOUR_USER_ID,16800042415,lat-pulldown,Lat Pulldown,10,66.17.00,,2,1724039228000,1754593827886,0
4023,,REPLACE_WITH_YOUR_USER_ID,16800042415,lat-pulldown,Lat Pulldown,10,66.15.00,,3,1724039355000,1754593827886,0
4024,,REPLACE_WITH_YOUR_USER_ID,16800042415,seated-barbell-ohp,Seated Barbell Overhead Press,8,56.7,,1,1724039548000,1754593827886,0
4025,,REPLACE_WITH_YOUR_USER_ID,16800042415,seated-barbell-ohp,Seated Barbell Overhead Press,8,56.7,,2,1724039907000,1754593827886,0
4026,,REPLACE_WITH_YOUR_USER_ID,16800042415,seated-barbell-ohp,Seated Barbell Overhead Press,6,56.7,,3,1724040112000,1754593827886,0
4027,,REPLACE_WITH_YOUR_USER_ID,16800042415,weighted-crunch,Weighted Crunch,15,43.09.00,,1,1724040217000,1754593827886,0
4028,,REPLACE_WITH_YOUR_USER_ID,16800042415,weighted-crunch,Weighted Crunch,10,43.09.00,,2,1724040605000,1754593827886,0
4029,,REPLACE_WITH_YOUR_USER_ID,16800042415,weighted-crunch,Weighted Crunch,10,43.09.00,,3,1724041102000,1754593827886,0
4030,,REPLACE_WITH_YOUR_USER_ID,16800042415,cable-row,Seated Cable Row,15,29.48.00,,1,1724041319000,1754593827886,0
4031,,REPLACE_WITH_YOUR_USER_ID,16800042415,cable-row,Seated Cable Row,10,34.02.00,,2,1724041530000,1754593827886,0
4032,,REPLACE_WITH_YOUR_USER_ID,16800042415,cable-row,Seated Cable Row,10,34.02.00,,3,1724041756000,1754593827886,0
4033,,REPLACE_WITH_YOUR_USER_ID,16800042415,machine-chest-press,Machine Chest Press,12,23.08,,1,1724042037000,1754593827886,0
4034,,REPLACE_WITH_YOUR_USER_ID,16800042415,machine-chest-press,Machine Chest Press,8,23.08,,2,1724042209000,1754593827886,0
4035,,REPLACE_WITH_YOUR_USER_ID,16800042415,machine-chest-press,Machine Chest Press,8,23.08,,3,1724042393000,1754593827886,0
4036,,REPLACE_WITH_YOUR_USER_ID,16782933684,unknown,UNKNOWN,15,49.9,,1,1723870086000,1754593830701,0
4037,,REPLACE_WITH_YOUR_USER_ID,16782933684,unknown,UNKNOWN,13,56.02.00,,2,1723870222000,1754593830701,0
4038,,REPLACE_WITH_YOUR_USER_ID,16782933684,unknown,UNKNOWN,15,56,,3,1723870421000,1754593830701,0
4039,,REPLACE_WITH_YOUR_USER_ID,16782933684,dumbbell-curl,Dumbbell Curl,15,11.34,,1,1723870654000,1754593830701,0
4040,,REPLACE_WITH_YOUR_USER_ID,16782933684,dumbbell-curl,Dumbbell Curl,8,11.34,,2,1723870888000,1754593830701,0
4041,,REPLACE_WITH_YOUR_USER_ID,16782933684,dumbbell-curl,Dumbbell Curl,10,11.34,,3,1723871231000,1754593830701,0
4042,,REPLACE_WITH_YOUR_USER_ID,16782933684,barbell-bench-press,Barbell Bench Press,15,32.15.00,,1,1723871509000,1754593830701,0
4043,,REPLACE_WITH_YOUR_USER_ID,16782933684,barbell-bench-press,Barbell Bench Press,15,32.15.00,,2,1723871843000,1754593830701,0
4044,,REPLACE_WITH_YOUR_USER_ID,16782933684,barbell-bench-press,Barbell Bench Press,10,32.15.00,,3,1723872188000,1754593830701,0
4045,,REPLACE_WITH_YOUR_USER_ID,16782933684,ez-bar-curl,EZ-Bar Curl,10,36.06.00,,1,1723872362000,1754593830701,0
4046,,REPLACE_WITH_YOUR_USER_ID,16782933684,ez-bar-curl,EZ-Bar Curl,9,36,,2,1723872702000,1754593830701,0
4047,,REPLACE_WITH_YOUR_USER_ID,16782933684,ez-bar-curl,EZ-Bar Curl,10,36,,3,1723873224000,1754593830701,0
4048,,REPLACE_WITH_YOUR_USER_ID,16782933684,machine-chest-press,Machine Chest Press,10,20.41,,1,1723873526000,1754593830701,0
4049,,REPLACE_WITH_YOUR_USER_ID,16782933684,machine-chest-press,Machine Chest Press,8,20.41,,2,1723873736000,1754593830701,0
4050,,REPLACE_WITH_YOUR_USER_ID,16782933684,machine-chest-press,Machine Chest Press,8,20.41,,3,1723873941000,1754593830701,0
4051,,REPLACE_WITH_YOUR_USER_ID,16782933684,overhead-tricep-ext-db,Overhead Tricep Extension (Dumbbell),6,43,,1,1723874184000,1754593830701,0
4052,,REPLACE_WITH_YOUR_USER_ID,16782933684,overhead-tricep-ext-db,Overhead Tricep Extension (Dumbbell),8,38,,2,1723874366000,1754593830701,0
4053,,REPLACE_WITH_YOUR_USER_ID,16782933684,overhead-tricep-ext-db,Overhead Tricep Extension (Dumbbell),6,38,,3,1723874497000,1754593830701,0
4054,,REPLACE_WITH_YOUR_USER_ID,16729606248,unknown,UNKNOWN,8,73,,1,1723353532000,1754593845270,0
4055,,REPLACE_WITH_YOUR_USER_ID,16729606248,unknown,UNKNOWN,8,73,,2,1723353663000,1754593845270,0
4056,,REPLACE_WITH_YOUR_USER_ID,16729606248,unknown,UNKNOWN,8,73,,3,1723353791000,1754593845270,0
4057,,REPLACE_WITH_YOUR_USER_ID,16729606248,unknown,UNKNOWN,10,53,,4,1723353899000,1754593845270,0
4058,,REPLACE_WITH_YOUR_USER_ID,16729606248,unknown,UNKNOWN,10,53,,5,1723354151000,1754593845270,0
4059,,REPLACE_WITH_YOUR_USER_ID,16729606248,unknown,UNKNOWN,8,53,,6,1723354282000,1754593845270,0
4060,,REPLACE_WITH_YOUR_USER_ID,16729606248,unknown,UNKNOWN,8,50,,7,1723354793000,1754593845270,0
4061,,REPLACE_WITH_YOUR_USER_ID,16729606248,unknown,UNKNOWN,8,50,,8,1723354922000,1754593845270,0
4062,,REPLACE_WITH_YOUR_USER_ID,16729606248,unknown,UNKNOWN,10,50,,9,1723355051000,1754593845270,0
4063,,REPLACE_WITH_YOUR_USER_ID,16719985025,unknown,UNKNOWN,15,8,,1,1723254523000,1754593850120,0
4064,,REPLACE_WITH_YOUR_USER_ID,16713194264,unknown,UNKNOWN,18,8,,1,1723184678000,1754593851246,0
4065,,REPLACE_WITH_YOUR_USER_ID,16719985025,unknown,UNKNOWN,20,8,,2,1723254682000,1754593850120,0
4066,,REPLACE_WITH_YOUR_USER_ID,16713194264,unknown,UNKNOWN,10,8,,2,1723184856000,1754593851246,0
4067,,REPLACE_WITH_YOUR_USER_ID,16719985025,unknown,UNKNOWN,15,<null>,,3,1723254850000,1754593850120,0
4068,,REPLACE_WITH_YOUR_USER_ID,16713194264,unknown,UNKNOWN,15,8,,3,1723185017000,1754593851246,0
4069,,REPLACE_WITH_YOUR_USER_ID,16719985025,unknown,UNKNOWN,15,8,,4,1723255025000,1754593850120,0
4070,,REPLACE_WITH_YOUR_USER_ID,16713194264,unknown,UNKNOWN,15,8,,4,1723185133000,1754593851246,0
4071,,REPLACE_WITH_YOUR_USER_ID,16719985025,unknown,UNKNOWN,15,8,,5,1723255300000,1754593850120,0
4072,,REPLACE_WITH_YOUR_USER_ID,16713194264,unknown,UNKNOWN,15,8,,5,1723185240000,1754593851246,0
4073,,REPLACE_WITH_YOUR_USER_ID,16719985025,unknown,UNKNOWN,15,8,,6,1723255472000,1754593850120,0
4074,,REPLACE_WITH_YOUR_USER_ID,16713194264,unknown,UNKNOWN,15,8,,6,1723185385000,1754593851246,0
4075,,REPLACE_WITH_YOUR_USER_ID,16713194264,unknown,UNKNOWN,12,8,,7,1723185536000,1754593851246,0
4076,,REPLACE_WITH_YOUR_USER_ID,16713194264,unknown,UNKNOWN,15,8,,8,1723185745000,1754593851246,0
4077,,REPLACE_WITH_YOUR_USER_ID,16713194264,unknown,UNKNOWN,15,8,,9,1723185951000,1754593851246,0
4078,,REPLACE_WITH_YOUR_USER_ID,16713194264,unknown,UNKNOWN,15,8,,10,1723186066000,1754593851246,0
4079,,REPLACE_WITH_YOUR_USER_ID,16703768348,unknown,UNKNOWN,12,34,,1,1723087529000,1754593852398,0
4080,,REPLACE_WITH_YOUR_USER_ID,16703768348,unknown,UNKNOWN,15,34,,2,1723088058000,1754593852398,0
4081,,REPLACE_WITH_YOUR_USER_ID,16703768348,unknown,UNKNOWN,15,34,,3,1723088365000,1754593852398,0
4082,,REPLACE_WITH_YOUR_USER_ID,16703768348,unknown,UNKNOWN,15,34,,4,1723089270000,1754593852398,0
4083,,REPLACE_WITH_YOUR_USER_ID,16703768348,unknown,UNKNOWN,15,34,,5,1723089588000,1754593852398,0
4084,,REPLACE_WITH_YOUR_USER_ID,16703768348,unknown,UNKNOWN,15,34,,6,1723089755000,1754593852398,0
4085,,REPLACE_WITH_YOUR_USER_ID,16703768348,unknown,UNKNOWN,12,<null>,,7,1723090191000,1754593852398,0
4086,,REPLACE_WITH_YOUR_USER_ID,16676783236,unknown,UNKNOWN,10,18,,1,1722832312000,1754593857563,0
4087,,REPLACE_WITH_YOUR_USER_ID,16676783236,unknown,UNKNOWN,12,18,,2,1722832552000,1754593857563,0
4088,,REPLACE_WITH_YOUR_USER_ID,16676783236,unknown,UNKNOWN,10,18,,3,1722832686000,1754593857563,0
4089,,REPLACE_WITH_YOUR_USER_ID,16676783236,unknown,UNKNOWN,10,18,,4,1722832819000,1754593857563,0
4090,,REPLACE_WITH_YOUR_USER_ID,16676783236,unknown,UNKNOWN,5,<null>,,5,1722832968000,1754593857563,0
4091,,REPLACE_WITH_YOUR_USER_ID,16641968968,unknown,UNKNOWN,12,36,,1,1722472509000,1754593875272,0
4092,,REPLACE_WITH_YOUR_USER_ID,16623942425,unknown,UNKNOWN,15,27,,1,1722301023000,1754593886515,0
4093,,REPLACE_WITH_YOUR_USER_ID,16641968968,unknown,UNKNOWN,12,36,,2,1722472635000,1754593875272,0
4094,,REPLACE_WITH_YOUR_USER_ID,16623942425,unknown,UNKNOWN,15,27,,2,1722301237000,1754593886515,0
4095,,REPLACE_WITH_YOUR_USER_ID,16641968968,unknown,UNKNOWN,12,36,,3,1722472759000,1754593875272,0
4096,,REPLACE_WITH_YOUR_USER_ID,16623942425,unknown,UNKNOWN,15,27,,3,1722301541000,1754593886515,0
4097,,REPLACE_WITH_YOUR_USER_ID,16641968968,unknown,UNKNOWN,12,50,,4,1722472951000,1754593875272,0
4098,,REPLACE_WITH_YOUR_USER_ID,16623942425,unknown,UNKNOWN,12,23,,4,1722301777000,1754593886515,0
4099,,REPLACE_WITH_YOUR_USER_ID,16641968968,unknown,UNKNOWN,10,50,,5,1722473141000,1754593875272,0
4100,,REPLACE_WITH_YOUR_USER_ID,16623942425,unknown,UNKNOWN,15,23,,5,1722302108000,1754593886515,0
4101,,REPLACE_WITH_YOUR_USER_ID,16641968968,unknown,UNKNOWN,10,50,,6,1722473400000,1754593875272,0
4102,,REPLACE_WITH_YOUR_USER_ID,16623942425,unknown,UNKNOWN,12,23,,6,1722302355000,1754593886515,0
4103,,REPLACE_WITH_YOUR_USER_ID,16641968968,unknown,UNKNOWN,10,14,,7,1722473631000,1754593875272,0
4104,,REPLACE_WITH_YOUR_USER_ID,16623942425,unknown,UNKNOWN,12,50,,7,1722302622000,1754593886515,0
4105,,REPLACE_WITH_YOUR_USER_ID,16641968968,unknown,UNKNOWN,10,14,,8,1722473859000,1754593875272,0
4106,,REPLACE_WITH_YOUR_USER_ID,16623942425,unknown,UNKNOWN,12,50,,8,1722302868000,1754593886515,0
4107,,REPLACE_WITH_YOUR_USER_ID,16641968968,unknown,UNKNOWN,8,14,,9,1722474008000,1754593875272,0
4108,,REPLACE_WITH_YOUR_USER_ID,16623942425,unknown,UNKNOWN,10,50,,9,1722303100000,1754593886515,0
4109,,REPLACE_WITH_YOUR_USER_ID,16641968968,unknown,UNKNOWN,8,18,,10,1722474199000,1754593875272,0
4110,,REPLACE_WITH_YOUR_USER_ID,16641968968,unknown,UNKNOWN,6,18,,11,1722474424000,1754593875272,0
4111,,REPLACE_WITH_YOUR_USER_ID,16641968968,unknown,UNKNOWN,10,18,,12,1722474628000,1754593875272,0
4112,,REPLACE_WITH_YOUR_USER_ID,16641968968,unknown,UNKNOWN,8,18,,13,1722474785000,1754593875272,0
4113,,REPLACE_WITH_YOUR_USER_ID,16641968968,unknown,UNKNOWN,10,18,,14,1722475277000,1754593875272,0
4114,,REPLACE_WITH_YOUR_USER_ID,16641968968,unknown,UNKNOWN,15,22,,15,1722475484000,1754593875272,0
4115,,REPLACE_WITH_YOUR_USER_ID,16641968968,unknown,UNKNOWN,15,22,,16,1722475725000,1754593875272,0
4116,,REPLACE_WITH_YOUR_USER_ID,16641968968,unknown,UNKNOWN,10,22,,17,1722475808000,1754593875272,0
4117,,REPLACE_WITH_YOUR_USER_ID,16641968968,unknown,UNKNOWN,12,38,,18,1722476119000,1754593875272,0
4118,,REPLACE_WITH_YOUR_USER_ID,16641968968,unknown,UNKNOWN,10,38,,19,1722476328000,1754593875272,0
4119,,REPLACE_WITH_YOUR_USER_ID,16641968968,unknown,UNKNOWN,8,38,,20,1722476491000,1754593875272,0
4120,,REPLACE_WITH_YOUR_USER_ID,16607000794,unknown,UNKNOWN,10,14,,1,1722128561000,1754593898530,0
4121,,REPLACE_WITH_YOUR_USER_ID,16615670972,unknown,UNKNOWN,8,29,,1,1722212852000,1754593893524,0
4122,,REPLACE_WITH_YOUR_USER_ID,16607000794,unknown,UNKNOWN,10,14,,2,1722128715000,1754593898530,0
4123,,REPLACE_WITH_YOUR_USER_ID,16615670972,unknown,UNKNOWN,10,27,,2,1722213060000,1754593893524,0
4124,,REPLACE_WITH_YOUR_USER_ID,16607000794,unknown,UNKNOWN,10,14,,3,1722129122000,1754593898530,0
4125,,REPLACE_WITH_YOUR_USER_ID,16615670972,unknown,UNKNOWN,12,27,,3,1722213216000,1754593893524,0
4126,,REPLACE_WITH_YOUR_USER_ID,16607000794,unknown,UNKNOWN,10,18,,4,1722129266000,1754593898530,0
4127,,REPLACE_WITH_YOUR_USER_ID,16615670972,unknown,UNKNOWN,10,68,,4,1722213362000,1754593893524,0
4128,,REPLACE_WITH_YOUR_USER_ID,16607000794,unknown,UNKNOWN,12,18,,5,1722129505000,1754593898530,0
4129,,REPLACE_WITH_YOUR_USER_ID,16615670972,unknown,UNKNOWN,12,68,,5,1722213651000,1754593893524,0
4130,,REPLACE_WITH_YOUR_USER_ID,16607000794,unknown,UNKNOWN,10,18,,6,1722129618000,1754593898530,0
4131,,REPLACE_WITH_YOUR_USER_ID,16615670972,unknown,UNKNOWN,12,68,,6,1722213830000,1754593893524,0
4132,,REPLACE_WITH_YOUR_USER_ID,16607000794,unknown,UNKNOWN,12,11,,7,1722129764000,1754593898530,0
4133,,REPLACE_WITH_YOUR_USER_ID,16615670972,unknown,UNKNOWN,15,29.5,,7,1722214078000,1754593893524,0
4134,,REPLACE_WITH_YOUR_USER_ID,16607000794,unknown,UNKNOWN,12,11,,8,1722129947000,1754593898530,0
4135,,REPLACE_WITH_YOUR_USER_ID,16615670972,unknown,UNKNOWN,12,29.5,,8,1722214342000,1754593893524,0
4136,,REPLACE_WITH_YOUR_USER_ID,16607000794,unknown,UNKNOWN,12,11,,9,1722130090000,1754593898530,0
4137,,REPLACE_WITH_YOUR_USER_ID,16615670972,unknown,UNKNOWN,15,29.5,,9,1722214663000,1754593893524,0
4138,,REPLACE_WITH_YOUR_USER_ID,16607000794,unknown,UNKNOWN,10,52,,10,1722130360000,1754593898530,0
4139,,REPLACE_WITH_YOUR_USER_ID,16615670972,unknown,UNKNOWN,15,45,,10,1722214887000,1754593893524,0
4140,,REPLACE_WITH_YOUR_USER_ID,16607000794,unknown,UNKNOWN,8,52,,11,1722130589000,1754593898530,0
4141,,REPLACE_WITH_YOUR_USER_ID,16615670972,unknown,UNKNOWN,15,43,,11,1722215156000,1754593893524,0
4142,,REPLACE_WITH_YOUR_USER_ID,16607000794,unknown,UNKNOWN,8,52,,12,1722130722000,1754593898530,0
4143,,REPLACE_WITH_YOUR_USER_ID,16615670972,unknown,UNKNOWN,15,43,,12,1722215489000,1754593893524,0
4144,,REPLACE_WITH_YOUR_USER_ID,16607000794,unknown,UNKNOWN,15,50,,13,1722130876000,1754593898530,0
4145,,REPLACE_WITH_YOUR_USER_ID,16615670972,unknown,UNKNOWN,15,50,,13,1722215678000,1754593893524,0
4146,,REPLACE_WITH_YOUR_USER_ID,16607000794,unknown,UNKNOWN,15,50,,14,1722131145000,1754593898530,0
4147,,REPLACE_WITH_YOUR_USER_ID,16615670972,unknown,UNKNOWN,15,50,,14,1722215865000,1754593893524,0
4148,,REPLACE_WITH_YOUR_USER_ID,16607000794,unknown,UNKNOWN,12,50,,15,1722131252000,1754593898530,0
4149,,REPLACE_WITH_YOUR_USER_ID,16615670972,unknown,UNKNOWN,15,50,,15,1722216018000,1754593893524,0
4150,,REPLACE_WITH_YOUR_USER_ID,16607000794,unknown,UNKNOWN,15,34,,16,1722131546000,1754593898530,0
4151,,REPLACE_WITH_YOUR_USER_ID,16607000794,unknown,UNKNOWN,12,36,,17,1722131738000,1754593898530,0
4152,,REPLACE_WITH_YOUR_USER_ID,16607000794,unknown,UNKNOWN,10,36,,18,1722131846000,1754593898530,0
4153,,REPLACE_WITH_YOUR_USER_ID,16581846364,unknown,UNKNOWN,15,45,,1,1721869086000,1754593905555,0
4154,,REPLACE_WITH_YOUR_USER_ID,16581846364,unknown,UNKNOWN,15,45,,2,1721869314000,1754593905555,0
4155,,REPLACE_WITH_YOUR_USER_ID,16581846364,unknown,UNKNOWN,12,45,,3,1721869570000,1754593905555,0
4156,,REPLACE_WITH_YOUR_USER_ID,16581846364,unknown,UNKNOWN,12,14,,4,1721869715000,1754593905555,0
4157,,REPLACE_WITH_YOUR_USER_ID,16581846364,unknown,UNKNOWN,10,14,,5,1721869977000,1754593905555,0
4158,,REPLACE_WITH_YOUR_USER_ID,16581846364,unknown,UNKNOWN,8,14,,6,1721870102000,1754593905555,0
4159,,REPLACE_WITH_YOUR_USER_ID,16581846364,unknown,UNKNOWN,10,14,,7,1721870309000,1754593905555,0
4160,,REPLACE_WITH_YOUR_USER_ID,16581846364,unknown,UNKNOWN,10,19,,8,1721870457000,1754593905555,0
4161,,REPLACE_WITH_YOUR_USER_ID,16581846364,unknown,UNKNOWN,10,19,,9,1721870679000,1754593905555,0
4162,,REPLACE_WITH_YOUR_USER_ID,16581846364,unknown,UNKNOWN,15,19,,10,1721870850000,1754593905555,0
4163,,REPLACE_WITH_YOUR_USER_ID,16581846364,unknown,UNKNOWN,12,23,,11,1721871654000,1754593905555,0
4164,,REPLACE_WITH_YOUR_USER_ID,16581846364,unknown,UNKNOWN,12,23,,12,1721871758000,1754593905555,0
4165,,REPLACE_WITH_YOUR_USER_ID,16581846364,unknown,UNKNOWN,12,23,,13,1721872094000,1754593905555,0
4166,,REPLACE_WITH_YOUR_USER_ID,16581846364,unknown,UNKNOWN,15,18,,14,1721872240000,1754593905555,0
4167,,REPLACE_WITH_YOUR_USER_ID,16581846364,unknown,UNKNOWN,12,18,,15,1721872346000,1754593905555,0
4168,,REPLACE_WITH_YOUR_USER_ID,16581846364,unknown,UNKNOWN,15,18,,16,1721872473000,1754593905555,0
4169,,REPLACE_WITH_YOUR_USER_ID,16549496263,unknown,UNKNOWN,15,14,,1,1721698407000,1754593915517,0
4170,,REPLACE_WITH_YOUR_USER_ID,16566237818,unknown,UNKNOWN,12,31,,1,1721778093000,1754593910526,0
4171,,REPLACE_WITH_YOUR_USER_ID,16549496263,unknown,UNKNOWN,15,14,,2,1721698586000,1754593915517,0
4172,,REPLACE_WITH_YOUR_USER_ID,16566237818,unknown,UNKNOWN,10,32,,2,1721778315000,1754593910526,0
4173,,REPLACE_WITH_YOUR_USER_ID,16549496263,unknown,UNKNOWN,10,14,,3,1721698717000,1754593915517,0
4174,,REPLACE_WITH_YOUR_USER_ID,16566237818,unknown,UNKNOWN,10,32,,3,1721778450000,1754593910526,0
4175,,REPLACE_WITH_YOUR_USER_ID,16549496263,unknown,UNKNOWN,10,14,,4,1721698950000,1754593915517,0
4176,,REPLACE_WITH_YOUR_USER_ID,16566237818,unknown,UNKNOWN,8,68,,4,1721778590000,1754593910526,0
4177,,REPLACE_WITH_YOUR_USER_ID,16549496263,unknown,UNKNOWN,10,14,,5,1721699210000,1754593915517,0
4178,,REPLACE_WITH_YOUR_USER_ID,16566237818,unknown,UNKNOWN,10,64,,5,1721778725000,1754593910526,0
4179,,REPLACE_WITH_YOUR_USER_ID,16549496263,unknown,UNKNOWN,10,14,,6,1721699360000,1754593915517,0
4180,,REPLACE_WITH_YOUR_USER_ID,16566237818,unknown,UNKNOWN,8,64,,6,1721778872000,1754593910526,0
4181,,REPLACE_WITH_YOUR_USER_ID,16549496263,unknown,UNKNOWN,10,14,,7,1721699574000,1754593915517,0
4182,,REPLACE_WITH_YOUR_USER_ID,16566237818,unknown,UNKNOWN,12,50,,7,1721779121000,1754593910526,0
4183,,REPLACE_WITH_YOUR_USER_ID,16549496263,unknown,UNKNOWN,10,23,,8,1721699712000,1754593915517,0
4184,,REPLACE_WITH_YOUR_USER_ID,16566237818,unknown,UNKNOWN,8,50,,8,1721779266000,1754593910526,0
4185,,REPLACE_WITH_YOUR_USER_ID,16549496263,unknown,UNKNOWN,8,23,,9,1721699811000,1754593915517,0
4186,,REPLACE_WITH_YOUR_USER_ID,16566237818,unknown,UNKNOWN,8,50,,9,1721779413000,1754593910526,0
4187,,REPLACE_WITH_YOUR_USER_ID,16549496263,unknown,UNKNOWN,15,36,,10,1721700042000,1754593915517,0
4188,,REPLACE_WITH_YOUR_USER_ID,16566237818,unknown,UNKNOWN,10,27,,10,1721779552000,1754593910526,0
4189,,REPLACE_WITH_YOUR_USER_ID,16549496263,unknown,UNKNOWN,12,36,,11,1721700213000,1754593915517,0
4190,,REPLACE_WITH_YOUR_USER_ID,16566237818,unknown,UNKNOWN,8,27,,11,1721779773000,1754593910526,0
4191,,REPLACE_WITH_YOUR_USER_ID,16549496263,unknown,UNKNOWN,12,36,,12,1721700365000,1754593915517,0
4192,,REPLACE_WITH_YOUR_USER_ID,16566237818,unknown,UNKNOWN,6,27,,12,1721779898000,1754593910526,0
4193,,REPLACE_WITH_YOUR_USER_ID,16549496263,unknown,UNKNOWN,8,45,,13,1721700495000,1754593915517,0
4194,,REPLACE_WITH_YOUR_USER_ID,16566237818,unknown,UNKNOWN,12,45,,13,1721780089000,1754593910526,0
4195,,REPLACE_WITH_YOUR_USER_ID,16549496263,unknown,UNKNOWN,10,45,,14,1721700701000,1754593915517,0
4196,,REPLACE_WITH_YOUR_USER_ID,16566237818,unknown,UNKNOWN,12,45,,14,1721780351000,1754593910526,0
4197,,REPLACE_WITH_YOUR_USER_ID,16549496263,unknown,UNKNOWN,9,45,,15,1721700805000,1754593915517,0
4198,,REPLACE_WITH_YOUR_USER_ID,16566237818,unknown,UNKNOWN,12,45,,15,1721780481000,1754593910526,0
4199,,REPLACE_WITH_YOUR_USER_ID,16529024072,unknown,UNKNOWN,10,29.5,,1,1721592885000,1754593923523,0
4200,,REPLACE_WITH_YOUR_USER_ID,16529024072,unknown,UNKNOWN,10,29.5,,2,1721592998000,1754593923523,0
4201,,REPLACE_WITH_YOUR_USER_ID,16529024072,unknown,UNKNOWN,10,29.5,,3,1721593092000,1754593923523,0
4202,,REPLACE_WITH_YOUR_USER_ID,16529024072,unknown,UNKNOWN,8,0,,4,1721593225000,1754593923523,0
4203,,REPLACE_WITH_YOUR_USER_ID,16529024072,unknown,UNKNOWN,8,0,,5,1721593351000,1754593923523,0
4204,,REPLACE_WITH_YOUR_USER_ID,16529024072,unknown,UNKNOWN,8,64,,6,1721593483000,1754593923523,0
4205,,REPLACE_WITH_YOUR_USER_ID,16529024072,unknown,UNKNOWN,8,0,,7,1721593621000,1754593923523,0
4206,,REPLACE_WITH_YOUR_USER_ID,16529024072,unknown,UNKNOWN,10,27,,8,1721593790000,1754593923523,0
4207,,REPLACE_WITH_YOUR_USER_ID,16529024072,unknown,UNKNOWN,8,27,,9,1721593919000,1754593923523,0
4208,,REPLACE_WITH_YOUR_USER_ID,16529024072,unknown,UNKNOWN,10,14,,10,1721594105000,1754593923523,0
4209,,REPLACE_WITH_YOUR_USER_ID,16529024072,unknown,UNKNOWN,12,14,,11,1721594317000,1754593923523,0
4210,,REPLACE_WITH_YOUR_USER_ID,16529024072,unknown,UNKNOWN,12,14,,12,1721594417000,1754593923523,0
4211,,REPLACE_WITH_YOUR_USER_ID,16529024072,unknown,UNKNOWN,15,14,,13,1721594626000,1754593923523,0
4212,,REPLACE_WITH_YOUR_USER_ID,16529024072,unknown,UNKNOWN,15,0,,14,1721594847000,1754593923523,0
4213,,REPLACE_WITH_YOUR_USER_ID,16529024072,unknown,UNKNOWN,12,0,,15,1721595088000,1754593923523,0
4214,,REPLACE_WITH_YOUR_USER_ID,16529024072,unknown,UNKNOWN,12,0,,16,1721595300000,1754593923523,0
4215,,REPLACE_WITH_YOUR_USER_ID,16529024072,unknown,UNKNOWN,10,27,,17,1721595505000,1754593923523,0
4216,,REPLACE_WITH_YOUR_USER_ID,16529024072,unknown,UNKNOWN,12,27,,18,1721595666000,1754593923523,0
4217,,REPLACE_WITH_YOUR_USER_ID,16529024072,unknown,UNKNOWN,12,27,,19,1721595766000,1754593923523,0
4218,,REPLACE_WITH_YOUR_USER_ID,16515477216,unknown,UNKNOWN,8,32,,1,1721524867000,1754593928516,0
4219,,REPLACE_WITH_YOUR_USER_ID,16515477216,unknown,UNKNOWN,10,32,,2,1721525058000,1754593928516,0
4220,,REPLACE_WITH_YOUR_USER_ID,16515477216,unknown,UNKNOWN,8,32,,3,1721525187000,1754593928516,0
4221,,REPLACE_WITH_YOUR_USER_ID,16515477216,unknown,UNKNOWN,5,50,,4,1721525345000,1754593928516,0
4222,,REPLACE_WITH_YOUR_USER_ID,16515477216,unknown,UNKNOWN,10,45,,5,1721525439000,1754593928516,0
4223,,REPLACE_WITH_YOUR_USER_ID,16515477216,unknown,UNKNOWN,10,45,,6,1721525605000,1754593928516,0
4224,,REPLACE_WITH_YOUR_USER_ID,16515477216,unknown,UNKNOWN,10,45,,7,1721525948000,1754593928516,0
4225,,REPLACE_WITH_YOUR_USER_ID,16515477216,unknown,UNKNOWN,10,13,,8,1721526168000,1754593928516,0
4226,,REPLACE_WITH_YOUR_USER_ID,16515477216,unknown,UNKNOWN,10,13.5,,9,1721526377000,1754593928516,0
4227,,REPLACE_WITH_YOUR_USER_ID,16515477216,unknown,UNKNOWN,10,13.5,,10,1721526543000,1754593928516,0
4228,,REPLACE_WITH_YOUR_USER_ID,16481324859,unknown,UNKNOWN,12,30,,1,1721346179000,1754593936299,0
4229,,REPLACE_WITH_YOUR_USER_ID,16498163755,unknown,UNKNOWN,12,21,,1,1721435599000,1754593934380,0
4230,,REPLACE_WITH_YOUR_USER_ID,16481324859,unknown,UNKNOWN,10,30,,2,1721346369000,1754593936299,0
4231,,REPLACE_WITH_YOUR_USER_ID,16498163755,unknown,UNKNOWN,10,29,,2,1721435794000,1754593934380,0
4232,,REPLACE_WITH_YOUR_USER_ID,16481324859,unknown,UNKNOWN,10,30,,3,1721346496000,1754593936299,0
4233,,REPLACE_WITH_YOUR_USER_ID,16498163755,unknown,UNKNOWN,10,29,,3,1721435923000,1754593934380,0
4234,,REPLACE_WITH_YOUR_USER_ID,16481324859,unknown,UNKNOWN,8,47,,4,1721346811000,1754593936299,0
4235,,REPLACE_WITH_YOUR_USER_ID,16498163755,unknown,UNKNOWN,15,54,,4,1721436077000,1754593934380,0
4236,,REPLACE_WITH_YOUR_USER_ID,16481324859,unknown,UNKNOWN,8,47,,5,1721346988000,1754593936299,0
4237,,REPLACE_WITH_YOUR_USER_ID,16498163755,unknown,UNKNOWN,15,61,,5,1721436190000,1754593934380,0
4238,,REPLACE_WITH_YOUR_USER_ID,16481324859,unknown,UNKNOWN,12,47,,6,1721347151000,1754593936299,0
4239,,REPLACE_WITH_YOUR_USER_ID,16498163755,unknown,UNKNOWN,20,61,,6,1721436557000,1754593934380,0
4240,,REPLACE_WITH_YOUR_USER_ID,16481324859,unknown,UNKNOWN,8,50,,7,1721347340000,1754593936299,0
4241,,REPLACE_WITH_YOUR_USER_ID,16498163755,unknown,UNKNOWN,10,66,,7,1721436653000,1754593934380,0
4242,,REPLACE_WITH_YOUR_USER_ID,16481324859,unknown,UNKNOWN,10,50,,8,1721347496000,1754593936299,0
4243,,REPLACE_WITH_YOUR_USER_ID,16498163755,unknown,UNKNOWN,10,45,,8,1721436794000,1754593934380,0
4244,,REPLACE_WITH_YOUR_USER_ID,16481324859,unknown,UNKNOWN,8,50,,9,1721347619000,1754593936299,0
4245,,REPLACE_WITH_YOUR_USER_ID,16498163755,unknown,UNKNOWN,12,45,,9,1721436951000,1754593934380,0
4246,,REPLACE_WITH_YOUR_USER_ID,16481324859,unknown,UNKNOWN,10,21,,10,1721347812000,1754593936299,0
4247,,REPLACE_WITH_YOUR_USER_ID,16498163755,unknown,UNKNOWN,11,<null>,,10,1721437102000,1754593934380,0
4248,,REPLACE_WITH_YOUR_USER_ID,16481324859,unknown,UNKNOWN,8,21,,11,1721347975000,1754593936299,0
4249,,REPLACE_WITH_YOUR_USER_ID,16498163755,unknown,UNKNOWN,6,13,,11,1721437406000,1754593934380,0
4250,,REPLACE_WITH_YOUR_USER_ID,16481324859,unknown,UNKNOWN,10,21,,12,1721348121000,1754593936299,0
4251,,REPLACE_WITH_YOUR_USER_ID,16498163755,unknown,UNKNOWN,10,13,,12,1721437582000,1754593934380,0
4252,,REPLACE_WITH_YOUR_USER_ID,16481324859,unknown,UNKNOWN,10,64,,13,1721348247000,1754593936299,0
4253,,REPLACE_WITH_YOUR_USER_ID,16498163755,unknown,UNKNOWN,8,13,,13,1721437918000,1754593934380,0
4254,,REPLACE_WITH_YOUR_USER_ID,16481324859,unknown,UNKNOWN,8,64,,14,1721348345000,1754593936299,0
4255,,REPLACE_WITH_YOUR_USER_ID,16498163755,unknown,UNKNOWN,10,11,,14,1721438035000,1754593934380,0
4256,,REPLACE_WITH_YOUR_USER_ID,16481324859,unknown,UNKNOWN,8,64,,15,1721348441000,1754593936299,0
4257,,REPLACE_WITH_YOUR_USER_ID,16498163755,unknown,UNKNOWN,10,18,,15,1721438178000,1754593934380,0
4258,,REPLACE_WITH_YOUR_USER_ID,16481324859,unknown,UNKNOWN,10,54,,16,1721348559000,1754593936299,0
4259,,REPLACE_WITH_YOUR_USER_ID,16498163755,unknown,UNKNOWN,10,18,,16,1721438323000,1754593934380,0
4260,,REPLACE_WITH_YOUR_USER_ID,16481324859,unknown,UNKNOWN,10,54,,17,1721348712000,1754593936299,0
4261,,REPLACE_WITH_YOUR_USER_ID,16498163755,unknown,UNKNOWN,8,50,,17,1721438630000,1754593934380,0
4262,,REPLACE_WITH_YOUR_USER_ID,16481324859,unknown,UNKNOWN,10,54,,18,1721348826000,1754593936299,0
4263,,REPLACE_WITH_YOUR_USER_ID,16498163755,unknown,UNKNOWN,17,<null>,,18,1721438901000,1754593934380,0
4264,,REPLACE_WITH_YOUR_USER_ID,16498163755,unknown,UNKNOWN,10,50,,19,1721439021000,1754593934380,0
4265,,REPLACE_WITH_YOUR_USER_ID,16498163755,unknown,UNKNOWN,8,45,,20,1721439134000,1754593934380,0
4266,,REPLACE_WITH_YOUR_USER_ID,16449270847,unknown,UNKNOWN,12,29.5,,1,1721193014000,1754593938987,0
4267,,REPLACE_WITH_YOUR_USER_ID,16449270847,unknown,UNKNOWN,10,29.4,,2,1721193115000,1754593938987,0
4268,,REPLACE_WITH_YOUR_USER_ID,16449270847,unknown,UNKNOWN,10,29.5,,3,1721193210000,1754593938987,0
4269,,REPLACE_WITH_YOUR_USER_ID,16449270847,unknown,UNKNOWN,10,43,,4,1721193385000,1754593938987,0
4270,,REPLACE_WITH_YOUR_USER_ID,16449270847,unknown,UNKNOWN,12,43,,5,1721193510000,1754593938987,0
4271,,REPLACE_WITH_YOUR_USER_ID,16449270847,unknown,UNKNOWN,12,43,,6,1721193633000,1754593938987,0
4272,,REPLACE_WITH_YOUR_USER_ID,16449270847,unknown,UNKNOWN,12,47,,7,1721193818000,1754593938987,0
4273,,REPLACE_WITH_YOUR_USER_ID,16449270847,unknown,UNKNOWN,10,47,,8,1721194153000,1754593938987,0
4274,,REPLACE_WITH_YOUR_USER_ID,16449270847,unknown,UNKNOWN,12,47,,9,1721194236000,1754593938987,0
4275,,REPLACE_WITH_YOUR_USER_ID,16449270847,unknown,UNKNOWN,12,41,,10,1721194512000,1754593938987,0
4276,,REPLACE_WITH_YOUR_USER_ID,16449270847,unknown,UNKNOWN,12,41,,11,1721194686000,1754593938987,0
4277,,REPLACE_WITH_YOUR_USER_ID,16449270847,unknown,UNKNOWN,15,41,,12,1721194850000,1754593938987,0
4278,,REPLACE_WITH_YOUR_USER_ID,16449270847,unknown,UNKNOWN,8,22,,13,1721195130000,1754593938987,0
4279,,REPLACE_WITH_YOUR_USER_ID,16449270847,unknown,UNKNOWN,8,22,,14,1721195211000,1754593938987,0
4280,,REPLACE_WITH_YOUR_USER_ID,16449270847,unknown,UNKNOWN,8,22,,15,1721195316000,1754593938987,0
4281,,REPLACE_WITH_YOUR_USER_ID,16449270847,unknown,UNKNOWN,8,13,,16,1721195428000,1754593938987,0
4282,,REPLACE_WITH_YOUR_USER_ID,16449270847,unknown,UNKNOWN,8,13,,17,1721195604000,1754593938987,0
4283,,REPLACE_WITH_YOUR_USER_ID,16449270847,unknown,UNKNOWN,8,13,,18,1721195706000,1754593938987,0
4284,,REPLACE_WITH_YOUR_USER_ID,16430365340,unknown,UNKNOWN,12,18,,1,1721098101000,1754593941137,0
4285,,REPLACE_WITH_YOUR_USER_ID,16414998170,unknown,UNKNOWN,14,8,,1,1721017439000,1754593942993,0
4286,,REPLACE_WITH_YOUR_USER_ID,16430365340,unknown,UNKNOWN,15,18,,2,1721098600000,1754593941137,0
4287,,REPLACE_WITH_YOUR_USER_ID,16414998170,unknown,UNKNOWN,15,8,,2,1721017557000,1754593942993,0
4288,,REPLACE_WITH_YOUR_USER_ID,16430365340,unknown,UNKNOWN,15,18,,3,1721098634000,1754593941137,0
4289,,REPLACE_WITH_YOUR_USER_ID,16414998170,unknown,UNKNOWN,15,8,,3,1721017669000,1754593942993,0
4290,,REPLACE_WITH_YOUR_USER_ID,16430365340,unknown,UNKNOWN,8,18,,4,1721098804000,1754593941137,0
4291,,REPLACE_WITH_YOUR_USER_ID,16414998170,unknown,UNKNOWN,6,8,,4,1721017778000,1754593942993,0
4292,,REPLACE_WITH_YOUR_USER_ID,16430365340,unknown,UNKNOWN,10,18,,5,1721098899000,1754593941137,0
4293,,REPLACE_WITH_YOUR_USER_ID,16414998170,unknown,UNKNOWN,15,11,,5,1721017876000,1754593942993,0
4294,,REPLACE_WITH_YOUR_USER_ID,16430365340,unknown,UNKNOWN,8,18,,6,1721099009000,1754593941137,0
4295,,REPLACE_WITH_YOUR_USER_ID,16414998170,unknown,UNKNOWN,15,11,,6,1721018006000,1754593942993,0
4296,,REPLACE_WITH_YOUR_USER_ID,16430365340,unknown,UNKNOWN,12,44,,7,1721099132000,1754593941137,0
4297,,REPLACE_WITH_YOUR_USER_ID,16414998170,unknown,UNKNOWN,16,11,,7,1721018137000,1754593942993,0
4298,,REPLACE_WITH_YOUR_USER_ID,16430365340,unknown,UNKNOWN,10,44,,8,1721099256000,1754593941137,0
4299,,REPLACE_WITH_YOUR_USER_ID,16414998170,unknown,UNKNOWN,16,36,,8,1721018265000,1754593942993,0
4300,,REPLACE_WITH_YOUR_USER_ID,16430365340,unknown,UNKNOWN,12,41,,9,1721099443000,1754593941137,0
4301,,REPLACE_WITH_YOUR_USER_ID,16414998170,unknown,UNKNOWN,15,36,,9,1721018444000,1754593942993,0
4302,,REPLACE_WITH_YOUR_USER_ID,16430365340,unknown,UNKNOWN,15,41,,10,1721099633000,1754593941137,0
4303,,REPLACE_WITH_YOUR_USER_ID,16414998170,unknown,UNKNOWN,16,36,,10,1721018568000,1754593942993,0
4304,,REPLACE_WITH_YOUR_USER_ID,16430365340,unknown,UNKNOWN,15,41,,11,1721099776000,1754593941137,0
4305,,REPLACE_WITH_YOUR_USER_ID,16414998170,unknown,UNKNOWN,8,54,,11,1721018714000,1754593942993,0
4306,,REPLACE_WITH_YOUR_USER_ID,16430365340,unknown,UNKNOWN,12,41,,12,1721099869000,1754593941137,0
4307,,REPLACE_WITH_YOUR_USER_ID,16414998170,unknown,UNKNOWN,8,54,,12,1721018880000,1754593942993,0
4308,,REPLACE_WITH_YOUR_USER_ID,16430365340,unknown,UNKNOWN,12,41,,13,1721099977000,1754593941137,0
4309,,REPLACE_WITH_YOUR_USER_ID,16414998170,unknown,UNKNOWN,8,54,,13,1721018960000,1754593942993,0
4310,,REPLACE_WITH_YOUR_USER_ID,16430365340,unknown,UNKNOWN,15,41,,14,1721100143000,1754593941137,0
4311,,REPLACE_WITH_YOUR_USER_ID,16414998170,unknown,UNKNOWN,20,50,,14,1721019075000,1754593942993,0
4312,,REPLACE_WITH_YOUR_USER_ID,16430365340,unknown,UNKNOWN,12,36,,15,1721100316000,1754593941137,0
4313,,REPLACE_WITH_YOUR_USER_ID,16414998170,unknown,UNKNOWN,15,50,,15,1721019244000,1754593942993,0
4314,,REPLACE_WITH_YOUR_USER_ID,16414998170,unknown,UNKNOWN,20,50,,16,1721019341000,1754593942993,0
4315,,REPLACE_WITH_YOUR_USER_ID,16414998170,unknown,UNKNOWN,12,29,,17,1721019744000,1754593942993,0
4316,,REPLACE_WITH_YOUR_USER_ID,16414998170,unknown,UNKNOWN,10,29,,18,1721019859000,1754593942993,0
4317,,REPLACE_WITH_YOUR_USER_ID,16414998170,unknown,UNKNOWN,8,29,,19,1721019931000,1754593942993,0
4318,,REPLACE_WITH_YOUR_USER_ID,16379318582,unknown,UNKNOWN,10,32,,1,1720837575000,1754593946502,0
4319,,REPLACE_WITH_YOUR_USER_ID,16379318582,unknown,UNKNOWN,8,32,,2,1720837767000,1754593946502,0
4320,,REPLACE_WITH_YOUR_USER_ID,16379318582,unknown,UNKNOWN,15,32,,3,1720837868000,1754593946502,0
4321,,REPLACE_WITH_YOUR_USER_ID,16379318582,unknown,UNKNOWN,15,45,,4,1720838028000,1754593946502,0
4322,,REPLACE_WITH_YOUR_USER_ID,16379318582,unknown,UNKNOWN,12,45,,5,1720838135000,1754593946502,0
4323,,REPLACE_WITH_YOUR_USER_ID,16379318582,unknown,UNKNOWN,15,45,,6,1720838220000,1754593946502,0
4324,,REPLACE_WITH_YOUR_USER_ID,16379318582,unknown,UNKNOWN,10,23,,7,1720838342000,1754593946502,0
4325,,REPLACE_WITH_YOUR_USER_ID,16379318582,unknown,UNKNOWN,13,23,,8,1720838445000,1754593946502,0
4326,,REPLACE_WITH_YOUR_USER_ID,16379318582,unknown,UNKNOWN,8,23,,9,1720838719000,1754593946502,0
4327,,REPLACE_WITH_YOUR_USER_ID,16379318582,unknown,UNKNOWN,12,26,,10,1720838895000,1754593946502,0
4328,,REPLACE_WITH_YOUR_USER_ID,16379318582,unknown,UNKNOWN,10,26,,11,1720839091000,1754593946502,0
4329,,REPLACE_WITH_YOUR_USER_ID,16379318582,unknown,UNKNOWN,12,26,,12,1720839191000,1754593946502,0
4330,,REPLACE_WITH_YOUR_USER_ID,16379318582,unknown,UNKNOWN,15,26,,13,1720839310000,1754593946502,0
4331,,REPLACE_WITH_YOUR_USER_ID,16379318582,unknown,UNKNOWN,10,26,,14,1720839373000,1754593946502,0
4332,,REPLACE_WITH_YOUR_USER_ID,16379318582,unknown,UNKNOWN,8,26,,15,1720839458000,1754593946502,0
4333,,REPLACE_WITH_YOUR_USER_ID,16364847900,unknown,UNKNOWN,12,41,,1,1720754036000,1754593948697,0
4334,,REPLACE_WITH_YOUR_USER_ID,16364847900,unknown,UNKNOWN,10,41,,2,1720754197000,1754593948697,0
4335,,REPLACE_WITH_YOUR_USER_ID,16364847900,unknown,UNKNOWN,8,41,,3,1720754288000,1754593948697,0
4336,,REPLACE_WITH_YOUR_USER_ID,16364847900,unknown,UNKNOWN,8,36,,4,1720754420000,1754593948697,0
4337,,REPLACE_WITH_YOUR_USER_ID,16364847900,unknown,UNKNOWN,8,36,,5,1720754527000,1754593948697,0
4338,,REPLACE_WITH_YOUR_USER_ID,16364847900,unknown,UNKNOWN,8,36,,6,1720754604000,1754593948697,0
4339,,REPLACE_WITH_YOUR_USER_ID,16364847900,unknown,UNKNOWN,14,54,,7,1720754707000,1754593948697,0
4340,,REPLACE_WITH_YOUR_USER_ID,16364847900,unknown,UNKNOWN,10,54,,8,1720754810000,1754593948697,0
4341,,REPLACE_WITH_YOUR_USER_ID,16364847900,unknown,UNKNOWN,10,54,,9,1720754920000,1754593948697,0
4342,,REPLACE_WITH_YOUR_USER_ID,16364847900,unknown,UNKNOWN,10,23,,10,1720755056000,1754593948697,0
4343,,REPLACE_WITH_YOUR_USER_ID,16364847900,unknown,UNKNOWN,8,23,,11,1720755132000,1754593948697,0
4344,,REPLACE_WITH_YOUR_USER_ID,16364847900,unknown,UNKNOWN,8,23,,12,1720755187000,1754593948697,0
4345,,REPLACE_WITH_YOUR_USER_ID,16364847900,unknown,UNKNOWN,10,23,,13,1720755305000,1754593948697,0
4346,,REPLACE_WITH_YOUR_USER_ID,16364847900,unknown,UNKNOWN,8,23,,14,1720755375000,1754593948697,0
4347,,REPLACE_WITH_YOUR_USER_ID,16364847900,unknown,UNKNOWN,8,23,,15,1720755443000,1754593948697,0
4348,,REPLACE_WITH_YOUR_USER_ID,16364847900,unknown,UNKNOWN,8,36,,16,1720755548000,1754593948697,0
4349,,REPLACE_WITH_YOUR_USER_ID,16364847900,unknown,UNKNOWN,12,36,,17,1720755623000,1754593948697,0
4350,,REPLACE_WITH_YOUR_USER_ID,16364847900,unknown,UNKNOWN,8,36,,18,1720755746000,1754593948697,0
4351,,REPLACE_WITH_YOUR_USER_ID,16364847900,unknown,UNKNOWN,12,41,,19,1720755853000,1754593948697,0
4352,,REPLACE_WITH_YOUR_USER_ID,16364847900,unknown,UNKNOWN,12,41,,20,1720755955000,1754593948697,0
4353,,REPLACE_WITH_YOUR_USER_ID,16364847900,unknown,UNKNOWN,12,41,,21,1720756064000,1754593948697,0
4354,,REPLACE_WITH_YOUR_USER_ID,16364847900,unknown,UNKNOWN,8,50,,22,1720756192000,1754593948697,0
4355,,REPLACE_WITH_YOUR_USER_ID,16364847900,unknown,UNKNOWN,8,50,,23,1720756274000,1754593948697,0
4356,,REPLACE_WITH_YOUR_USER_ID,16364847900,unknown,UNKNOWN,8,50,,24,1720756325000,1754593948697,0
4357,,REPLACE_WITH_YOUR_USER_ID,16364847900,unknown,UNKNOWN,8,50,,25,1720756430000,1754593948697,0
4358,,REPLACE_WITH_YOUR_USER_ID,16364847900,unknown,UNKNOWN,6,50,,26,1720756522000,1754593948697,0
4359,,REPLACE_WITH_YOUR_USER_ID,16364847900,unknown,UNKNOWN,6,50,,27,1720756620000,1754593948697,0
4360,,REPLACE_WITH_YOUR_USER_ID,16364847900,unknown,UNKNOWN,10,54,,28,1720756912000,1754593948697,0
4361,,REPLACE_WITH_YOUR_USER_ID,16364847900,unknown,UNKNOWN,8,54,,29,1720756986000,1754593948697,0
4362,,REPLACE_WITH_YOUR_USER_ID,16364847900,unknown,UNKNOWN,8,<null>,,30,1720757065000,1754593948697,0
4363,,REPLACE_WITH_YOUR_USER_ID,16255942806,unknown,UNKNOWN,20,<null>,,1,1720133771000,1754593951439,0
4364,,REPLACE_WITH_YOUR_USER_ID,16255942806,unknown,UNKNOWN,5,<null>,,2,1720133839000,1754593951439,0
4365,,REPLACE_WITH_YOUR_USER_ID,16255942806,unknown,UNKNOWN,18,<null>,,3,1720133882000,1754593951439,0
4366,,REPLACE_WITH_YOUR_USER_ID,16143856234,unknown,UNKNOWN,17,18,,1,1719609399000,1754593970524,0
4367,,REPLACE_WITH_YOUR_USER_ID,16143856234,unknown,UNKNOWN,20,18,,2,1719609506000,1754593970524,0
4368,,REPLACE_WITH_YOUR_USER_ID,16143856234,unknown,UNKNOWN,15,18,,3,1719609650000,1754593970524,0
4369,,REPLACE_WITH_YOUR_USER_ID,16143856234,unknown,UNKNOWN,15,18,,4,1719609804000,1754593970524,0
4370,,REPLACE_WITH_YOUR_USER_ID,16143856234,unknown,UNKNOWN,15,18,,5,1719609933000,1754593970524,0
4371,,REPLACE_WITH_YOUR_USER_ID,16143856234,unknown,UNKNOWN,15,18,,6,1719610017000,1754593970524,0
4372,,REPLACE_WITH_YOUR_USER_ID,16143856234,unknown,UNKNOWN,15,18,,7,1719610294000,1754593970524,0
4373,,REPLACE_WITH_YOUR_USER_ID,16143856234,unknown,UNKNOWN,12,18,,8,1719610472000,1754593970524,0
4374,,REPLACE_WITH_YOUR_USER_ID,16143856234,unknown,UNKNOWN,12,18,,9,1719610634000,1754593970524,0
4375,,REPLACE_WITH_YOUR_USER_ID,16143856234,unknown,UNKNOWN,15,50,,10,1719610788000,1754593970524,0
4376,,REPLACE_WITH_YOUR_USER_ID,16143856234,unknown,UNKNOWN,10,50,,11,1719610884000,1754593970524,0
4377,,REPLACE_WITH_YOUR_USER_ID,16143856234,unknown,UNKNOWN,10,54,,12,1719610970000,1754593970524,0
4378,,REPLACE_WITH_YOUR_USER_ID,16143856234,unknown,UNKNOWN,15,50,,13,1719611208000,1754593970524,0
4379,,REPLACE_WITH_YOUR_USER_ID,16143856234,unknown,UNKNOWN,15,50,,14,1719611303000,1754593970524,0
4380,,REPLACE_WITH_YOUR_USER_ID,16143856234,unknown,UNKNOWN,15,50,,15,1719611431000,1754593970524,0
4381,,REPLACE_WITH_YOUR_USER_ID,16143856234,unknown,UNKNOWN,15,27,,16,1719611536000,1754593970524,0
4382,,REPLACE_WITH_YOUR_USER_ID,16143856234,unknown,UNKNOWN,12,27,,17,1719611649000,1754593970524,0
4383,,REPLACE_WITH_YOUR_USER_ID,16143856234,unknown,UNKNOWN,12,23,,18,1719611742000,1754593970524,0
4384,,REPLACE_WITH_YOUR_USER_ID,16143856234,unknown,UNKNOWN,15,41,,19,1719611854000,1754593970524,0
4385,,REPLACE_WITH_YOUR_USER_ID,16143856234,unknown,UNKNOWN,10,41,,20,1719611945000,1754593970524,0
4386,,REPLACE_WITH_YOUR_USER_ID,16129069784,unknown,UNKNOWN,15,45,,1,1719527310000,1754593975528,0
4387,,REPLACE_WITH_YOUR_USER_ID,16129069784,unknown,UNKNOWN,15,45,,2,1719527480000,1754593975528,0
4388,,REPLACE_WITH_YOUR_USER_ID,16129069784,unknown,UNKNOWN,15,45,,3,1719527663000,1754593975528,0
4389,,REPLACE_WITH_YOUR_USER_ID,16129069784,unknown,UNKNOWN,15,45,,4,1719527827000,1754593975528,0
4390,,REPLACE_WITH_YOUR_USER_ID,16129069784,unknown,UNKNOWN,12,36,,5,1719527950000,1754593975528,0
4391,,REPLACE_WITH_YOUR_USER_ID,16129069784,unknown,UNKNOWN,10,36,,6,1719528140000,1754593975528,0
4392,,REPLACE_WITH_YOUR_USER_ID,16129069784,unknown,UNKNOWN,10,36,,7,1719528268000,1754593975528,0
4393,,REPLACE_WITH_YOUR_USER_ID,16129069784,unknown,UNKNOWN,15,27,,8,1719528379000,1754593975528,0
4394,,REPLACE_WITH_YOUR_USER_ID,16129069784,unknown,UNKNOWN,15,27,,9,1719528500000,1754593975528,0
4395,,REPLACE_WITH_YOUR_USER_ID,16129069784,unknown,UNKNOWN,15,27,,10,1719528661000,1754593975528,0
4396,,REPLACE_WITH_YOUR_USER_ID,16129069784,unknown,UNKNOWN,15,23,,11,1719528760000,1754593975528,0
4397,,REPLACE_WITH_YOUR_USER_ID,16129069784,unknown,UNKNOWN,15,23,,12,1719528887000,1754593975528,0
4398,,REPLACE_WITH_YOUR_USER_ID,16129069784,unknown,UNKNOWN,12,23,,13,1719529032000,1754593975528,0
4399,,REPLACE_WITH_YOUR_USER_ID,16129069784,unknown,UNKNOWN,15,38,,14,1719529249000,1754593975528,0
4400,,REPLACE_WITH_YOUR_USER_ID,16129069784,unknown,UNKNOWN,12,34,,15,1719529371000,1754593975528,0
4401,,REPLACE_WITH_YOUR_USER_ID,16129069784,unknown,UNKNOWN,12,34,,16,1719529545000,1754593975528,0
4402,,REPLACE_WITH_YOUR_USER_ID,16129069784,unknown,UNKNOWN,15,52,,17,1719529729000,1754593975528,0
4403,,REPLACE_WITH_YOUR_USER_ID,16129069784,unknown,UNKNOWN,12,52,,18,1719529888000,1754593975528,0
4404,,REPLACE_WITH_YOUR_USER_ID,16047329144,unknown,UNKNOWN,15,41,,1,1719117629000,1754594872088,0
4405,,REPLACE_WITH_YOUR_USER_ID,16063560033,unknown,UNKNOWN,15,54,,1,1719192791000,1754594869326,0
4406,,REPLACE_WITH_YOUR_USER_ID,16047329144,unknown,UNKNOWN,15,41,,2,1719117728000,1754594872088,0
4407,,REPLACE_WITH_YOUR_USER_ID,16063560033,unknown,UNKNOWN,15,54,,2,1719192901000,1754594869326,0
4408,,REPLACE_WITH_YOUR_USER_ID,16047329144,unknown,UNKNOWN,15,41,,3,1719117936000,1754594872088,0
4409,,REPLACE_WITH_YOUR_USER_ID,16063560033,unknown,UNKNOWN,10,54,,3,1719193004000,1754594869326,0
4410,,REPLACE_WITH_YOUR_USER_ID,16047329144,unknown,UNKNOWN,15,41,,4,1719118076000,1754594872088,0
4411,,REPLACE_WITH_YOUR_USER_ID,16063560033,unknown,UNKNOWN,15,0,,4,1719193115000,1754594869326,0
4412,,REPLACE_WITH_YOUR_USER_ID,16047329144,unknown,UNKNOWN,15,36,,5,1719118201000,1754594872088,0
4413,,REPLACE_WITH_YOUR_USER_ID,16063560033,unknown,UNKNOWN,7,0,,5,1719193325000,1754594869326,0
4414,,REPLACE_WITH_YOUR_USER_ID,16047329144,unknown,UNKNOWN,15,36,,6,1719118324000,1754594872088,0
4415,,REPLACE_WITH_YOUR_USER_ID,16063560033,unknown,UNKNOWN,17,0,,6,1719193390000,1754594869326,0
4416,,REPLACE_WITH_YOUR_USER_ID,16047329144,unknown,UNKNOWN,15,56,,7,1719118568000,1754594872088,0
4417,,REPLACE_WITH_YOUR_USER_ID,16063560033,unknown,UNKNOWN,15,41,,7,1719193504000,1754594869326,0
4418,,REPLACE_WITH_YOUR_USER_ID,16047329144,unknown,UNKNOWN,12,56,,8,1719118712000,1754594872088,0
4419,,REPLACE_WITH_YOUR_USER_ID,16063560033,unknown,UNKNOWN,15,41,,8,1719193636000,1754594869326,0
4420,,REPLACE_WITH_YOUR_USER_ID,16047329144,unknown,UNKNOWN,10,56,,9,1719118850000,1754594872088,0
4421,,REPLACE_WITH_YOUR_USER_ID,16063560033,unknown,UNKNOWN,16,41,,9,1719193882000,1754594869326,0
4422,,REPLACE_WITH_YOUR_USER_ID,16047329144,unknown,UNKNOWN,16,41,,10,1719119027000,1754594872088,0
4423,,REPLACE_WITH_YOUR_USER_ID,16063560033,unknown,UNKNOWN,15,34,,10,1719193973000,1754594869326,0
4424,,REPLACE_WITH_YOUR_USER_ID,16047329144,unknown,UNKNOWN,15,41,,11,1719119096000,1754594872088,0
4425,,REPLACE_WITH_YOUR_USER_ID,16063560033,unknown,UNKNOWN,15,32,,11,1719194086000,1754594869326,0
4426,,REPLACE_WITH_YOUR_USER_ID,16047329144,unknown,UNKNOWN,15,36,,12,1719119238000,1754594872088,0
4427,,REPLACE_WITH_YOUR_USER_ID,16063560033,unknown,UNKNOWN,15,32,,12,1719194234000,1754594869326,0
4428,,REPLACE_WITH_YOUR_USER_ID,16047329144,unknown,UNKNOWN,15,43,,13,1719119413000,1754594872088,0
4429,,REPLACE_WITH_YOUR_USER_ID,16063560033,unknown,UNKNOWN,15,41,,13,1719194409000,1754594869326,0
4430,,REPLACE_WITH_YOUR_USER_ID,16047329144,unknown,UNKNOWN,15,43,,14,1719119535000,1754594872088,0
4431,,REPLACE_WITH_YOUR_USER_ID,16063560033,unknown,UNKNOWN,15,41,,14,1719194532000,1754594869326,0
4432,,REPLACE_WITH_YOUR_USER_ID,16063560033,unknown,UNKNOWN,15,41,,15,1719194649000,1754594869326,0
4433,,REPLACE_WITH_YOUR_USER_ID,16047329144,unknown,UNKNOWN,15,43,,15,1719119630000,1754594872088,0
4434,,REPLACE_WITH_YOUR_USER_ID,16063560033,unknown,UNKNOWN,15,32,,16,1719194758000,1754594869326,0
4435,,REPLACE_WITH_YOUR_USER_ID,16047329144,unknown,UNKNOWN,15,32,,16,1719119752000,1754594872088,0
4436,,REPLACE_WITH_YOUR_USER_ID,16063560033,unknown,UNKNOWN,15,32,,17,1719194881000,1754594869326,0
4437,,REPLACE_WITH_YOUR_USER_ID,16047329144,unknown,UNKNOWN,15,27,,17,1719119863000,1754594872088,0
4438,,REPLACE_WITH_YOUR_USER_ID,16047329144,unknown,UNKNOWN,15,27,,18,1719120028000,1754594872088,0
4439,,REPLACE_WITH_YOUR_USER_ID,16017349706,situp,Sit-Up,10,0,,1,1718943608000,1754594875048,0
4440,,REPLACE_WITH_YOUR_USER_ID,16030764167,unknown,UNKNOWN,15,56,,1,1719031056000,1754594873976,0
4441,,REPLACE_WITH_YOUR_USER_ID,16017349706,situp,Sit-Up,10,0,,2,1718943681000,1754594875048,0
4442,,REPLACE_WITH_YOUR_USER_ID,16030764167,unknown,UNKNOWN,15,56,,2,1719031149000,1754594873976,0
4443,,REPLACE_WITH_YOUR_USER_ID,16017349706,situp,Sit-Up,15,0,,3,1718943855000,1754594875048,0
4444,,REPLACE_WITH_YOUR_USER_ID,16030764167,unknown,UNKNOWN,12,56,,3,1719031247000,1754594873976,0
4445,,REPLACE_WITH_YOUR_USER_ID,16017349706,situp,Sit-Up,15,0,,4,1718949373000,1754594875048,0
4446,,REPLACE_WITH_YOUR_USER_ID,16030764167,unknown,UNKNOWN,12,18,,4,1719031457000,1754594873976,0
4447,,REPLACE_WITH_YOUR_USER_ID,16017349706,situp,Sit-Up,15,0,,5,1718949441000,1754594875048,0
4448,,REPLACE_WITH_YOUR_USER_ID,16030764167,unknown,UNKNOWN,12,14,,5,1719031564000,1754594873976,0
4449,,REPLACE_WITH_YOUR_USER_ID,16017349706,situp,Sit-Up,4,0,,6,1718950003000,1754594875048,0
4450,,REPLACE_WITH_YOUR_USER_ID,16030764167,unknown,UNKNOWN,12,14,,6,1719031671000,1754594873976,0
4451,,REPLACE_WITH_YOUR_USER_ID,16017349706,situp,Sit-Up,20,0,,7,1718951978000,1754594875048,0
4452,,REPLACE_WITH_YOUR_USER_ID,16030764167,unknown,UNKNOWN,12,50,,7,1719031854000,1754594873976,0
4453,,REPLACE_WITH_YOUR_USER_ID,16017349706,pushup,Push-Up,6,0,,1,1718944109000,1754594875048,0
4454,,REPLACE_WITH_YOUR_USER_ID,16030764167,unknown,UNKNOWN,12,41,,8,1719031970000,1754594873976,0
4455,,REPLACE_WITH_YOUR_USER_ID,16017349706,pushup,Push-Up,3,0,,2,1718944919000,1754594875048,0
4456,,REPLACE_WITH_YOUR_USER_ID,16030764167,unknown,UNKNOWN,15,41,,9,1719032080000,1754594873976,0
4457,,REPLACE_WITH_YOUR_USER_ID,16017349706,plank,Plank,1,0,,1,1718952069000,1754594875048,0
4458,,REPLACE_WITH_YOUR_USER_ID,16030764167,unknown,UNKNOWN,15,38,,10,1719032212000,1754594873976,0
4459,,REPLACE_WITH_YOUR_USER_ID,16017349706,plank,Plank,1,0,,2,1718960696000,1754594875048,0
4460,,REPLACE_WITH_YOUR_USER_ID,16030764167,unknown,UNKNOWN,15,38,,11,1719032271000,1754594873976,0
4461,,REPLACE_WITH_YOUR_USER_ID,16030764167,unknown,UNKNOWN,15,38,,12,1719032362000,1754594873976,0
4462,,REPLACE_WITH_YOUR_USER_ID,16030764167,unknown,UNKNOWN,15,32,,13,1719032570000,1754594873976,0
4463,,REPLACE_WITH_YOUR_USER_ID,16030764167,unknown,UNKNOWN,15,32,,14,1719032761000,1754594873976,0
4464,,REPLACE_WITH_YOUR_USER_ID,16030764167,unknown,UNKNOWN,15,32,,15,1719032948000,1754594873976,0
4465,,REPLACE_WITH_YOUR_USER_ID,16030764167,unknown,UNKNOWN,16,43,,16,1719033154000,1754594873976,0
4466,,REPLACE_WITH_YOUR_USER_ID,16030764167,unknown,UNKNOWN,15,38,,17,1719033238000,1754594873976,0
4467,,REPLACE_WITH_YOUR_USER_ID,16030764167,unknown,UNKNOWN,11,36,,18,1719033362000,1754594873976,0
4468,,REPLACE_WITH_YOUR_USER_ID,15996955893,unknown,UNKNOWN,15,13,,1,1718840916000,1754594878286,0
4469,,REPLACE_WITH_YOUR_USER_ID,16015020864,unknown,UNKNOWN,15,18,,1,1718937153000,1754594876296,0
4470,,REPLACE_WITH_YOUR_USER_ID,15996955893,unknown,UNKNOWN,15,13,,2,1718840984000,1754594878286,0
4471,,REPLACE_WITH_YOUR_USER_ID,16015020864,unknown,UNKNOWN,10,18,,2,1718937224000,1754594876296,0
4472,,REPLACE_WITH_YOUR_USER_ID,15996955893,unknown,UNKNOWN,10,13,,3,1718841054000,1754594878286,0
4473,,REPLACE_WITH_YOUR_USER_ID,16015020864,unknown,UNKNOWN,10,13,,3,1718937290000,1754594876296,0
4474,,REPLACE_WITH_YOUR_USER_ID,15996955893,unknown,UNKNOWN,15,32,,4,1718841235000,1754594878286,0
4475,,REPLACE_WITH_YOUR_USER_ID,16015020864,unknown,UNKNOWN,15,38,,4,1718937565000,1754594876296,0
4476,,REPLACE_WITH_YOUR_USER_ID,15996955893,unknown,UNKNOWN,15,32,,5,1718841546000,1754594878286,0
4477,,REPLACE_WITH_YOUR_USER_ID,16015020864,unknown,UNKNOWN,9,34,,5,1718937657000,1754594876296,0
4478,,REPLACE_WITH_YOUR_USER_ID,15996955893,unknown,UNKNOWN,10,38,,6,1718841647000,1754594878286,0
4479,,REPLACE_WITH_YOUR_USER_ID,16015020864,unknown,UNKNOWN,10,27,,6,1718937777000,1754594876296,0
4480,,REPLACE_WITH_YOUR_USER_ID,15996955893,unknown,UNKNOWN,12,32,,7,1718841795000,1754594878286,0
4481,,REPLACE_WITH_YOUR_USER_ID,16015020864,unknown,UNKNOWN,15,29,,7,1718937890000,1754594876296,0
4482,,REPLACE_WITH_YOUR_USER_ID,15996955893,unknown,UNKNOWN,10,32,,8,1718841874000,1754594878286,0
4483,,REPLACE_WITH_YOUR_USER_ID,16015020864,unknown,UNKNOWN,15,27,,8,1718938046000,1754594876296,0
4484,,REPLACE_WITH_YOUR_USER_ID,15996955893,unknown,UNKNOWN,15,29,,9,1718841969000,1754594878286,0
4485,,REPLACE_WITH_YOUR_USER_ID,16015020864,unknown,UNKNOWN,15,27,,9,1718938175000,1754594876296,0
4486,,REPLACE_WITH_YOUR_USER_ID,15996955893,unknown,UNKNOWN,15,28,,10,1718842098000,1754594878286,0
4487,,REPLACE_WITH_YOUR_USER_ID,16015020864,unknown,UNKNOWN,15,41,,10,1718938306000,1754594876296,0
4488,,REPLACE_WITH_YOUR_USER_ID,15996955893,unknown,UNKNOWN,15,23,,11,1718842251000,1754594878286,0
4489,,REPLACE_WITH_YOUR_USER_ID,16015020864,unknown,UNKNOWN,15,41,,11,1718938451000,1754594876296,0
4490,,REPLACE_WITH_YOUR_USER_ID,15996955893,unknown,UNKNOWN,15,27,,12,1718842441000,1754594878286,0
4491,,REPLACE_WITH_YOUR_USER_ID,16015020864,unknown,UNKNOWN,10,41,,12,1718938536000,1754594876296,0
4492,,REPLACE_WITH_YOUR_USER_ID,15996955893,unknown,UNKNOWN,10,27,,13,1718842537000,1754594878286,0
4493,,REPLACE_WITH_YOUR_USER_ID,16015020864,unknown,UNKNOWN,15,50,,13,1718938638000,1754594876296,0
4494,,REPLACE_WITH_YOUR_USER_ID,15996955893,unknown,UNKNOWN,10,23,,14,1718842622000,1754594878286,0
4495,,REPLACE_WITH_YOUR_USER_ID,16015020864,unknown,UNKNOWN,15,50,,14,1718938728000,1754594876296,0
4496,,REPLACE_WITH_YOUR_USER_ID,15996955893,unknown,UNKNOWN,12,23,,15,1718842774000,1754594878286,0
4497,,REPLACE_WITH_YOUR_USER_ID,15996955893,unknown,UNKNOWN,15,41,,16,1718842881000,1754594878286,0
4498,,REPLACE_WITH_YOUR_USER_ID,16015020864,unknown,UNKNOWN,15,50,,15,1718938820000,1754594876296,0
4499,,REPLACE_WITH_YOUR_USER_ID,16015020864,unknown,UNKNOWN,15,32,,16,1718938948000,1754594876296,0
4500,,REPLACE_WITH_YOUR_USER_ID,16015020864,unknown,UNKNOWN,15,27,,17,1718939071000,1754594876296,0
4501,,REPLACE_WITH_YOUR_USER_ID,16015020864,unknown,UNKNOWN,15,27,,18,1718939185000,1754594876296,0
4502,,REPLACE_WITH_YOUR_USER_ID,16015020864,unknown,UNKNOWN,10,27,,19,1718939372000,1754594876296,0
4503,,REPLACE_WITH_YOUR_USER_ID,15980987096,unknown,UNKNOWN,8,38,,1,1718762092000,1754594880180,0
4504,,REPLACE_WITH_YOUR_USER_ID,15980987096,unknown,UNKNOWN,15,29,,2,1718762187000,1754594880180,0
4505,,REPLACE_WITH_YOUR_USER_ID,15980987096,unknown,UNKNOWN,15,29,,3,1718763007000,1754594880180,0
4506,,REPLACE_WITH_YOUR_USER_ID,15980987096,unknown,UNKNOWN,15,34,,4,1718763368000,1754594880180,0
4507,,REPLACE_WITH_YOUR_USER_ID,15980987096,unknown,UNKNOWN,15,27,,5,1718763632000,1754594880180,0
4508,,REPLACE_WITH_YOUR_USER_ID,15980987096,unknown,UNKNOWN,16,27,,6,1718763705000,1754594880180,0
4509,,REPLACE_WITH_YOUR_USER_ID,15980987096,unknown,UNKNOWN,11,27,,7,1718763806000,1754594880180,0
4510,,REPLACE_WITH_YOUR_USER_ID,15980987096,unknown,UNKNOWN,10,27,,8,1718763928000,1754594880180,0
4511,,REPLACE_WITH_YOUR_USER_ID,15980987096,unknown,UNKNOWN,15,18,,9,1718764019000,1754594880180,0
4512,,REPLACE_WITH_YOUR_USER_ID,15980987096,unknown,UNKNOWN,14,18,,10,1718764164000,1754594880180,0
4513,,REPLACE_WITH_YOUR_USER_ID,15980987096,unknown,UNKNOWN,10,13,,11,1718764565000,1754594880180,0
4514,,REPLACE_WITH_YOUR_USER_ID,15980987096,unknown,UNKNOWN,15,13,,12,1718764847000,1754594880180,0
4515,,REPLACE_WITH_YOUR_USER_ID,15980987096,unknown,UNKNOWN,6,7,,13,1718764913000,1754594880180,0
4516,,REPLACE_WITH_YOUR_USER_ID,15980987096,unknown,UNKNOWN,10,52,,14,1718765069000,1754594880180,0
4517,,REPLACE_WITH_YOUR_USER_ID,15980987096,unknown,UNKNOWN,10,52,,15,1718765253000,1754594880180,0
4518,,REPLACE_WITH_YOUR_USER_ID,15964651913,dumbbell-curl,Dumbbell Curl,13,29,,1,1718687263000,1754594887587,0
4519,,REPLACE_WITH_YOUR_USER_ID,15943976104,unknown,UNKNOWN,15,38,,1,1718573579000,1754594892524,0
4520,,REPLACE_WITH_YOUR_USER_ID,15964651913,dumbbell-curl,Dumbbell Curl,10,29,,2,1718687369000,1754594887587,0
4521,,REPLACE_WITH_YOUR_USER_ID,15943976104,unknown,UNKNOWN,16,32,,2,1718573719000,1754594892524,0
4522,,REPLACE_WITH_YOUR_USER_ID,15943976104,unknown,UNKNOWN,10,32,,3,1718573790000,1754594892524,0
4523,,REPLACE_WITH_YOUR_USER_ID,15943976104,unknown,UNKNOWN,15,23,,4,1718573884000,1754594892524,0
4524,,REPLACE_WITH_YOUR_USER_ID,15943976104,unknown,UNKNOWN,15,23,,5,1718573982000,1754594892524,0
4525,,REPLACE_WITH_YOUR_USER_ID,15943976104,unknown,UNKNOWN,10,32,,6,1718574075000,1754594892524,0
4526,,REPLACE_WITH_YOUR_USER_ID,15943976104,unknown,UNKNOWN,12,27,,7,1718574225000,1754594892524,0
4527,,REPLACE_WITH_YOUR_USER_ID,15943976104,unknown,UNKNOWN,10,23,,8,1718574334000,1754594892524,0
4528,,REPLACE_WITH_YOUR_USER_ID,15931232614,unknown,UNKNOWN,11,18,,1,1718514943000,1754594897514,0
4529,,REPLACE_WITH_YOUR_USER_ID,15914927758,unknown,UNKNOWN,15,36,,1,1718430009000,1754594902520,0
4530,,REPLACE_WITH_YOUR_USER_ID,15931232614,unknown,UNKNOWN,15,27,,2,1718515108000,1754594897514,0
4531,,REPLACE_WITH_YOUR_USER_ID,15914927758,unknown,UNKNOWN,15,32,,2,1718430150000,1754594902520,0
4532,,REPLACE_WITH_YOUR_USER_ID,15931232614,unknown,UNKNOWN,10,<null>,,3,1718515242000,1754594897514,0
4533,,REPLACE_WITH_YOUR_USER_ID,15914927758,unknown,UNKNOWN,15,23,,3,1718430309000,1754594902520,0
4534,,REPLACE_WITH_YOUR_USER_ID,15931232614,unknown,UNKNOWN,15,27,,4,1718515568000,1754594897514,0
4535,,REPLACE_WITH_YOUR_USER_ID,15914927758,unknown,UNKNOWN,10,20,,4,1718430495000,1754594902520,0
4536,,REPLACE_WITH_YOUR_USER_ID,15931232614,unknown,UNKNOWN,8,12,,5,1718515661000,1754594897514,0
4537,,REPLACE_WITH_YOUR_USER_ID,15914927758,unknown,UNKNOWN,15,23,,5,1718430615000,1754594902520,0
4538,,REPLACE_WITH_YOUR_USER_ID,15931232614,unknown,UNKNOWN,15,12,,6,1718515770000,1754594897514,0
4539,,REPLACE_WITH_YOUR_USER_ID,15914927758,unknown,UNKNOWN,15,23,,6,1718430749000,1754594902520,0
4540,,REPLACE_WITH_YOUR_USER_ID,15931232614,unknown,UNKNOWN,15,34,,7,1718515975000,1754594897514,0
4541,,REPLACE_WITH_YOUR_USER_ID,15914927758,unknown,UNKNOWN,15,23,,7,1718430835000,1754594902520,0
4542,,REPLACE_WITH_YOUR_USER_ID,15931232614,unknown,UNKNOWN,15,34,,8,1718516117000,1754594897514,0
4543,,REPLACE_WITH_YOUR_USER_ID,15914927758,unknown,UNKNOWN,15,23,,8,1718430915000,1754594902520,0
4544,,REPLACE_WITH_YOUR_USER_ID,15931232614,unknown,UNKNOWN,15,34,,9,1718516279000,1754594897514,0
4545,,REPLACE_WITH_YOUR_USER_ID,15914927758,unknown,UNKNOWN,20,23,,9,1718431053000,1754594902520,0
4546,,REPLACE_WITH_YOUR_USER_ID,15931232614,unknown,UNKNOWN,15,29,,10,1718516367000,1754594897514,0
4547,,REPLACE_WITH_YOUR_USER_ID,15914927758,unknown,UNKNOWN,15,27,,10,1718431391000,1754594902520,0
4548,,REPLACE_WITH_YOUR_USER_ID,15931232614,unknown,UNKNOWN,15,29,,11,1718516491000,1754594897514,0
4549,,REPLACE_WITH_YOUR_USER_ID,15914927758,unknown,UNKNOWN,15,23,,11,1718431878000,1754594902520,0
4550,,REPLACE_WITH_YOUR_USER_ID,15931232614,unknown,UNKNOWN,10,23,,12,1718516616000,1754594897514,0
4551,,REPLACE_WITH_YOUR_USER_ID,15914927758,unknown,UNKNOWN,10,23,,12,1718431943000,1754594902520,0
4552,,REPLACE_WITH_YOUR_USER_ID,15931232614,unknown,UNKNOWN,15,23,,13,1718516744000,1754594897514,0
4553,,REPLACE_WITH_YOUR_USER_ID,15914927758,unknown,UNKNOWN,0,<null>,,13,1718431974000,1754594902520,0
4554,,REPLACE_WITH_YOUR_USER_ID,15931232614,unknown,UNKNOWN,15,23,,14,1718516874000,1754594897514,0
4555,,REPLACE_WITH_YOUR_USER_ID,15931232614,unknown,UNKNOWN,13,27,,15,1718516979000,1754594897514,0
4556,,REPLACE_WITH_YOUR_USER_ID,15931232614,unknown,UNKNOWN,13,23,,16,1718517132000,1754594897514,0
4557,,REPLACE_WITH_YOUR_USER_ID,15896065710,unknown,UNKNOWN,15,36,,1,1718320957000,1754594906511,0
4558,,REPLACE_WITH_YOUR_USER_ID,15896065710,unknown,UNKNOWN,9,32,,2,1718321071000,1754594906511,0
4559,,REPLACE_WITH_YOUR_USER_ID,15896065710,unknown,UNKNOWN,14,23,,3,1718321175000,1754594906511,0
4560,,REPLACE_WITH_YOUR_USER_ID,15896065710,unknown,UNKNOWN,15,18,,4,1718321284000,1754594906511,0
4561,,REPLACE_WITH_YOUR_USER_ID,15896065710,unknown,UNKNOWN,15,18,,5,1718321418000,1754594906511,0
4562,,REPLACE_WITH_YOUR_USER_ID,15896065710,unknown,UNKNOWN,15,23,,6,1718321542000,1754594906511,0
4563,,REPLACE_WITH_YOUR_USER_ID,15896065710,unknown,UNKNOWN,15,23,,7,1718321664000,1754594906511,0
4564,,REPLACE_WITH_YOUR_USER_ID,15896065710,unknown,UNKNOWN,10,23,,8,1718321738000,1754594906511,0
4565,,REPLACE_WITH_YOUR_USER_ID,15896065710,unknown,UNKNOWN,15,25,,9,1718321821000,1754594906511,0
4566,,REPLACE_WITH_YOUR_USER_ID,15883371895,unknown,UNKNOWN,15,18,,1,1718256120000,1754594911522,0
4567,,REPLACE_WITH_YOUR_USER_ID,15857574473,unknown,UNKNOWN,15,30,,1,1718134532000,1754594916522,0
4568,,REPLACE_WITH_YOUR_USER_ID,15883371895,unknown,UNKNOWN,16,18,,2,1718256185000,1754594911522,0
4569,,REPLACE_WITH_YOUR_USER_ID,15857574473,unknown,UNKNOWN,15,30,,2,1718134617000,1754594916522,0
4570,,REPLACE_WITH_YOUR_USER_ID,15883371895,unknown,UNKNOWN,15,18,,3,1718256249000,1754594911522,0
4571,,REPLACE_WITH_YOUR_USER_ID,15857574473,unknown,UNKNOWN,15,50,,3,1718134705000,1754594916522,0
4572,,REPLACE_WITH_YOUR_USER_ID,15883371895,unknown,UNKNOWN,15,26,,4,1718256351000,1754594911522,0
4573,,REPLACE_WITH_YOUR_USER_ID,15857574473,unknown,UNKNOWN,15,50,,4,1718134797000,1754594916522,0
4574,,REPLACE_WITH_YOUR_USER_ID,15883371895,unknown,UNKNOWN,15,18,,5,1718256480000,1754594911522,0
4575,,REPLACE_WITH_YOUR_USER_ID,15857574473,unknown,UNKNOWN,15,0,,5,1718134941000,1754594916522,0
4576,,REPLACE_WITH_YOUR_USER_ID,15883371895,unknown,UNKNOWN,15,12,,6,1718256653000,1754594911522,0
4577,,REPLACE_WITH_YOUR_USER_ID,15857574473,unknown,UNKNOWN,15,0,,6,1718135172000,1754594916522,0
4578,,REPLACE_WITH_YOUR_USER_ID,15883371895,unknown,UNKNOWN,9,11,,7,1718256773000,1754594911522,0
4579,,REPLACE_WITH_YOUR_USER_ID,15857574473,unknown,UNKNOWN,10,0,,7,1718135345000,1754594916522,0
4580,,REPLACE_WITH_YOUR_USER_ID,15883371895,unknown,UNKNOWN,15,59,,8,1718257070000,1754594911522,0
4581,,REPLACE_WITH_YOUR_USER_ID,15857574473,unknown,UNKNOWN,10,0,,8,1718135430000,1754594916522,0
4582,,REPLACE_WITH_YOUR_USER_ID,15883371895,unknown,UNKNOWN,15,59,,9,1718257177000,1754594911522,0
4583,,REPLACE_WITH_YOUR_USER_ID,15857574473,unknown,UNKNOWN,10,0,,9,1718135496000,1754594916522,0
4584,,REPLACE_WITH_YOUR_USER_ID,15883371895,unknown,UNKNOWN,15,32,,10,1718257329000,1754594911522,0
4585,,REPLACE_WITH_YOUR_USER_ID,15857574473,unknown,UNKNOWN,3,20,,10,1718135599000,1754594916522,0
4586,,REPLACE_WITH_YOUR_USER_ID,15883371895,unknown,UNKNOWN,15,27,,11,1718257645000,1754594911522,0
4587,,REPLACE_WITH_YOUR_USER_ID,15857574473,unknown,UNKNOWN,0,20,,11,1718135774000,1754594916522,0
4588,,REPLACE_WITH_YOUR_USER_ID,15883371895,unknown,UNKNOWN,15,23,,12,1718257807000,1754594911522,0
4589,,REPLACE_WITH_YOUR_USER_ID,15883371895,unknown,UNKNOWN,15,23,,13,1718257944000,1754594911522,0
4590,,REPLACE_WITH_YOUR_USER_ID,15883371895,unknown,UNKNOWN,11,23,,14,1718258142000,1754594911522,0
4591,,REPLACE_WITH_YOUR_USER_ID,15828061738,unknown,UNKNOWN,22,<null>,,1,1717968147000,1754594924524,0
4592,,REPLACE_WITH_YOUR_USER_ID,15828061738,unknown,UNKNOWN,15,30,,2,1717968252000,1754594924524,0
4593,,REPLACE_WITH_YOUR_USER_ID,15828061738,unknown,UNKNOWN,15,30,,3,1717968347000,1754594924524,0
4594,,REPLACE_WITH_YOUR_USER_ID,15828061738,unknown,UNKNOWN,15,20,,4,1717968398000,1754594924524,0
4595,,REPLACE_WITH_YOUR_USER_ID,15828061738,unknown,UNKNOWN,17,30,,5,1717968472000,1754594924524,0
4596,,REPLACE_WITH_YOUR_USER_ID,15828061738,unknown,UNKNOWN,2,<null>,,6,1717968508000,1754594924524,0
4597,,REPLACE_WITH_YOUR_USER_ID,15828061738,unknown,UNKNOWN,7,50,,7,1717968623000,1754594924524,0
4598,,REPLACE_WITH_YOUR_USER_ID,15828061738,unknown,UNKNOWN,8,20,,8,1717968675000,1754594924524,0
4599,,REPLACE_WITH_YOUR_USER_ID,15828061738,unknown,UNKNOWN,14,<null>,,9,1717968862000,1754594924524,0
4600,,REPLACE_WITH_YOUR_USER_ID,15828061738,unknown,UNKNOWN,12,60,,10,1717968968000,1754594924524,0
4601,,REPLACE_WITH_YOUR_USER_ID,15828061738,unknown,UNKNOWN,19,20,,11,1717969169000,1754594924524,0
4602,,REPLACE_WITH_YOUR_USER_ID,15828061738,unknown,UNKNOWN,12,20,,12,1717969323000,1754594924524,0
4603,,REPLACE_WITH_YOUR_USER_ID,15828061738,unknown,UNKNOWN,13,50,,13,1717969435000,1754594924524,0
4604,,REPLACE_WITH_YOUR_USER_ID,15828061738,unknown,UNKNOWN,13,50,,14,1717969532000,1754594924524,0
4605,,REPLACE_WITH_YOUR_USER_ID,15828061738,unknown,UNKNOWN,13,0,,15,1717969603000,1754594924524,0
4606,,REPLACE_WITH_YOUR_USER_ID,15828061738,unknown,UNKNOWN,15,60,,16,1717969750000,1754594924524,0
4607,,REPLACE_WITH_YOUR_USER_ID,15828061738,unknown,UNKNOWN,19,80,,17,1717969866000,1754594924524,0
4608,,REPLACE_WITH_YOUR_USER_ID,15828061738,unknown,UNKNOWN,0,<null>,,18,1717969983000,1754594924524,0
4647,,REPLACE_WITH_YOUR_USER_ID,19953429831,lat-pulldown,Lat Pulldown,10,68.06.00,,1,1754366443000,1754605020779,0
4648,,REPLACE_WITH_YOUR_USER_ID,19953429831,lat-pulldown,Lat Pulldown,8,68.06.00,,2,1754366619000,1754605020779,0
4649,,REPLACE_WITH_YOUR_USER_ID,19953429831,lat-pulldown-close,Close-Grip Lat Pulldown,8,79.38.00,,1,1754367164000,1754605020779,0
4650,,REPLACE_WITH_YOUR_USER_ID,19953429831,lat-pulldown-close,Close-Grip Lat Pulldown,6,79.38.00,,2,1754367456000,1754605020779,0
4651,,REPLACE_WITH_YOUR_USER_ID,19953429831,cable-row,Seated Cable Row,8,70.31.00,,1,1754367818000,1754605020779,0
4652,,REPLACE_WITH_YOUR_USER_ID,19953429831,cable-row,Seated Cable Row,10,70.31.00,,2,1754368091000,1754605020779,0
4653,,REPLACE_WITH_YOUR_USER_ID,19953429831,cable-row,Seated Cable Row,10,70.31.00,,3,1754368578000,1754605020779,0
4654,,REPLACE_WITH_YOUR_USER_ID,19953429831,overhead-cable-tricep,Overhead Cable Tricep Extension,8,36.31.00,,1,1754368953000,1754605020779,0
4655,,REPLACE_WITH_YOUR_USER_ID,19953429831,overhead-cable-tricep,Overhead Cable Tricep Extension,5,36.31.00,,2,1754369150000,1754605020779,0
4656,,REPLACE_WITH_YOUR_USER_ID,19953429831,tricep-pushdown-bar,Tricep Pushdown (Bar),8,68.06.00,,1,1754369406000,1754605020779,0
4657,,REPLACE_WITH_YOUR_USER_ID,19953429831,tricep-pushdown-bar,Tricep Pushdown (Bar),7,68.06.00,,2,1754369682000,1754605020779,0
4658,,REPLACE_WITH_YOUR_USER_ID,19953429831,tricep-pushdown-bar,Tricep Pushdown (Bar),8,66.15.00,,3,1754369861000,1754605020779,0
4659,,REPLACE_WITH_YOUR_USER_ID,19953429831,ez-bar-skull-crusher,EZ-Bar Skull Crusher,15,45.38.00,,1,1754370193000,1754605020779,0
4660,,REPLACE_WITH_YOUR_USER_ID,19953429831,ez-bar-skull-crusher,EZ-Bar Skull Crusher,8,54.44.00,,2,1754370430000,1754605020779,0
4661,,REPLACE_WITH_YOUR_USER_ID,19953429831,bent-over-rear-delt-raise,Bent-Over Rear Delt Raise,12,50.28.00,,1,1754370374000,1754605020779,0
4662,,REPLACE_WITH_YOUR_USER_ID,19953429831,bent-over-rear-delt-raise,Bent-Over Rear Delt Raise,8,52.19.00,,2,1754370617000,1754605020779,0
4663,,REPLACE_WITH_YOUR_USER_ID,19953429831,bent-over-rear-delt-raise,Bent-Over Rear Delt Raise,10,52.19.00,,3,1754370797000,1754605020779,0
5043,,REPLACE_WITH_YOUR_USER_ID,19965097329,smith-incline-bench-press,Incline Smith Machine Bench Press,8,75.21.00,,1,1754456401000,1754684793080,0
5044,,REPLACE_WITH_YOUR_USER_ID,19965097329,smith-incline-bench-press,Incline Smith Machine Bench Press,7,77.13.00,,2,1754456760000,1754684793080,0
5045,,REPLACE_WITH_YOUR_USER_ID,19965097329,smith-incline-bench-press,Incline Smith Machine Bench Press,5,77.13.00,,3,1754457374000,1754684793080,0
5046,,REPLACE_WITH_YOUR_USER_ID,19965097329,pec-deck,Pec Deck Machine,6,95.25.00,,1,1754457568000,1754684793080,0
5047,,REPLACE_WITH_YOUR_USER_ID,19965097329,pec-deck,Pec Deck Machine,7,91.09.00,,2,1754457817000,1754684793080,0
5048,,REPLACE_WITH_YOUR_USER_ID,19965097329,pec-deck,Pec Deck Machine,8,91.09.00,,3,1754458186000,1754684793080,0
5049,,REPLACE_WITH_YOUR_USER_ID,19965097329,barbell-ohp,Barbell Overhead Press,10,75.21.00,,1,1754458536000,1754684793080,0
5050,,REPLACE_WITH_YOUR_USER_ID,19965097329,barbell-ohp,Barbell Overhead Press,8,75.21.00,,2,1754458758000,1754684793080,0
5051,,REPLACE_WITH_YOUR_USER_ID,19965097329,barbell-ohp,Barbell Overhead Press,10,75.21.00,,3,1754459155000,1754684793080,0
5052,,REPLACE_WITH_YOUR_USER_ID,19965097329,cable-hammer-curl,Cable Hammer Curl,16,41.21.00,,1,1754459350000,1754684793080,0
5053,,REPLACE_WITH_YOUR_USER_ID,19965097329,cable-hammer-curl,Cable Hammer Curl,12,50.28.00,,2,1754459757000,1754684793080,0
5054,,REPLACE_WITH_YOUR_USER_ID,19965097329,ez-bar-curl,EZ-Bar Curl,6,54.44.00,,1,1754459989000,1754684793080,0
5055,,REPLACE_WITH_YOUR_USER_ID,19965097329,ez-bar-curl,EZ-Bar Curl,6,54.44.00,,2,1754460466000,1754684793080,0
5056,,REPLACE_WITH_YOUR_USER_ID,19965097329,ez-bar-curl,EZ-Bar Curl,6,54.44.00,,3,1754460845000,1754684793080,0
5057,,REPLACE_WITH_YOUR_USER_ID,19965097329,lateral-raise,Lateral Raise,9,28.13.00,,1,1754461253000,1754684793080,0
5058,,REPLACE_WITH_YOUR_USER_ID,19965097329,lateral-raise,Lateral Raise,8,28.13.00,,2,1754461491000,1754684793080,0
5059,,REPLACE_WITH_YOUR_USER_ID,19965097329,lateral-raise,Lateral Raise,6,28.13.00,,3,1754461662000,1754684793080,0
5060,,REPLACE_WITH_YOUR_USER_ID,19965097329,reverse-curl,Reverse Barbell Curl,8,41.25.00,,1,1754461348000,1754684793080,0
5061,,REPLACE_WITH_YOUR_USER_ID,19965097329,reverse-curl,Reverse Barbell Curl,10,41.25.00,,2,1754461576000,1754684793080,0
5062,,REPLACE_WITH_YOUR_USER_ID,19965097329,reverse-curl,Reverse Barbell Curl,8,41.21.00,,3,1754461801000,1754684793080,0
5320,,REPLACE_WITH_YOUR_USER_ID,19976473835,lying-leg-curl,Lying Leg Curl,10,97.5,,1,1754544010000,1754714759713,0
5321,,REPLACE_WITH_YOUR_USER_ID,19976473835,lying-leg-curl,Lying Leg Curl,12,100.21.00,,2,1754544352000,1754714759713,0
5322,,REPLACE_WITH_YOUR_USER_ID,19976473835,lying-leg-curl,Lying Leg Curl,10,100.21.00,,3,1754544867000,1754714759713,0
5323,,REPLACE_WITH_YOUR_USER_ID,19976473835,hack-squat,Hack Squat Machine,7,93,,1,1754545043000,1754714759713,0
5324,,REPLACE_WITH_YOUR_USER_ID,19976473835,hack-squat,Hack Squat Machine,7,93,,2,1754545317000,1754714759713,0
5325,,REPLACE_WITH_YOUR_USER_ID,19976473835,hack-squat,Hack Squat Machine,7,93,,3,1754545706000,1754714759713,0
5326,,REPLACE_WITH_YOUR_USER_ID,19976473835,leg-extension,Leg Extension,8,122.5,,1,1754546161000,1754714759713,0
5327,,REPLACE_WITH_YOUR_USER_ID,19976473835,leg-extension,Leg Extension,8,125.15.00,,2,1754546559000,1754714759713,0
5328,,REPLACE_WITH_YOUR_USER_ID,19976473835,leg-extension,Leg Extension,12,125.15.00,,3,1754546900000,1754714759713,0
5329,,REPLACE_WITH_YOUR_USER_ID,19976473835,standing-calf-raise-machine,Standing Calf Raise Machine,12,177.28.00,,1,1754547367000,1754714759713,0
5330,,REPLACE_WITH_YOUR_USER_ID,19976473835,standing-calf-raise-machine,Standing Calf Raise Machine,15,177.28.00,,2,1754547687000,1754714759713,0
5331,,REPLACE_WITH_YOUR_USER_ID,19976473835,standing-calf-raise-machine,Standing Calf Raise Machine,12,177.28.00,,3,1754548022000,1754714759713,0
5332,,REPLACE_WITH_YOUR_USER_ID,19976473835,weighted-crunch,Weighted Crunch,6,57.09.00,,1,1754548110000,1754714759713,0
5333,,REPLACE_WITH_YOUR_USER_ID,19976473835,weighted-crunch,Weighted Crunch,5,59.34.00,,2,1754548327000,1754714759713,0
5334,,REPLACE_WITH_YOUR_USER_ID,19976473835,weighted-crunch,Weighted Crunch,6,57.09.00,,3,1754548732000,1754714759713,0
5335,,REPLACE_WITH_YOUR_USER_ID,19976473835,hip-adduction,Hip Adduction Machine,16,91.09.00,,1,1754548928000,1754714759713,0
5336,,REPLACE_WITH_YOUR_USER_ID,19976473835,hip-adduction,Hip Adduction Machine,12,93,,2,1754549213000,1754714759713,0
5337,,REPLACE_WITH_YOUR_USER_ID,19976473835,hip-adduction,Hip Adduction Machine,10,93,,3,1754549424000,1754714759713,0
5614,,REPLACE_WITH_YOUR_USER_ID,19997237138,barbell-ohp,Barbell Overhead Press,9,79.38.00,,1,1754717726000,1754877640439,0
5615,,REPLACE_WITH_YOUR_USER_ID,19997237138,barbell-ohp,Barbell Overhead Press,8,79.38.00,,2,1754718000000,1754877640439,0
5616,,REPLACE_WITH_YOUR_USER_ID,19997237138,barbell-ohp,Barbell Overhead Press,8,79.38.00,,3,1754718314000,1754877640439,0
5617,,REPLACE_WITH_YOUR_USER_ID,19997237138,smith-incline-bench-press,Incline Smith Machine Bench Press,6,77.13.00,,1,1754718742000,1754877640439,0
5618,,REPLACE_WITH_YOUR_USER_ID,19997237138,smith-incline-bench-press,Incline Smith Machine Bench Press,6,79.38.00,,2,1754719238000,1754877640439,0
5619,,REPLACE_WITH_YOUR_USER_ID,19997237138,smith-incline-bench-press,Incline Smith Machine Bench Press,6,77.13.00,,3,1754719624000,1754877640439,0
5620,,REPLACE_WITH_YOUR_USER_ID,19997237138,pec-deck,Pec Deck Machine,6,91.09.00,,1,1754719809000,1754877640439,0
5621,,REPLACE_WITH_YOUR_USER_ID,19997237138,pec-deck,Pec Deck Machine,8,86.19.00,,2,1754720183000,1754877640439,0
5622,,REPLACE_WITH_YOUR_USER_ID,19997237138,pec-deck,Pec Deck Machine,6,88.44.00,,3,1754720429000,1754877640439,0
5623,,REPLACE_WITH_YOUR_USER_ID,19997237138,lateral-raise,Lateral Raise,8,28.13.00,,1,1754720549000,1754877640439,0
5624,,REPLACE_WITH_YOUR_USER_ID,19997237138,lateral-raise,Lateral Raise,8,28.13.00,,2,1754720748000,1754877640439,0
5625,,REPLACE_WITH_YOUR_USER_ID,19997237138,lateral-raise,Lateral Raise,8,28.13.00,,3,1754721006000,1754877640439,0
5626,,REPLACE_WITH_YOUR_USER_ID,19997237138,cable-hammer-curl,Cable Hammer Curl,10,52.19.00,,1,1754721241000,1754877640439,0
5627,,REPLACE_WITH_YOUR_USER_ID,19997237138,cable-hammer-curl,Cable Hammer Curl,10,52.19.00,,2,1754721387000,1754877640439,0
5628,,REPLACE_WITH_YOUR_USER_ID,19997237138,ez-bar-curl,EZ-Bar Curl,5,55.56.00,,1,1754721556000,1754877640439,0
5629,,REPLACE_WITH_YOUR_USER_ID,19997237138,reverse-curl,Reverse Barbell Curl,8,41.25.00,,1,1754721788000,1754877640439,0
5630,,REPLACE_WITH_YOUR_USER_ID,19997237138,reverse-curl,Reverse Barbell Curl,9,41.25.00,,2,1754722021000,1754877640439,0
5631,,REPLACE_WITH_YOUR_USER_ID,19997237138,reverse-curl,Reverse Barbell Curl,9,41.25.00,,3,1754722248000,1754877640439,0
5632,,REPLACE_WITH_YOUR_USER_ID,19987211115,pullup,Pull-Up,6,<null>,,1,1754627324000,1754877645587,0
5633,,REPLACE_WITH_YOUR_USER_ID,19987211115,pullup,Pull-Up,6,<null>,,2,1754627677000,1754877645587,0
5634,,REPLACE_WITH_YOUR_USER_ID,19987211115,lat-pulldown-close,Close-Grip Lat Pulldown,6,82.03.00,,1,1754627932000,1754877645587,0
5635,,REPLACE_WITH_YOUR_USER_ID,19987211115,lat-pulldown-close,Close-Grip Lat Pulldown,7,82.03.00,,2,1754628233000,1754877645587,0
5636,,REPLACE_WITH_YOUR_USER_ID,19987211115,lat-pulldown,Lat Pulldown,10,68.06.00,,1,1754628558000,1754877645587,0
5637,,REPLACE_WITH_YOUR_USER_ID,19987211115,lat-pulldown,Lat Pulldown,8,72.56.00,,2,1754628918000,1754877645587,0
5638,,REPLACE_WITH_YOUR_USER_ID,19987211115,cable-row,Seated Cable Row,7,72.56.00,,1,1754629037000,1754877645587,0
5639,,REPLACE_WITH_YOUR_USER_ID,19987211115,cable-row,Seated Cable Row,9,72.56.00,,2,1754629493000,1754877645587,0
5640,,REPLACE_WITH_YOUR_USER_ID,19987211115,cable-row,Seated Cable Row,10,72.56.00,,3,1754629792000,1754877645587,0
5641,,REPLACE_WITH_YOUR_USER_ID,19987211115,ez-bar-skull-crusher,EZ-Bar Skull Crusher,12,25.34.00,,1,1754629995000,1754877645587,0
5642,,REPLACE_WITH_YOUR_USER_ID,19987211115,bent-over-rear-delt-raise,Bent-Over Rear Delt Raise,10,52.19.00,,1,1754630124000,1754877645587,0
5643,,REPLACE_WITH_YOUR_USER_ID,19987211115,bent-over-rear-delt-raise,Bent-Over Rear Delt Raise,10,54.44.00,,2,1754630354000,1754877645587,0
5644,,REPLACE_WITH_YOUR_USER_ID,19987211115,bent-over-rear-delt-raise,Bent-Over Rear Delt Raise,10,54.44.00,,3,1754630581000,1754877645587,0
5645,,REPLACE_WITH_YOUR_USER_ID,19987211115,tricep-pushdown-bar,Tricep Pushdown (Bar),8,68.06.00,,1,1754630859000,1754877645587,0
5646,,REPLACE_WITH_YOUR_USER_ID,19987211115,tricep-pushdown-bar,Tricep Pushdown (Bar),9,68.06.00,,2,1754631191000,1754877645587,0
5647,,REPLACE_WITH_YOUR_USER_ID,19987211115,tricep-pushdown-bar,Tricep Pushdown (Bar),7,68.06.00,,3,1754631386000,1754877645587,0
5648,,REPLACE_WITH_YOUR_USER_ID,19987211115,overhead-cable-tricep,Overhead Cable Tricep Extension,10,57.09.00,,1,1754631577000,1754877645587,0
5649,,REPLACE_WITH_YOUR_USER_ID,19987211115,overhead-cable-tricep,Overhead Cable Tricep Extension,10,57.09.00,,2,1754632026000,1754877645587,0
5650,,REPLACE_WITH_YOUR_USER_ID,19987211115,overhead-cable-tricep,Overhead Cable Tricep Extension,10,57.09.00,,3,1754632400000,1754877645587,0
5849,,REPLACE_WITH_YOUR_USER_ID,20015507178,lying-leg-curl,Lying Leg Curl,10,104.31.00,,1,1754796928000,1754964049914,0
5850,,REPLACE_WITH_YOUR_USER_ID,20015507178,lying-leg-curl,Lying Leg Curl,8,104.31.00,,2,1754797330000,1754964049914,0
5851,,REPLACE_WITH_YOUR_USER_ID,20015507178,lying-leg-curl,Lying Leg Curl,10,104.31.00,,3,1754797723000,1754964049914,0
5852,,REPLACE_WITH_YOUR_USER_ID,20015507178,hack-squat,Hack Squat Machine,6,97.5,,1,1754797980000,1754964049914,0
5853,,REPLACE_WITH_YOUR_USER_ID,20015507178,hack-squat,Hack Squat Machine,6,97.5,,2,1754798340000,1754964049914,0
5854,,REPLACE_WITH_YOUR_USER_ID,20015507178,hack-squat,Hack Squat Machine,8,95.25.00,,3,1754798697000,1754964049914,0
5855,,REPLACE_WITH_YOUR_USER_ID,20015507178,leg-extension,Leg Extension,10,122.5,,1,1754799231000,1754964049914,0
5856,,REPLACE_WITH_YOUR_USER_ID,20015507178,leg-extension,Leg Extension,10,122.5,,2,1754799762000,1754964049914,0
5857,,REPLACE_WITH_YOUR_USER_ID,20015507178,leg-extension,Leg Extension,10,122.5,,3,1754800069000,1754964049914,0
5858,,REPLACE_WITH_YOUR_USER_ID,20015507178,standing-calf-raise-machine,Standing Calf Raise Machine,12,181.44.00,,1,1754800194000,1754964049914,0
5859,,REPLACE_WITH_YOUR_USER_ID,20015507178,standing-calf-raise-machine,Standing Calf Raise Machine,12,181.44.00,,2,1754800434000,1754964049914,0
5860,,REPLACE_WITH_YOUR_USER_ID,20015507178,standing-calf-raise-machine,Standing Calf Raise Machine,12,181.44.00,,3,1754800649000,1754964049914,0
5861,,REPLACE_WITH_YOUR_USER_ID,20015507178,weighted-crunch,Weighted Crunch,12,57.09.00,,1,1754800309000,1754964049914,0
5862,,REPLACE_WITH_YOUR_USER_ID,20015507178,weighted-crunch,Weighted Crunch,8,59.34.00,,2,1754800919000,1754964049914,0
5863,,REPLACE_WITH_YOUR_USER_ID,20015507178,weighted-crunch,Weighted Crunch,12,59.34.00,,3,1754801338000,1754964049914,0
5864,,REPLACE_WITH_YOUR_USER_ID,20015507178,hip-adduction,Hip Adduction Machine,12,88.44.00,,1,1754802113000,1754964049914,0
5865,,REPLACE_WITH_YOUR_USER_ID,20015507178,hip-adduction,Hip Adduction Machine,12,88.44.00,,2,1754802755000,1754964049914,0
5866,,REPLACE_WITH_YOUR_USER_ID,20015507178,hip-adduction,Hip Adduction Machine,12,91.09.00,,3,1754802947000,1754964049914,0
5943,,REPLACE_WITH_YOUR_USER_ID,20028936000,pec-deck,Pec Deck Machine,8,97.5,,1,1754969256000,1755136812838,0
5944,,REPLACE_WITH_YOUR_USER_ID,20028936000,pec-deck,Pec Deck Machine,6,97.5,,2,1754969444000,1755136812838,0
5945,,REPLACE_WITH_YOUR_USER_ID,20028936000,pec-deck,Pec Deck Machine,7,95.25.00,,3,1754969700000,1755136812838,0
5946,,REPLACE_WITH_YOUR_USER_ID,20028936000,smith-bench-press,Smith Machine Bench Press,2,93,,1,1754970058000,1755136812838,0
5947,,REPLACE_WITH_YOUR_USER_ID,20028936000,smith-bench-press,Smith Machine Bench Press,5,84.34.00,,2,1754970273000,1755136812838,0
5948,,REPLACE_WITH_YOUR_USER_ID,20028936000,smith-bench-press,Smith Machine Bench Press,6,79.38.00,,3,1754970580000,1755136812838,0
5949,,REPLACE_WITH_YOUR_USER_ID,20028936000,barbell-ohp,Barbell Overhead Press,8,75.21.00,,1,1754970786000,1755136812838,0
5950,,REPLACE_WITH_YOUR_USER_ID,20028936000,barbell-ohp,Barbell Overhead Press,8,75.21.00,,2,1754970970000,1755136812838,0
5951,,REPLACE_WITH_YOUR_USER_ID,20028936000,barbell-ohp,Barbell Overhead Press,7,75.21.00,,3,1754971580000,1755136812838,0
5952,,REPLACE_WITH_YOUR_USER_ID,20028936000,ez-bar-curl,EZ-Bar Curl,6,54.44.00,,1,1754971984000,1755136812838,0
5953,,REPLACE_WITH_YOUR_USER_ID,20028936000,ez-bar-curl,EZ-Bar Curl,6,54.44.00,,2,1754972549000,1755136812838,0
5954,,REPLACE_WITH_YOUR_USER_ID,20028936000,ez-bar-curl,EZ-Bar Curl,5,54.44.00,,3,1754972913000,1755136812838,0
5955,,REPLACE_WITH_YOUR_USER_ID,20028936000,lateral-raise,Lateral Raise,8,27.19.00,,1,1754973155000,1755136812838,0
5956,,REPLACE_WITH_YOUR_USER_ID,20028936000,lateral-raise,Lateral Raise,7,27.19.00,,2,1754973273000,1755136812838,0
5957,,REPLACE_WITH_YOUR_USER_ID,20028936000,lateral-raise,Lateral Raise,7,27.19.00,,3,1754973544000,1755136812838,0
5958,,REPLACE_WITH_YOUR_USER_ID,20028936000,reverse-curl,Reverse Barbell Curl,7,41.21.00,,1,1754973776000,1755136812838,0
5959,,REPLACE_WITH_YOUR_USER_ID,20028936000,reverse-curl,Reverse Barbell Curl,10,41.21.00,,2,1754973985000,1755136812838,0
5960,,REPLACE_WITH_YOUR_USER_ID,20028936000,reverse-curl,Reverse Barbell Curl,8,41.21.00,,3,1754974161000,1755136812838,0
5961,,REPLACE_WITH_YOUR_USER_ID,20018629144,pullup,Pull-Up,7,<null>,,1,1754883011000,1755136815026,0
5962,,REPLACE_WITH_YOUR_USER_ID,20018629144,pullup,Pull-Up,5,<null>,,2,1754883226000,1755136815026,0
5963,,REPLACE_WITH_YOUR_USER_ID,20018629144,lat-pulldown,Lat Pulldown,9,72.56.00,,1,1754883495000,1755136815026,0
5964,,REPLACE_WITH_YOUR_USER_ID,20018629144,lat-pulldown,Lat Pulldown,10,68.06.00,,2,1754883817000,1755136815026,0
5965,,REPLACE_WITH_YOUR_USER_ID,20018629144,lat-pulldown-close,Close-Grip Lat Pulldown,6,79.38.00,,1,1754884056000,1755136815026,0
5966,,REPLACE_WITH_YOUR_USER_ID,20018629144,lat-pulldown-close,Close-Grip Lat Pulldown,6,77.13.00,,2,1754884227000,1755136815026,0
5967,,REPLACE_WITH_YOUR_USER_ID,20018629144,cable-row,Seated Cable Row,10,70.31.00,,1,1754884552000,1755136815026,0
5968,,REPLACE_WITH_YOUR_USER_ID,20018629144,cable-row,Seated Cable Row,8,72.56.00,,2,1754884783000,1755136815026,0
5969,,REPLACE_WITH_YOUR_USER_ID,20018629144,cable-row,Seated Cable Row,7,72.57.00,,3,1754885045000,1755136815026,0
5970,,REPLACE_WITH_YOUR_USER_ID,20018629144,bent-over-rear-delt-raise,Bent-Over Rear Delt Raise,12,54.44.00,,1,1754885332000,1755136815026,0
5971,,REPLACE_WITH_YOUR_USER_ID,20018629144,bent-over-rear-delt-raise,Bent-Over Rear Delt Raise,10,54.44.00,,2,1754885647000,1755136815026,0
5972,,REPLACE_WITH_YOUR_USER_ID,20018629144,bent-over-rear-delt-raise,Bent-Over Rear Delt Raise,9,57.09.00,,3,1754885993000,1755136815026,0
5973,,REPLACE_WITH_YOUR_USER_ID,20018629144,tricep-pushdown-bar,Tricep Pushdown (Bar),9,68.06.00,,1,1754886278000,1755136815026,0
5974,,REPLACE_WITH_YOUR_USER_ID,20018629144,tricep-pushdown-bar,Tricep Pushdown (Bar),8,68.06.00,,2,1754886708000,1755136815026,0
5975,,REPLACE_WITH_YOUR_USER_ID,20018629144,tricep-pushdown-bar,Tricep Pushdown (Bar),8,68.06.00,,3,1754886934000,1755136815026,0
5976,,REPLACE_WITH_YOUR_USER_ID,20018629144,overhead-cable-tricep,Overhead Cable Tricep Extension,8,59.34.00,,1,1754887134000,1755136815026,0
5977,,REPLACE_WITH_YOUR_USER_ID,20018629144,overhead-cable-tricep,Overhead Cable Tricep Extension,9,59.34.00,,2,1754887351000,1755136815026,0
5978,,REPLACE_WITH_YOUR_USER_ID,20018629144,overhead-cable-tricep,Overhead Cable Tricep Extension,10,59.34.00,,3,1754887617000,1755136815026,0
6053,,REPLACE_WITH_YOUR_USER_ID,20051881148,pullup,Pull-Up,6,<null>,,1,1755129253000,1755309642837,0
6054,,REPLACE_WITH_YOUR_USER_ID,20051881148,lat-pulldown-close,Close-Grip Lat Pulldown,8,79.38.00,,1,1755129930000,1755309642837,0
6055,,REPLACE_WITH_YOUR_USER_ID,20051881148,lat-pulldown-close,Close-Grip Lat Pulldown,7,79.38.00,,2,1755130112000,1755309642837,0
6056,,REPLACE_WITH_YOUR_USER_ID,20051881148,lat-pulldown-close,Close-Grip Lat Pulldown,6,77.13.00,,3,1755130411000,1755309642837,0
6057,,REPLACE_WITH_YOUR_USER_ID,20051881148,cable-row,Seated Cable Row,10,72.56.00,,1,1755130696000,1755309642837,0
6058,,REPLACE_WITH_YOUR_USER_ID,20051881148,cable-row,Seated Cable Row,10,72.56.00,,2,1755131078000,1755309642837,0
6059,,REPLACE_WITH_YOUR_USER_ID,20051881148,cable-row,Seated Cable Row,8,77.13.00,,3,1755131446000,1755309642837,0
6060,,REPLACE_WITH_YOUR_USER_ID,20051881148,tricep-pushdown-bar,Tricep Pushdown (Bar),8,68.06.00,,1,1755131841000,1755309642837,0
6061,,REPLACE_WITH_YOUR_USER_ID,20051881148,tricep-pushdown-bar,Tricep Pushdown (Bar),9,68.06.00,,2,1755132092000,1755309642837,0
6062,,REPLACE_WITH_YOUR_USER_ID,20051881148,tricep-pushdown-bar,Tricep Pushdown (Bar),10,68.06.00,,3,1755132495000,1755309642837,0
6063,,REPLACE_WITH_YOUR_USER_ID,20051881148,bent-over-rear-delt-raise,Bent-Over Rear Delt Raise,8,54.44.00,,1,1755132913000,1755309642837,0
6064,,REPLACE_WITH_YOUR_USER_ID,20051881148,bent-over-rear-delt-raise,Bent-Over Rear Delt Raise,10,52.19.00,,2,1755133346000,1755309642837,0
6065,,REPLACE_WITH_YOUR_USER_ID,20051881148,bent-over-rear-delt-raise,Bent-Over Rear Delt Raise,8,52.19.00,,3,1755133551000,1755309642837,0
6066,,REPLACE_WITH_YOUR_USER_ID,20051881148,overhead-cable-tricep,Overhead Cable Tricep Extension,10,61.25.00,,1,1755133726000,1755309642837,0
6067,,REPLACE_WITH_YOUR_USER_ID,20051881148,overhead-cable-tricep,Overhead Cable Tricep Extension,10,61.25.00,,2,1755133912000,1755309642837,0
6068,,REPLACE_WITH_YOUR_USER_ID,20051881148,overhead-tricep-ext-db,Overhead Tricep Extension (Dumbbell),12,27.19.00,,1,1755134323000,1755309642837,0
6069,,REPLACE_WITH_YOUR_USER_ID,20051881148,overhead-tricep-ext-db,Overhead Tricep Extension (Dumbbell),8,29.5,,2,1755134650000,1755309642837,0
6070,,REPLACE_WITH_YOUR_USER_ID,20040467445,romanian-deadlift,Romanian Deadlift,8,102.06.00,,1,1755060804000,1755309647318,0
6071,,REPLACE_WITH_YOUR_USER_ID,20040467445,romanian-deadlift,Romanian Deadlift,8,102.06.00,,2,1755061144000,1755309647318,0
6072,,REPLACE_WITH_YOUR_USER_ID,20040467445,lying-leg-curl,Lying Leg Curl,8,104.31.00,,1,1755061538000,1755309647318,0
6073,,REPLACE_WITH_YOUR_USER_ID,20040467445,lying-leg-curl,Lying Leg Curl,6,104.31.00,,2,1755061893000,1755309647318,0
6074,,REPLACE_WITH_YOUR_USER_ID,20040467445,lying-leg-curl,Lying Leg Curl,7,104.31.00,,3,1755062325000,1755309647318,0
6075,,REPLACE_WITH_YOUR_USER_ID,20040467445,hack-squat,Hack Squat Machine,6,97.5,,1,1755062640000,1755309647318,0
6076,,REPLACE_WITH_YOUR_USER_ID,20040467445,hack-squat,Hack Squat Machine,6,93,,2,1755062985000,1755309647318,0
6077,,REPLACE_WITH_YOUR_USER_ID,20040467445,hack-squat,Hack Squat Machine,6,93,,3,1755063428000,1755309647318,0
6078,,REPLACE_WITH_YOUR_USER_ID,20040467445,leg-extension,Leg Extension,10,127,,1,1755063823000,1755309647318,0
6079,,REPLACE_WITH_YOUR_USER_ID,20040467445,leg-extension,Leg Extension,9,127,,2,1755064291000,1755309647318,0
6080,,REPLACE_WITH_YOUR_USER_ID,20040467445,leg-extension,Leg Extension,10,127,,3,1755064922000,1755309647318,0
6081,,REPLACE_WITH_YOUR_USER_ID,20040467445,standing-calf-raise-machine,Standing Calf Raise Machine,15,181.44.00,,1,1755065279000,1755309647318,0
6082,,REPLACE_WITH_YOUR_USER_ID,20040467445,standing-calf-raise-machine,Standing Calf Raise Machine,12,181.44.00,,2,1755065532000,1755309647318,0
6083,,REPLACE_WITH_YOUR_USER_ID,20040467445,standing-calf-raise-machine,Standing Calf Raise Machine,13,181.44.00,,3,1755065777000,1755309647318,0
6084,,REPLACE_WITH_YOUR_USER_ID,20040467445,weighted-crunch,Weighted Crunch,12,57.09.00,,1,1755065897000,1755309647318,0
6085,,REPLACE_WITH_YOUR_USER_ID,20040467445,weighted-crunch,Weighted Crunch,12,59.34.00,,2,1755066213000,1755309647318,0
6086,,REPLACE_WITH_YOUR_USER_ID,20040467445,weighted-crunch,Weighted Crunch,10,59.34.00,,3,1755066537000,1755309647318,0
6087,,REPLACE_WITH_YOUR_USER_ID,20040467445,hip-adduction,Hip Adduction Machine,10,93,,1,1755066833000,1755309647318,0
6088,,REPLACE_WITH_YOUR_USER_ID,20040467445,hip-adduction,Hip Adduction Machine,10,93,,2,1755067008000,1755309647318,0
6089,,REPLACE_WITH_YOUR_USER_ID,20040467445,hip-adduction,Hip Adduction Machine,10,93,,3,1755067217000,1755309647318,0
6108,,REPLACE_WITH_YOUR_USER_ID,20072755646,barbell-ohp,Barbell Overhead Press,8,82.03.00,,1,1755234404000,1755396026640,0
6109,,REPLACE_WITH_YOUR_USER_ID,20072755646,barbell-ohp,Barbell Overhead Press,8,82.03.00,,2,1755234759000,1755396026640,0
6110,,REPLACE_WITH_YOUR_USER_ID,20072755646,barbell-ohp,Barbell Overhead Press,8,82.03.00,,3,1755235220000,1755396026640,0
6111,,REPLACE_WITH_YOUR_USER_ID,20072755646,lateral-raise,Lateral Raise,10,30.34.00,,1,1755235469000,1755396026640,0
6112,,REPLACE_WITH_YOUR_USER_ID,20072755646,lateral-raise,Lateral Raise,7,32.15.00,,2,1755235769000,1755396026640,0
6113,,REPLACE_WITH_YOUR_USER_ID,20072755646,lateral-raise,Lateral Raise,7,32.15.00,,3,1755236066000,1755396026640,0
6114,,REPLACE_WITH_YOUR_USER_ID,20072755646,barbell-bench-press,Barbell Bench Press,8,91.09.00,,1,1755236302000,1755396026640,0
6115,,REPLACE_WITH_YOUR_USER_ID,20072755646,barbell-bench-press,Barbell Bench Press,10,91.09.00,,2,1755236926000,1755396026640,0
6116,,REPLACE_WITH_YOUR_USER_ID,20072755646,barbell-bench-press,Barbell Bench Press,8,91.09.00,,3,1755237278000,1755396026640,0
6117,,REPLACE_WITH_YOUR_USER_ID,20072755646,pec-deck,Pec Deck Machine,8,91.09.00,,1,1755237603000,1755396026640,0
6118,,REPLACE_WITH_YOUR_USER_ID,20072755646,pec-deck,Pec Deck Machine,6,93,,2,1755237836000,1755396026640,0
6119,,REPLACE_WITH_YOUR_USER_ID,20072755646,pec-deck,Pec Deck Machine,6,93,,3,1755238173000,1755396026640,0
6120,,REPLACE_WITH_YOUR_USER_ID,20072755646,ez-bar-curl,EZ-Bar Curl,12,27.19.00,,1,1755238411000,1755396026640,0
6121,,REPLACE_WITH_YOUR_USER_ID,20072755646,ez-bar-curl,EZ-Bar Curl,12,27.19.00,,2,1755238831000,1755396026640,0
6122,,REPLACE_WITH_YOUR_USER_ID,20072755646,ez-bar-curl,EZ-Bar Curl,10,27.19.00,,3,1755239100000,1755396026640,0
6123,,REPLACE_WITH_YOUR_USER_ID,20072755646,reverse-curl,Reverse Barbell Curl,8,41.21.00,,1,1755238557000,1755396026640,0
6124,,REPLACE_WITH_YOUR_USER_ID,20072755646,reverse-curl,Reverse Barbell Curl,6,41.21.00,,2,1755238888000,1755396026640,0
6125,,REPLACE_WITH_YOUR_USER_ID,20072755646,reverse-curl,Reverse Barbell Curl,10,41.21.00,,3,1755239329000,1755396026640,0
6180,,REPLACE_WITH_YOUR_USER_ID,20082258915,pullup,Pull-Up,6,<null>,,1,1755404991000,1755568841761,0
6181,,REPLACE_WITH_YOUR_USER_ID,20082258915,lat-pulldown,Lat Pulldown,9,70.31.00,,1,1755405341000,1755568841761,0
6182,,REPLACE_WITH_YOUR_USER_ID,20082258915,lat-pulldown,Lat Pulldown,8,70.31.00,,2,1755405567000,1755568841761,0
6183,,REPLACE_WITH_YOUR_USER_ID,20082258915,lat-pulldown-close,Close-Grip Lat Pulldown,6,82.03.00,,1,1755406048000,1755568841761,0
6184,,REPLACE_WITH_YOUR_USER_ID,20082258915,lat-pulldown-close,Close-Grip Lat Pulldown,7,82.03.00,,2,1755406357000,1755568841761,0
6185,,REPLACE_WITH_YOUR_USER_ID,20082258915,lat-pulldown-close,Close-Grip Lat Pulldown,6,79.38.00,,3,1755406582000,1755568841761,0
6186,,REPLACE_WITH_YOUR_USER_ID,20082258915,bent-over-rear-delt-raise,Bent-Over Rear Delt Raise,8,57.09.00,,1,1755406490000,1755568841761,0
6187,,REPLACE_WITH_YOUR_USER_ID,20082258915,bent-over-rear-delt-raise,Bent-Over Rear Delt Raise,12,54.44.00,,2,1755406920000,1755568841761,0
6188,,REPLACE_WITH_YOUR_USER_ID,20082258915,bent-over-rear-delt-raise,Bent-Over Rear Delt Raise,8,57.09.00,,3,1755407209000,1755568841761,0
6189,,REPLACE_WITH_YOUR_USER_ID,20082258915,cable-row,Seated Cable Row,10,72.56.00,,1,1755407526000,1755568841761,0
6190,,REPLACE_WITH_YOUR_USER_ID,20082258915,cable-row,Seated Cable Row,12,72.56.00,,2,1755408026000,1755568841761,0
6191,,REPLACE_WITH_YOUR_USER_ID,20082258915,cable-row,Seated Cable Row,10,72.56.00,,3,1755408687000,1755568841761,0
6192,,REPLACE_WITH_YOUR_USER_ID,20082258915,tricep-pushdown-bar,Tricep Pushdown (Bar),8,63.5,,1,1755408955000,1755568841761,0
6193,,REPLACE_WITH_YOUR_USER_ID,20082258915,tricep-pushdown-bar,Tricep Pushdown (Bar),7,68.06.00,,2,1755410215000,1755568841761,0
6194,,REPLACE_WITH_YOUR_USER_ID,20082258915,close-grip-bench,Close-Grip Bench Press,6,100.21.00,,1,1755409106000,1755568841761,0
6195,,REPLACE_WITH_YOUR_USER_ID,20082258915,overhead-cable-tricep,Overhead Cable Tricep Extension,10,61.25.00,,1,1755409458000,1755568841761,0
6196,,REPLACE_WITH_YOUR_USER_ID,20082258915,overhead-cable-tricep,Overhead Cable Tricep Extension,10,61.25.00,,2,1755409815000,1755568841761,0
6197,,REPLACE_WITH_YOUR_USER_ID,20082258915,overhead-cable-tricep,Overhead Cable Tricep Extension,8,63.5,,3,1755410016000,1755568841761,0
6234,,REPLACE_WITH_YOUR_USER_ID,20093102399,lying-leg-curl,Lying Leg Curl,10,104.31.00,,1,1755491976000,1755655229457,0
6235,,REPLACE_WITH_YOUR_USER_ID,20093102399,lying-leg-curl,Lying Leg Curl,8,107.03.00,,2,1755492294000,1755655229457,0
6236,,REPLACE_WITH_YOUR_USER_ID,20093102399,lying-leg-curl,Lying Leg Curl,9,107.03.00,,3,1755492581000,1755655229457,0
6237,,REPLACE_WITH_YOUR_USER_ID,20093102399,hack-squat,Hack Squat Machine,6,97.5,,1,1755493115000,1755655229457,0
6238,,REPLACE_WITH_YOUR_USER_ID,20093102399,hack-squat,Hack Squat Machine,6,100.21.00,,2,1755493374000,1755655229457,0
6239,,REPLACE_WITH_YOUR_USER_ID,20093102399,hack-squat,Hack Squat Machine,6,100.21.00,,3,1755493718000,1755655229457,0
6240,,REPLACE_WITH_YOUR_USER_ID,20093102399,leg-extension,Leg Extension,8,127,,1,1755494148000,1755655229457,0
6241,,REPLACE_WITH_YOUR_USER_ID,20093102399,leg-extension,Leg Extension,6,131.56.00,,2,1755494321000,1755655229457,0
6242,,REPLACE_WITH_YOUR_USER_ID,20093102399,leg-extension,Leg Extension,8,131.56.00,,3,1755494536000,1755655229457,0
6243,,REPLACE_WITH_YOUR_USER_ID,20093102399,standing-calf-raise-machine,Standing Calf Raise Machine,16,181.44.00,,1,1755494661000,1755655229457,0
6244,,REPLACE_WITH_YOUR_USER_ID,20093102399,standing-calf-raise-machine,Standing Calf Raise Machine,18,181.44.00,,2,1755494853000,1755655229457,0
6245,,REPLACE_WITH_YOUR_USER_ID,20093102399,standing-calf-raise-machine,Standing Calf Raise Machine,12,181.44.00,,3,1755495164000,1755655229457,0
6246,,REPLACE_WITH_YOUR_USER_ID,20093102399,weighted-crunch,Weighted Crunch,12,59.34.00,,1,1755494732000,1755655229457,0
6247,,REPLACE_WITH_YOUR_USER_ID,20093102399,weighted-crunch,Weighted Crunch,8,63.5,,2,1755495310000,1755655229457,0
6248,,REPLACE_WITH_YOUR_USER_ID,20093102399,weighted-crunch,Weighted Crunch,8,68.06.00,,3,1755495611000,1755655229457,0
6249,,REPLACE_WITH_YOUR_USER_ID,20093102399,hip-adduction,Hip Adduction Machine,12,86.19.00,,1,1755495820000,1755655229457,0
6250,,REPLACE_WITH_YOUR_USER_ID,20093102399,hip-adduction,Hip Adduction Machine,10,91.09.00,,2,1755496080000,1755655229457,0
6251,,REPLACE_WITH_YOUR_USER_ID,20093102399,hip-adduction,Hip Adduction Machine,12,91.09.00,,3,1755496284000,1755655229457,0
6288,,REPLACE_WITH_YOUR_USER_ID,20114798024,lat-pulldown,Lat Pulldown,8,70.31.00,,1,1755660354000,1755828028784,0
6289,,REPLACE_WITH_YOUR_USER_ID,20114798024,lat-pulldown,Lat Pulldown,8,70.31.00,,2,1755660647000,1755828028784,0
6290,,REPLACE_WITH_YOUR_USER_ID,20114798024,lat-pulldown-close,Close-Grip Lat Pulldown,6,82.03.00,,1,1755660912000,1755828028784,0
6291,,REPLACE_WITH_YOUR_USER_ID,20114798024,lat-pulldown-close,Close-Grip Lat Pulldown,6,79.38.00,,2,1755661225000,1755828028784,0
6292,,REPLACE_WITH_YOUR_USER_ID,20114798024,lat-pulldown-close,Close-Grip Lat Pulldown,8,79.38.00,,3,1755661473000,1755828028784,0
6293,,REPLACE_WITH_YOUR_USER_ID,20114798024,cable-row,Seated Cable Row,8,77.13.00,,1,1755661845000,1755828028784,0
6294,,REPLACE_WITH_YOUR_USER_ID,20114798024,cable-row,Seated Cable Row,8,77.13.00,,2,1755662211000,1755828028784,0
6295,,REPLACE_WITH_YOUR_USER_ID,20114798024,cable-row,Seated Cable Row,8,77.13.00,,3,1755662513000,1755828028784,0
6296,,REPLACE_WITH_YOUR_USER_ID,20114798024,bent-over-rear-delt-raise,Bent-Over Rear Delt Raise,10,54.44.00,,1,1755662714000,1755828028784,0
6297,,REPLACE_WITH_YOUR_USER_ID,20114798024,bent-over-rear-delt-raise,Bent-Over Rear Delt Raise,10,57.09.00,,2,1755662944000,1755828028784,0
6298,,REPLACE_WITH_YOUR_USER_ID,20114798024,bent-over-rear-delt-raise,Bent-Over Rear Delt Raise,10,57.09.00,,3,1755663206000,1755828028784,0
6299,,REPLACE_WITH_YOUR_USER_ID,20114798024,tricep-pushdown-bar,Tricep Pushdown (Bar),9,68.06.00,,1,1755663393000,1755828028784,0
6300,,REPLACE_WITH_YOUR_USER_ID,20114798024,tricep-pushdown-bar,Tricep Pushdown (Bar),8,68.06.00,,2,1755663776000,1755828028784,0
6301,,REPLACE_WITH_YOUR_USER_ID,20114798024,tricep-pushdown-bar,Tricep Pushdown (Bar),8,68.06.00,,3,1755664047000,1755828028784,0
6302,,REPLACE_WITH_YOUR_USER_ID,20114798024,overhead-cable-tricep,Overhead Cable Tricep Extension,8,61.25.00,,1,1755664237000,1755828028784,0
6303,,REPLACE_WITH_YOUR_USER_ID,20114798024,overhead-cable-tricep,Overhead Cable Tricep Extension,8,63.5,,2,1755664420000,1755828028784,0
6304,,REPLACE_WITH_YOUR_USER_ID,20114798024,ez-bar-skull-crusher,EZ-Bar Skull Crusher,10,27.19.00,,1,1755664666000,1755828028784,0
6305,,REPLACE_WITH_YOUR_USER_ID,20114798024,ez-bar-skull-crusher,EZ-Bar Skull Crusher,16,27.19.00,,2,1755665020000,1755828028784,0
6306,,REPLACE_WITH_YOUR_USER_ID,20103961540,smith-incline-bench-press,Incline Smith Machine Bench Press,6,79.38.00,,1,1755583412000,1755828033326,0
6307,,REPLACE_WITH_YOUR_USER_ID,20103961540,smith-incline-bench-press,Incline Smith Machine Bench Press,6,77.13.00,,2,1755583613000,1755828033326,0
6308,,REPLACE_WITH_YOUR_USER_ID,20103961540,smith-incline-bench-press,Incline Smith Machine Bench Press,6,77.13.00,,3,1755583941000,1755828033326,0
6309,,REPLACE_WITH_YOUR_USER_ID,20103961540,barbell-ohp,Barbell Overhead Press,7,79.38.00,,1,1755584078000,1755828033326,0
6310,,REPLACE_WITH_YOUR_USER_ID,20103961540,barbell-ohp,Barbell Overhead Press,6,79.38.00,,2,1755584262000,1755828033326,0
6311,,REPLACE_WITH_YOUR_USER_ID,20103961540,barbell-ohp,Barbell Overhead Press,8,79.38.00,,3,1755584483000,1755828033326,0
6312,,REPLACE_WITH_YOUR_USER_ID,20103961540,pec-deck,Pec Deck Machine,6,95.25.00,,1,1755584586000,1755828033326,0
6313,,REPLACE_WITH_YOUR_USER_ID,20103961540,pec-deck,Pec Deck Machine,6,91.09.00,,2,1755584824000,1755828033326,0
6314,,REPLACE_WITH_YOUR_USER_ID,20103961540,pec-deck,Pec Deck Machine,6,91.09.00,,3,1755585028000,1755828033326,0
6315,,REPLACE_WITH_YOUR_USER_ID,20103961540,lateral-raise,Lateral Raise,6,32.15.00,,1,1755585206000,1755828033326,0
6316,,REPLACE_WITH_YOUR_USER_ID,20103961540,lateral-raise,Lateral Raise,7,32.15.00,,2,1755585549000,1755828033326,0
6317,,REPLACE_WITH_YOUR_USER_ID,20103961540,lateral-raise,Lateral Raise,6,32.15.00,,3,1755585834000,1755828033326,0
6318,,REPLACE_WITH_YOUR_USER_ID,20103961540,ez-bar-curl,EZ-Bar Curl,6,54.44.00,,1,1755586092000,1755828033326,0
6319,,REPLACE_WITH_YOUR_USER_ID,20103961540,ez-bar-curl,EZ-Bar Curl,6,54.44.00,,2,1755586366000,1755828033326,0
6320,,REPLACE_WITH_YOUR_USER_ID,20103961540,ez-bar-curl,EZ-Bar Curl,5,54.44.00,,3,1755586573000,1755828033326,0
6321,,REPLACE_WITH_YOUR_USER_ID,20103961540,reverse-curl,Reverse Barbell Curl,7,42.34.00,,1,1755586751000,1755828033326,0
6322,,REPLACE_WITH_YOUR_USER_ID,20103961540,reverse-curl,Reverse Barbell Curl,8,41.21.00,,2,1755586913000,1755828033326,0
6323,,REPLACE_WITH_YOUR_USER_ID,20103961540,reverse-curl,Reverse Barbell Curl,8,42.34.00,,3,1755587091000,1755828033326,0
6389,,REPLACE_WITH_YOUR_USER_ID,20136852856,lying-leg-curl,Lying Leg Curl,9,107.03.00,,1,1755841065000,1756000864218,0
6390,,REPLACE_WITH_YOUR_USER_ID,20136852856,lying-leg-curl,Lying Leg Curl,8,107.03.00,,2,1755841377000,1756000864218,0
6391,,REPLACE_WITH_YOUR_USER_ID,20136852856,lying-leg-curl,Lying Leg Curl,9,107.03.00,,3,1755841797000,1756000864218,0
6392,,REPLACE_WITH_YOUR_USER_ID,20136852856,hack-squat,Hack Squat Machine,6,100.21.00,,1,1755842178000,1756000864218,0
6393,,REPLACE_WITH_YOUR_USER_ID,20136852856,hack-squat,Hack Squat Machine,6,100.21.00,,2,1755842480000,1756000864218,0
6394,,REPLACE_WITH_YOUR_USER_ID,20136852856,hack-squat,Hack Squat Machine,8,100.21.00,,3,1755842788000,1756000864218,0
6395,,REPLACE_WITH_YOUR_USER_ID,20136852856,leg-extension,Leg Extension,6,136.06.00,,1,1755843477000,1756000864218,0
6396,,REPLACE_WITH_YOUR_USER_ID,20136852856,leg-extension,Leg Extension,8,136.06.00,,2,1755843858000,1756000864218,0
6397,,REPLACE_WITH_YOUR_USER_ID,20136852856,leg-extension,Leg Extension,8,136.06.00,,3,1755844352000,1756000864218,0
6398,,REPLACE_WITH_YOUR_USER_ID,20136852856,weighted-crunch,Weighted Crunch,7,54.44.00,,1,1755844521000,1756000864218,0
6399,,REPLACE_WITH_YOUR_USER_ID,20136852856,weighted-crunch,Weighted Crunch,6,57.09.00,,2,1755844795000,1756000864218,0
6400,,REPLACE_WITH_YOUR_USER_ID,20136852856,weighted-crunch,Weighted Crunch,6,59.34.00,,3,1755844982000,1756000864218,0
6401,,REPLACE_WITH_YOUR_USER_ID,20136852856,hip-adduction,Hip Adduction Machine,12,91.09.00,,1,1755845068000,1756000864218,0
6402,,REPLACE_WITH_YOUR_USER_ID,20136852856,hip-adduction,Hip Adduction Machine,12,91.09.00,,2,1755845255000,1756000864218,0
6403,,REPLACE_WITH_YOUR_USER_ID,20136852856,hip-adduction,Hip Adduction Machine,12,93,,3,1755845751000,1756000864218,0
6430,,REPLACE_WITH_YOUR_USER_ID,20146410032,barbell-ohp,Barbell Overhead Press,8,84.34.00,,1,1755922676000,1756087239065,0
6431,,REPLACE_WITH_YOUR_USER_ID,20146410032,barbell-ohp,Barbell Overhead Press,8,84.34.00,,2,1755922950000,1756087239065,0
6432,,REPLACE_WITH_YOUR_USER_ID,20146410032,barbell-ohp,Barbell Overhead Press,8,84.34.00,,3,1755923252000,1756087239065,0
6433,,REPLACE_WITH_YOUR_USER_ID,20146410032,smith-incline-bench-press,Incline Smith Machine Bench Press,6,79.38.00,,1,1755923717000,1756087239065,0
6434,,REPLACE_WITH_YOUR_USER_ID,20146410032,smith-incline-bench-press,Incline Smith Machine Bench Press,6,79.38.00,,2,1755924024000,1756087239065,0
6435,,REPLACE_WITH_YOUR_USER_ID,20146410032,smith-incline-bench-press,Incline Smith Machine Bench Press,4,77.13.00,,3,1755924867000,1756087239065,0
6436,,REPLACE_WITH_YOUR_USER_ID,20146410032,lateral-raise,Lateral Raise,6,32.15.00,,1,1755925023000,1756087239065,0
6437,,REPLACE_WITH_YOUR_USER_ID,20146410032,lateral-raise,Lateral Raise,6,32.15.00,,2,1755925451000,1756087239065,0
6438,,REPLACE_WITH_YOUR_USER_ID,20146410032,lateral-raise,Lateral Raise,8,32.15.00,,3,1755925896000,1756087239065,0
6439,,REPLACE_WITH_YOUR_USER_ID,20146410032,tricep-pushdown-bar,Tricep Pushdown (Bar),8,68.06.00,,1,1755926432000,1756087239065,0
6440,,REPLACE_WITH_YOUR_USER_ID,20146410032,tricep-pushdown-bar,Tricep Pushdown (Bar),8,68.06.00,,2,1755926607000,1756087239065,0
6441,,REPLACE_WITH_YOUR_USER_ID,20146410032,tricep-pushdown-bar,Tricep Pushdown (Bar),8,68.06.00,,3,1755927119000,1756087239065,0
6442,,REPLACE_WITH_YOUR_USER_ID,20146410032,overhead-cable-tricep,Overhead Cable Tricep Extension,8,63.5,,1,1755927192000,1756087239065,0
6443,,REPLACE_WITH_YOUR_USER_ID,20146410032,overhead-cable-tricep,Overhead Cable Tricep Extension,7,63.5,,2,1755927737000,1756087239065,0
6444,,REPLACE_WITH_YOUR_USER_ID,20146410032,overhead-cable-tricep,Overhead Cable Tricep Extension,7,63.5,,3,1755928136000,1756087239065,0
6501,,REPLACE_WITH_YOUR_USER_ID,20155838316,pullup,Pull-Up,6,<null>,,1,1755993613000,1756173652761,0
6502,,REPLACE_WITH_YOUR_USER_ID,20155838316,lat-pulldown,Lat Pulldown,10,72.56.00,,1,1755994015000,1756173652761,0
6503,,REPLACE_WITH_YOUR_USER_ID,20155838316,lat-pulldown,Lat Pulldown,10,72.56.00,,2,1755994264000,1756173652761,0
6504,,REPLACE_WITH_YOUR_USER_ID,20155838316,lat-pulldown-close,Close-Grip Lat Pulldown,6,82.03.00,,1,1755994838000,1756173652761,0
6505,,REPLACE_WITH_YOUR_USER_ID,20155838316,lat-pulldown-close,Close-Grip Lat Pulldown,10,72.56.00,,2,1755995253000,1756173652761,0
6506,,REPLACE_WITH_YOUR_USER_ID,20155838316,lat-pulldown-close,Close-Grip Lat Pulldown,7,77.13.00,,3,1755995566000,1756173652761,0
6507,,REPLACE_WITH_YOUR_USER_ID,20155838316,cable-row-wide,Wide-Grip Cable Row,8,77.13.00,,1,1755996195000,1756173652761,0
6508,,REPLACE_WITH_YOUR_USER_ID,20155838316,cable-row-wide,Wide-Grip Cable Row,8,77.13.00,,2,1755996658000,1756173652761,0
6509,,REPLACE_WITH_YOUR_USER_ID,20155838316,cable-row-wide,Wide-Grip Cable Row,8,77.13.00,,3,1755996948000,1756173652761,0
6510,,REPLACE_WITH_YOUR_USER_ID,20155838316,ez-bar-curl,EZ-Bar Curl,6,54.44.00,,1,1755997339000,1756173652761,0
6511,,REPLACE_WITH_YOUR_USER_ID,20155838316,ez-bar-curl,EZ-Bar Curl,5,54.44.00,,2,1755997804000,1756173652761,0
6512,,REPLACE_WITH_YOUR_USER_ID,20155838316,ez-bar-curl,EZ-Bar Curl,6,52.19.00,,3,1755998372000,1756173652761,0
6513,,REPLACE_WITH_YOUR_USER_ID,20155838316,reverse-curl,Reverse Barbell Curl,8,43.06.00,,1,1755999011000,1756173652761,0
6514,,REPLACE_WITH_YOUR_USER_ID,20155838316,reverse-curl,Reverse Barbell Curl,8,41.21.00,,2,1755999300000,1756173652761,0
6515,,REPLACE_WITH_YOUR_USER_ID,20155838316,reverse-curl,Reverse Barbell Curl,10,41.21.00,,3,1755999748000,1756173652761,0
6516,,REPLACE_WITH_YOUR_USER_ID,20155838316,bent-over-rear-delt-raise,Bent-Over Rear Delt Raise,12,54.44.00,,1,1756000140000,1756173652761,0
6517,,REPLACE_WITH_YOUR_USER_ID,20155838316,bent-over-rear-delt-raise,Bent-Over Rear Delt Raise,8,57.09.00,,2,1756000365000,1756173652761,0
6518,,REPLACE_WITH_YOUR_USER_ID,20155838316,cable-rear-delt-fly,Cable Rear Delt Fly,12,23.09,,1,1756000657000,1756173652761,0
6519,,REPLACE_WITH_YOUR_USER_ID,20155838316,cable-rear-delt-fly,Cable Rear Delt Fly,8,23.09,,2,1756000841000,1756173652761,0
6520,,REPLACE_WITH_YOUR_USER_ID,20155838316,cable-rear-delt-fly,Cable Rear Delt Fly,10,23.09,,3,1756001156000,1756173652761,0
6643,,REPLACE_WITH_YOUR_USER_ID,20167845436,weighted-crunch,Weighted Crunch,6,59.34.00,,1,1756097979000,1756432879087,0
6644,,REPLACE_WITH_YOUR_USER_ID,20167845436,weighted-crunch,Weighted Crunch,6,54.44.00,,2,1756098420000,1756432879087,0
6645,,REPLACE_WITH_YOUR_USER_ID,20167845436,weighted-crunch,Weighted Crunch,6,54.44.00,,3,1756098702000,1756432879087,0
6646,,REPLACE_WITH_YOUR_USER_ID,20167845436,standing-calf-raise-machine,Standing Calf Raise Machine,12,186,,1,1756099132000,1756432879087,0
6647,,REPLACE_WITH_YOUR_USER_ID,20167845436,standing-calf-raise-machine,Standing Calf Raise Machine,12,186,,2,1756099414000,1756432879087,0
6648,,REPLACE_WITH_YOUR_USER_ID,20167845436,standing-calf-raise-machine,Standing Calf Raise Machine,12,186,,3,1756099679000,1756432879087,0
6804,,REPLACE_WITH_YOUR_USER_ID,20175201901,lying-leg-curl,Lying Leg Curl,8,109.28.00,,1,1756158300000,1756605653165,0
6805,,REPLACE_WITH_YOUR_USER_ID,20175201901,lying-leg-curl,Lying Leg Curl,8,109.28.00,,2,1756158580000,1756605653165,0
6806,,REPLACE_WITH_YOUR_USER_ID,20175201901,lying-leg-curl,Lying Leg Curl,8,109.28.00,,3,1756158899000,1756605653165,0
6807,,REPLACE_WITH_YOUR_USER_ID,20175201901,hack-squat,Hack Squat Machine,6,102.06.00,,1,1756159015000,1756605653165,0
6808,,REPLACE_WITH_YOUR_USER_ID,20175201901,hack-squat,Hack Squat Machine,6,104.31.00,,2,1756159354000,1756605653165,0
6809,,REPLACE_WITH_YOUR_USER_ID,20175201901,hack-squat,Hack Squat Machine,6,104.31.00,,3,1756159711000,1756605653165,0
6810,,REPLACE_WITH_YOUR_USER_ID,20175201901,leg-extension,Leg Extension,6,141.03.00,,1,1756160026000,1756605653165,0
6811,,REPLACE_WITH_YOUR_USER_ID,20175201901,leg-extension,Leg Extension,8,136.06.00,,2,1756160317000,1756605653165,0
6812,,REPLACE_WITH_YOUR_USER_ID,20175201901,leg-extension,Leg Extension,6,136.06.00,,3,1756160653000,1756605653165,0
6813,,REPLACE_WITH_YOUR_USER_ID,20175201901,hip-adduction,Hip Adduction Machine,12,93,,1,1756160947000,1756605653165,0
6814,,REPLACE_WITH_YOUR_USER_ID,20175201901,hip-adduction,Hip Adduction Machine,12,93,,2,1756161147000,1756605653165,0
6815,,REPLACE_WITH_YOUR_USER_ID,20175201901,hip-adduction,Hip Adduction Machine,10,93,,3,1756161403000,1756605653165,0
7002,,REPLACE_WITH_YOUR_USER_ID,20189121256,smith-incline-bench-press,Incline Smith Machine Bench Press,5,75.21.00,,1,1756261539000,1756778470165,0
7003,,REPLACE_WITH_YOUR_USER_ID,20189121256,smith-incline-bench-press,Incline Smith Machine Bench Press,6,70.31.00,,2,1756261898000,1756778470165,0
7004,,REPLACE_WITH_YOUR_USER_ID,20189121256,smith-incline-bench-press,Incline Smith Machine Bench Press,6,70.31.00,,3,1756262222000,1756778470165,0
7005,,REPLACE_WITH_YOUR_USER_ID,20189121256,lateral-raise,Lateral Raise,10,34,,1,1756262477000,1756778470165,0
7006,,REPLACE_WITH_YOUR_USER_ID,20189121256,lateral-raise,Lateral Raise,12,34,,2,1756262655000,1756778470165,0
7007,,REPLACE_WITH_YOUR_USER_ID,20189121256,lateral-raise,Lateral Raise,12,36.31.00,,3,1756262928000,1756778470165,0
7008,,REPLACE_WITH_YOUR_USER_ID,20189121256,pec-deck,Pec Deck Machine,7,93,,1,1756263178000,1756778470165,0
7009,,REPLACE_WITH_YOUR_USER_ID,20189121256,pec-deck,Pec Deck Machine,6,93,,2,1756263344000,1756778470165,0
7010,,REPLACE_WITH_YOUR_USER_ID,20189121256,pec-deck,Pec Deck Machine,8,93,,3,1756263576000,1756778470165,0
7011,,REPLACE_WITH_YOUR_USER_ID,20189121256,ez-bar-curl,EZ-Bar Curl,10,34,,1,1756264249000,1756778470165,0
7012,,REPLACE_WITH_YOUR_USER_ID,20189121256,ez-bar-curl,EZ-Bar Curl,8,34,,2,1756264476000,1756778470165,0
7013,,REPLACE_WITH_YOUR_USER_ID,20189121256,ez-bar-curl,EZ-Bar Curl,8,34,,3,1756264744000,1756778470165,0
7107,,REPLACE_WITH_YOUR_USER_ID,20200049227,lat-pulldown,Lat Pulldown,6,77.13.00,,1,1756350117000,1756864833247,0
7108,,REPLACE_WITH_YOUR_USER_ID,20200049227,pullup,Pull-Up,6,<null>,,1,1756350286000,1756864833247,0
7109,,REPLACE_WITH_YOUR_USER_ID,20200049227,pullup,Pull-Up,6,<null>,,2,1756350458000,1756864833247,0
7110,,REPLACE_WITH_YOUR_USER_ID,20200049227,cable-row,Seated Cable Row,10,77.13.00,,1,1756350679000,1756864833247,0
7111,,REPLACE_WITH_YOUR_USER_ID,20200049227,cable-row,Seated Cable Row,7,82.03.00,,2,1756350914000,1756864833247,0
7112,,REPLACE_WITH_YOUR_USER_ID,20200049227,cable-row,Seated Cable Row,6,82.03.00,,3,1756351178000,1756864833247,0
7113,,REPLACE_WITH_YOUR_USER_ID,20200049227,tricep-pushdown-bar,Tricep Pushdown (Bar),10,66.15.00,,1,1756351417000,1756864833247,0
7114,,REPLACE_WITH_YOUR_USER_ID,20200049227,tricep-pushdown-bar,Tricep Pushdown (Bar),8,66.15.00,,2,1756351828000,1756864833247,0
7115,,REPLACE_WITH_YOUR_USER_ID,20200049227,tricep-pushdown-bar,Tricep Pushdown (Bar),10,66.15.00,,3,1756352053000,1756864833247,0
7116,,REPLACE_WITH_YOUR_USER_ID,20200049227,ez-bar-skull-crusher,EZ-Bar Skull Crusher,10,59.34.00,,1,1756352323000,1756864833247,0
7117,,REPLACE_WITH_YOUR_USER_ID,20200049227,ez-bar-skull-crusher,EZ-Bar Skull Crusher,8,66.15.00,,2,1756352518000,1756864833247,0
7118,,REPLACE_WITH_YOUR_USER_ID,20200049227,ez-bar-skull-crusher,EZ-Bar Skull Crusher,6,66.15.00,,3,1756352713000,1756864833247,0
7317,,REPLACE_WITH_YOUR_USER_ID,20210271045,reverse-curl,Reverse Barbell Curl,10,43.06.00,,1,1756432484000,1757037692855,0
7318,,REPLACE_WITH_YOUR_USER_ID,20210271045,reverse-curl,Reverse Barbell Curl,12,43.06.00,,2,1756432748000,1757037692855,0
7319,,REPLACE_WITH_YOUR_USER_ID,20210271045,lying-leg-curl,Lying Leg Curl,6,91.09.00,,1,1756432863000,1757037692855,0
7320,,REPLACE_WITH_YOUR_USER_ID,20210271045,lying-leg-curl,Lying Leg Curl,8,68.06.00,,2,1756433173000,1757037692855,0
7321,,REPLACE_WITH_YOUR_USER_ID,20210271045,lying-leg-curl,Lying Leg Curl,8,75.21.00,,3,1756433447000,1757037692855,0
7322,,REPLACE_WITH_YOUR_USER_ID,20210271045,barbell-squat,Barbell Back Squat,6,61.25.00,,1,1756433928000,1757037692855,0
7323,,REPLACE_WITH_YOUR_USER_ID,20210271045,hack-squat,Hack Squat Machine,10,79.38.00,,1,1756434235000,1757037692855,0
7324,,REPLACE_WITH_YOUR_USER_ID,20210271045,hack-squat,Hack Squat Machine,8,97.5,,2,1756434552000,1757037692855,0
7325,,REPLACE_WITH_YOUR_USER_ID,20210271045,leg-extension,Leg Extension,12,102.06.00,,1,1756434971000,1757037692855,0
7326,,REPLACE_WITH_YOUR_USER_ID,20210271045,leg-extension,Leg Extension,10,109.28.00,,2,1756435285000,1757037692855,0
7327,,REPLACE_WITH_YOUR_USER_ID,20210271045,leg-extension,Leg Extension,12,109.28.00,,3,1756435539000,1757037692855,0
7328,,REPLACE_WITH_YOUR_USER_ID,20210271045,hip-adduction,Hip Adduction Machine,16,138.35.00,,1,1756436241000,1757037692855,0
7329,,REPLACE_WITH_YOUR_USER_ID,20210271045,hip-adduction,Hip Adduction Machine,10,138.38.00,,2,1756436460000,1757037692855,0
7330,,REPLACE_WITH_YOUR_USER_ID,20210271045,hip-adduction,Hip Adduction Machine,8,138.38.00,,3,1756436617000,1757037692855,0
7472,,REPLACE_WITH_YOUR_USER_ID,20229865895,pullup,Pull-Up,10,<null>,,1,1756609561000,1757210430640,0
7473,,REPLACE_WITH_YOUR_USER_ID,20229865895,pullup,Pull-Up,6,<null>,,2,1756609771000,1757210430640,0
7474,,REPLACE_WITH_YOUR_USER_ID,20229865895,pullup,Pull-Up,6,<null>,,3,1756609976000,1757210430640,0
7475,,REPLACE_WITH_YOUR_USER_ID,20229865895,cable-row,Seated Cable Row,10,72.56.00,,1,1756610164000,1757210430640,0
7476,,REPLACE_WITH_YOUR_USER_ID,20229865895,cable-row,Seated Cable Row,8,72.56.00,,2,1756610363000,1757210430640,0
7477,,REPLACE_WITH_YOUR_USER_ID,20229865895,cable-row,Seated Cable Row,10,72.56.00,,3,1756610576000,1757210430640,0
7478,,REPLACE_WITH_YOUR_USER_ID,20229865895,lat-pulldown-close,Close-Grip Lat Pulldown,7,82.03.00,,1,1756610724000,1757210430640,0
7479,,REPLACE_WITH_YOUR_USER_ID,20229865895,lat-pulldown-close,Close-Grip Lat Pulldown,6,82.03.00,,2,1756610977000,1757210430640,0
7480,,REPLACE_WITH_YOUR_USER_ID,20229865895,reverse-curl,Reverse Barbell Curl,6,45.38.00,,1,1756611091000,1757210430640,0
7481,,REPLACE_WITH_YOUR_USER_ID,20229865895,reverse-curl,Reverse Barbell Curl,7,41.21.00,,2,1756611250000,1757210430640,0
7482,,REPLACE_WITH_YOUR_USER_ID,20229865895,reverse-curl,Reverse Barbell Curl,8,41.22.00,,3,1756612024000,1757210430640,0
7483,,REPLACE_WITH_YOUR_USER_ID,20229865895,ez-bar-curl,EZ-Bar Curl,8,43.03.00,,1,1756611525000,1757210430640,0
7484,,REPLACE_WITH_YOUR_USER_ID,20229865895,ez-bar-curl,EZ-Bar Curl,6,45.28.00,,2,1756611722000,1757210430640,0
7485,,REPLACE_WITH_YOUR_USER_ID,20229865895,ez-bar-curl,EZ-Bar Curl,6,43.03.00,,3,1756611940000,1757210430640,0
7486,,REPLACE_WITH_YOUR_USER_ID,20229865895,rear-delt-fly,Rear Delt Fly,8,23.09,,1,1756612331000,1757210430640,0
7487,,REPLACE_WITH_YOUR_USER_ID,20229865895,rear-delt-fly,Rear Delt Fly,10,23.09,,2,1756612491000,1757210430640,0
7488,,REPLACE_WITH_YOUR_USER_ID,20229865895,rear-delt-fly,Rear Delt Fly,7,23.09,,3,1756612630000,1757210430640,0
7489,,REPLACE_WITH_YOUR_USER_ID,20229865895,bent-over-rear-delt-raise,Bent-Over Rear Delt Raise,8,45.38.00,,1,1756612775000,1757210430640,0
7490,,REPLACE_WITH_YOUR_USER_ID,20229865895,bent-over-rear-delt-raise,Bent-Over Rear Delt Raise,10,45.38.00,,2,1756613008000,1757210430640,0
7491,,REPLACE_WITH_YOUR_USER_ID,20218552030,barbell-ohp,Barbell Overhead Press,6,45.38.00,,1,1756509427000,1757210434805,0
7492,,REPLACE_WITH_YOUR_USER_ID,20218552030,barbell-ohp,Barbell Overhead Press,8,45.38.00,,2,1756509615000,1757210434805,0
7493,,REPLACE_WITH_YOUR_USER_ID,20218552030,barbell-ohp,Barbell Overhead Press,7,45.38.00,,3,1756509811000,1757210434805,0
7494,,REPLACE_WITH_YOUR_USER_ID,20218552030,weighted-crunch,Weighted Crunch,8,72.56.00,,1,1756510011000,1757210434805,0
7495,,REPLACE_WITH_YOUR_USER_ID,20218552030,weighted-crunch,Weighted Crunch,8,79.38.00,,2,1756513256000,1757210434805,0
7496,,REPLACE_WITH_YOUR_USER_ID,20218552030,weighted-crunch,Weighted Crunch,10,84.34.00,,3,1756513597000,1757210434805,0
7497,,REPLACE_WITH_YOUR_USER_ID,20218552030,smith-incline-bench-press,Incline Smith Machine Bench Press,8,75.21.00,,1,1756510336000,1757210434805,0
7498,,REPLACE_WITH_YOUR_USER_ID,20218552030,smith-incline-bench-press,Incline Smith Machine Bench Press,6,77.13.00,,2,1756510669000,1757210434805,0
7499,,REPLACE_WITH_YOUR_USER_ID,20218552030,smith-incline-bench-press,Incline Smith Machine Bench Press,5,77.13.00,,3,1756510949000,1757210434805,0
7500,,REPLACE_WITH_YOUR_USER_ID,20218552030,lateral-raise,Lateral Raise,6,45.38.00,,1,1756511092000,1757210434805,0
7501,,REPLACE_WITH_YOUR_USER_ID,20218552030,lateral-raise,Lateral Raise,8,43.06.00,,2,1756511312000,1757210434805,0
7502,,REPLACE_WITH_YOUR_USER_ID,20218552030,lateral-raise,Lateral Raise,8,43.06.00,,3,1756511568000,1757210434805,0
7503,,REPLACE_WITH_YOUR_USER_ID,20218552030,tricep-pushdown-bar,Tricep Pushdown (Bar),6,66.15.00,,1,1756511858000,1757210434805,0
7504,,REPLACE_WITH_YOUR_USER_ID,20218552030,tricep-pushdown-bar,Tricep Pushdown (Bar),6,66.15.00,,2,1756511993000,1757210434805,0
7505,,REPLACE_WITH_YOUR_USER_ID,20218552030,tricep-pushdown-bar,Tricep Pushdown (Bar),6,66.15.00,,3,1756512130000,1757210434805,0
7506,,REPLACE_WITH_YOUR_USER_ID,20218552030,pec-deck,Pec Deck Machine,6,91.09.00,,1,1756512369000,1757210434805,0
7507,,REPLACE_WITH_YOUR_USER_ID,20218552030,pec-deck,Pec Deck Machine,6,86.19.00,,2,1756512567000,1757210434805,0
7508,,REPLACE_WITH_YOUR_USER_ID,20218552030,pec-deck,Pec Deck Machine,6,84.34.00,,3,1756512724000,1757210434805,0
7509,,REPLACE_WITH_YOUR_USER_ID,20218552030,overhead-cable-tricep,Overhead Cable Tricep Extension,8,59.34.00,,1,1756512960000,1757210434805,0
7510,,REPLACE_WITH_YOUR_USER_ID,20218552030,overhead-cable-tricep,Overhead Cable Tricep Extension,6,59.34.00,,2,1756513108000,1757210434805,0
7511,,REPLACE_WITH_YOUR_USER_ID,20218552030,overhead-cable-tricep,Overhead Cable Tricep Extension,6,59.34.00,,3,1756513327000,1757210434805,0
7512,,REPLACE_WITH_YOUR_USER_ID,20218552030,seated-calf-raise,Seated Calf Raise Machine,24,122.5,,1,1756513833000,1757210434805,0
7513,,REPLACE_WITH_YOUR_USER_ID,20218552030,seated-calf-raise,Seated Calf Raise Machine,20,125.15.00,,2,1756514129000,1757210434805,0
7514,,REPLACE_WITH_YOUR_USER_ID,20218552030,seated-calf-raise,Seated Calf Raise Machine,16,136.06.00,,3,1756514372000,1757210434805,0
7837,,REPLACE_WITH_YOUR_USER_ID,20240217877,lying-leg-curl,Lying Leg Curl,8,79.38.00,,1,1756684506000,1757469642926,0
7838,,REPLACE_WITH_YOUR_USER_ID,20240217877,lying-leg-curl,Lying Leg Curl,8,84.34.00,,2,1756684916000,1757469642926,0
7839,,REPLACE_WITH_YOUR_USER_ID,20240217877,lying-leg-curl,Lying Leg Curl,8,84.34.00,,3,1756685316000,1757469642926,0
7840,,REPLACE_WITH_YOUR_USER_ID,20240217877,hack-squat,Hack Squat Machine,6,107.03.00,,1,1756686028000,1757469642926,0
7841,,REPLACE_WITH_YOUR_USER_ID,20240217877,hack-squat,Hack Squat Machine,6,107.03.00,,2,1756686351000,1757469642926,0
7842,,REPLACE_WITH_YOUR_USER_ID,20240217877,hack-squat,Hack Squat Machine,6,107.03.00,,3,1756686667000,1757469642926,0
7843,,REPLACE_WITH_YOUR_USER_ID,20240217877,leg-extension,Leg Extension,12,102.06.00,,1,1756687529000,1757469642926,0
7844,,REPLACE_WITH_YOUR_USER_ID,20240217877,leg-extension,Leg Extension,12,109.28.00,,2,1756688121000,1757469642926,0
7845,,REPLACE_WITH_YOUR_USER_ID,20240217877,leg-extension,Leg Extension,12,109.28.00,,3,1756688557000,1757469642926,0
7846,,REPLACE_WITH_YOUR_USER_ID,20240217877,hip-adduction,Hip Adduction Machine,18,138.38.00,,1,1756689889000,1757469642926,0
7847,,REPLACE_WITH_YOUR_USER_ID,20240217877,hip-adduction,Hip Adduction Machine,16,138.38.00,,2,1756690016000,1757469642926,0
7848,,REPLACE_WITH_YOUR_USER_ID,20240217877,hip-adduction,Hip Adduction Machine,16,138.38.00,,3,1756690466000,1757469642926,0
7849,,REPLACE_WITH_YOUR_USER_ID,20240217877,lying-leg-raise,Lying Leg Raise,16,<null>,,1,1756690592000,1757469642926,0
7850,,REPLACE_WITH_YOUR_USER_ID,20240217877,lying-leg-raise,Lying Leg Raise,18,<null>,,2,1756691073000,1757469642926,0
7851,,REPLACE_WITH_YOUR_USER_ID,20240217877,lying-leg-raise,Lying Leg Raise,24,<null>,,3,1756691748000,1757469642926,0
7852,,REPLACE_WITH_YOUR_USER_ID,20240217877,standing-calf-raise-machine,Standing Calf Raise Machine,30,138.38.00,,1,1756691182000,1757469642926,0
7853,,REPLACE_WITH_YOUR_USER_ID,20240217877,standing-calf-raise-machine,Standing Calf Raise Machine,30,154.25.00,,2,1756691368000,1757469642926,0
7854,,REPLACE_WITH_YOUR_USER_ID,20240217877,standing-calf-raise-machine,Standing Calf Raise Machine,24,159.15.00,,3,1756691689000,1757469642926,0
8030,,REPLACE_WITH_YOUR_USER_ID,20273822440,pullup,Pull-Up,8,<null>,,1,1756933748000,1757642420904,0
8031,,REPLACE_WITH_YOUR_USER_ID,20273822440,barbell-bench-press,Barbell Bench Press,7,82.03.00,,1,1756933978000,1757642420904,0
8032,,REPLACE_WITH_YOUR_USER_ID,20273822440,barbell-bench-press,Barbell Bench Press,6,84.34.00,,2,1756934197000,1757642420904,0
8033,,REPLACE_WITH_YOUR_USER_ID,20273822440,unknown,UNKNOWN,8,72.56.00,,1,1756934426000,1757642420904,0
8034,,REPLACE_WITH_YOUR_USER_ID,20273822440,unknown,UNKNOWN,8,72.56.00,,2,1756934696000,1757642420904,0
8035,,REPLACE_WITH_YOUR_USER_ID,20273822440,unknown,UNKNOWN,8,72.56.00,,3,1756934893000,1757642420904,0
8036,,REPLACE_WITH_YOUR_USER_ID,20273822440,unknown,UNKNOWN,6,72.56.00,,4,1756935682000,1757642420904,0
8037,,REPLACE_WITH_YOUR_USER_ID,20273822440,unknown,UNKNOWN,6,70.31.00,,5,1756935787000,1757642420904,0
8038,,REPLACE_WITH_YOUR_USER_ID,20273822440,unknown,UNKNOWN,10,59.34.00,,6,1756936293000,1757642420904,0
8039,,REPLACE_WITH_YOUR_USER_ID,20273822440,unknown,UNKNOWN,8,61.25.00,,7,1756936472000,1757642420904,0
8040,,REPLACE_WITH_YOUR_USER_ID,20273822440,unknown,UNKNOWN,12,61.25.00,,8,1756936901000,1757642420904,0
8041,,REPLACE_WITH_YOUR_USER_ID,20273822440,dumbbell-fly,Dumbbell Fly,7,<null>,,1,1756935345000,1757642420904,0
8042,,REPLACE_WITH_YOUR_USER_ID,20273822440,barbell-row,Barbell Row,8,66.15.00,,1,1756935486000,1757642420904,0
8043,,REPLACE_WITH_YOUR_USER_ID,20261730463,barbell-ohp,Barbell Overhead Press,8,45.38.00,,1,1756865705000,1757642421868,0
8044,,REPLACE_WITH_YOUR_USER_ID,20261730463,barbell-ohp,Barbell Overhead Press,8,45.38.00,,2,1756865892000,1757642421868,0
8045,,REPLACE_WITH_YOUR_USER_ID,20261730463,barbell-ohp,Barbell Overhead Press,6,45.38.00,,3,1756866143000,1757642421868,0
8046,,REPLACE_WITH_YOUR_USER_ID,20261730463,smith-incline-bench-press,Incline Smith Machine Bench Press,6,75.21.00,,1,1756866559000,1757642421868,0
8047,,REPLACE_WITH_YOUR_USER_ID,20261730463,smith-incline-bench-press,Incline Smith Machine Bench Press,6,75.21.00,,2,1756866780000,1757642421868,0
8048,,REPLACE_WITH_YOUR_USER_ID,20261730463,smith-incline-bench-press,Incline Smith Machine Bench Press,6,72.56.00,,3,1756866996000,1757642421868,0
8049,,REPLACE_WITH_YOUR_USER_ID,20261730463,lateral-raise,Lateral Raise,6,52.19.00,,1,1756867413000,1757642421868,0
8050,,REPLACE_WITH_YOUR_USER_ID,20261730463,lateral-raise,Lateral Raise,8,52.19.00,,2,1756867564000,1757642421868,0
8051,,REPLACE_WITH_YOUR_USER_ID,20261730463,lateral-raise,Lateral Raise,8,52.19.00,,3,1756867881000,1757642421868,0
8052,,REPLACE_WITH_YOUR_USER_ID,20261730463,pec-deck,Pec Deck Machine,10,91.09.00,,1,1756868335000,1757642421868,0
8053,,REPLACE_WITH_YOUR_USER_ID,20261730463,pec-deck,Pec Deck Machine,6,86.19.00,,2,1756868499000,1757642421868,0
8054,,REPLACE_WITH_YOUR_USER_ID,20261730463,pec-deck,Pec Deck Machine,7,84.34.00,,3,1756868662000,1757642421868,0
8055,,REPLACE_WITH_YOUR_USER_ID,20261730463,ez-bar-curl,EZ-Bar Curl,8,43.03.00,,1,1756868896000,1757642421868,0
8056,,REPLACE_WITH_YOUR_USER_ID,20261730463,ez-bar-curl,EZ-Bar Curl,6,43.03.00,,2,1756869300000,1757642421868,0
8057,,REPLACE_WITH_YOUR_USER_ID,20261730463,ez-bar-curl,EZ-Bar Curl,6,45.28.00,,3,1756870178000,1757642421868,0
8058,,REPLACE_WITH_YOUR_USER_ID,20261730463,reverse-curl,Reverse Barbell Curl,9,45.38.00,,1,1756869873000,1757642421868,0
8059,,REPLACE_WITH_YOUR_USER_ID,20261730463,reverse-curl,Reverse Barbell Curl,10,45.38.00,,2,1756870070000,1757642421868,0
8060,,REPLACE_WITH_YOUR_USER_ID,20261730463,reverse-curl,Reverse Barbell Curl,7,50.28.00,,3,1756870383000,1757642421868,0
8144,,REPLACE_WITH_YOUR_USER_ID,20306468429,pullup,Pull-Up,10,<null>,,1,1757200160000,1757728835298,0
8145,,REPLACE_WITH_YOUR_USER_ID,20306468429,pullup,Pull-Up,6,<null>,,2,1757201171000,1757728835298,0
8146,,REPLACE_WITH_YOUR_USER_ID,20306468429,lat-pulldown-close,Close-Grip Lat Pulldown,8,82.03.00,,1,1757200392000,1757728835298,0
8147,,REPLACE_WITH_YOUR_USER_ID,20306468429,lat-pulldown-close,Close-Grip Lat Pulldown,6,82.03.00,,2,1757200674000,1757728835298,0
8148,,REPLACE_WITH_YOUR_USER_ID,20306468429,lat-pulldown-close,Close-Grip Lat Pulldown,6,82.03.00,,3,1757200916000,1757728835298,0
8149,,REPLACE_WITH_YOUR_USER_ID,20306468429,cable-row,Seated Cable Row,6,77.13.00,,1,1757201540000,1757728835298,0
8150,,REPLACE_WITH_YOUR_USER_ID,20306468429,cable-row,Seated Cable Row,10,72.56.00,,2,1757201909000,1757728835298,0
8151,,REPLACE_WITH_YOUR_USER_ID,20306468429,cable-row,Seated Cable Row,8,72.56.00,,3,1757202255000,1757728835298,0
8152,,REPLACE_WITH_YOUR_USER_ID,20306468429,reverse-curl,Reverse Barbell Curl,8,48.03.00,,1,1757203008000,1757728835298,0
8153,,REPLACE_WITH_YOUR_USER_ID,20306468429,reverse-curl,Reverse Barbell Curl,10,50.28.00,,2,1757203252000,1757728835298,0
8154,,REPLACE_WITH_YOUR_USER_ID,20306468429,reverse-curl,Reverse Barbell Curl,6,52.19.00,,3,1757204228000,1757728835298,0
8155,,REPLACE_WITH_YOUR_USER_ID,20306468429,ez-bar-curl,EZ-Bar Curl,6,49.44.00,,1,1757203428000,1757728835298,0
8156,,REPLACE_WITH_YOUR_USER_ID,20306468429,ez-bar-curl,EZ-Bar Curl,7,47.19.00,,2,1757203679000,1757728835298,0
8157,,REPLACE_WITH_YOUR_USER_ID,20306468429,ez-bar-curl,EZ-Bar Curl,6,47.19.00,,3,1757204019000,1757728835298,0
8158,,REPLACE_WITH_YOUR_USER_ID,20306468429,cable-fly-high,Cable Fly (High to Low),6,13.09,,1,1757203943000,1757728835298,0
8159,,REPLACE_WITH_YOUR_USER_ID,20306468429,cable-fly-high,Cable Fly (High to Low),8,11.31,,2,1757204115000,1757728835298,0
8160,,REPLACE_WITH_YOUR_USER_ID,20306468429,cable-fly-high,Cable Fly (High to Low),8,11.31,,3,1757204404000,1757728835298,0
8161,,REPLACE_WITH_YOUR_USER_ID,20306468429,bent-over-rear-delt-raise,Bent-Over Rear Delt Raise,8,54.44.00,,1,1757204563000,1757728835298,0
8191,,REPLACE_WITH_YOUR_USER_ID,20344775636,lat-pulldown,Lat Pulldown,10,75.21.00,,1,1757528241000,1757815264605,0
8192,,REPLACE_WITH_YOUR_USER_ID,20344775636,lat-pulldown,Lat Pulldown,10,72.56.00,,2,1757528495000,1757815264605,0
8193,,REPLACE_WITH_YOUR_USER_ID,20344775636,lat-pulldown,Lat Pulldown,10,72.56.00,,3,1757528724000,1757815264605,0
8194,,REPLACE_WITH_YOUR_USER_ID,20344775636,cable-row,Seated Cable Row,6,75.21.00,,1,1757529092000,1757815264605,0
8195,,REPLACE_WITH_YOUR_USER_ID,20344775636,cable-row,Seated Cable Row,8,72.56.00,,2,1757529358000,1757815264605,0
8196,,REPLACE_WITH_YOUR_USER_ID,20344775636,cable-row,Seated Cable Row,10,72.56.00,,3,1757529726000,1757815264605,0
8197,,REPLACE_WITH_YOUR_USER_ID,20344775636,tricep-pushdown-bar,Tricep Pushdown (Bar),7,72.56.00,,1,1757530135000,1757815264605,0
8198,,REPLACE_WITH_YOUR_USER_ID,20344775636,tricep-pushdown-bar,Tricep Pushdown (Bar),7,72.56.00,,2,1757530302000,1757815264605,0
8199,,REPLACE_WITH_YOUR_USER_ID,20344775636,tricep-pushdown-bar,Tricep Pushdown (Bar),7,72.56.00,,3,1757530497000,1757815264605,0
8200,,REPLACE_WITH_YOUR_USER_ID,20344775636,overhead-cable-tricep,Overhead Cable Tricep Extension,7,68.06.00,,1,1757530690000,1757815264605,0
8201,,REPLACE_WITH_YOUR_USER_ID,20344775636,overhead-cable-tricep,Overhead Cable Tricep Extension,7,68.06.00,,2,1757530922000,1757815264605,0
8202,,REPLACE_WITH_YOUR_USER_ID,20344775636,overhead-cable-tricep,Overhead Cable Tricep Extension,5,68.06.00,,3,1757531178000,1757815264605,0
8203,,REPLACE_WITH_YOUR_USER_ID,20344775636,bent-over-rear-delt-raise,Bent-Over Rear Delt Raise,10,57.09.00,,1,1757530786000,1757815264605,0
8204,,REPLACE_WITH_YOUR_USER_ID,20344775636,bent-over-rear-delt-raise,Bent-Over Rear Delt Raise,10,52.19.00,,2,1757531047000,1757815264605,0
8205,,REPLACE_WITH_YOUR_USER_ID,20344775636,bent-over-rear-delt-raise,Bent-Over Rear Delt Raise,10,52.19.00,,3,1757531267000,1757815264605,0
8206,,REPLACE_WITH_YOUR_USER_ID,20339935618,weighted-crunch,Weighted Crunch,10,84.34.00,,1,1757475555000,1757815267656,0
8207,,REPLACE_WITH_YOUR_USER_ID,20339935618,weighted-crunch,Weighted Crunch,10,84.34.00,,2,1757475760000,1757815267656,0
8208,,REPLACE_WITH_YOUR_USER_ID,20339935618,weighted-crunch,Weighted Crunch,10,91.09.00,,3,1757476216000,1757815267656,0
8209,,REPLACE_WITH_YOUR_USER_ID,20339935618,lying-leg-curl,Lying Leg Curl,10,75.21.00,,1,1757476171000,1757815267656,0
8210,,REPLACE_WITH_YOUR_USER_ID,20339935618,lying-leg-curl,Lying Leg Curl,8,77.13.00,,2,1757476471000,1757815267656,0
8211,,REPLACE_WITH_YOUR_USER_ID,20339935618,lying-leg-curl,Lying Leg Curl,8,77.13.00,,3,1757476790000,1757815267656,0
8212,,REPLACE_WITH_YOUR_USER_ID,20339935618,hack-squat,Hack Squat Machine,8,95.25.00,,1,1757477054000,1757815267656,0
8213,,REPLACE_WITH_YOUR_USER_ID,20339935618,hack-squat,Hack Squat Machine,8,109.28.00,,2,1757477334000,1757815267656,0
8214,,REPLACE_WITH_YOUR_USER_ID,20339935618,hack-squat,Hack Squat Machine,10,109.28.00,,3,1757477749000,1757815267656,0
8215,,REPLACE_WITH_YOUR_USER_ID,20339935618,standing-calf-raise-machine,Standing Calf Raise Machine,16,163.31.00,,1,1757478549000,1757815267656,0
8216,,REPLACE_WITH_YOUR_USER_ID,20339935618,standing-calf-raise-machine,Standing Calf Raise Machine,18,145.13.00,,2,1757478795000,1757815267656,0
8217,,REPLACE_WITH_YOUR_USER_ID,20339935618,standing-calf-raise-machine,Standing Calf Raise Machine,16,145.13.00,,3,1757478965000,1757815267656,0
8218,,REPLACE_WITH_YOUR_USER_ID,20339935618,leg-extension,Leg Extension,10,113.38.00,,1,1757479219000,1757815267656,0
8219,,REPLACE_WITH_YOUR_USER_ID,20339935618,leg-extension,Leg Extension,12,113.38.00,,2,1757479583000,1757815267656,0
8220,,REPLACE_WITH_YOUR_USER_ID,20339935618,leg-extension,Leg Extension,12,113.38.00,,3,1757479909000,1757815267656,0
8221,,REPLACE_WITH_YOUR_USER_ID,20339935618,lying-leg-raise,Lying Leg Raise,18,<null>,,1,1757480277000,1757815267656,0
8222,,REPLACE_WITH_YOUR_USER_ID,20339935618,lying-leg-raise,Lying Leg Raise,16,<null>,,2,1757480485000,1757815267656,0
8223,,REPLACE_WITH_YOUR_USER_ID,20339935618,lying-leg-raise,Lying Leg Raise,18,<null>,,3,1757480561000,1757815267656,0
8224,,REPLACE_WITH_YOUR_USER_ID,20339935618,hip-adduction,Hip Adduction Machine,12,150.09.00,,1,1757480988000,1757815267656,0
8225,,REPLACE_WITH_YOUR_USER_ID,20339935618,hip-adduction,Hip Adduction Machine,16,138.38.00,,2,1757481287000,1757815267656,0
8226,,REPLACE_WITH_YOUR_USER_ID,20339935618,hip-adduction,Hip Adduction Machine,12,138.38.00,,3,1757481563000,1757815267656,0
8227,,REPLACE_WITH_YOUR_USER_ID,20314546236,smith-incline-bench-press,Incline Smith Machine Bench Press,6,79.38.00,,1,1757290295000,1757815270978,0
8228,,REPLACE_WITH_YOUR_USER_ID,20314546236,smith-incline-bench-press,Incline Smith Machine Bench Press,6,79.38.00,,2,1757290691000,1757815270978,0
8229,,REPLACE_WITH_YOUR_USER_ID,20314546236,smith-incline-bench-press,Incline Smith Machine Bench Press,7,77.13.00,,3,1757290934000,1757815270978,0
8230,,REPLACE_WITH_YOUR_USER_ID,20314546236,barbell-ohp,Barbell Overhead Press,6,48.03.00,,1,1757291326000,1757815270978,0
8231,,REPLACE_WITH_YOUR_USER_ID,20314546236,barbell-ohp,Barbell Overhead Press,7,45.38.00,,2,1757291572000,1757815270978,0
8232,,REPLACE_WITH_YOUR_USER_ID,20314546236,barbell-ohp,Barbell Overhead Press,7,45.38.00,,3,1757291824000,1757815270978,0
8233,,REPLACE_WITH_YOUR_USER_ID,20314546236,lateral-raise,Lateral Raise,7,52.19.00,,1,1757292184000,1757815270978,0
8234,,REPLACE_WITH_YOUR_USER_ID,20314546236,lateral-raise,Lateral Raise,7,52.19.00,,2,1757292403000,1757815270978,0
8235,,REPLACE_WITH_YOUR_USER_ID,20314546236,lateral-raise,Lateral Raise,7,52.19.00,,3,1757292667000,1757815270978,0
8236,,REPLACE_WITH_YOUR_USER_ID,20314546236,tricep-pushdown-bar,Tricep Pushdown (Bar),6,72.57.00,,1,1757292996000,1757815270978,0
8237,,REPLACE_WITH_YOUR_USER_ID,20314546236,tricep-pushdown-bar,Tricep Pushdown (Bar),7,68.06.00,,2,1757293296000,1757815270978,0
8238,,REPLACE_WITH_YOUR_USER_ID,20314546236,tricep-pushdown-bar,Tricep Pushdown (Bar),8,68.06.00,,3,1757293450000,1757815270978,0
8239,,REPLACE_WITH_YOUR_USER_ID,20314546236,overhead-cable-tricep,Overhead Cable Tricep Extension,8,66.15.00,,1,1757293824000,1757815270978,0
8240,,REPLACE_WITH_YOUR_USER_ID,20314546236,overhead-cable-tricep,Overhead Cable Tricep Extension,8,66.15.00,,2,1757294321000,1757815270978,0
8241,,REPLACE_WITH_YOUR_USER_ID,20314546236,overhead-cable-tricep,Overhead Cable Tricep Extension,8,66.15.00,,3,1757294800000,1757815270978,0
8242,,REPLACE_WITH_YOUR_USER_ID,20314546236,pec-deck,Pec Deck Machine,7,86.19.00,,1,1757295109000,1757815270978,0
8243,,REPLACE_WITH_YOUR_USER_ID,20314546236,pec-deck,Pec Deck Machine,6,84.34.00,,2,1757295343000,1757815270978,0
8244,,REPLACE_WITH_YOUR_USER_ID,20314546236,pec-deck,Pec Deck Machine,6,84.34.00,,3,1757295676000,1757815270978,0
8280,,REPLACE_WITH_YOUR_USER_ID,20366042992,unknown,UNKNOWN,8,54.44.00,,1,1757650334000,1757901667110,0
8281,,REPLACE_WITH_YOUR_USER_ID,20366042992,unknown,UNKNOWN,8,52.19.00,,2,1757650503000,1757901667110,0
8282,,REPLACE_WITH_YOUR_USER_ID,20366042992,unknown,UNKNOWN,6,45.38.00,,3,1757651557000,1757901667110,0
8283,,REPLACE_WITH_YOUR_USER_ID,20366042992,unknown,UNKNOWN,8,82.03.00,,4,1757652985000,1757901667110,0
8284,,REPLACE_WITH_YOUR_USER_ID,20366042992,unknown,UNKNOWN,8,45.28.00,,5,1757653405000,1757901667110,0
8285,,REPLACE_WITH_YOUR_USER_ID,20366042992,unknown,UNKNOWN,5,45.28.00,,6,1757653978000,1757901667110,0
8286,,REPLACE_WITH_YOUR_USER_ID,20366042992,barbell-bench-press,Barbell Bench Press,5,82.03.00,,1,1757650772000,1757901667110,0
8287,,REPLACE_WITH_YOUR_USER_ID,20366042992,barbell-bench-press,Barbell Bench Press,6,79.38.00,,2,1757651062000,1757901667110,0
8288,,REPLACE_WITH_YOUR_USER_ID,20366042992,barbell-bench-press,Barbell Bench Press,5,77.13.00,,3,1757651317000,1757901667110,0
8289,,REPLACE_WITH_YOUR_USER_ID,20366042992,lateral-raise,Lateral Raise,10,45.38.00,,1,1757651717000,1757901667110,0
8290,,REPLACE_WITH_YOUR_USER_ID,20366042992,lateral-raise,Lateral Raise,12,45.38.00,,2,1757651976000,1757901667110,0
8291,,REPLACE_WITH_YOUR_USER_ID,20366042992,lateral-raise,Lateral Raise,8,82.03.00,,3,1757652376000,1757901667110,0
8292,,REPLACE_WITH_YOUR_USER_ID,20366042992,pullup,Pull-Up,6,43.06.00,,1,1757651891000,1757901667110,0
8293,,REPLACE_WITH_YOUR_USER_ID,20366042992,dumbbell-curl,Dumbbell Curl,6,45.28.00,,1,1757653773000,1757901667110,0
8327,,REPLACE_WITH_YOUR_USER_ID,20366044040,lying-leg-curl,Lying Leg Curl,8,79.38.00,,1,1757720155000,1757988061573,0
8328,,REPLACE_WITH_YOUR_USER_ID,20366044040,lying-leg-curl,Lying Leg Curl,8,82.03.00,,2,1757720509000,1757988061573,0
8329,,REPLACE_WITH_YOUR_USER_ID,20366044040,lying-leg-curl,Lying Leg Curl,8,82.03.00,,3,1757720910000,1757988061573,0
8330,,REPLACE_WITH_YOUR_USER_ID,20366044040,weighted-crunch,Weighted Crunch,10,91.09.00,,1,1757720420000,1757988061573,0
8331,,REPLACE_WITH_YOUR_USER_ID,20366044040,weighted-crunch,Weighted Crunch,10,91.09.00,,2,1757720637000,1757988061573,0
8332,,REPLACE_WITH_YOUR_USER_ID,20366044040,weighted-crunch,Weighted Crunch,12,91.09.00,,3,1757721064000,1757988061573,0
8333,,REPLACE_WITH_YOUR_USER_ID,20366044040,hack-squat,Hack Squat Machine,6,109.28.00,,1,1757721370000,1757988061573,0
8334,,REPLACE_WITH_YOUR_USER_ID,20366044040,hack-squat,Hack Squat Machine,6,109.28.00,,2,1757721626000,1757988061573,0
8335,,REPLACE_WITH_YOUR_USER_ID,20366044040,hack-squat,Hack Squat Machine,8,109.28.00,,3,1757721995000,1757988061573,0
8336,,REPLACE_WITH_YOUR_USER_ID,20366044040,leg-extension,Leg Extension,12,113.38.00,,1,1757722777000,1757988061573,0
8337,,REPLACE_WITH_YOUR_USER_ID,20366044040,leg-extension,Leg Extension,12,116.09.00,,2,1757723027000,1757988061573,0
8338,,REPLACE_WITH_YOUR_USER_ID,20366044040,leg-extension,Leg Extension,10,118.34.00,,3,1757723444000,1757988061573,0
8339,,REPLACE_WITH_YOUR_USER_ID,20366044040,hip-adduction,Hip Adduction Machine,12,138.38.00,,1,1757723699000,1757988061573,0
8340,,REPLACE_WITH_YOUR_USER_ID,20366044040,hip-adduction,Hip Adduction Machine,11,138.38.00,,2,1757723999000,1757988061573,0
8341,,REPLACE_WITH_YOUR_USER_ID,20366044040,hip-adduction,Hip Adduction Machine,10,138.38.00,,3,1757724269000,1757988061573,0
8571,,REPLACE_WITH_YOUR_USER_ID,20386882289,pullup,Pull-Up,8,<null>,,1,1757889007000,1758333633998,0
8572,,REPLACE_WITH_YOUR_USER_ID,20386882289,pullup,Pull-Up,8,<null>,,2,1757889329000,1758333633998,0
8573,,REPLACE_WITH_YOUR_USER_ID,20386882289,lat-pulldown,Lat Pulldown,8,75.21.00,,1,1757889583000,1758333633998,0
8574,,REPLACE_WITH_YOUR_USER_ID,20386882289,lat-pulldown,Lat Pulldown,8,75.21.00,,2,1757889929000,1758333633998,0
8575,,REPLACE_WITH_YOUR_USER_ID,20386882289,cable-row,Seated Cable Row,10,72.56.00,,1,1757890348000,1758333633998,0
8576,,REPLACE_WITH_YOUR_USER_ID,20386882289,cable-row,Seated Cable Row,10,75.21.00,,2,1757890816000,1758333633998,0
8577,,REPLACE_WITH_YOUR_USER_ID,20386882289,cable-row,Seated Cable Row,10,75.21.00,,3,1757891151000,1758333633998,0
8578,,REPLACE_WITH_YOUR_USER_ID,20386882289,ez-bar-curl,EZ-Bar Curl,8,34,,1,1757891512000,1758333633998,0
8579,,REPLACE_WITH_YOUR_USER_ID,20386882289,ez-bar-curl,EZ-Bar Curl,7,34,,2,1757891827000,1758333633998,0
8580,,REPLACE_WITH_YOUR_USER_ID,20386882289,ez-bar-curl,EZ-Bar Curl,8,34,,3,1757892258000,1758333633998,0
8581,,REPLACE_WITH_YOUR_USER_ID,20386882289,reverse-curl,Reverse Barbell Curl,6,23.09,,1,1757892345000,1758333633998,0
8582,,REPLACE_WITH_YOUR_USER_ID,20386882289,reverse-curl,Reverse Barbell Curl,10,25.34.00,,2,1757892631000,1758333633998,0
8583,,REPLACE_WITH_YOUR_USER_ID,20386882289,reverse-curl,Reverse Barbell Curl,12,23.09,,3,1757892844000,1758333633998,0
8584,,REPLACE_WITH_YOUR_USER_ID,20386882289,cable-fly-high,Cable Fly (High to Low),9,29.5,,1,1757893122000,1758333633998,0
8585,,REPLACE_WITH_YOUR_USER_ID,20386882289,cable-fly-high,Cable Fly (High to Low),7,29.5,,2,1757893378000,1758333633998,0
8586,,REPLACE_WITH_YOUR_USER_ID,20386882289,standing-calf-raise-machine,Standing Calf Raise Machine,18,145.13.00,,1,1757893699000,1758333633998,0
8587,,REPLACE_WITH_YOUR_USER_ID,20386882289,standing-calf-raise-machine,Standing Calf Raise Machine,30,145.13.00,,2,1757893949000,1758333633998,0
8588,,REPLACE_WITH_YOUR_USER_ID,20386882289,standing-calf-raise-machine,Standing Calf Raise Machine,20,145.13.00,,3,1757894259000,1758333633998,0
8589,,REPLACE_WITH_YOUR_USER_ID,20386882289,bent-over-rear-delt-raise,Bent-Over Rear Delt Raise,12,54.44.00,,1,1757894036000,1758333633998,0
8590,,REPLACE_WITH_YOUR_USER_ID,20386882289,bent-over-rear-delt-raise,Bent-Over Rear Delt Raise,16,54.44.00,,2,1757894352000,1758333633998,0
8633,,REPLACE_WITH_YOUR_USER_ID,20398070117,incline-barbell-bench-press,Incline Barbell Bench Press,12,61.25.00,,1,1757992506000,1758420063824,0
8634,,REPLACE_WITH_YOUR_USER_ID,20398070117,incline-barbell-bench-press,Incline Barbell Bench Press,5,70.31.00,,2,1757992697000,1758420063824,0
8635,,REPLACE_WITH_YOUR_USER_ID,20398070117,barbell-ohp,Barbell Overhead Press,6,45.38.00,,1,1757993031000,1758420063824,0
8636,,REPLACE_WITH_YOUR_USER_ID,20398070117,smith-incline-bench-press,Incline Smith Machine Bench Press,7,75.21.00,,1,1757993281000,1758420063824,0
8637,,REPLACE_WITH_YOUR_USER_ID,20398070117,smith-incline-bench-press,Incline Smith Machine Bench Press,6,75.21.00,,2,1757993486000,1758420063824,0
8638,,REPLACE_WITH_YOUR_USER_ID,20398070117,handstand-pushup,Handstand Push-Up,10,72.56.00,,1,1757993743000,1758420063824,0
8639,,REPLACE_WITH_YOUR_USER_ID,20398070117,handstand-pushup,Handstand Push-Up,12,72.56.00,,2,1757994118000,1758420063824,0
8640,,REPLACE_WITH_YOUR_USER_ID,20398070117,tricep-pushdown-bar,Tricep Pushdown (Bar),6,72.56.00,,1,1757994464000,1758420063824,0
8641,,REPLACE_WITH_YOUR_USER_ID,20398070117,tricep-pushdown-bar,Tricep Pushdown (Bar),8,70.31.00,,2,1757994685000,1758420063824,0
8642,,REPLACE_WITH_YOUR_USER_ID,20398070117,tricep-pushdown-bar,Tricep Pushdown (Bar),6,70.31.00,,3,1757994897000,1758420063824,0
8643,,REPLACE_WITH_YOUR_USER_ID,20398070117,ez-bar-skull-crusher,EZ-Bar Skull Crusher,12,32.15.00,,1,1757995118000,1758420063824,0
8644,,REPLACE_WITH_YOUR_USER_ID,20398070117,ez-bar-skull-crusher,EZ-Bar Skull Crusher,10,34,,2,1757995379000,1758420063824,0
8645,,REPLACE_WITH_YOUR_USER_ID,20398070117,ez-bar-skull-crusher,EZ-Bar Skull Crusher,10,34,,3,1757995712000,1758420063824,0
8697,,REPLACE_WITH_YOUR_USER_ID,20407360024,lying-leg-curl,Lying Leg Curl,12,75.24.00,,1,NaN,1758506471822,0
8698,,REPLACE_WITH_YOUR_USER_ID,20407360024,lying-leg-curl,Lying Leg Curl,8,82.05.00,,2,NaN,1758506471822,0
8699,,REPLACE_WITH_YOUR_USER_ID,20407360024,lying-leg-curl,Lying Leg Curl,8,82.05.00,,3,NaN,1758506471822,0
8700,,REPLACE_WITH_YOUR_USER_ID,20407360024,hack-squat,Hack Squat Machine,8,109.26.00,,1,NaN,1758506471822,0
8701,,REPLACE_WITH_YOUR_USER_ID,20407360024,hack-squat,Hack Squat Machine,8,113.4,,2,NaN,1758506471822,0
8702,,REPLACE_WITH_YOUR_USER_ID,20407360024,hack-squat,Hack Squat Machine,12,113.4,,3,NaN,1758506471822,0
8703,,REPLACE_WITH_YOUR_USER_ID,20407360024,leg-extension,Leg Extension,10,125.14.00,,1,NaN,1758506471822,0
8704,,REPLACE_WITH_YOUR_USER_ID,20407360024,leg-extension,Leg Extension,12,125.14.00,,2,NaN,1758506471822,0
8705,,REPLACE_WITH_YOUR_USER_ID,20407360024,leg-extension,Leg Extension,12,125.14.00,,3,NaN,1758506471822,0
8706,,REPLACE_WITH_YOUR_USER_ID,20407360024,hip-adduction,Hip Adduction Machine,8,138.35.00,,1,NaN,1758506471822,0
8707,,REPLACE_WITH_YOUR_USER_ID,20407360024,hip-adduction,Hip Adduction Machine,8,138.35.00,,2,NaN,1758506471822,0
8708,,REPLACE_WITH_YOUR_USER_ID,20407360024,hip-adduction,Hip Adduction Machine,8,138.35.00,,3,NaN,1758506471822,0
8709,,REPLACE_WITH_YOUR_USER_ID,20407360024,weighted-crunch,Weighted Crunch,8,91.12.00,,1,NaN,1758506471822,0
8710,,REPLACE_WITH_YOUR_USER_ID,20407360024,weighted-crunch,Weighted Crunch,12,91.12.00,,2,NaN,1758506471822,0
8711,,REPLACE_WITH_YOUR_USER_ID,20407360024,weighted-crunch,Weighted Crunch,8,91.12.00,,3,NaN,1758506471822,0
8712,,REPLACE_WITH_YOUR_USER_ID,20407360024,standing-calf-raise-machine,Standing Calf Raise Machine,8,150.09.00,,1,NaN,1758506471822,0
8713,,REPLACE_WITH_YOUR_USER_ID,20407360024,standing-calf-raise-machine,Standing Calf Raise Machine,16,154.22.00,,2,NaN,1758506471822,0
8714,,REPLACE_WITH_YOUR_USER_ID,20407360024,standing-calf-raise-machine,Standing Calf Raise Machine,32,154.22.00,,3,NaN,1758506471822,0
8832,,REPLACE_WITH_YOUR_USER_ID,20419896568,barbell-bench-press,Barbell Bench Press,8,82.03.00,,1,1758167119000,1758679261018,0
8833,,REPLACE_WITH_YOUR_USER_ID,20419896568,pullup,Pull-Up,8,<null>,,1,1758167354000,1758679261018,0
8834,,REPLACE_WITH_YOUR_USER_ID,20419896568,unknown,UNKNOWN,10,72.56.00,,1,1758167537000,1758679261018,0
8835,,REPLACE_WITH_YOUR_USER_ID,20419896568,unknown,UNKNOWN,10,75.21.00,,2,1758167775000,1758679261018,0
8836,,REPLACE_WITH_YOUR_USER_ID,20419896568,unknown,UNKNOWN,6,<null>,,3,1758167959000,1758679261018,0
8837,,REPLACE_WITH_YOUR_USER_ID,20419896568,unknown,UNKNOWN,8,75.21.00,,4,1758168185000,1758679261018,0
8838,,REPLACE_WITH_YOUR_USER_ID,20419896568,unknown,UNKNOWN,12,19.06,,5,1758168560000,1758679261018,0
8839,,REPLACE_WITH_YOUR_USER_ID,20419896568,unknown,UNKNOWN,12,19.06,,6,1758169096000,1758679261018,0
8840,,REPLACE_WITH_YOUR_USER_ID,20419896568,unknown,UNKNOWN,8,50.28.00,,7,1758169872000,1758679261018,0
8841,,REPLACE_WITH_YOUR_USER_ID,20419896568,situp,Sit-Up,10,19.06,,1,1758168884000,1758679261018,0
8842,,REPLACE_WITH_YOUR_USER_ID,20419896568,dumbbell-curl,Dumbbell Curl,6,49.44.00,,1,1758169473000,1758679261018,0
8843,,REPLACE_WITH_YOUR_USER_ID,20419896568,dumbbell-curl,Dumbbell Curl,8,47.19.00,,2,1758170685000,1758679261018,0
8844,,REPLACE_WITH_YOUR_USER_ID,20419896568,dumbbell-curl,Dumbbell Curl,6,47.19.00,,3,1758170936000,1758679261018,0
8845,,REPLACE_WITH_YOUR_USER_ID,20419896568,barbell-row,Barbell Row,8,50.28.00,,1,1758170048000,1758679261018,0
8846,,REPLACE_WITH_YOUR_USER_ID,20419896568,lateral-raise,Lateral Raise,8,50.28.00,,1,1758170400000,1758679261018,0
9058,,REPLACE_WITH_YOUR_USER_ID,20451348850,barbell-bench-press,Barbell Bench Press,20,43.06.00,,1,1758429977000,1758938447928,0
9059,,REPLACE_WITH_YOUR_USER_ID,20451348850,smith-incline-bench-press,Incline Smith Machine Bench Press,6,79.38.00,,1,1758430253000,1758938447928,0
9060,,REPLACE_WITH_YOUR_USER_ID,20451348850,smith-incline-bench-press,Incline Smith Machine Bench Press,6,79.38.00,,2,1758430507000,1758938447928,0
9061,,REPLACE_WITH_YOUR_USER_ID,20451348850,smith-incline-bench-press,Incline Smith Machine Bench Press,6,79.38.00,,3,1758431193000,1758938447928,0
9062,,REPLACE_WITH_YOUR_USER_ID,20451348850,lateral-raise,Lateral Raise,8,54.44.00,,1,1758431597000,1758938447928,0
9063,,REPLACE_WITH_YOUR_USER_ID,20451348850,lateral-raise,Lateral Raise,10,54.44.00,,2,1758431866000,1758938447928,0
9064,,REPLACE_WITH_YOUR_USER_ID,20451348850,lateral-raise,Lateral Raise,10,57.09.00,,3,1758432361000,1758938447928,0
9065,,REPLACE_WITH_YOUR_USER_ID,20451348850,tricep-pushdown-bar,Tricep Pushdown (Bar),8,72.56.00,,1,1758431704000,1758938447928,0
9066,,REPLACE_WITH_YOUR_USER_ID,20451348850,tricep-pushdown-bar,Tricep Pushdown (Bar),8,72.56.00,,2,1758432176000,1758938447928,0
9067,,REPLACE_WITH_YOUR_USER_ID,20451348850,tricep-pushdown-bar,Tricep Pushdown (Bar),10,63.5,,3,1758432480000,1758938447928,0
9068,,REPLACE_WITH_YOUR_USER_ID,20440962627,lying-leg-curl,Lying Leg Curl,8,84.34.00,,1,1758348504000,1758938450180,0
9069,,REPLACE_WITH_YOUR_USER_ID,20440962627,lying-leg-curl,Lying Leg Curl,12,84.34.00,,2,1758348802000,1758938450180,0
9070,,REPLACE_WITH_YOUR_USER_ID,20440962627,lying-leg-curl,Lying Leg Curl,12,84.34.00,,3,1758349130000,1758938450180,0
9071,,REPLACE_WITH_YOUR_USER_ID,20440962627,hack-squat,Hack Squat Machine,8,109.28.00,,1,1758349693000,1758938450180,0
9072,,REPLACE_WITH_YOUR_USER_ID,20440962627,hack-squat,Hack Squat Machine,6,109.28.00,,2,1758350011000,1758938450180,0
9073,,REPLACE_WITH_YOUR_USER_ID,20440962627,hack-squat,Hack Squat Machine,6,109.28.00,,3,1758350370000,1758938450180,0
9074,,REPLACE_WITH_YOUR_USER_ID,20440962627,leg-extension,Leg Extension,10,118.34.00,,1,1758350829000,1758938450180,0
9075,,REPLACE_WITH_YOUR_USER_ID,20440962627,leg-extension,Leg Extension,16,118.34.00,,2,1758351222000,1758938450180,0
9076,,REPLACE_WITH_YOUR_USER_ID,20440962627,leg-extension,Leg Extension,12,118.34.00,,3,1758351593000,1758938450180,0
9131,,REPLACE_WITH_YOUR_USER_ID,20460124478,pullup,Pull-Up,8,<null>,,1,1758500452000,1759024839020,0
9132,,REPLACE_WITH_YOUR_USER_ID,20460124478,pullup,Pull-Up,8,<null>,,2,1758500709000,1759024839020,0
9133,,REPLACE_WITH_YOUR_USER_ID,20460124478,lat-pulldown,Lat Pulldown,8,75.21.00,,1,1758500887000,1759024839020,0
9134,,REPLACE_WITH_YOUR_USER_ID,20460124478,lat-pulldown,Lat Pulldown,10,75.21.00,,2,1758501108000,1759024839020,0
9135,,REPLACE_WITH_YOUR_USER_ID,20460124478,reverse-curl,Reverse Barbell Curl,8,52.19.00,,1,1758501259000,1759024839020,0
9136,,REPLACE_WITH_YOUR_USER_ID,20460124478,reverse-curl,Reverse Barbell Curl,6,52.19.00,,2,1758501592000,1759024839020,0
9137,,REPLACE_WITH_YOUR_USER_ID,20460124478,reverse-curl,Reverse Barbell Curl,10,48.03.00,,3,1758501842000,1759024839020,0
9138,,REPLACE_WITH_YOUR_USER_ID,20460124478,lat-pulldown-close,Close-Grip Lat Pulldown,8,75.21.00,,1,1758501520000,1759024839020,0
9139,,REPLACE_WITH_YOUR_USER_ID,20460124478,lat-pulldown-close,Close-Grip Lat Pulldown,6,82.03.00,,2,1758501673000,1759024839020,0
9140,,REPLACE_WITH_YOUR_USER_ID,20460124478,barbell-row,Barbell Row,10,72.56.00,,1,1758502141000,1759024839020,0
9141,,REPLACE_WITH_YOUR_USER_ID,20460124478,barbell-row,Barbell Row,10,72.56.00,,2,1758502411000,1759024839020,0
9142,,REPLACE_WITH_YOUR_USER_ID,20460124478,barbell-row,Barbell Row,10,72.56.00,,3,1758502636000,1759024839020,0
9143,,REPLACE_WITH_YOUR_USER_ID,20460124478,bent-over-rear-delt-raise,Bent-Over Rear Delt Raise,10,61.25.00,,1,1758502832000,1759024839020,0
9144,,REPLACE_WITH_YOUR_USER_ID,20460124478,bent-over-rear-delt-raise,Bent-Over Rear Delt Raise,12,57.09.00,,2,1758503105000,1759024839020,0
9145,,REPLACE_WITH_YOUR_USER_ID,20460124478,bent-over-rear-delt-raise,Bent-Over Rear Delt Raise,12,57.09.00,,3,1758503358000,1759024839020,0
9146,,REPLACE_WITH_YOUR_USER_ID,20460124478,ez-bar-curl,EZ-Bar Curl,6,36.31.00,,1,1758502953000,1759024839020,0
9147,,REPLACE_WITH_YOUR_USER_ID,20460124478,ez-bar-curl,EZ-Bar Curl,6,36.31.00,,2,1758503288000,1759024839020,0
9226,,REPLACE_WITH_YOUR_USER_ID,20491872436,barbell-ohp,Barbell Overhead Press,6,91.09.00,,1,1758773289000,1759197670953,0
9227,,REPLACE_WITH_YOUR_USER_ID,20491872436,barbell-ohp,Barbell Overhead Press,8,91.09.00,,2,1758773510000,1759197670953,0
9228,,REPLACE_WITH_YOUR_USER_ID,20491872436,barbell-ohp,Barbell Overhead Press,6,45.38.00,,3,1758775032000,1759197670953,0
9229,,REPLACE_WITH_YOUR_USER_ID,20491872436,smith-incline-bench-press,Incline Smith Machine Bench Press,8,82.03.00,,1,1758774096000,1759197670953,0
9230,,REPLACE_WITH_YOUR_USER_ID,20491872436,smith-incline-bench-press,Incline Smith Machine Bench Press,6,82.03.00,,2,1758774404000,1759197670953,0
9231,,REPLACE_WITH_YOUR_USER_ID,20491872436,smith-incline-bench-press,Incline Smith Machine Bench Press,6,82.03.00,,3,1758774698000,1759197670953,0
9232,,REPLACE_WITH_YOUR_USER_ID,20491872436,reverse-curl,Reverse Barbell Curl,10,50.28.00,,1,1758775277000,1759197670953,0
9233,,REPLACE_WITH_YOUR_USER_ID,20491872436,reverse-curl,Reverse Barbell Curl,8,50.28.00,,2,1758776819000,1759197670953,0
9234,,REPLACE_WITH_YOUR_USER_ID,20491872436,reverse-curl,Reverse Barbell Curl,10,50.28.00,,3,1758777187000,1759197670953,0
9235,,REPLACE_WITH_YOUR_USER_ID,20491872436,ez-bar-curl,EZ-Bar Curl,6,49.44.00,,1,1758775557000,1759197670953,0
9236,,REPLACE_WITH_YOUR_USER_ID,20491872436,ez-bar-curl,EZ-Bar Curl,6,49.44.00,,2,1758775887000,1759197670953,0
9237,,REPLACE_WITH_YOUR_USER_ID,20491872436,ez-bar-curl,EZ-Bar Curl,8,49.44.00,,3,1758776299000,1759197670953,0
9238,,REPLACE_WITH_YOUR_USER_ID,20491872436,lateral-raise,Lateral Raise,10,57.09.00,,1,1758777068000,1759197670953,0
9239,,REPLACE_WITH_YOUR_USER_ID,20491872436,lateral-raise,Lateral Raise,8,59.34.00,,2,1758777428000,1759197670953,0
9240,,REPLACE_WITH_YOUR_USER_ID,20491872436,lateral-raise,Lateral Raise,6,61.25.00,,3,1758777743000,1759197670953,0
9241,,REPLACE_WITH_YOUR_USER_ID,20470796559,unknown,UNKNOWN,10,86.19.00,,1,1758599254000,1759197673521,0
9242,,REPLACE_WITH_YOUR_USER_ID,20470796559,unknown,UNKNOWN,12,86.19.00,,2,1758599573000,1759197673521,0
9243,,REPLACE_WITH_YOUR_USER_ID,20470796559,unknown,UNKNOWN,10,86.19.00,,3,1758599866000,1759197673521,0
9244,,REPLACE_WITH_YOUR_USER_ID,20470796559,unknown,UNKNOWN,6,109.28.00,,4,1758600096000,1759197673521,0
9245,,REPLACE_WITH_YOUR_USER_ID,20470796559,unknown,UNKNOWN,6,109.28.00,,5,1758600707000,1759197673521,0
9246,,REPLACE_WITH_YOUR_USER_ID,20470796559,unknown,UNKNOWN,12,138.38.00,,6,1758601127000,1759197673521,0
9247,,REPLACE_WITH_YOUR_USER_ID,20470796559,unknown,UNKNOWN,10,125.15.00,,7,1758601391000,1759197673521,0
9248,,REPLACE_WITH_YOUR_USER_ID,20470796559,unknown,UNKNOWN,10,125.15.00,,8,1758601768000,1759197673521,0
9249,,REPLACE_WITH_YOUR_USER_ID,20470796559,unknown,UNKNOWN,10,138.38.00,,9,1758601991000,1759197673521,0
9250,,REPLACE_WITH_YOUR_USER_ID,20470796559,unknown,UNKNOWN,12,125.15.00,,10,1758602236000,1759197673521,0
9251,,REPLACE_WITH_YOUR_USER_ID,20470796559,unknown,UNKNOWN,10,138.38.00,,11,1758602322000,1759197673521,0
9252,,REPLACE_WITH_YOUR_USER_ID,20470796559,pushup,Push-Up,6,109.28.00,,1,1758600318000,1759197673521,0
9253,,REPLACE_WITH_YOUR_USER_ID,20470796559,situp,Sit-Up,12,91.09.00,,1,1758601037000,1759197673521,0
9254,,REPLACE_WITH_YOUR_USER_ID,20470796559,situp,Sit-Up,12,91.09.00,,2,1758601269000,1759197673521,0
9255,,REPLACE_WITH_YOUR_USER_ID,20470796559,situp,Sit-Up,12,91.09.00,,3,1758602394000,1759197673521,0
9284,,REPLACE_WITH_YOUR_USER_ID,20501111259,pullup,Pull-Up,6,<null>,,1,1758850061000,1759284041141,0
9285,,REPLACE_WITH_YOUR_USER_ID,20501111259,pullup,Pull-Up,8,<null>,,2,1758850696000,1759284041141,0
9286,,REPLACE_WITH_YOUR_USER_ID,20501111259,pullup,Pull-Up,6,<null>,,3,1758851295000,1759284041141,0
9287,,REPLACE_WITH_YOUR_USER_ID,20501111259,lat-pulldown,Lat Pulldown,6,84.34.00,,1,1758850464000,1759284041141,0
9288,,REPLACE_WITH_YOUR_USER_ID,20501111259,cable-row,Seated Cable Row,10,72.56.00,,1,1758850897000,1759284041141,0
9289,,REPLACE_WITH_YOUR_USER_ID,20501111259,cable-row,Seated Cable Row,8,82.03.00,,2,1758851046000,1759284041141,0
9316,,REPLACE_WITH_YOUR_USER_ID,20501112005,tricep-pushdown-bar,Tricep Pushdown (Bar),10,72.56.00,,1,1758855532000,1759370449150,0
9317,,REPLACE_WITH_YOUR_USER_ID,20501112005,tricep-pushdown-bar,Tricep Pushdown (Bar),8,72.56.00,,2,1758855862000,1759370449150,0
9318,,REPLACE_WITH_YOUR_USER_ID,20501112005,tricep-pushdown-bar,Tricep Pushdown (Bar),8,72.56.00,,3,1758856128000,1759370449150,0
9319,,REPLACE_WITH_YOUR_USER_ID,20501112005,overhead-cable-tricep,Overhead Cable Tricep Extension,6,66.15.00,,1,1758856362000,1759370449150,0
9320,,REPLACE_WITH_YOUR_USER_ID,20501112005,overhead-cable-tricep,Overhead Cable Tricep Extension,8,66.15.00,,2,1758856548000,1759370449150,0
9321,,REPLACE_WITH_YOUR_USER_ID,20501112005,overhead-cable-tricep,Overhead Cable Tricep Extension,6,66.15.00,,3,1758856830000,1759370449150,0
9322,,REPLACE_WITH_YOUR_USER_ID,20501112005,pullup,Pull-Up,6,<null>,,1,1758856637000,1759370449150,0
9323,,REPLACE_WITH_YOUR_USER_ID,20501112005,bent-over-rear-delt-raise,Bent-Over Rear Delt Raise,8,59.34.00,,1,1758857142000,1759370449150,0
9324,,REPLACE_WITH_YOUR_USER_ID,20501112005,bent-over-rear-delt-raise,Bent-Over Rear Delt Raise,12,59.34.00,,2,1758857448000,1759370449150,0
9325,,REPLACE_WITH_YOUR_USER_ID,20501112005,bent-over-rear-delt-raise,Bent-Over Rear Delt Raise,12,59.34.00,,3,1758857804000,1759370449150,0
9430,,REPLACE_WITH_YOUR_USER_ID,20519203043,lying-leg-curl,Lying Leg Curl,10,82.03.00,,1,1759014190000,1759629648063,0
9431,,REPLACE_WITH_YOUR_USER_ID,20519203043,lying-leg-curl,Lying Leg Curl,12,82.03.00,,2,1759014381000,1759629648063,0
9432,,REPLACE_WITH_YOUR_USER_ID,20519203043,lying-leg-curl,Lying Leg Curl,8,84.34.00,,3,1759014603000,1759629648063,0
9433,,REPLACE_WITH_YOUR_USER_ID,20519203043,hack-squat,Hack Squat Machine,6,118.34.00,,1,1759015070000,1759629648063,0
9434,,REPLACE_WITH_YOUR_USER_ID,20519203043,hack-squat,Hack Squat Machine,6,118.34.00,,2,1759015558000,1759629648063,0
9435,,REPLACE_WITH_YOUR_USER_ID,20519203043,weighted-crunch,Weighted Crunch,10,91.09.00,,1,1759015703000,1759629648063,0
9436,,REPLACE_WITH_YOUR_USER_ID,20519203043,weighted-crunch,Weighted Crunch,12,91.09.00,,2,1759015909000,1759629648063,0
9437,,REPLACE_WITH_YOUR_USER_ID,20519203043,weighted-crunch,Weighted Crunch,12,91.09.00,,3,1759016308000,1759629648063,0
9951,,REPLACE_WITH_YOUR_USER_ID,20553077405,cable-chest-press,Cable Chest Press,9,90.21.00,,1,1759291549000,1760320865767,0
9952,,REPLACE_WITH_YOUR_USER_ID,20553077405,cable-chest-press,Cable Chest Press,9,90.21.00,,2,1759291566000,1760320865767,0
9953,,REPLACE_WITH_YOUR_USER_ID,20553077405,cable-chest-press,Cable Chest Press,9,90.21.00,,3,1759291581000,1760320865767,0
9954,,REPLACE_WITH_YOUR_USER_ID,20553077405,lateral-raise,Lateral Raise,8,57.09.00,,1,1759291596000,1760320865767,0
9955,,REPLACE_WITH_YOUR_USER_ID,20553077405,lateral-raise,Lateral Raise,8,57.09.00,,2,1759291745000,1760320865767,0
9956,,REPLACE_WITH_YOUR_USER_ID,20553077405,lateral-raise,Lateral Raise,6,57.09.00,,3,1759292025000,1760320865767,0
9957,,REPLACE_WITH_YOUR_USER_ID,20553077405,tricep-pushdown-bar,Tricep Pushdown (Bar),8,66.15.00,,1,1759292315000,1760320865767,0
9958,,REPLACE_WITH_YOUR_USER_ID,20553077405,tricep-pushdown-bar,Tricep Pushdown (Bar),8,66.15.00,,2,1759292569000,1760320865767,0
9959,,REPLACE_WITH_YOUR_USER_ID,20553077405,ez-bar-skull-crusher,EZ-Bar Skull Crusher,6,34.02.00,,1,NaN,1760320865767,0
9960,,REPLACE_WITH_YOUR_USER_ID,20553077405,ez-bar-skull-crusher,EZ-Bar Skull Crusher,8,29.48.00,,2,NaN,1760320865767,0
9961,,REPLACE_WITH_YOUR_USER_ID,20547600705,pullup,Pull-Up,6,<null>,,1,NaN,1760320867762,0
9962,,REPLACE_WITH_YOUR_USER_ID,20547600705,pullup,Pull-Up,6,<null>,,2,NaN,1760320867762,0
9963,,REPLACE_WITH_YOUR_USER_ID,20547600705,lat-pulldown,Lat Pulldown,8,66.17.00,,1,NaN,1760320867762,0
9964,,REPLACE_WITH_YOUR_USER_ID,20547600705,lat-pulldown,Lat Pulldown,8,66.17.00,,2,NaN,1760320867762,0
9965,,REPLACE_WITH_YOUR_USER_ID,20547600705,dumbbell-row,Single-Arm Dumbbell Row,0,72.57.00,,1,NaN,1760320867762,0
9966,,REPLACE_WITH_YOUR_USER_ID,20547600705,cable-row,Seated Cable Row,0,72.57.00,,1,NaN,1760320867762,0
9967,,REPLACE_WITH_YOUR_USER_ID,20547600705,cable-row,Seated Cable Row,0,72.57.00,,2,NaN,1760320867762,0
9968,,REPLACE_WITH_YOUR_USER_ID,20547600705,ez-bar-curl,EZ-Bar Curl,6,49.44.00,,1,NaN,1760320867762,0
9969,,REPLACE_WITH_YOUR_USER_ID,20547600705,ez-bar-curl,EZ-Bar Curl,6,49.44.00,,2,NaN,1760320867762,0
9970,,REPLACE_WITH_YOUR_USER_ID,20547600705,reverse-curl,Reverse Barbell Curl,8,45.36.00,,1,NaN,1760320867762,0
10125,,REPLACE_WITH_YOUR_USER_ID,20563032474,hack-squat,Hack Squat Machine,6,131.56.00,,1,1759387443000,1760455965809,0
10126,,REPLACE_WITH_YOUR_USER_ID,20563032474,hack-squat,Hack Squat Machine,6,127,,2,1759387798000,1760455965809,0
10127,,REPLACE_WITH_YOUR_USER_ID,20563032474,hack-squat,Hack Squat Machine,6,127,,3,1759388226000,1760455965809,0
10128,,REPLACE_WITH_YOUR_USER_ID,20563032474,weighted-crunch,Weighted Crunch,12,91.09.00,,1,1759388455000,1760455965809,0
10481,,REPLACE_WITH_YOUR_USER_ID,20579848883,pullup,Pull-Up,6,<null>,,1,1759532138000,1760752850090,0
10482,,REPLACE_WITH_YOUR_USER_ID,20579848883,pullup,Pull-Up,6,<null>,,2,1759532344000,1760752850090,0
10483,,REPLACE_WITH_YOUR_USER_ID,20579848883,pullup,Pull-Up,7,<null>,,3,1759532593000,1760752850090,0
10484,,REPLACE_WITH_YOUR_USER_ID,20579848883,bent-over-rear-delt-raise,Bent-Over Rear Delt Raise,12,57.09.00,,1,1759532708000,1760752850090,0
10485,,REPLACE_WITH_YOUR_USER_ID,20579848883,bent-over-rear-delt-raise,Bent-Over Rear Delt Raise,10,57.09.00,,2,1759532906000,1760752850090,0
10486,,REPLACE_WITH_YOUR_USER_ID,20579848883,bent-over-rear-delt-raise,Bent-Over Rear Delt Raise,12,57.09.00,,3,1759533091000,1760752850090,0
10487,,REPLACE_WITH_YOUR_USER_ID,20579848883,cable-row,Seated Cable Row,6,72.56.00,,1,1759533271000,1760752850090,0
10488,,REPLACE_WITH_YOUR_USER_ID,20579848883,cable-row,Seated Cable Row,8,72.56.00,,2,1759533494000,1760752850090,0
10550,,REPLACE_WITH_YOUR_USER_ID,20641396577,smith-incline-bench-press,Incline Smith Machine Bench Press,8,84.34.00,,1,1760049061000,1760839215842,0
10551,,REPLACE_WITH_YOUR_USER_ID,20641396577,smith-incline-bench-press,Incline Smith Machine Bench Press,6,84.34.00,,2,1760049495000,1760839215842,0
10552,,REPLACE_WITH_YOUR_USER_ID,20641396577,smith-incline-bench-press,Incline Smith Machine Bench Press,6,84.34.00,,3,1760049913000,1760839215842,0
10553,,REPLACE_WITH_YOUR_USER_ID,20641396577,barbell-ohp,Barbell Overhead Press,6,95.25.00,,1,1760050285000,1760839215842,0
10554,,REPLACE_WITH_YOUR_USER_ID,20641396577,barbell-ohp,Barbell Overhead Press,8,95.25.00,,2,1760050690000,1760839215842,0
10555,,REPLACE_WITH_YOUR_USER_ID,20641396577,reverse-curl,Reverse Barbell Curl,10,50.28.00,,1,1760050908000,1760839215842,0
10556,,REPLACE_WITH_YOUR_USER_ID,20641396577,reverse-curl,Reverse Barbell Curl,10,50.28.00,,2,1760051386000,1760839215842,0
10557,,REPLACE_WITH_YOUR_USER_ID,20641396577,reverse-curl,Reverse Barbell Curl,12,50.28.00,,3,1760052022000,1760839215842,0
10558,,REPLACE_WITH_YOUR_USER_ID,20641396577,lateral-raise,Lateral Raise,8,61.25.00,,1,1760051248000,1760839215842,0
10559,,REPLACE_WITH_YOUR_USER_ID,20641396577,lateral-raise,Lateral Raise,8,61.25.00,,2,1760051895000,1760839215842,0
10560,,REPLACE_WITH_YOUR_USER_ID,20641396577,machine-preacher-curl,Machine Preacher Curl,6,49.44.00,,1,1760052242000,1760839215842,0
10561,,REPLACE_WITH_YOUR_USER_ID,20641396577,machine-preacher-curl,Machine Preacher Curl,6,49.44.00,,2,1760053000000,1760839215842,0
10562,,REPLACE_WITH_YOUR_USER_ID,20641396577,machine-preacher-curl,Machine Preacher Curl,6,49.44.00,,3,1760053485000,1760839215842,0
10563,,REPLACE_WITH_YOUR_USER_ID,20611375409,lying-leg-curl,Lying Leg Curl,10,75.21.00,,1,1759817490000,1760839218078,0
10564,,REPLACE_WITH_YOUR_USER_ID,20611375409,lying-leg-curl,Lying Leg Curl,10,75.21.00,,2,1759817743000,1760839218078,0
10565,,REPLACE_WITH_YOUR_USER_ID,20611375409,hack-squat,Hack Squat Machine,6,131.56.00,,1,1759817964000,1760839218078,0
10566,,REPLACE_WITH_YOUR_USER_ID,20611375409,hack-squat,Hack Squat Machine,8,131.56.00,,2,1759818454000,1760839218078,0
10567,,REPLACE_WITH_YOUR_USER_ID,20611375409,hack-squat,Hack Squat Machine,8,131.56.00,,3,1759818766000,1760839218078,0
10568,,REPLACE_WITH_YOUR_USER_ID,20601185172,smith-incline-bench-press,Incline Smith Machine Bench Press,2,93,,1,1759717150000,1760839219301,0
10569,,REPLACE_WITH_YOUR_USER_ID,20601185172,smith-incline-bench-press,Incline Smith Machine Bench Press,10,84.34.00,,2,1759717453000,1760839219301,0
10570,,REPLACE_WITH_YOUR_USER_ID,20601185172,smith-incline-bench-press,Incline Smith Machine Bench Press,9,84.34.00,,3,1759717749000,1760839219301,0
10571,,REPLACE_WITH_YOUR_USER_ID,20601185172,lateral-raise,Lateral Raise,8,59.34.00,,1,1759718324000,1760839219301,0
10572,,REPLACE_WITH_YOUR_USER_ID,20601185172,lateral-raise,Lateral Raise,10,59.34.00,,2,1759718489000,1760839219301,0
10573,,REPLACE_WITH_YOUR_USER_ID,20601185172,chest-fly-machine,Chest Fly Machine,6,34,,1,1759718832000,1760839219301,0
10574,,REPLACE_WITH_YOUR_USER_ID,20601185172,tricep-pushdown-bar,Tricep Pushdown (Bar),9,72.56.00,,1,1759719142000,1760839219301,0
10575,,REPLACE_WITH_YOUR_USER_ID,20601185172,tricep-pushdown-bar,Tricep Pushdown (Bar),8,72.56.00,,2,1759719433000,1760839219301,0
10576,,REPLACE_WITH_YOUR_USER_ID,20601185172,overhead-cable-tricep,Overhead Cable Tricep Extension,10,66.15.00,,1,1759719673000,1760839219301,0
10577,,REPLACE_WITH_YOUR_USER_ID,20601185172,overhead-cable-tricep,Overhead Cable Tricep Extension,8,66.15.00,,2,1759720005000,1760839219301,0
10625,,REPLACE_WITH_YOUR_USER_ID,20647085953,pullup,Pull-Up,6,<null>,,1,1760119738000,1760925620873,0
10626,,REPLACE_WITH_YOUR_USER_ID,20647085953,lat-pulldown,Lat Pulldown,12,68.04.00,,1,1760119947000,1760925620873,0
10627,,REPLACE_WITH_YOUR_USER_ID,20647085953,lat-pulldown,Lat Pulldown,10,72.56.00,,2,1760120150000,1760925620873,0
10628,,REPLACE_WITH_YOUR_USER_ID,20647085953,cable-row,Seated Cable Row,9,77.13.00,,1,1760120362000,1760925620873,0
10629,,REPLACE_WITH_YOUR_USER_ID,20647085953,cable-row,Seated Cable Row,6,77.13.00,,2,1760120572000,1760925620873,0
10630,,REPLACE_WITH_YOUR_USER_ID,20647085953,cable-row,Seated Cable Row,12,77.13.00,,3,1760120813000,1760925620873,0
10631,,REPLACE_WITH_YOUR_USER_ID,20647085953,cable-fly-high,Cable Fly (High to Low),15,18.13,,1,1760121110000,1760925620873,0
10632,,REPLACE_WITH_YOUR_USER_ID,20647085953,cable-fly-high,Cable Fly (High to Low),12,21.28,,2,1760121341000,1760925620873,0
10633,,REPLACE_WITH_YOUR_USER_ID,20647085953,cable-fly-high,Cable Fly (High to Low),10,21.28,,3,1760121555000,1760925620873,0
10634,,REPLACE_WITH_YOUR_USER_ID,20647085953,romanian-deadlift,Romanian Deadlift,12,84.34.00,,1,1760121723000,1760925620873,0
10635,,REPLACE_WITH_YOUR_USER_ID,20647085953,romanian-deadlift,Romanian Deadlift,12,84.34.00,,2,1760122005000,1760925620873,0
10636,,REPLACE_WITH_YOUR_USER_ID,20647085953,romanian-deadlift,Romanian Deadlift,6,102.06.00,,3,1760124741000,1760925620873,0
10637,,REPLACE_WITH_YOUR_USER_ID,20647085953,tricep-pushdown-bar,Tricep Pushdown (Bar),8,77.13.00,,1,1760122199000,1760925620873,0
10638,,REPLACE_WITH_YOUR_USER_ID,20647085953,tricep-pushdown-bar,Tricep Pushdown (Bar),8,77.13.00,,2,1760122428000,1760925620873,0
10639,,REPLACE_WITH_YOUR_USER_ID,20647085953,lying-leg-curl,Lying Leg Curl,10,66.15.00,,1,1760122616000,1760925620873,0
10640,,REPLACE_WITH_YOUR_USER_ID,20647085953,lying-leg-curl,Lying Leg Curl,10,66.15.00,,2,1760122866000,1760925620873,0
10641,,REPLACE_WITH_YOUR_USER_ID,20647085953,lying-leg-curl,Lying Leg Curl,6,66.15.00,,3,1760123115000,1760925620873,0
10642,,REPLACE_WITH_YOUR_USER_ID,20647085953,overhead-tricep-ext-db,Overhead Tricep Extension (Dumbbell),15,29.5,,1,1760123209000,1760925620873,0
10643,,REPLACE_WITH_YOUR_USER_ID,20647085953,overhead-tricep-ext-db,Overhead Tricep Extension (Dumbbell),12,29.5,,2,1760123410000,1760925620873,0
10644,,REPLACE_WITH_YOUR_USER_ID,20647085953,seated-calf-raise,Seated Calf Raise Machine,12,154.25.00,,1,1760123958000,1760925620873,0
10645,,REPLACE_WITH_YOUR_USER_ID,20647085953,seated-calf-raise,Seated Calf Raise Machine,18,154.25.00,,2,1760124234000,1760925620873,0
10646,,REPLACE_WITH_YOUR_USER_ID,20647085953,seated-calf-raise,Seated Calf Raise Machine,18,159.15.00,,3,1760124462000,1760925620873,0
10703,,REPLACE_WITH_YOUR_USER_ID,20681452403,leg-press,Leg Press,6,163.29.00,,1,NaN,1761012058724,0
10704,,REPLACE_WITH_YOUR_USER_ID,20681452403,hack-squat,Hack Squat Machine,6,141.01.00,,1,NaN,1761012058724,0
10705,,REPLACE_WITH_YOUR_USER_ID,20681452403,hack-squat,Hack Squat Machine,6,141.01.00,,2,NaN,1761012058724,0
10706,,REPLACE_WITH_YOUR_USER_ID,20681452403,weighted-crunch,Weighted Crunch,12,91.12.00,,1,NaN,1761012058724,0
10707,,REPLACE_WITH_YOUR_USER_ID,20681452403,weighted-crunch,Weighted Crunch,12,91.12.00,,2,NaN,1761012058724,0
10708,,REPLACE_WITH_YOUR_USER_ID,20681452403,leg-extension,Leg Extension,0,113.4,,1,NaN,1761012058724,0
10751,,REPLACE_WITH_YOUR_USER_ID,20691768824,pullup,Pull-Up,8,<null>,,1,1760499856000,1761098459317,0
10752,,REPLACE_WITH_YOUR_USER_ID,20691768824,pullup,Pull-Up,10,<null>,,2,1760500143000,1761098459317,0
10753,,REPLACE_WITH_YOUR_USER_ID,20691768824,pullup,Pull-Up,8,<null>,,3,1760500512000,1761098459317,0
10754,,REPLACE_WITH_YOUR_USER_ID,20691768824,pullup,Pull-Up,8,82.03.00,,4,1760500790000,1761098459317,0
10755,,REPLACE_WITH_YOUR_USER_ID,20691768824,unknown,UNKNOWN,6,91.09.00,,1,1760501266000,1761098459317,0
10756,,REPLACE_WITH_YOUR_USER_ID,20691768824,unknown,UNKNOWN,10,77.13.00,,2,1760501610000,1761098459317,0
10757,,REPLACE_WITH_YOUR_USER_ID,20691768824,unknown,UNKNOWN,8,77.13.00,,3,1760502079000,1761098459317,0
10758,,REPLACE_WITH_YOUR_USER_ID,20691768824,unknown,UNKNOWN,10,77.13.00,,4,1760502313000,1761098459317,0
10759,,REPLACE_WITH_YOUR_USER_ID,20691768824,unknown,UNKNOWN,6,49.44.00,,5,1760503091000,1761098459317,0
10760,,REPLACE_WITH_YOUR_USER_ID,20691768824,unknown,UNKNOWN,12,52.19.00,,6,1760503833000,1761098459317,0
10761,,REPLACE_WITH_YOUR_USER_ID,20691768824,unknown,UNKNOWN,8,50.28.00,,7,1760504245000,1761098459317,0
10762,,REPLACE_WITH_YOUR_USER_ID,20691768824,dumbbell-curl,Dumbbell Curl,6,47.19.00,,1,1760502815000,1761098459317,0
10763,,REPLACE_WITH_YOUR_USER_ID,20691768824,dumbbell-curl,Dumbbell Curl,5,49.44.00,,2,1760503488000,1761098459317,0
10764,,REPLACE_WITH_YOUR_USER_ID,20691768824,barbell-row,Barbell Row,10,50.28.00,,1,1760504014000,1761098459317,0
10765,,REPLACE_WITH_YOUR_USER_ID,20691768824,situp,Sit-Up,12,52.19.00,,1,1760504163000,1761098459317,0
10766,,REPLACE_WITH_YOUR_USER_ID,20681447562,barbell-ohp,Barbell Overhead Press,8,95.25.00,,1,NaN,1761098461709,0
10767,,REPLACE_WITH_YOUR_USER_ID,20681447562,barbell-ohp,Barbell Overhead Press,8,95.25.00,,2,NaN,1761098461709,0
10768,,REPLACE_WITH_YOUR_USER_ID,20681447562,lateral-raise,Lateral Raise,8,68.04.00,,1,NaN,1761098461709,0
10769,,REPLACE_WITH_YOUR_USER_ID,20681447562,lateral-raise,Lateral Raise,6,68.04.00,,2,NaN,1761098461709,0
10770,,REPLACE_WITH_YOUR_USER_ID,20681447562,chest-dip,Chest Dip,10,<null>,,1,NaN,1761098461709,0
10771,,REPLACE_WITH_YOUR_USER_ID,20681447562,machine-chest-press,Machine Chest Press,6,95.25.00,,1,NaN,1761098461709,0
10772,,REPLACE_WITH_YOUR_USER_ID,20681447562,machine-chest-press,Machine Chest Press,6,86.18.00,,2,NaN,1761098461709,0
10773,,REPLACE_WITH_YOUR_USER_ID,20681447562,tricep-pushdown-bar,Tricep Pushdown (Bar),8,72.57.00,,1,NaN,1761098461709,0
10774,,REPLACE_WITH_YOUR_USER_ID,20681447562,tricep-pushdown-bar,Tricep Pushdown (Bar),6,72.57.00,,2,NaN,1761098461709,0
10775,,REPLACE_WITH_YOUR_USER_ID,20681447562,overhead-cable-tricep,Overhead Cable Tricep Extension,8,66.17.00,,1,NaN,1761098461709,0
10776,,REPLACE_WITH_YOUR_USER_ID,20681447562,overhead-cable-tricep,Overhead Cable Tricep Extension,6,66.17.00,,2,NaN,1761098461709,0
10821,,REPLACE_WITH_YOUR_USER_ID,20731114444,pullup,Pull-Up,3,<null>,,1,1760845336000,1761184867057,0
10822,,REPLACE_WITH_YOUR_USER_ID,20731114444,pullup,Pull-Up,8,<null>,,2,1760845574000,1761184867057,0
10823,,REPLACE_WITH_YOUR_USER_ID,20731114444,pullup,Pull-Up,6,<null>,,3,1760846048000,1761184867057,0
10824,,REPLACE_WITH_YOUR_USER_ID,20731114444,pullup,Pull-Up,8,<null>,,4,1760846586000,1761184867057,0
10825,,REPLACE_WITH_YOUR_USER_ID,20731114444,cable-row,Seated Cable Row,8,77.13.00,,1,1760846860000,1761184867057,0
10826,,REPLACE_WITH_YOUR_USER_ID,20731114444,cable-row,Seated Cable Row,10,77.13.00,,2,1760847189000,1761184867057,0
10827,,REPLACE_WITH_YOUR_USER_ID,20731114444,cable-row,Seated Cable Row,8,77.13.00,,3,1760847606000,1761184867057,0
10885,,REPLACE_WITH_YOUR_USER_ID,20738490713,cable-fly-high,Cable Fly (High to Low),10,14.03,,1,1760856304000,1761271252454,0
10886,,REPLACE_WITH_YOUR_USER_ID,20738490713,cable-fly-high,Cable Fly (High to Low),15,14.03,,2,1760856523000,1761271252454,0
10887,,REPLACE_WITH_YOUR_USER_ID,20738490713,cable-fly-high,Cable Fly (High to Low),17,14.01,,3,1760856702000,1761271252454,0
11006,,REPLACE_WITH_YOUR_USER_ID,20750534387,smith-incline-bench-press,Incline Smith Machine Bench Press,6,84.34.00,,1,1761019774000,1761444042957,0
11007,,REPLACE_WITH_YOUR_USER_ID,20750534387,smith-incline-bench-press,Incline Smith Machine Bench Press,6,82.03.00,,2,1761020103000,1761444042957,0
11008,,REPLACE_WITH_YOUR_USER_ID,20750534387,smith-incline-bench-press,Incline Smith Machine Bench Press,6,82.05.00,,3,1761020969000,1761444042957,0
11009,,REPLACE_WITH_YOUR_USER_ID,20750534387,lateral-raise,Lateral Raise,6,70.31.00,,1,1761020351000,1761444042957,0
11010,,REPLACE_WITH_YOUR_USER_ID,20750534387,lateral-raise,Lateral Raise,6,68.06.00,,2,1761021198000,1761444042957,0
11011,,REPLACE_WITH_YOUR_USER_ID,20750534387,lateral-raise,Lateral Raise,6,68.06.00,,3,1761021520000,1761444042957,0
11012,,REPLACE_WITH_YOUR_USER_ID,20750534387,pec-deck,Pec Deck Machine,6,82.03.00,,1,1761021731000,1761444042957,0
11013,,REPLACE_WITH_YOUR_USER_ID,20750534387,pec-deck,Pec Deck Machine,7,82.03.00,,2,1761021938000,1761444042957,0
11014,,REPLACE_WITH_YOUR_USER_ID,20750534387,weighted-crunch,Weighted Crunch,10,91.09.00,,1,1761022310000,1761444042957,0
11015,,REPLACE_WITH_YOUR_USER_ID,20750534387,ez-bar-curl,EZ-Bar Curl,6,52.09.00,,1,1761022825000,1761444042957,0
11016,,REPLACE_WITH_YOUR_USER_ID,20750534387,ez-bar-curl,EZ-Bar Curl,6,52.09.00,,2,1761023131000,1761444042957,0
11017,,REPLACE_WITH_YOUR_USER_ID,20750534387,ez-bar-curl,EZ-Bar Curl,7,52.09.00,,3,1761023376000,1761444042957,0
11018,,REPLACE_WITH_YOUR_USER_ID,20750534387,reverse-curl,Reverse Barbell Curl,10,50.28.00,,1,1761024073000,1761444042957,0
11019,,REPLACE_WITH_YOUR_USER_ID,20750534387,reverse-curl,Reverse Barbell Curl,8,52.19.00,,2,1761024299000,1761444042957,0
11020,,REPLACE_WITH_YOUR_USER_ID,20750534387,reverse-curl,Reverse Barbell Curl,8,52.19.00,,3,1761024521000,1761444042957,0
11021,,REPLACE_WITH_YOUR_USER_ID,20741274662,hack-squat,Hack Squat Machine,8,109.28.00,,1,1760937919000,1761444045529,0
11022,,REPLACE_WITH_YOUR_USER_ID,20741274662,hack-squat,Hack Squat Machine,6,113.38.00,,2,1760938084000,1761444045529,0
11023,,REPLACE_WITH_YOUR_USER_ID,20741274662,hack-squat,Hack Squat Machine,8,113.38.00,,3,1760938420000,1761444045529,0
11024,,REPLACE_WITH_YOUR_USER_ID,20741274662,lying-leg-curl,Lying Leg Curl,8,75.21.00,,1,1760938768000,1761444045529,0
11025,,REPLACE_WITH_YOUR_USER_ID,20741274662,lying-leg-curl,Lying Leg Curl,11,75.21.00,,2,1760939108000,1761444045529,0
11081,,REPLACE_WITH_YOUR_USER_ID,20760324152,pullup,Pull-Up,8,<null>,,1,1761104523000,1761530451227,0
11082,,REPLACE_WITH_YOUR_USER_ID,20760324152,pullup,Pull-Up,8,<null>,,2,1761104755000,1761530451227,0
11083,,REPLACE_WITH_YOUR_USER_ID,20760324152,unknown,UNKNOWN,10,23.09,,1,1761104601000,1761530451227,0
11084,,REPLACE_WITH_YOUR_USER_ID,20760324152,unknown,UNKNOWN,10,23.09,,2,1761104794000,1761530451227,0
11085,,REPLACE_WITH_YOUR_USER_ID,20760324152,unknown,UNKNOWN,6,<null>,,3,1761105093000,1761530451227,0
11086,,REPLACE_WITH_YOUR_USER_ID,20760324152,unknown,UNKNOWN,10,23.09,,4,1761105274000,1761530451227,0
11087,,REPLACE_WITH_YOUR_USER_ID,20760324152,unknown,UNKNOWN,10,77.13.00,,5,1761105562000,1761530451227,0
11088,,REPLACE_WITH_YOUR_USER_ID,20760324152,unknown,UNKNOWN,10,77.13.00,,6,1761105959000,1761530451227,0
11089,,REPLACE_WITH_YOUR_USER_ID,20760324152,unknown,UNKNOWN,10,77.13.00,,7,1761106513000,1761530451227,0
11090,,REPLACE_WITH_YOUR_USER_ID,20760324152,unknown,UNKNOWN,9,72.56.00,,8,1761106923000,1761530451227,0
11091,,REPLACE_WITH_YOUR_USER_ID,20760324152,unknown,UNKNOWN,8,72.56.00,,9,1761107178000,1761530451227,0
11092,,REPLACE_WITH_YOUR_USER_ID,20760324152,lateral-raise,Lateral Raise,10,72.56.00,,1,1761106729000,1761530451227,0
11150,,REPLACE_WITH_YOUR_USER_ID,20770856153,standing-calf-raise-machine,Standing Calf Raise Machine,18,145.13.00,,1,1761201861000,1761616847988,0
11151,,REPLACE_WITH_YOUR_USER_ID,20770856153,standing-calf-raise-machine,Standing Calf Raise Machine,18,145.13.00,,2,1761202040000,1761616847988,0
11152,,REPLACE_WITH_YOUR_USER_ID,20770856153,standing-calf-raise-machine,Standing Calf Raise Machine,16,145.13.00,,3,1761202211000,1761616847988,0
11153,,REPLACE_WITH_YOUR_USER_ID,20770525185,hack-squat,Hack Squat Machine,8,109.28.00,,1,1761195573000,1761616848904,0
11154,,REPLACE_WITH_YOUR_USER_ID,20770525185,hack-squat,Hack Squat Machine,6,109.28.00,,2,1761196163000,1761616848904,0
11155,,REPLACE_WITH_YOUR_USER_ID,20770525185,hack-squat,Hack Squat Machine,12,109.28.00,,3,1761196381000,1761616848904,0
11156,,REPLACE_WITH_YOUR_USER_ID,20770525185,lying-leg-curl,Lying Leg Curl,9,77.13.00,,1,1761196747000,1761616848904,0
11157,,REPLACE_WITH_YOUR_USER_ID,20770525185,lying-leg-curl,Lying Leg Curl,8,79.38.00,,2,1761196970000,1761616848904,0
11158,,REPLACE_WITH_YOUR_USER_ID,20770525185,lying-leg-curl,Lying Leg Curl,8,77.13.00,,3,1761197170000,1761616848904,0
11335,,REPLACE_WITH_YOUR_USER_ID,20788174343,tricep-pushdown-bar,Tricep Pushdown (Bar),8,72.56.00,,1,1761368931000,1761876072800,0
11336,,REPLACE_WITH_YOUR_USER_ID,20788174343,tricep-pushdown-bar,Tricep Pushdown (Bar),10,72.56.00,,2,1761369241000,1761876072800,0
11337,,REPLACE_WITH_YOUR_USER_ID,20788174343,tricep-pushdown-bar,Tricep Pushdown (Bar),8,72.56.00,,3,1761369447000,1761876072800,0
11338,,REPLACE_WITH_YOUR_USER_ID,20788174343,pullup,Pull-Up,6,<null>,,1,1761369018000,1761876072800,0
11339,,REPLACE_WITH_YOUR_USER_ID,20788174343,lat-pulldown-close,Close-Grip Lat Pulldown,8,82.03.00,,1,1761369585000,1761876072800,0
11340,,REPLACE_WITH_YOUR_USER_ID,20788174343,lat-pulldown-close,Close-Grip Lat Pulldown,8,82.03.00,,2,1761369853000,1761876072800,0
11341,,REPLACE_WITH_YOUR_USER_ID,20788174343,barbell-row,Barbell Row,8,77.13.00,,1,1761370191000,1761876072800,0
11342,,REPLACE_WITH_YOUR_USER_ID,20788174343,barbell-row,Barbell Row,8,82.03.00,,2,1761370486000,1761876072800,0
11343,,REPLACE_WITH_YOUR_USER_ID,20788174343,barbell-row,Barbell Row,12,82.03.00,,3,1761370761000,1761876072800,0
11344,,REPLACE_WITH_YOUR_USER_ID,20776975110,barbell-ohp,Barbell Overhead Press,7,91.09.00,,1,1761254735000,1761876074858,0
11345,,REPLACE_WITH_YOUR_USER_ID,20776975110,barbell-ohp,Barbell Overhead Press,6,91.09.00,,2,1761255776000,1761876074858,0
11346,,REPLACE_WITH_YOUR_USER_ID,20776975110,smith-incline-bench-press,Incline Smith Machine Bench Press,6,84.34.00,,1,1761255186000,1761876074858,0
11347,,REPLACE_WITH_YOUR_USER_ID,20776975110,smith-incline-bench-press,Incline Smith Machine Bench Press,6,84.34.00,,2,1761255574000,1761876074858,0
11348,,REPLACE_WITH_YOUR_USER_ID,20776975110,reverse-curl,Reverse Barbell Curl,7,54.44.00,,1,1761256063000,1761876074858,0
11349,,REPLACE_WITH_YOUR_USER_ID,20776975110,reverse-curl,Reverse Barbell Curl,8,54.44.00,,2,1761256256000,1761876074858,0
11350,,REPLACE_WITH_YOUR_USER_ID,20776975110,lateral-raise,Lateral Raise,10,63.5,,1,1761256481000,1761876074858,0
11351,,REPLACE_WITH_YOUR_USER_ID,20776975110,lateral-raise,Lateral Raise,10,63.5,,2,1761256895000,1761876074858,0
11352,,REPLACE_WITH_YOUR_USER_ID,20776975110,weighted-crunch,Weighted Crunch,12,91.09.00,,1,1761257220000,1761876074858,0
11353,,REPLACE_WITH_YOUR_USER_ID,20776975110,ez-bar-curl,EZ-Bar Curl,6,34,,1,1761257893000,1761876074858,0
11354,,REPLACE_WITH_YOUR_USER_ID,20776975110,leg-raise-hanging,Hanging Leg Raise,8,<null>,,1,1761258366000,1761876074858,0
11355,,REPLACE_WITH_YOUR_USER_ID,20776975110,pec-deck,Pec Deck Machine,10,86.19.00,,1,1761258556000,1761876074858,0
11356,,REPLACE_WITH_YOUR_USER_ID,20776975110,pec-deck,Pec Deck Machine,8,91.09.00,,2,1761258754000,1761876074858,0
11357,,REPLACE_WITH_YOUR_USER_ID,20776975110,hammer-curl,Hammer Curl,4,36.31.00,,1,1761258618000,1761876074858,0
11358,,REPLACE_WITH_YOUR_USER_ID,20776975110,hammer-curl,Hammer Curl,6,32.15.00,,2,1761258892000,1761876074858,0
11359,,REPLACE_WITH_YOUR_USER_ID,20776975110,lying-leg-raise,Lying Leg Raise,32,<null>,,1,1761259091000,1761876074858,0
11421,,REPLACE_WITH_YOUR_USER_ID,20797044446,unknown,UNKNOWN,8,45.38.00,,1,1761450386000,1761962467153,0
11422,,REPLACE_WITH_YOUR_USER_ID,20797044446,unknown,UNKNOWN,4,36.31.00,,2,1761451049000,1761962467153,0
11423,,REPLACE_WITH_YOUR_USER_ID,20797044446,unknown,UNKNOWN,8,34,,3,1761451292000,1761962467153,0
11424,,REPLACE_WITH_YOUR_USER_ID,20797044446,unknown,UNKNOWN,7,34,,4,1761451787000,1761962467153,0
11425,,REPLACE_WITH_YOUR_USER_ID,20797044446,pullup,Pull-Up,6,50.28.00,,1,1761450428000,1761962467153,0
11426,,REPLACE_WITH_YOUR_USER_ID,20797044446,barbell-bench-press,Barbell Bench Press,6,50.28.00,,1,1761450784000,1761962467153,0
11862,,REPLACE_WITH_YOUR_USER_ID,20807394143,standing-calf-raise-machine,Standing Calf Raise Machine,18,145.13.00,,1,1761539327000,1762480878822,0
11863,,REPLACE_WITH_YOUR_USER_ID,20807394143,standing-calf-raise-machine,Standing Calf Raise Machine,20,154.25.00,,2,1761539539000,1762480878822,0
11864,,REPLACE_WITH_YOUR_USER_ID,20807394143,standing-calf-raise-machine,Standing Calf Raise Machine,18,154.25.00,,3,1761539665000,1762480878822,0
11865,,REPLACE_WITH_YOUR_USER_ID,20807394143,lying-leg-raise,Lying Leg Raise,20,<null>,,1,1761539817000,1762480878822,0
11866,,REPLACE_WITH_YOUR_USER_ID,20807394143,lying-leg-raise,Lying Leg Raise,18,<null>,,2,1761540070000,1762480878822,0
11867,,REPLACE_WITH_YOUR_USER_ID,20807314455,hack-squat,Hack Squat Machine,8,113.38.00,,1,1761529700000,1762480880190,0
11868,,REPLACE_WITH_YOUR_USER_ID,20807314455,hack-squat,Hack Squat Machine,10,118.34.00,,2,1761530073000,1762480880190,0
11869,,REPLACE_WITH_YOUR_USER_ID,20807314455,hack-squat,Hack Squat Machine,8,118.34.00,,3,1761530465000,1762480880190,0
11870,,REPLACE_WITH_YOUR_USER_ID,20807314455,lying-leg-curl,Lying Leg Curl,6,82.03.00,,1,1761530728000,1762480880190,0
11871,,REPLACE_WITH_YOUR_USER_ID,20807314455,lying-leg-curl,Lying Leg Curl,8,82.03.00,,2,1761531131000,1762480880190,0
11872,,REPLACE_WITH_YOUR_USER_ID,20807314455,lying-leg-curl,Lying Leg Curl,8,82.03.00,,3,1761531422000,1762480880190,0
11873,,REPLACE_WITH_YOUR_USER_ID,20807314455,leg-extension,Leg Extension,10,113.38.00,,1,1761531821000,1762480880190,0
11874,,REPLACE_WITH_YOUR_USER_ID,20807314455,leg-extension,Leg Extension,12,120.19.00,,2,1761532274000,1762480880190,0
11875,,REPLACE_WITH_YOUR_USER_ID,20807314455,hip-adduction,Hip Adduction Machine,12,138.38.00,,1,1761532015000,1762480880190,0
11876,,REPLACE_WITH_YOUR_USER_ID,20807314455,hip-adduction,Hip Adduction Machine,8,138.38.00,,2,1761532882000,1762480880190,0
12162,,REPLACE_WITH_YOUR_USER_ID,20816733061,smith-incline-bench-press,Incline Smith Machine Bench Press,6,84.34.00,,1,1761627061000,1762826412596,0
12163,,REPLACE_WITH_YOUR_USER_ID,20816733061,smith-incline-bench-press,Incline Smith Machine Bench Press,6,84.34.00,,2,1761627397000,1762826412596,0
12164,,REPLACE_WITH_YOUR_USER_ID,20816733061,smith-incline-bench-press,Incline Smith Machine Bench Press,6,84.34.00,,3,1761628020000,1762826412596,0
12165,,REPLACE_WITH_YOUR_USER_ID,20816733061,lateral-raise,Lateral Raise,8,61.25.00,,1,1761628267000,1762826412596,0
12166,,REPLACE_WITH_YOUR_USER_ID,20816733061,lateral-raise,Lateral Raise,9,61.25.00,,2,1761628639000,1762826412596,0
12167,,REPLACE_WITH_YOUR_USER_ID,20816733061,lateral-raise,Lateral Raise,10,61.25.00,,3,1761629114000,1762826412596,0
12168,,REPLACE_WITH_YOUR_USER_ID,20816733061,barbell-ohp,Barbell Overhead Press,7,45.38.00,,1,1761629300000,1762826412596,0
12169,,REPLACE_WITH_YOUR_USER_ID,20816733061,tricep-pushdown-bar,Tricep Pushdown (Bar),8,75.21.00,,1,1761629574000,1762826412596,0
12170,,REPLACE_WITH_YOUR_USER_ID,20816733061,tricep-pushdown-bar,Tricep Pushdown (Bar),7,75.21.00,,2,1761629769000,1762826412596,0
12171,,REPLACE_WITH_YOUR_USER_ID,20816733061,overhead-cable-tricep,Overhead Cable Tricep Extension,8,66.15.00,,1,1761629944000,1762826412596,0
12172,,REPLACE_WITH_YOUR_USER_ID,20816733061,overhead-cable-tricep,Overhead Cable Tricep Extension,6,66.15.00,,2,1761630171000,1762826412596,0
12331,,REPLACE_WITH_YOUR_USER_ID,20826429237,cable-row,Seated Cable Row,8,82.03.00,,1,1761709539000,1762999242867,0
12332,,REPLACE_WITH_YOUR_USER_ID,20826429237,cable-row,Seated Cable Row,8,82.03.00,,2,1761709811000,1762999242867,0
12333,,REPLACE_WITH_YOUR_USER_ID,20826429237,cable-row,Seated Cable Row,8,82.03.00,,3,1761710357000,1762999242867,0
12334,,REPLACE_WITH_YOUR_USER_ID,20826429237,pullup,Pull-Up,8,<null>,,1,1761709982000,1762999242867,0
12335,,REPLACE_WITH_YOUR_USER_ID,20826429237,pullup,Pull-Up,8,<null>,,2,1761710875000,1762999242867,0
12336,,REPLACE_WITH_YOUR_USER_ID,20826429237,hammer-curl,Hammer Curl,6,32.15.00,,1,1761710571000,1762999242867,0
12337,,REPLACE_WITH_YOUR_USER_ID,20826429237,hammer-curl,Hammer Curl,8,32.15.00,,2,1761712204000,1762999242867,0
12338,,REPLACE_WITH_YOUR_USER_ID,20826429237,lat-pulldown-close,Close-Grip Lat Pulldown,7,77.11.00,,1,1761711310000,1762999242867,0
12339,,REPLACE_WITH_YOUR_USER_ID,20826429237,reverse-curl,Reverse Barbell Curl,10,50.28.00,,1,1761711580000,1762999242867,0
12340,,REPLACE_WITH_YOUR_USER_ID,20826429237,reverse-curl,Reverse Barbell Curl,12,50.28.00,,2,1761711901000,1762999242867,0
12470,,REPLACE_WITH_YOUR_USER_ID,20862785430,pullup,Pull-Up,9,<null>,,1,1762042567000,1763172030554,0
12471,,REPLACE_WITH_YOUR_USER_ID,20862785430,pullup,Pull-Up,6,<null>,,2,1762044113000,1763172030554,0
12472,,REPLACE_WITH_YOUR_USER_ID,20862785430,cable-row,Seated Cable Row,8,82.03.00,,1,1762042703000,1763172030554,0
12473,,REPLACE_WITH_YOUR_USER_ID,20862785430,cable-row,Seated Cable Row,10,82.03.00,,2,1762042969000,1763172030554,0
12474,,REPLACE_WITH_YOUR_USER_ID,20862785430,lat-pulldown,Lat Pulldown,10,77.13.00,,1,1762043256000,1763172030554,0
12475,,REPLACE_WITH_YOUR_USER_ID,20862785430,lat-pulldown,Lat Pulldown,10,72.56.00,,2,1762043741000,1763172030554,0
12476,,REPLACE_WITH_YOUR_USER_ID,20862785430,hammer-curl,Hammer Curl,7,34,,1,1762044573000,1763172030554,0
12477,,REPLACE_WITH_YOUR_USER_ID,20862785430,hammer-curl,Hammer Curl,7,34,,2,1762044774000,1763172030554,0
12478,,REPLACE_WITH_YOUR_USER_ID,20862785430,hammer-curl,Hammer Curl,8,34,,3,1762045097000,1763172030554,0
12479,,REPLACE_WITH_YOUR_USER_ID,20862785430,reverse-curl,Reverse Barbell Curl,8,52.19.00,,1,1762045462000,1763172030554,0
12480,,REPLACE_WITH_YOUR_USER_ID,20862785430,reverse-curl,Reverse Barbell Curl,8,52.19.00,,2,1762045735000,1763172030554,0
12481,,REPLACE_WITH_YOUR_USER_ID,20862785430,bent-over-rear-delt-raise,Bent-Over Rear Delt Raise,10,57.09.00,,1,1762046032000,1763172030554,0
12482,,REPLACE_WITH_YOUR_USER_ID,20862785430,bent-over-rear-delt-raise,Bent-Over Rear Delt Raise,12,59.34.00,,2,1762046217000,1763172030554,0
12483,,REPLACE_WITH_YOUR_USER_ID,20862785430,bent-over-rear-delt-raise,Bent-Over Rear Delt Raise,8,63.5,,3,1762046361000,1763172030554,0
12484,,REPLACE_WITH_YOUR_USER_ID,20853790134,barbell-ohp,Barbell Overhead Press,10,82.03.00,,1,1761960484000,1763172033353,0
12485,,REPLACE_WITH_YOUR_USER_ID,20853790134,barbell-ohp,Barbell Overhead Press,12,82.03.00,,2,1761960716000,1763172033353,0
12486,,REPLACE_WITH_YOUR_USER_ID,20853790134,smith-incline-bench-press,Incline Smith Machine Bench Press,6,84.34.00,,1,1761961234000,1763172033353,0
12487,,REPLACE_WITH_YOUR_USER_ID,20853790134,smith-incline-bench-press,Incline Smith Machine Bench Press,6,84.34.00,,2,1761961621000,1763172033353,0
12488,,REPLACE_WITH_YOUR_USER_ID,20853790134,lateral-raise,Lateral Raise,8,66.15.00,,1,1761962034000,1763172033353,0
12489,,REPLACE_WITH_YOUR_USER_ID,20853790134,lateral-raise,Lateral Raise,8,66.15.00,,2,1761962319000,1763172033353,0
12490,,REPLACE_WITH_YOUR_USER_ID,20853790134,lateral-raise,Lateral Raise,6,66.15.00,,3,1761962769000,1763172033353,0
12491,,REPLACE_WITH_YOUR_USER_ID,20853790134,tricep-pushdown-bar,Tricep Pushdown (Bar),8,72.56.00,,1,1761962511000,1763172033353,0
12492,,REPLACE_WITH_YOUR_USER_ID,20853790134,tricep-pushdown-bar,Tricep Pushdown (Bar),8,72.56.00,,2,1761962911000,1763172033353,0
12493,,REPLACE_WITH_YOUR_USER_ID,20853790134,overhead-tricep-ext-db,Overhead Tricep Extension (Dumbbell),12,27.19.00,,1,1761963140000,1763172033353,0
12494,,REPLACE_WITH_YOUR_USER_ID,20853790134,overhead-tricep-ext-db,Overhead Tricep Extension (Dumbbell),16,27.19.00,,2,1761963501000,1763172033353,0
12495,,REPLACE_WITH_YOUR_USER_ID,20853790134,pec-deck,Pec Deck Machine,8,91.09.00,,1,1761963628000,1763172033353,0
12496,,REPLACE_WITH_YOUR_USER_ID,20853790134,pec-deck,Pec Deck Machine,7,91.09.00,,2,1761963866000,1763172033353,0
12497,,REPLACE_WITH_YOUR_USER_ID,20851195524,hack-squat,Hack Squat Machine,8,131.56.00,,1,1761877647000,1763172036012,0
12498,,REPLACE_WITH_YOUR_USER_ID,20851195524,hack-squat,Hack Squat Machine,8,131.56.00,,2,1761877939000,1763172036012,0
12499,,REPLACE_WITH_YOUR_USER_ID,20851195524,hack-squat,Hack Squat Machine,10,131.56.00,,3,1761878473000,1763172036012,0
12500,,REPLACE_WITH_YOUR_USER_ID,20851195524,lying-leg-curl,Lying Leg Curl,8,84.34.00,,1,1761878755000,1763172036012,0
12501,,REPLACE_WITH_YOUR_USER_ID,20851195524,lying-leg-curl,Lying Leg Curl,10,84.34.00,,2,1761879197000,1763172036012,0
12502,,REPLACE_WITH_YOUR_USER_ID,20851195524,lying-leg-curl,Lying Leg Curl,6,84.34.00,,3,1761879640000,1763172036012,0
12503,,REPLACE_WITH_YOUR_USER_ID,20851195524,weighted-crunch,Weighted Crunch,8,91.09.00,,1,1761879929000,1763172036012,0
12504,,REPLACE_WITH_YOUR_USER_ID,20851195524,weighted-crunch,Weighted Crunch,10,91.09.00,,2,1761880142000,1763172036012,0
12505,,REPLACE_WITH_YOUR_USER_ID,20851195524,leg-extension,Leg Extension,10,125.15.00,,1,1761880671000,1763172036012,0
12506,,REPLACE_WITH_YOUR_USER_ID,20851195524,leg-extension,Leg Extension,12,125.15.00,,2,1761881011000,1763172036012,0
12507,,REPLACE_WITH_YOUR_USER_ID,20851195524,hip-adduction,Hip Adduction Machine,10,138.38.00,,1,1761881093000,1763172036012,0
12508,,REPLACE_WITH_YOUR_USER_ID,20851195524,hip-adduction,Hip Adduction Machine,9,138.38.00,,2,1761881280000,1763172036012,0
12559,,REPLACE_WITH_YOUR_USER_ID,20915355740,unknown,UNKNOWN,6,<null>,,1,1762321973000,1763258429900,0
12560,,REPLACE_WITH_YOUR_USER_ID,20915355740,unknown,UNKNOWN,8,82.03.00,,2,1762322104000,1763258429900,0
12561,,REPLACE_WITH_YOUR_USER_ID,20915355740,unknown,UNKNOWN,6,82.03.00,,3,1762322450000,1763258429900,0
12562,,REPLACE_WITH_YOUR_USER_ID,20915355740,unknown,UNKNOWN,8,66.15.00,,4,1762323014000,1763258429900,0
12563,,REPLACE_WITH_YOUR_USER_ID,20915355740,unknown,UNKNOWN,8,66.15.00,,5,1762323450000,1763258429900,0
12564,,REPLACE_WITH_YOUR_USER_ID,20915355740,unknown,UNKNOWN,8,66.15.00,,6,1762323656000,1763258429900,0
12565,,REPLACE_WITH_YOUR_USER_ID,20915355740,pullup,Pull-Up,10,<null>,,1,1762324000000,1763258429900,0
12614,,REPLACE_WITH_YOUR_USER_ID,20922319106,dumbbell-bench-press,Dumbbell Bench Press,8,54.44.00,,1,1762565347000,1763344870535,0
12615,,REPLACE_WITH_YOUR_USER_ID,20922319106,dumbbell-bench-press,Dumbbell Bench Press,8,54.44.00,,2,1762565749000,1763344870535,0
12616,,REPLACE_WITH_YOUR_USER_ID,20922319106,barbell-ohp,Barbell Overhead Press,8,41.21.00,,1,1762565980000,1763344870535,0
12617,,REPLACE_WITH_YOUR_USER_ID,20922319106,barbell-ohp,Barbell Overhead Press,8,41.21.00,,2,1762566385000,1763344870535,0
12618,,REPLACE_WITH_YOUR_USER_ID,20922319106,lat-pulldown,Lat Pulldown,12,82.03.00,,1,1762566500000,1763344870535,0
12619,,REPLACE_WITH_YOUR_USER_ID,20922319106,lat-pulldown,Lat Pulldown,6,122.5,,2,1762566946000,1763344870535,0
12620,,REPLACE_WITH_YOUR_USER_ID,20922319106,lying-leg-raise,Lying Leg Raise,16,<null>,,1,1762566682000,1763344870535,0
12652,,REPLACE_WITH_YOUR_USER_ID,20963200061,smith-incline-bench-press,Incline Smith Machine Bench Press,10,84.34.00,,1,1762927361000,1763431223816,0
12653,,REPLACE_WITH_YOUR_USER_ID,20963200061,smith-incline-bench-press,Incline Smith Machine Bench Press,6,84.34.00,,2,1762927524000,1763431223816,0
12654,,REPLACE_WITH_YOUR_USER_ID,20963200061,overhead-cable-tricep,Overhead Cable Tricep Extension,12,59.34.00,,1,1762927760000,1763431223816,0
12655,,REPLACE_WITH_YOUR_USER_ID,20963200061,overhead-cable-tricep,Overhead Cable Tricep Extension,10,68.06.00,,2,1762927903000,1763431223816,0
12656,,REPLACE_WITH_YOUR_USER_ID,20963200061,lateral-raise,Lateral Raise,8,68.06.00,,1,1762928175000,1763431223816,0
12657,,REPLACE_WITH_YOUR_USER_ID,20963200061,lateral-raise,Lateral Raise,8,68.06.00,,2,1762928467000,1763431223816,0
12658,,REPLACE_WITH_YOUR_USER_ID,20963200061,close-grip-bench,Close-Grip Bench Press,6,102.06.00,,1,1762928632000,1763431223816,0
12659,,REPLACE_WITH_YOUR_USER_ID,20963200061,close-grip-bench,Close-Grip Bench Press,7,100.21.00,,2,1762928973000,1763431223816,0
12660,,REPLACE_WITH_YOUR_USER_ID,20963200061,barbell-ohp,Barbell Overhead Press,10,72.56.00,,1,1762929264000,1763431223816,0
12661,,REPLACE_WITH_YOUR_USER_ID,20963200061,barbell-ohp,Barbell Overhead Press,10,72.56.00,,2,1762929650000,1763431223816,0
12662,,REPLACE_WITH_YOUR_USER_ID,20953107258,hack-squat,Hack Squat Machine,8,136.06.00,,1,1762844916000,1763431225649,0
12663,,REPLACE_WITH_YOUR_USER_ID,20953107258,hack-squat,Hack Squat Machine,6,136.06.00,,2,1762845602000,1763431225649,0
12664,,REPLACE_WITH_YOUR_USER_ID,20953107258,hack-squat,Hack Squat Machine,6,136.06.00,,3,1762846282000,1763431225649,0
12665,,REPLACE_WITH_YOUR_USER_ID,20953107258,lying-leg-curl,Lying Leg Curl,8,84.34.00,,1,1762846610000,1763431225649,0
12666,,REPLACE_WITH_YOUR_USER_ID,20953107258,lying-leg-curl,Lying Leg Curl,6,86.19.00,,2,1762847013000,1763431225649,0
12667,,REPLACE_WITH_YOUR_USER_ID,20953107258,lying-leg-curl,Lying Leg Curl,8,84.34.00,,3,1762847491000,1763431225649,0
12668,,REPLACE_WITH_YOUR_USER_ID,20953107258,hip-adduction,Hip Adduction Machine,10,138.38.00,,1,1762847724000,1763431225649,0
12669,,REPLACE_WITH_YOUR_USER_ID,20953107258,hip-adduction,Hip Adduction Machine,11,138.38.00,,2,1762847933000,1763431225649,0
12670,,REPLACE_WITH_YOUR_USER_ID,20953107258,hip-adduction,Hip Adduction Machine,12,138.38.00,,3,1762848290000,1763431225649,0
12671,,REPLACE_WITH_YOUR_USER_ID,20953107258,weighted-crunch,Weighted Crunch,12,91.09.00,,1,1762848439000,1763431225649,0
12672,,REPLACE_WITH_YOUR_USER_ID,20953107258,weighted-crunch,Weighted Crunch,12,91.09.00,,2,1762849112000,1763431225649,0
12751,,REPLACE_WITH_YOUR_USER_ID,20973615092,pullup,Pull-Up,8,<null>,,1,1763019897000,1763604070513,0
12752,,REPLACE_WITH_YOUR_USER_ID,20973615092,cable-row,Seated Cable Row,10,77.13.00,,1,1763020108000,1763604070513,0
12753,,REPLACE_WITH_YOUR_USER_ID,20973615092,cable-row,Seated Cable Row,10,82.03.00,,2,1763020459000,1763604070513,0
12754,,REPLACE_WITH_YOUR_USER_ID,20973615092,cable-row,Seated Cable Row,8,82.03.00,,3,1763020849000,1763604070513,0
12755,,REPLACE_WITH_YOUR_USER_ID,20973615092,hammer-curl,Hammer Curl,6,36.31.00,,1,1763020985000,1763604070513,0
12756,,REPLACE_WITH_YOUR_USER_ID,20973615092,hammer-curl,Hammer Curl,8,32.15.00,,2,1763021217000,1763604070513,0
12757,,REPLACE_WITH_YOUR_USER_ID,20973615092,hammer-curl,Hammer Curl,8,32.15.00,,3,1763021597000,1763604070513,0
12758,,REPLACE_WITH_YOUR_USER_ID,20973615092,lat-pulldown,Lat Pulldown,11,72.56.00,,1,1763021761000,1763604070513,0
12759,,REPLACE_WITH_YOUR_USER_ID,20973615092,bent-over-rear-delt-raise,Bent-Over Rear Delt Raise,10,57.09.00,,1,1763021863000,1763604070513,0
12760,,REPLACE_WITH_YOUR_USER_ID,20973615092,reverse-curl,Reverse Barbell Curl,8,52.19.00,,1,1763022521000,1763604070513,0
12843,,REPLACE_WITH_YOUR_USER_ID,20991856172,barbell-ohp,Barbell Overhead Press,10,82.03.00,,1,1763196158000,1763776839252,0
12844,,REPLACE_WITH_YOUR_USER_ID,20991856172,barbell-ohp,Barbell Overhead Press,10,82.03.00,,2,1763196525000,1763776839252,0
12845,,REPLACE_WITH_YOUR_USER_ID,20991856172,weighted-crunch,Weighted Crunch,12,91.09.00,,1,1763197122000,1763776839252,0
12846,,REPLACE_WITH_YOUR_USER_ID,20991856172,weighted-crunch,Weighted Crunch,10,91.09.00,,2,1763197632000,1763776839252,0
12847,,REPLACE_WITH_YOUR_USER_ID,20991856172,lateral-raise,Lateral Raise,6,68.06.00,,1,1763198068000,1763776839252,0
12848,,REPLACE_WITH_YOUR_USER_ID,20991856172,lateral-raise,Lateral Raise,8,68.06.00,,2,1763198609000,1763776839252,0
13203,,REPLACE_WITH_YOUR_USER_ID,20999118625,hack-squat,Hack Squat Machine,8,131.56.00,,1,1763255552000,1764122447101,0
13204,,REPLACE_WITH_YOUR_USER_ID,20999118625,hack-squat,Hack Squat Machine,10,131.56.00,,2,1763255876000,1764122447101,0
13205,,REPLACE_WITH_YOUR_USER_ID,20999118625,hack-squat,Hack Squat Machine,12,131.56.00,,3,1763256134000,1764122447101,0
13206,,REPLACE_WITH_YOUR_USER_ID,20999118625,lying-leg-curl,Lying Leg Curl,8,86.19.00,,1,1763256411000,1764122447101,0
13207,,REPLACE_WITH_YOUR_USER_ID,20999118625,lying-leg-curl,Lying Leg Curl,8,86.19.00,,2,1763256671000,1764122447101,0
13208,,REPLACE_WITH_YOUR_USER_ID,20999118625,lying-leg-curl,Lying Leg Curl,8,84.34.00,,3,1763256979000,1764122447101,0
13492,,REPLACE_WITH_YOUR_USER_ID,21010410185,cable-row,Seated Cable Row,8,82.05.00,,1,NaN,1764468068933,0
13493,,REPLACE_WITH_YOUR_USER_ID,21010410185,cable-row,Seated Cable Row,8,82.05.00,,2,NaN,1764468068933,0
13494,,REPLACE_WITH_YOUR_USER_ID,21010410185,cable-row,Seated Cable Row,10,82.05.00,,3,NaN,1764468068933,0
13495,,REPLACE_WITH_YOUR_USER_ID,21010410185,lat-pulldown,Lat Pulldown,8,72.57.00,,1,NaN,1764468068933,0
13496,,REPLACE_WITH_YOUR_USER_ID,21010410185,lat-pulldown,Lat Pulldown,10,72.57.00,,2,NaN,1764468068933,0
13497,,REPLACE_WITH_YOUR_USER_ID,21010410185,pullup,Pull-Up,8,<null>,,1,NaN,1764468068933,0
13498,,REPLACE_WITH_YOUR_USER_ID,21010410185,hammer-curl,Hammer Curl,6,34.02.00,,1,NaN,1764468068933,0
13499,,REPLACE_WITH_YOUR_USER_ID,21010410185,hammer-curl,Hammer Curl,6,34.02.00,,2,NaN,1764468068933,0
13500,,REPLACE_WITH_YOUR_USER_ID,21010410185,hammer-curl,Hammer Curl,6,34.02.00,,3,NaN,1764468068933,0
13864,,REPLACE_WITH_YOUR_USER_ID,21019648590,incline-barbell-bench-press,Incline Barbell Bench Press,10,61.25.00,,1,1763451282000,1764813669806,0
13865,,REPLACE_WITH_YOUR_USER_ID,21019648590,smith-incline-bench-press,Incline Smith Machine Bench Press,8,84.34.00,,1,1763451464000,1764813669806,0
13866,,REPLACE_WITH_YOUR_USER_ID,21019648590,smith-incline-bench-press,Incline Smith Machine Bench Press,7,84.34.00,,2,1763451933000,1764813669806,0
13867,,REPLACE_WITH_YOUR_USER_ID,21019648590,close-grip-bench,Close-Grip Bench Press,9,102.06.00,,1,1763452392000,1764813669806,0
13868,,REPLACE_WITH_YOUR_USER_ID,21019648590,close-grip-bench,Close-Grip Bench Press,8,102.06.00,,2,1763452768000,1764813669806,0
13869,,REPLACE_WITH_YOUR_USER_ID,21019648590,lateral-raise,Lateral Raise,10,66.15.00,,1,1763453655000,1764813669806,0
13870,,REPLACE_WITH_YOUR_USER_ID,21019648590,lateral-raise,Lateral Raise,8,68.06.00,,2,1763453995000,1764813669806,0
13948,,REPLACE_WITH_YOUR_USER_ID,21028987999,hack-squat,Hack Squat Machine,8,145.13.00,,1,1763531672000,1764900062122,0
13949,,REPLACE_WITH_YOUR_USER_ID,21028987999,hack-squat,Hack Squat Machine,8,145.13.00,,2,1763532069000,1764900062122,0
13950,,REPLACE_WITH_YOUR_USER_ID,21028987999,hack-squat,Hack Squat Machine,8,145.13.00,,3,1763532660000,1764900062122,0
13951,,REPLACE_WITH_YOUR_USER_ID,21028987999,lying-leg-curl,Lying Leg Curl,8,86.19.00,,1,1763532950000,1764900062122,0
13952,,REPLACE_WITH_YOUR_USER_ID,21028987999,lying-leg-curl,Lying Leg Curl,10,84.34.00,,2,1763533533000,1764900062122,0
13953,,REPLACE_WITH_YOUR_USER_ID,21028987999,lying-leg-curl,Lying Leg Curl,8,84.34.00,,3,1763533835000,1764900062122,0
14120,,REPLACE_WITH_YOUR_USER_ID,21047479412,pullup,Pull-Up,10,<null>,,1,1763684730000,1765072870129,0
14121,,REPLACE_WITH_YOUR_USER_ID,21047479412,pullup,Pull-Up,8,<null>,,2,1763686491000,1765072870129,0
14122,,REPLACE_WITH_YOUR_USER_ID,21047479412,pullup,Pull-Up,8,<null>,,3,1763686936000,1765072870129,0
14123,,REPLACE_WITH_YOUR_USER_ID,21047479412,unknown,UNKNOWN,8,86.19.00,,1,1763684938000,1765072870129,0
14124,,REPLACE_WITH_YOUR_USER_ID,21047479412,unknown,UNKNOWN,10,86.19.00,,2,1763685379000,1765072870129,0
14125,,REPLACE_WITH_YOUR_USER_ID,21047479412,unknown,UNKNOWN,10,84.34.00,,3,1763685665000,1765072870129,0
14126,,REPLACE_WITH_YOUR_USER_ID,21047479412,unknown,UNKNOWN,6,36.31.00,,4,1763685937000,1765072870129,0
14127,,REPLACE_WITH_YOUR_USER_ID,21047479412,unknown,UNKNOWN,6,36.31.00,,5,1763686256000,1765072870129,0
14128,,REPLACE_WITH_YOUR_USER_ID,21047479412,situp,Sit-Up,12,21.28,,1,1763686731000,1765072870129,0
14129,,REPLACE_WITH_YOUR_USER_ID,21047479412,situp,Sit-Up,12,21.28,,2,1763687101000,1765072870129,0
14372,,REPLACE_WITH_YOUR_USER_ID,21064583898,barbell-bench-press,Barbell Bench Press,3,84.34.00,,1,1763875187000,1765332067624,0
14373,,REPLACE_WITH_YOUR_USER_ID,21064583898,smith-incline-bench-press,Incline Smith Machine Bench Press,6,86.19.00,,1,1763875657000,1765332067624,0
14374,,REPLACE_WITH_YOUR_USER_ID,21064583898,smith-incline-bench-press,Incline Smith Machine Bench Press,7,86.19.00,,2,1763875943000,1765332067624,0
14375,,REPLACE_WITH_YOUR_USER_ID,21064583898,lateral-raise,Lateral Raise,10,70.31.00,,1,1763876248000,1765332067624,0
14376,,REPLACE_WITH_YOUR_USER_ID,21064583898,lateral-raise,Lateral Raise,10,70.31.00,,2,1763876651000,1765332067624,0
14377,,REPLACE_WITH_YOUR_USER_ID,21064583898,barbell-ohp,Barbell Overhead Press,10,77.13.00,,1,1763877254000,1765332067624,0
14378,,REPLACE_WITH_YOUR_USER_ID,21064583898,barbell-ohp,Barbell Overhead Press,12,77.13.00,,2,1763877774000,1765332067624,0
14379,,REPLACE_WITH_YOUR_USER_ID,21064583898,overhead-cable-tricep,Overhead Cable Tricep Extension,8,68.06.00,,1,1763878241000,1765332067624,0
14380,,REPLACE_WITH_YOUR_USER_ID,21064583898,close-grip-bench,Close-Grip Bench Press,10,102.06.00,,1,1763878644000,1765332067624,0
14381,,REPLACE_WITH_YOUR_USER_ID,21064583898,pec-deck,Pec Deck Machine,6,91.09.00,,1,1763879420000,1765332067624,0
14454,,REPLACE_WITH_YOUR_USER_ID,21073908006,hack-squat,Hack Squat Machine,6,150.09.00,,1,1763965068000,1765418443887,0
14455,,REPLACE_WITH_YOUR_USER_ID,21073908006,hack-squat,Hack Squat Machine,8,150.09.00,,2,1763965457000,1765418443887,0
14456,,REPLACE_WITH_YOUR_USER_ID,21073908006,hack-squat,Hack Squat Machine,8,150.09.00,,3,1763965947000,1765418443887,0
14457,,REPLACE_WITH_YOUR_USER_ID,21073908006,leg-extension,Leg Extension,12,125.15.00,,1,1763966353000,1765418443887,0
14458,,REPLACE_WITH_YOUR_USER_ID,21073908006,leg-extension,Leg Extension,12,129.25.00,,2,1763966681000,1765418443887,0
14459,,REPLACE_WITH_YOUR_USER_ID,21073908006,lying-leg-curl,Lying Leg Curl,8,88.44.00,,1,1763967386000,1765418443887,0
14460,,REPLACE_WITH_YOUR_USER_ID,21073908006,lying-leg-curl,Lying Leg Curl,8,88.44.00,,2,1763967660000,1765418443887,0
14461,,REPLACE_WITH_YOUR_USER_ID,21073908006,lying-leg-curl,Lying Leg Curl,6,88.44.00,,3,1763967845000,1765418443887,0
14530,,REPLACE_WITH_YOUR_USER_ID,21092469628,pullup,Pull-Up,10,<null>,,1,1764140071000,1765504860986,0
14531,,REPLACE_WITH_YOUR_USER_ID,21092469628,pullup,Pull-Up,8,<null>,,2,1764142393000,1765504860986,0
14532,,REPLACE_WITH_YOUR_USER_ID,21092469628,cable-row,Seated Cable Row,8,84.34.00,,1,1764140333000,1765504860986,0
14533,,REPLACE_WITH_YOUR_USER_ID,21092469628,cable-row,Seated Cable Row,8,84.34.00,,2,1764141527000,1765504860986,0
14534,,REPLACE_WITH_YOUR_USER_ID,21092469628,cable-row,Seated Cable Row,8,84.34.00,,3,1764141896000,1765504860986,0
14535,,REPLACE_WITH_YOUR_USER_ID,21092469628,ez-bar-curl,EZ-Bar Curl,6,50.56.00,,1,1764140671000,1765504860986,0
14536,,REPLACE_WITH_YOUR_USER_ID,21092469628,ez-bar-curl,EZ-Bar Curl,6,50.56.00,,2,1764141013000,1765504860986,0
14537,,REPLACE_WITH_YOUR_USER_ID,21092469628,ez-bar-curl,EZ-Bar Curl,6,50.56.00,,3,1764141318000,1765504860986,0
14538,,REPLACE_WITH_YOUR_USER_ID,21092469628,weighted-crunch,Weighted Crunch,12,91.09.00,,1,1764142015000,1765504860986,0
14539,,REPLACE_WITH_YOUR_USER_ID,21092469628,weighted-crunch,Weighted Crunch,12,91.09.00,,2,1764142282000,1765504860986,0
14540,,REPLACE_WITH_YOUR_USER_ID,21092469628,decline-sit-up,Decline Sit-Up,8,59.34.00,,1,1764142182000,1765504860986,0
14541,,REPLACE_WITH_YOUR_USER_ID,21092469628,decline-sit-up,Decline Sit-Up,15,52.19.00,,2,1764142641000,1765504860986,0
14542,,REPLACE_WITH_YOUR_USER_ID,21092469628,decline-sit-up,Decline Sit-Up,10,52.19.00,,3,1764142793000,1765504860986,0
14543,,REPLACE_WITH_YOUR_USER_ID,21092469628,bent-over-rear-delt-raise,Bent-Over Rear Delt Raise,10,52.19.00,,1,1764142925000,1765504860986,0
14544,,REPLACE_WITH_YOUR_USER_ID,21092469628,bent-over-rear-delt-raise,Bent-Over Rear Delt Raise,8,52.19.00,,2,1764143167000,1765504860986,0
14545,,REPLACE_WITH_YOUR_USER_ID,21092469628,bent-over-rear-delt-raise,Bent-Over Rear Delt Raise,8,52.19.00,,3,1764143410000,1765504860986,0
14546,,REPLACE_WITH_YOUR_USER_ID,21092469628,overhead-cable-tricep,Overhead Cable Tricep Extension,12,70.31.00,,1,1764143655000,1765504860986,0
14547,,REPLACE_WITH_YOUR_USER_ID,21092469628,overhead-cable-tricep,Overhead Cable Tricep Extension,12,70.31.00,,2,1764144008000,1765504860986,0
14548,,REPLACE_WITH_YOUR_USER_ID,21092469628,tricep-pushdown-bar,Tricep Pushdown (Bar),8,75.21.00,,1,1764144204000,1765504860986,0
14549,,REPLACE_WITH_YOUR_USER_ID,21092469628,tricep-pushdown-bar,Tricep Pushdown (Bar),10,72.56.00,,2,1764144315000,1765504860986,0
14550,,REPLACE_WITH_YOUR_USER_ID,21092469628,lying-leg-raise,Lying Leg Raise,20,<null>,,1,1764145022000,1765504860986,0
14551,,REPLACE_WITH_YOUR_USER_ID,21092469628,lying-leg-raise,Lying Leg Raise,20,<null>,,2,1764145345000,1765504860986,0
15094,,REPLACE_WITH_YOUR_USER_ID,21126641869,smith-incline-bench-press,Incline Smith Machine Bench Press,8,84.34.00,,1,1764480878000,1765677679704,0
15095,,REPLACE_WITH_YOUR_USER_ID,21126641869,smith-incline-bench-press,Incline Smith Machine Bench Press,7,84.34.00,,2,1764481640000,1765677679704,0
15096,,REPLACE_WITH_YOUR_USER_ID,21126641869,smith-incline-bench-press,Incline Smith Machine Bench Press,6,84.34.00,,3,1764482307000,1765677679704,0
15097,,REPLACE_WITH_YOUR_USER_ID,21126641869,pec-deck,Pec Deck Machine,6,111.13.00,,1,1764482622000,1765677679704,0
15265,,REPLACE_WITH_YOUR_USER_ID,21135395665,hack-squat,Hack Squat Machine,12,109.28.00,,1,1764562224000,1765764048900,0
15266,,REPLACE_WITH_YOUR_USER_ID,21135395665,hack-squat,Hack Squat Machine,8,150.09.00,,2,1764562690000,1765764048900,0
15267,,REPLACE_WITH_YOUR_USER_ID,21135395665,hack-squat,Hack Squat Machine,8,150.09.00,,3,1764563278000,1765764048900,0
15268,,REPLACE_WITH_YOUR_USER_ID,21135395665,lateral-raise,Lateral Raise,8,72.56.00,,1,1764563400000,1765764048900,0
15269,,REPLACE_WITH_YOUR_USER_ID,21135395665,lateral-raise,Lateral Raise,8,72.56.00,,2,1764563811000,1765764048900,0
15270,,REPLACE_WITH_YOUR_USER_ID,21135395665,lying-leg-curl,Lying Leg Curl,9,88.44.00,,1,1764563511000,1765764048900,0
15271,,REPLACE_WITH_YOUR_USER_ID,21135395665,lying-leg-curl,Lying Leg Curl,8,91.09.00,,2,1764563871000,1765764048900,0
15514,,REPLACE_WITH_YOUR_USER_ID,21170782472,pullup,Pull-Up,8,<null>,,1,1764897122000,1765936853365,0
15515,,REPLACE_WITH_YOUR_USER_ID,21170782472,pullup,Pull-Up,8,<null>,,2,1764897482000,1765936853365,0
15516,,REPLACE_WITH_YOUR_USER_ID,21170782472,pullup,Pull-Up,8,<null>,,3,1764897875000,1765936853365,0
15517,,REPLACE_WITH_YOUR_USER_ID,21170782472,cable-row,Seated Cable Row,8,82.03.00,,1,1764898155000,1765936853365,0
15518,,REPLACE_WITH_YOUR_USER_ID,21170782472,cable-row,Seated Cable Row,8,82.03.00,,2,1764898487000,1765936853365,0
15519,,REPLACE_WITH_YOUR_USER_ID,21170782472,cable-row,Seated Cable Row,8,82.03.00,,3,1764898828000,1765936853365,0
15520,,REPLACE_WITH_YOUR_USER_ID,21170782472,lateral-raise,Lateral Raise,7,75.21.00,,1,1764899088000,1765936853365,0
15521,,REPLACE_WITH_YOUR_USER_ID,21170782472,lateral-raise,Lateral Raise,7,75.21.00,,2,1764899461000,1765936853365,0
15522,,REPLACE_WITH_YOUR_USER_ID,21170782472,lateral-raise,Lateral Raise,6,75.21.00,,3,1764899776000,1765936853365,0
15523,,REPLACE_WITH_YOUR_USER_ID,21170782472,ez-bar-curl,EZ-Bar Curl,6,49.44.00,,1,1764900455000,1765936853365,0
15524,,REPLACE_WITH_YOUR_USER_ID,21170782472,ez-bar-curl,EZ-Bar Curl,6,48.31.00,,2,1764900993000,1765936853365,0
15525,,REPLACE_WITH_YOUR_USER_ID,21170782472,ez-bar-curl,EZ-Bar Curl,6,48.31.00,,3,1764901341000,1765936853365,0
15526,,REPLACE_WITH_YOUR_USER_ID,21170782472,bent-over-rear-delt-raise,Bent-Over Rear Delt Raise,12,57.09.00,,1,1764901463000,1765936853365,0
15527,,REPLACE_WITH_YOUR_USER_ID,21170782472,bent-over-rear-delt-raise,Bent-Over Rear Delt Raise,12,57.09.00,,2,1764901684000,1765936853365,0
15528,,REPLACE_WITH_YOUR_USER_ID,21170782472,reverse-curl,Reverse Barbell Curl,5,52.19.00,,1,1764901565000,1765936853365,0
15529,,REPLACE_WITH_YOUR_USER_ID,21170782472,reverse-curl,Reverse Barbell Curl,7,52.19.00,,2,1764901812000,1765936853365,0
15750,,REPLACE_WITH_YOUR_USER_ID,21180059560,smith-incline-bench-press,Incline Smith Machine Bench Press,4,91.12.00,,1,NaN,1766196085258,0
15751,,REPLACE_WITH_YOUR_USER_ID,21180059560,smith-incline-bench-press,Incline Smith Machine Bench Press,7,86.18.00,,2,NaN,1766196085258,0
15752,,REPLACE_WITH_YOUR_USER_ID,21180059560,smith-incline-bench-press,Incline Smith Machine Bench Press,5,86.18.00,,3,NaN,1766196085258,0
15753,,REPLACE_WITH_YOUR_USER_ID,21180059560,tricep-pushdown-bar,Tricep Pushdown (Bar),8,77.11.00,,1,NaN,1766196085258,0
15754,,REPLACE_WITH_YOUR_USER_ID,21180059560,tricep-pushdown-bar,Tricep Pushdown (Bar),6,79.38.00,,2,NaN,1766196085258,0
15755,,REPLACE_WITH_YOUR_USER_ID,21180059560,overhead-cable-tricep,Overhead Cable Tricep Extension,8,72.57.00,,1,NaN,1766196085258,0
15756,,REPLACE_WITH_YOUR_USER_ID,21180059560,overhead-cable-tricep,Overhead Cable Tricep Extension,8,72.57.00,,2,NaN,1766196085258,0
15757,,REPLACE_WITH_YOUR_USER_ID,21180059560,pec-deck,Pec Deck Machine,8,93.39.00,,1,NaN,1766196085258,0
15758,,REPLACE_WITH_YOUR_USER_ID,21180059560,pec-deck,Pec Deck Machine,8,93.39.00,,2,NaN,1766196085258,0
15759,,REPLACE_WITH_YOUR_USER_ID,21180059560,weighted-crunch,Weighted Crunch,8,91.12.00,,1,NaN,1766196085258,0
15760,,REPLACE_WITH_YOUR_USER_ID,21180059560,weighted-crunch,Weighted Crunch,8,91.12.00,,2,NaN,1766196085258,0
15831,,REPLACE_WITH_YOUR_USER_ID,21197409068,lying-leg-curl,Lying Leg Curl,8,91.12.00,,1,NaN,1766282472265,0
15832,,REPLACE_WITH_YOUR_USER_ID,21197409068,lying-leg-curl,Lying Leg Curl,8,91.12.00,,2,NaN,1766282472265,0
15833,,REPLACE_WITH_YOUR_USER_ID,21197409068,lying-leg-curl,Lying Leg Curl,8,91.12.00,,3,NaN,1766282472265,0
15834,,REPLACE_WITH_YOUR_USER_ID,21197409068,hack-squat,Hack Squat Machine,12,68.04.00,,1,NaN,1766282472265,0
15835,,REPLACE_WITH_YOUR_USER_ID,21197409068,hack-squat,Hack Squat Machine,12,109.26.00,,2,NaN,1766282472265,0
15836,,REPLACE_WITH_YOUR_USER_ID,21197409068,hack-squat,Hack Squat Machine,8,97.52.00,,3,NaN,1766282472265,0
15913,,REPLACE_WITH_YOUR_USER_ID,21223287104,cable-row,Seated Cable Row,8,82.05.00,,1,NaN,1766368873461,0
15914,,REPLACE_WITH_YOUR_USER_ID,21223287104,cable-row,Seated Cable Row,10,82.05.00,,2,NaN,1766368873461,0
15915,,REPLACE_WITH_YOUR_USER_ID,21223287104,pullup,Pull-Up,6,<null>,,1,NaN,1766368873461,0
15916,,REPLACE_WITH_YOUR_USER_ID,21223287104,barbell-ohp,Barbell Overhead Press,8,92.53.00,,1,NaN,1766368873461,0
15917,,REPLACE_WITH_YOUR_USER_ID,21223287104,barbell-ohp,Barbell Overhead Press,8,92.53.00,,2,NaN,1766368873461,0
15918,,REPLACE_WITH_YOUR_USER_ID,21223287104,barbell-ohp,Barbell Overhead Press,8,92.53.00,,3,NaN,1766368873461,0
15993,,REPLACE_WITH_YOUR_USER_ID,21232913777,smith-incline-bench-press,Incline Smith Machine Bench Press,7,86.18.00,,1,NaN,1766455226616,0
15994,,REPLACE_WITH_YOUR_USER_ID,21232913777,smith-incline-bench-press,Incline Smith Machine Bench Press,6,86.18.00,,2,NaN,1766455226616,0
15995,,REPLACE_WITH_YOUR_USER_ID,21232913777,smith-incline-bench-press,Incline Smith Machine Bench Press,6,86.18.00,,3,NaN,1766455226616,0
15996,,REPLACE_WITH_YOUR_USER_ID,21232913777,pec-deck,Pec Deck Machine,7,100.19.00,,1,NaN,1766455226616,0
15997,,REPLACE_WITH_YOUR_USER_ID,21232913777,pec-deck,Pec Deck Machine,7,100.19.00,,2,NaN,1766455226616,0
15998,,REPLACE_WITH_YOUR_USER_ID,21232913777,bent-over-rear-delt-raise,Bent-Over Rear Delt Raise,15,52.16.00,,1,NaN,1766455226616,0
15999,,REPLACE_WITH_YOUR_USER_ID,21232913777,bent-over-rear-delt-raise,Bent-Over Rear Delt Raise,12,59.37.00,,2,NaN,1766455226616,0
16000,,REPLACE_WITH_YOUR_USER_ID,21232913777,bent-over-rear-delt-raise,Bent-Over Rear Delt Raise,12,52.16.00,,3,NaN,1766455226616,0
16001,,REPLACE_WITH_YOUR_USER_ID,21232913777,reverse-curl,Reverse Barbell Curl,8,56.7,,1,NaN,1766455226616,0
16002,,REPLACE_WITH_YOUR_USER_ID,21232913777,reverse-curl,Reverse Barbell Curl,8,52.16.00,,2,NaN,1766455226616,0
16003,,REPLACE_WITH_YOUR_USER_ID,21232913777,ez-bar-curl,EZ-Bar Curl,6,49.44.00,,1,NaN,1766455226616,0
16004,,REPLACE_WITH_YOUR_USER_ID,21232913777,ez-bar-curl,EZ-Bar Curl,8,49.44.00,,2,NaN,1766455226616,0
16005,,REPLACE_WITH_YOUR_USER_ID,21232913777,close-grip-bench,Close-Grip Bench Press,10,102.06.00,,1,NaN,1766455226616,0
16006,,REPLACE_WITH_YOUR_USER_ID,21232913777,tricep-pushdown-bar,Tricep Pushdown (Bar),8,79.38.00,,1,NaN,1766455226616,0
16007,,REPLACE_WITH_YOUR_USER_ID,21232913777,overhead-cable-tricep,Overhead Cable Tricep Extension,10,72.57.00,,1,NaN,1766455226616,0
16008,,REPLACE_WITH_YOUR_USER_ID,21232913777,overhead-cable-tricep,Overhead Cable Tricep Extension,10,72.57.00,,2,NaN,1766455226616,0
16009,,REPLACE_WITH_YOUR_USER_ID,21232913777,weighted-crunch,Weighted Crunch,12,91.12.00,,1,NaN,1766455226616,0
16010,,REPLACE_WITH_YOUR_USER_ID,21232913777,weighted-crunch,Weighted Crunch,12,91.12.00,,2,NaN,1766455226616,0
17395,,REPLACE_WITH_YOUR_USER_ID,21240200155,leg-press,Leg Press,12,100.19.00,,1,NaN,1767232859292,0
17396,,REPLACE_WITH_YOUR_USER_ID,21240200155,hack-squat,Hack Squat Machine,6,150.09.00,,1,NaN,1767232859292,0
17397,,REPLACE_WITH_YOUR_USER_ID,21240200155,hack-squat,Hack Squat Machine,8,150.09.00,,2,NaN,1767232859292,0
17398,,REPLACE_WITH_YOUR_USER_ID,21240200155,hack-squat,Hack Squat Machine,6,150.09.00,,3,NaN,1767232859292,0
17399,,REPLACE_WITH_YOUR_USER_ID,21240200155,lying-leg-curl,Lying Leg Curl,8,91.12.00,,1,NaN,1767232859292,0
17400,,REPLACE_WITH_YOUR_USER_ID,21240200155,lying-leg-curl,Lying Leg Curl,8,91.12.00,,2,NaN,1767232859292,0
17401,,REPLACE_WITH_YOUR_USER_ID,21240200155,lying-leg-curl,Lying Leg Curl,8,91.12.00,,3,NaN,1767232859292,0
17402,,REPLACE_WITH_YOUR_USER_ID,21240200155,standing-calf-raise-machine,Standing Calf Raise Machine,16,150.09.00,,1,NaN,1767232859292,0
17403,,REPLACE_WITH_YOUR_USER_ID,21240200155,standing-calf-raise-machine,Standing Calf Raise Machine,12,159.16.00,,2,NaN,1767232859292,0
17404,,REPLACE_WITH_YOUR_USER_ID,21240200155,standing-calf-raise-machine,Standing Calf Raise Machine,12,163.29.00,,3,NaN,1767232859292,0
17570,,REPLACE_WITH_YOUR_USER_ID,21259347002,pullup,Pull-Up,8,<null>,,1,NaN,1767405638277,0
17571,,REPLACE_WITH_YOUR_USER_ID,21259347002,pullup,Pull-Up,8,<null>,,2,NaN,1767405638277,0
17572,,REPLACE_WITH_YOUR_USER_ID,21259347002,pullup,Pull-Up,6,<null>,,3,NaN,1767405638277,0
17573,,REPLACE_WITH_YOUR_USER_ID,21259347002,lat-pulldown-close,Close-Grip Lat Pulldown,6,82.05.00,,1,NaN,1767405638277,0
17574,,REPLACE_WITH_YOUR_USER_ID,21259347002,lat-pulldown-close,Close-Grip Lat Pulldown,8,72.57.00,,2,NaN,1767405638277,0
17575,,REPLACE_WITH_YOUR_USER_ID,21259347002,cable-fly-high,Cable Fly (High to Low),10,18.14,,1,NaN,1767405638277,0
17576,,REPLACE_WITH_YOUR_USER_ID,21259347002,cable-fly-high,Cable Fly (High to Low),10,18.14,,2,NaN,1767405638277,0
17577,,REPLACE_WITH_YOUR_USER_ID,21259347002,cable-fly-high,Cable Fly (High to Low),10,18.14,,3,NaN,1767405638277,0
17578,,REPLACE_WITH_YOUR_USER_ID,21259347002,ez-bar-curl,EZ-Bar Curl,6,34.02.00,,1,NaN,1767405638277,0
17579,,REPLACE_WITH_YOUR_USER_ID,21259347002,ez-bar-curl,EZ-Bar Curl,6,34.02.00,,2,NaN,1767405638277,0
17580,,REPLACE_WITH_YOUR_USER_ID,21259347002,ez-bar-curl,EZ-Bar Curl,6,6.8,,3,NaN,1767405638277,0
17581,,REPLACE_WITH_YOUR_USER_ID,21259347002,reverse-curl,Reverse Barbell Curl,6,54.43.00,,1,NaN,1767405638277,0
17582,,REPLACE_WITH_YOUR_USER_ID,21259347002,reverse-curl,Reverse Barbell Curl,8,54.43.00,,2,NaN,1767405638277,0
17673,,REPLACE_WITH_YOUR_USER_ID,21267268692,smith-incline-bench-press,Incline Smith Machine Bench Press,8,75.24.00,,1,NaN,1767492048398,0
17674,,REPLACE_WITH_YOUR_USER_ID,21267268692,smith-incline-bench-press,Incline Smith Machine Bench Press,8,86.18.00,,2,NaN,1767492048398,0
17675,,REPLACE_WITH_YOUR_USER_ID,21267268692,smith-incline-bench-press,Incline Smith Machine Bench Press,6,86.18.00,,3,NaN,1767492048398,0
17676,,REPLACE_WITH_YOUR_USER_ID,21267268692,lateral-raise,Lateral Raise,7,75.24.00,,1,NaN,1767492048398,0
17677,,REPLACE_WITH_YOUR_USER_ID,21267268692,lateral-raise,Lateral Raise,6,75.24.00,,2,NaN,1767492048398,0
17678,,REPLACE_WITH_YOUR_USER_ID,21267268692,lateral-raise,Lateral Raise,6,75.24.00,,3,NaN,1767492048398,0
17771,,REPLACE_WITH_YOUR_USER_ID,21285310396,hack-squat,Hack Squat Machine,6,159.16.00,,1,NaN,1767578430963,0
17772,,REPLACE_WITH_YOUR_USER_ID,21285310396,hack-squat,Hack Squat Machine,8,159.16.00,,2,NaN,1767578430963,0
17773,,REPLACE_WITH_YOUR_USER_ID,21285310396,hack-squat,Hack Squat Machine,6,91.12.00,,3,NaN,1767578430963,0
17774,,REPLACE_WITH_YOUR_USER_ID,21285310396,pullup,Pull-Up,6,<null>,,1,NaN,1767578430963,0
17775,,REPLACE_WITH_YOUR_USER_ID,21285310396,lying-leg-curl,Lying Leg Curl,6,91.12.00,,1,NaN,1767578430963,0
17776,,REPLACE_WITH_YOUR_USER_ID,21285310396,lying-leg-curl,Lying Leg Curl,8,91.12.00,,2,NaN,1767578430963,0
17777,,REPLACE_WITH_YOUR_USER_ID,21285310396,lying-leg-curl,Lying Leg Curl,6,91.12.00,,3,NaN,1767578430963,0
17976,,REPLACE_WITH_YOUR_USER_ID,21310574919,cable-row,Seated Cable Row,6,86.18.00,,1,NaN,1767688008960,0
17977,,REPLACE_WITH_YOUR_USER_ID,21310574919,cable-row,Seated Cable Row,8,82.05.00,,2,NaN,1767688008960,0
17978,,REPLACE_WITH_YOUR_USER_ID,21310574919,lat-pulldown-close,Close-Grip Lat Pulldown,8,77.11.00,,1,NaN,1767688008960,0
17979,,REPLACE_WITH_YOUR_USER_ID,21310574919,lat-pulldown-close,Close-Grip Lat Pulldown,8,79.38.00,,2,NaN,1767688008960,0
17980,,REPLACE_WITH_YOUR_USER_ID,21310574919,hammer-curl,Hammer Curl,6,36.29.00,,1,NaN,1767688008960,0
17981,,REPLACE_WITH_YOUR_USER_ID,21310574919,hammer-curl,Hammer Curl,6,36.29.00,,2,NaN,1767688008960,0
17982,,REPLACE_WITH_YOUR_USER_ID,21310574919,weighted-crunch,Weighted Crunch,6,63.5,,1,NaN,1767688008960,0
17983,,REPLACE_WITH_YOUR_USER_ID,21310574919,reverse-curl,Reverse Barbell Curl,12,18.14,,1,NaN,1767688008960,0
17984,,REPLACE_WITH_YOUR_USER_ID,21310574919,bent-over-rear-delt-raise,Bent-Over Rear Delt Raise,12,59.37.00,,1,NaN,1767688008960,0
17985,,REPLACE_WITH_YOUR_USER_ID,21310574919,pullup,Pull-Up,6,<null>,,1,NaN,1767688008960,0
18170,,REPLACE_WITH_YOUR_USER_ID,21327021248,lying-leg-curl,Lying Leg Curl,12,111.13.00,,1,NaN,1767837669055,0
18171,,REPLACE_WITH_YOUR_USER_ID,21327021248,lying-leg-curl,Lying Leg Curl,12,111.13.00,,2,NaN,1767837669055,0
18172,,REPLACE_WITH_YOUR_USER_ID,21327021248,lying-leg-curl,Lying Leg Curl,12,111.13.00,,3,NaN,1767837669055,0
18173,,REPLACE_WITH_YOUR_USER_ID,21327021248,hack-squat,Hack Squat Machine,10,134.21.00,,1,NaN,1767837669055,0
18174,,REPLACE_WITH_YOUR_USER_ID,21327021248,hack-squat,Hack Squat Machine,8,143.28.00,,2,NaN,1767837669055,0
18175,,REPLACE_WITH_YOUR_USER_ID,21327021248,leg-extension,Leg Extension,8,159.16.00,,1,NaN,1767837669055,0
18176,,REPLACE_WITH_YOUR_USER_ID,21327021248,leg-extension,Leg Extension,9,159.16.00,,2,NaN,1767837669055,0
18177,,REPLACE_WITH_YOUR_USER_ID,21327021248,leg-extension,Leg Extension,8,159.16.00,,3,NaN,1767837669055,0
18178,,REPLACE_WITH_YOUR_USER_ID,21327021248,standing-calf-raise-machine,Standing Calf Raise Machine,12,186.37.00,,1,NaN,1767837669055,0
18179,,REPLACE_WITH_YOUR_USER_ID,21327021248,standing-calf-raise-machine,Standing Calf Raise Machine,12,186.37.00,,2,NaN,1767837669055,0
18180,,REPLACE_WITH_YOUR_USER_ID,21327021248,standing-calf-raise-machine,Standing Calf Raise Machine,12,186.37.00,,3,NaN,1767837669055,0
18181,,REPLACE_WITH_YOUR_USER_ID,21327021248,hip-adduction,Hip Adduction Machine,15,93.39.00,,1,NaN,1767837669055,0
18182,,REPLACE_WITH_YOUR_USER_ID,21327021248,hip-adduction,Hip Adduction Machine,12,93.39.00,,2,NaN,1767837669055,0
18183,,REPLACE_WITH_YOUR_USER_ID,21327021248,hip-adduction,Hip Adduction Machine,10,93.39.00,,3,NaN,1767837669055,0
18184,,REPLACE_WITH_YOUR_USER_ID,21327021248,weighted-crunch,Weighted Crunch,6,63.5,,1,NaN,1767837669055,0
18185,,REPLACE_WITH_YOUR_USER_ID,21327021248,weighted-crunch,Weighted Crunch,6,61.23.00,,2,NaN,1767837669055,0
18186,,REPLACE_WITH_YOUR_USER_ID,21318937893,smith-incline-bench-press,Incline Smith Machine Bench Press,6,91.12.00,,1,NaN,1767837671588,0
18187,,REPLACE_WITH_YOUR_USER_ID,21318937893,smith-incline-bench-press,Incline Smith Machine Bench Press,6,91.12.00,,2,NaN,1767837671588,0
18188,,REPLACE_WITH_YOUR_USER_ID,21318937893,smith-incline-bench-press,Incline Smith Machine Bench Press,4,91.12.00,,3,NaN,1767837671588,0
18189,,REPLACE_WITH_YOUR_USER_ID,21318937893,barbell-ohp,Barbell Overhead Press,8,79.38.00,,1,NaN,1767837671588,0
18190,,REPLACE_WITH_YOUR_USER_ID,21318937893,barbell-ohp,Barbell Overhead Press,8,79.38.00,,2,NaN,1767837671588,0
18191,,REPLACE_WITH_YOUR_USER_ID,21318937893,lateral-raise,Lateral Raise,9,25.4,,1,NaN,1767837671588,0
18192,,REPLACE_WITH_YOUR_USER_ID,21318937893,lateral-raise,Lateral Raise,10,25.4,,2,NaN,1767837671588,0
18193,,REPLACE_WITH_YOUR_USER_ID,21318937893,tricep-pushdown-bar,Tricep Pushdown (Bar),6,77.11.00,,1,NaN,1767837671588,0
18194,,REPLACE_WITH_YOUR_USER_ID,21318937893,tricep-pushdown-bar,Tricep Pushdown (Bar),6,75.24.00,,2,NaN,1767837671588,0
18195,,REPLACE_WITH_YOUR_USER_ID,21318937893,pec-deck,Pec Deck Machine,4,111.13.00,,1,NaN,1767837671588,0
18196,,REPLACE_WITH_YOUR_USER_ID,21318937893,pec-deck,Pec Deck Machine,6,102.06.00,,2,NaN,1767837671588,0
18197,,REPLACE_WITH_YOUR_USER_ID,21318937893,overhead-cable-tricep,Overhead Cable Tricep Extension,8,70.31.00,,1,NaN,1767837671588,0
18754,,REPLACE_WITH_YOUR_USER_ID,21336138246,pullup,Pull-Up,6,<null>,,1,NaN,1768269680419,0
18755,,REPLACE_WITH_YOUR_USER_ID,21336138246,lat-pulldown-close,Close-Grip Lat Pulldown,8,77.11.00,,1,NaN,1768269680419,0
18756,,REPLACE_WITH_YOUR_USER_ID,21336138246,lat-pulldown-close,Close-Grip Lat Pulldown,8,77.11.00,,2,NaN,1768269680419,0
18757,,REPLACE_WITH_YOUR_USER_ID,21336138246,cable-row,Seated Cable Row,6,82.05.00,,1,NaN,1768269680419,0
18758,,REPLACE_WITH_YOUR_USER_ID,21336138246,cable-row,Seated Cable Row,6,86.18.00,,2,NaN,1768269680419,0
18759,,REPLACE_WITH_YOUR_USER_ID,21336138246,ez-bar-curl,EZ-Bar Curl,6,56.7,,1,NaN,1768269680419,0
18760,,REPLACE_WITH_YOUR_USER_ID,21336138246,hammer-curl,Hammer Curl,6,36.29.00,,1,NaN,1768269680419,0
18761,,REPLACE_WITH_YOUR_USER_ID,21336138246,reverse-curl,Reverse Barbell Curl,0,23.08,,1,NaN,1768269680419,0
19137,,REPLACE_WITH_YOUR_USER_ID,21412343487,machine-chest-press,Machine Chest Press,8,93.39.00,,1,NaN,1768615270390,0
19138,,REPLACE_WITH_YOUR_USER_ID,21412343487,machine-chest-press,Machine Chest Press,10,93.39.00,,2,NaN,1768615270390,0
19139,,REPLACE_WITH_YOUR_USER_ID,21412343487,barbell-ohp,Barbell Overhead Press,8,75.24.00,,1,NaN,1768615270390,0
19140,,REPLACE_WITH_YOUR_USER_ID,21412343487,barbell-ohp,Barbell Overhead Press,9,75.24.00,,2,NaN,1768615270390,0
19141,,REPLACE_WITH_YOUR_USER_ID,21412343487,lateral-raise,Lateral Raise,8,66.17.00,,1,NaN,1768615270390,0
19142,,REPLACE_WITH_YOUR_USER_ID,21412343487,lateral-raise,Lateral Raise,10,66.17.00,,2,NaN,1768615270390,0
19143,,REPLACE_WITH_YOUR_USER_ID,21412343487,pullup,Pull-Up,8,<null>,,1,NaN,1768615270390,0
19144,,REPLACE_WITH_YOUR_USER_ID,21412343487,cable-row,Seated Cable Row,8,77.06.00,,1,NaN,1768615270390,0
19145,,REPLACE_WITH_YOUR_USER_ID,21412343487,cable-row,Seated Cable Row,8,77.06.00,,2,NaN,1768615270390,0
19146,,REPLACE_WITH_YOUR_USER_ID,21412343487,lat-pulldown,Lat Pulldown,8,82.05.00,,1,NaN,1768615270390,0
19147,,REPLACE_WITH_YOUR_USER_ID,21412343487,pec-deck,Pec Deck Machine,6,77.11.00,,1,NaN,1768615270390,0
19148,,REPLACE_WITH_YOUR_USER_ID,21412343487,pec-deck,Pec Deck Machine,6,72.57.00,,2,NaN,1768615270390,0
19149,,REPLACE_WITH_YOUR_USER_ID,21412343487,ez-bar-curl,EZ-Bar Curl,8,54.43.00,,1,NaN,1768615270390,0
19150,,REPLACE_WITH_YOUR_USER_ID,21412343487,ez-bar-curl,EZ-Bar Curl,6,54.43.00,,2,NaN,1768615270390,0
19151,,REPLACE_WITH_YOUR_USER_ID,21412343487,tricep-pushdown-bar,Tricep Pushdown (Bar),11,75.24.00,,1,NaN,1768615270390,0
19152,,REPLACE_WITH_YOUR_USER_ID,21412343487,tricep-pushdown-bar,Tricep Pushdown (Bar),8,75.24.00,,2,NaN,1768615270390,0
19153,,REPLACE_WITH_YOUR_USER_ID,21412343487,reverse-curl,Reverse Barbell Curl,9,50.8,,1,NaN,1768615270390,0
19489,,REPLACE_WITH_YOUR_USER_ID,21450486010,pullup,Pull-Up,8,<null>,,1,NaN,1768960859962,0
19490,,REPLACE_WITH_YOUR_USER_ID,21450486010,pullup,Pull-Up,8,<null>,,2,NaN,1768960859962,0
19491,,REPLACE_WITH_YOUR_USER_ID,21450486010,cable-row,Seated Cable Row,8,82.55.00,,1,NaN,1768960859962,0
19492,,REPLACE_WITH_YOUR_USER_ID,21450486010,cable-row,Seated Cable Row,10,77.06.00,,2,NaN,1768960859962,0
19493,,REPLACE_WITH_YOUR_USER_ID,21450486010,cable-row,Seated Cable Row,8,82.55.00,,3,NaN,1768960859962,0
19494,,REPLACE_WITH_YOUR_USER_ID,21450486010,tricep-pushdown-bar,Tricep Pushdown (Bar),6,80.23.00,,1,NaN,1768960859962,0
19495,,REPLACE_WITH_YOUR_USER_ID,21450486010,tricep-pushdown-bar,Tricep Pushdown (Bar),10,80.23.00,,2,NaN,1768960859962,0
19496,,REPLACE_WITH_YOUR_USER_ID,21450486010,tricep-pushdown-bar,Tricep Pushdown (Bar),8,80.23.00,,3,NaN,1768960859962,0
19497,,REPLACE_WITH_YOUR_USER_ID,21450486010,lat-pulldown-close,Close-Grip Lat Pulldown,8,85.22.00,,1,NaN,1768960859962,0
19498,,REPLACE_WITH_YOUR_USER_ID,21450486010,lat-pulldown-close,Close-Grip Lat Pulldown,8,85.22.00,,2,NaN,1768960859962,0
19499,,REPLACE_WITH_YOUR_USER_ID,21450486010,overhead-cable-tricep,Overhead Cable Tricep Extension,12,70.25.00,,1,NaN,1768960859962,0
19500,,REPLACE_WITH_YOUR_USER_ID,21450486010,overhead-cable-tricep,Overhead Cable Tricep Extension,10,76.2,,2,NaN,1768960859962,0
19501,,REPLACE_WITH_YOUR_USER_ID,21436115694,machine-chest-press,Machine Chest Press,8,99.28.00,,1,NaN,1768960862012,0
19502,,REPLACE_WITH_YOUR_USER_ID,21436115694,machine-chest-press,Machine Chest Press,8,99.28.00,,2,NaN,1768960862012,0
19503,,REPLACE_WITH_YOUR_USER_ID,21436115694,machine-chest-press,Machine Chest Press,8,103.42.00,,3,NaN,1768960862012,0
19504,,REPLACE_WITH_YOUR_USER_ID,21436115694,lateral-raise,Lateral Raise,6,75.24.00,,1,NaN,1768960862012,0
19505,,REPLACE_WITH_YOUR_USER_ID,21436115694,lateral-raise,Lateral Raise,6,75.24.00,,2,NaN,1768960862012,0
19506,,REPLACE_WITH_YOUR_USER_ID,21436115694,lateral-raise,Lateral Raise,8,75.24.00,,3,NaN,1768960862012,0
19507,,REPLACE_WITH_YOUR_USER_ID,21436115694,ez-bar-curl,EZ-Bar Curl,6,54.43.00,,1,NaN,1768960862012,0
19508,,REPLACE_WITH_YOUR_USER_ID,21436115694,ez-bar-curl,EZ-Bar Curl,8,54.43.00,,2,NaN,1768960862012,0
19509,,REPLACE_WITH_YOUR_USER_ID,21436115694,ez-bar-curl,EZ-Bar Curl,8,54.43.00,,3,NaN,1768960862012,0
19510,,REPLACE_WITH_YOUR_USER_ID,21425913342,lying-leg-curl,Lying Leg Curl,10,101.15.00,,1,NaN,1768960863646,0
19511,,REPLACE_WITH_YOUR_USER_ID,21425913342,lying-leg-curl,Lying Leg Curl,12,101.15.00,,2,NaN,1768960863646,0
19512,,REPLACE_WITH_YOUR_USER_ID,21425913342,lying-leg-curl,Lying Leg Curl,8,85.22.00,,3,NaN,1768960863646,0
19513,,REPLACE_WITH_YOUR_USER_ID,21425913342,lying-leg-curl,Lying Leg Curl,10,85.22.00,,4,NaN,1768960863646,0
19514,,REPLACE_WITH_YOUR_USER_ID,21425913342,hack-squat,Hack Squat Machine,8,127.01.00,,1,NaN,1768960863646,0
19515,,REPLACE_WITH_YOUR_USER_ID,21425913342,hack-squat,Hack Squat Machine,8,127.01.00,,2,NaN,1768960863646,0
19516,,REPLACE_WITH_YOUR_USER_ID,21425913342,hack-squat,Hack Squat Machine,8,127.01.00,,3,NaN,1768960863646,0
19517,,REPLACE_WITH_YOUR_USER_ID,21425913342,leg-extension,Leg Extension,8,122.47.00,,1,NaN,1768960863646,0
19518,,REPLACE_WITH_YOUR_USER_ID,21425913342,leg-extension,Leg Extension,8,127.01.00,,2,NaN,1768960863646,0
19519,,REPLACE_WITH_YOUR_USER_ID,21425913342,leg-extension,Leg Extension,12,127.01.00,,3,NaN,1768960863646,0
19520,,REPLACE_WITH_YOUR_USER_ID,21425913342,barbell-hip-thrust,Barbell Hip Thrust,6,77.11.00,,1,NaN,1768960863646,0
19521,,REPLACE_WITH_YOUR_USER_ID,21425913342,standing-calf-raise-machine,Standing Calf Raise Machine,12,93.39.00,,1,NaN,1768960863646,0
19522,,REPLACE_WITH_YOUR_USER_ID,21425913342,standing-calf-raise-machine,Standing Calf Raise Machine,20,93.39.00,,2,NaN,1768960863646,0
19523,,REPLACE_WITH_YOUR_USER_ID,21425913342,standing-calf-raise-machine,Standing Calf Raise Machine,12,93.39.00,,3,NaN,1768960863646,0
19524,,REPLACE_WITH_YOUR_USER_ID,21425913342,hip-adduction,Hip Adduction Machine,16,100.19.00,,1,NaN,1768960863646,0
19525,,REPLACE_WITH_YOUR_USER_ID,21425913342,hip-adduction,Hip Adduction Machine,16,100.19.00,,2,NaN,1768960863646,0
19526,,REPLACE_WITH_YOUR_USER_ID,21425913342,hip-adduction,Hip Adduction Machine,16,100.19.00,,3,NaN,1768960863646,0
19527,,REPLACE_WITH_YOUR_USER_ID,21425913342,weighted-crunch,Weighted Crunch,6,35.33.00,,1,NaN,1768960863646,0
19528,,REPLACE_WITH_YOUR_USER_ID,21425913342,weighted-crunch,Weighted Crunch,8,33.06.00,,2,NaN,1768960863646,0
19529,,REPLACE_WITH_YOUR_USER_ID,21425913342,weighted-crunch,Weighted Crunch,6,33.06.00,,3,NaN,1768960863646,0
19602,,REPLACE_WITH_YOUR_USER_ID,21461518676,lying-leg-curl,Lying Leg Curl,6,82.05.00,,1,NaN,1769047255712,0
19603,,REPLACE_WITH_YOUR_USER_ID,21461518676,lying-leg-curl,Lying Leg Curl,8,82.05.00,,2,NaN,1769047255712,0
19604,,REPLACE_WITH_YOUR_USER_ID,21461518676,lying-leg-curl,Lying Leg Curl,8,82.05.00,,3,NaN,1769047255712,0
19605,,REPLACE_WITH_YOUR_USER_ID,21461518676,hack-squat,Hack Squat Machine,6,131.54.00,,1,NaN,1769047255712,0
19606,,REPLACE_WITH_YOUR_USER_ID,21461518676,hack-squat,Hack Squat Machine,6,136.53.00,,2,NaN,1769047255712,0
19607,,REPLACE_WITH_YOUR_USER_ID,21461518676,hack-squat,Hack Squat Machine,6,136.53.00,,3,NaN,1769047255712,0
19608,,REPLACE_WITH_YOUR_USER_ID,21461518676,leg-extension,Leg Extension,12,95.25.00,,1,NaN,1769047255712,0
19609,,REPLACE_WITH_YOUR_USER_ID,21461518676,leg-extension,Leg Extension,12,109.26.00,,2,NaN,1769047255712,0
19610,,REPLACE_WITH_YOUR_USER_ID,21461518676,leg-extension,Leg Extension,10,109.26.00,,3,NaN,1769047255712,0
19611,,REPLACE_WITH_YOUR_USER_ID,21461518676,hip-adduction,Hip Adduction Machine,16,107.5,,1,NaN,1769047255712,0
19612,,REPLACE_WITH_YOUR_USER_ID,21461518676,hip-adduction,Hip Adduction Machine,20,107.5,,2,NaN,1769047255712,0
19613,,REPLACE_WITH_YOUR_USER_ID,21461518676,hip-adduction,Hip Adduction Machine,16,107.5,,3,NaN,1769047255712,0
19688,,REPLACE_WITH_YOUR_USER_ID,21482121494,weighted-crunch,Weighted Crunch,8,30.34.00,,1,NaN,1769133674786,0
19689,,REPLACE_WITH_YOUR_USER_ID,21482121494,weighted-crunch,Weighted Crunch,6,30.34.00,,2,NaN,1769133674786,0
19690,,REPLACE_WITH_YOUR_USER_ID,21482121494,machine-chest-press,Machine Chest Press,6,123.6,,1,NaN,1769133674786,0
19691,,REPLACE_WITH_YOUR_USER_ID,21482121494,machine-chest-press,Machine Chest Press,6,123.6,,2,NaN,1769133674786,0
19692,,REPLACE_WITH_YOUR_USER_ID,21482121494,machine-chest-press,Machine Chest Press,6,123.6,,3,NaN,1769133674786,0
19693,,REPLACE_WITH_YOUR_USER_ID,21482121494,lateral-raise,Lateral Raise,6,80.06.00,,1,NaN,1769133674786,0
19694,,REPLACE_WITH_YOUR_USER_ID,21482121494,lateral-raise,Lateral Raise,8,75.07.00,,2,NaN,1769133674786,0
19695,,REPLACE_WITH_YOUR_USER_ID,21482121494,lateral-raise,Lateral Raise,8,75.07.00,,3,NaN,1769133674786,0
19696,,REPLACE_WITH_YOUR_USER_ID,21482121494,cable-row,Seated Cable Row,10,77.06.00,,1,NaN,1769133674786,0
19697,,REPLACE_WITH_YOUR_USER_ID,21482121494,cable-row,Seated Cable Row,10,77.06.00,,2,NaN,1769133674786,0
19698,,REPLACE_WITH_YOUR_USER_ID,21482121494,lat-pulldown-close,Close-Grip Lat Pulldown,8,90.21.00,,1,NaN,1769133674786,0
19699,,REPLACE_WITH_YOUR_USER_ID,21482121494,lat-pulldown-close,Close-Grip Lat Pulldown,6,90.21.00,,2,NaN,1769133674786,0
20151,,REPLACE_WITH_YOUR_USER_ID,21483691651,ez-bar-curl,EZ-Bar Curl,6,61.23.00,,1,NaN,1769565653948,0
20152,,REPLACE_WITH_YOUR_USER_ID,21483691651,ez-bar-curl,EZ-Bar Curl,6,61.23.00,,2,NaN,1769565653948,0
20153,,REPLACE_WITH_YOUR_USER_ID,21483691651,tricep-pushdown-bar,Tricep Pushdown (Bar),10,80.06.00,,1,NaN,1769565653948,0
20154,,REPLACE_WITH_YOUR_USER_ID,21483691651,tricep-pushdown-bar,Tricep Pushdown (Bar),10,80.06.00,,2,NaN,1769565653948,0
20347,,REPLACE_WITH_YOUR_USER_ID,21533546972,machine-chest-press,Machine Chest Press,6,100.19.00,,1,NaN,1769738478051,0
20348,,REPLACE_WITH_YOUR_USER_ID,21533546972,machine-chest-press,Machine Chest Press,6,100.19.00,,2,NaN,1769738478051,0
20349,,REPLACE_WITH_YOUR_USER_ID,21533546972,pullup,Pull-Up,10,<null>,,1,NaN,1769738478051,0
20350,,REPLACE_WITH_YOUR_USER_ID,21533546972,pullup,Pull-Up,0,<null>,,2,NaN,1769738478051,0
20351,,REPLACE_WITH_YOUR_USER_ID,21533546972,barbell-ohp,Barbell Overhead Press,10,91.12.00,,1,NaN,1769738478051,0
20352,,REPLACE_WITH_YOUR_USER_ID,21533546972,barbell-ohp,Barbell Overhead Press,10,91.12.00,,2,NaN,1769738478051,0
20353,,REPLACE_WITH_YOUR_USER_ID,21533546972,cable-row,Seated Cable Row,8,86.18.00,,1,NaN,1769738478051,0
20354,,REPLACE_WITH_YOUR_USER_ID,21533546972,chest-dip,Chest Dip,12,<null>,,1,NaN,1769738478051,0
20355,,REPLACE_WITH_YOUR_USER_ID,21533546972,ez-bar-curl,EZ-Bar Curl,12,54.43.00,,1,NaN,1769738478051,0
20356,,REPLACE_WITH_YOUR_USER_ID,21533546972,barbell-squat,Barbell Back Squat,6,41.22.00,,1,NaN,1769738478051,0
20357,,REPLACE_WITH_YOUR_USER_ID,21533546972,barbell-squat,Barbell Back Squat,8,45.36.00,,2,NaN,1769738478051,0
20358,,REPLACE_WITH_YOUR_USER_ID,21533546972,barbell-squat,Barbell Back Squat,12,45.36.00,,3,NaN,1769738478051,0
20436,,REPLACE_WITH_YOUR_USER_ID,21576360032,lying-leg-curl,Lying Leg Curl,10,111.13.00,,1,NaN,1769824842528,0
20437,,REPLACE_WITH_YOUR_USER_ID,21576360032,lying-leg-curl,Lying Leg Curl,12,111.13.00,,2,NaN,1769824842528,0
20438,,REPLACE_WITH_YOUR_USER_ID,21576360032,lying-leg-curl,Lying Leg Curl,12,111.13.00,,3,NaN,1769824842528,0
20439,,REPLACE_WITH_YOUR_USER_ID,21576360032,hack-squat,Hack Squat Machine,8,120.2,,1,NaN,1769824842528,0
20440,,REPLACE_WITH_YOUR_USER_ID,21576360032,hack-squat,Hack Squat Machine,10,120.2,,2,NaN,1769824842528,0
20441,,REPLACE_WITH_YOUR_USER_ID,21576360032,hack-squat,Hack Squat Machine,12,120.2,,3,NaN,1769824842528,0
20442,,REPLACE_WITH_YOUR_USER_ID,21576360032,standing-calf-raise-machine,Standing Calf Raise Machine,12,181.44.00,,1,NaN,1769824842528,0
20443,,REPLACE_WITH_YOUR_USER_ID,21576360032,leg-extension,Leg Extension,6,159.16.00,,1,NaN,1769824842528,0
20444,,REPLACE_WITH_YOUR_USER_ID,21576360032,leg-extension,Leg Extension,10,154.22.00,,2,NaN,1769824842528,0
20445,,REPLACE_WITH_YOUR_USER_ID,21576360032,leg-extension,Leg Extension,12,111.13.00,,3,NaN,1769824842528,0
20446,,REPLACE_WITH_YOUR_USER_ID,21576360032,hip-adduction,Hip Adduction Machine,0,93.39.00,,1,NaN,1769824842528,0
20447,,REPLACE_WITH_YOUR_USER_ID,21576360032,hip-adduction,Hip Adduction Machine,10,93.39.00,,2,NaN,1769824842528,0
20448,,REPLACE_WITH_YOUR_USER_ID,21576360032,hip-adduction,Hip Adduction Machine,8,93.39.00,,3,NaN,1769824842528,0
20535,,REPLACE_WITH_YOUR_USER_ID,21615059100,smith-incline-bench-press,Incline Smith Machine Bench Press,3,88.45.00,,1,NaN,1769911258976,0
20536,,REPLACE_WITH_YOUR_USER_ID,21615059100,smith-incline-bench-press,Incline Smith Machine Bench Press,10,75.24.00,,2,NaN,1769911258976,0
20537,,REPLACE_WITH_YOUR_USER_ID,21615059100,smith-incline-bench-press,Incline Smith Machine Bench Press,8,75.24.00,,3,NaN,1769911258976,0
20538,,REPLACE_WITH_YOUR_USER_ID,21615059100,smith-incline-bench-press,Incline Smith Machine Bench Press,6,75.24.00,,4,NaN,1769911258976,0
20539,,REPLACE_WITH_YOUR_USER_ID,21615059100,barbell-ohp,Barbell Overhead Press,10,68.04.00,,1,NaN,1769911258976,0
20540,,REPLACE_WITH_YOUR_USER_ID,21615059100,barbell-ohp,Barbell Overhead Press,8,68.04.00,,2,NaN,1769911258976,0
20541,,REPLACE_WITH_YOUR_USER_ID,21615059100,lateral-raise,Lateral Raise,6,66.17.00,,1,NaN,1769911258976,0
20542,,REPLACE_WITH_YOUR_USER_ID,21615059100,lateral-raise,Lateral Raise,6,66.17.00,,2,NaN,1769911258976,0
20543,,REPLACE_WITH_YOUR_USER_ID,21615059100,tricep-pushdown-bar,Tricep Pushdown (Bar),8,75.24.00,,1,NaN,1769911258976,0
20544,,REPLACE_WITH_YOUR_USER_ID,21615059100,tricep-pushdown-bar,Tricep Pushdown (Bar),6,75.24.00,,2,NaN,1769911258976,0
20545,,REPLACE_WITH_YOUR_USER_ID,21615059100,overhead-cable-tricep,Overhead Cable Tricep Extension,8,68.04.00,,1,NaN,1769911258976,0
20546,,REPLACE_WITH_YOUR_USER_ID,21615059100,overhead-cable-tricep,Overhead Cable Tricep Extension,0,68.04.00,,2,NaN,1769911258976,0
20643,,REPLACE_WITH_YOUR_USER_ID,21615071129,pullup,Pull-Up,6,<null>,,1,NaN,1769997656138,0
20644,,REPLACE_WITH_YOUR_USER_ID,21615071129,pullup,Pull-Up,6,<null>,,2,NaN,1769997656138,0
20645,,REPLACE_WITH_YOUR_USER_ID,21615071129,cable-row,Seated Cable Row,10,75.24.00,,1,NaN,1769997656138,0
20646,,REPLACE_WITH_YOUR_USER_ID,21615071129,cable-row,Seated Cable Row,8,77.11.00,,2,NaN,1769997656138,0
20647,,REPLACE_WITH_YOUR_USER_ID,21615071129,cable-row,Seated Cable Row,10,72.57.00,,3,NaN,1769997656138,0
20648,,REPLACE_WITH_YOUR_USER_ID,21615071129,hammer-curl,Hammer Curl,6,32.15.00,,1,NaN,1769997656138,0
20649,,REPLACE_WITH_YOUR_USER_ID,21615071129,hammer-curl,Hammer Curl,6,32.15.00,,2,NaN,1769997656138,0
22640,,REPLACE_WITH_YOUR_USER_ID,21643722478,cable-row,Seated Cable Row,8,82.05.00,,1,NaN,1771639293642,0
22641,,REPLACE_WITH_YOUR_USER_ID,21643722478,cable-row,Seated Cable Row,8,82.05.00,,2,NaN,1771639293642,0
22642,,REPLACE_WITH_YOUR_USER_ID,21643722478,cable-row,Seated Cable Row,10,82.05.00,,3,NaN,1771639293642,0
22643,,REPLACE_WITH_YOUR_USER_ID,21643722478,pullup,Pull-Up,8,<null>,,1,NaN,1771639293642,0
22644,,REPLACE_WITH_YOUR_USER_ID,21643722478,pullup,Pull-Up,6,<null>,,2,NaN,1771639293642,0
22645,,REPLACE_WITH_YOUR_USER_ID,21643722478,pullup,Pull-Up,6,<null>,,3,NaN,1771639293642,0
22646,,REPLACE_WITH_YOUR_USER_ID,21643722478,weighted-crunch,Weighted Crunch,10,91.12.00,,1,NaN,1771639293642,0
22647,,REPLACE_WITH_YOUR_USER_ID,21643722478,weighted-crunch,Weighted Crunch,10,91.12.00,,2,NaN,1771639293642,0
22648,,REPLACE_WITH_YOUR_USER_ID,21643722478,lat-pulldown-close,Close-Grip Lat Pulldown,8,82.05.00,,1,NaN,1771639293642,0
22649,,REPLACE_WITH_YOUR_USER_ID,21643722478,bent-over-rear-delt-raise,Bent-Over Rear Delt Raise,11,63.5,,1,NaN,1771639293642,0
22650,,REPLACE_WITH_YOUR_USER_ID,21643722478,bent-over-rear-delt-raise,Bent-Over Rear Delt Raise,12,63.5,,2,NaN,1771639293642,0
22651,,REPLACE_WITH_YOUR_USER_ID,21643722478,ez-bar-curl,EZ-Bar Curl,6,49.44.00,,1,NaN,1771639293642,0
22652,,REPLACE_WITH_YOUR_USER_ID,21643722478,ez-bar-curl,EZ-Bar Curl,6,49.44.00,,2,NaN,1771639293642,0
22653,,REPLACE_WITH_YOUR_USER_ID,21643722478,ez-bar-curl,EZ-Bar Curl,5,49.44.00,,3,NaN,1771639293642,0
22654,,REPLACE_WITH_YOUR_USER_ID,21643722478,hammer-curl,Hammer Curl,6,32.15.00,,1,NaN,1771639293642,0
22655,,REPLACE_WITH_YOUR_USER_ID,21643722478,hammer-curl,Hammer Curl,8,27.22.00,,2,NaN,1771639293642,0
22656,,REPLACE_WITH_YOUR_USER_ID,21643722478,hammer-curl,Hammer Curl,7,27.22.00,,3,NaN,1771639293642,0
22657,,REPLACE_WITH_YOUR_USER_ID,21634709959,incline-barbell-bench-press,Incline Barbell Bench Press,8,70.31.00,,1,NaN,1771639300471,0
22658,,REPLACE_WITH_YOUR_USER_ID,21634709959,smith-incline-bench-press,Incline Smith Machine Bench Press,8,79.38.00,,1,NaN,1771639300471,0
22659,,REPLACE_WITH_YOUR_USER_ID,21634709959,smith-incline-bench-press,Incline Smith Machine Bench Press,6,84.31.00,,2,NaN,1771639300471,0
22660,,REPLACE_WITH_YOUR_USER_ID,21634709959,smith-incline-bench-press,Incline Smith Machine Bench Press,8,77.11.00,,3,NaN,1771639300471,0
22661,,REPLACE_WITH_YOUR_USER_ID,21634709959,lateral-raise,Lateral Raise,8,70.31.00,,1,NaN,1771639300471,0
22662,,REPLACE_WITH_YOUR_USER_ID,21634709959,lateral-raise,Lateral Raise,6,70.31.00,,2,NaN,1771639300471,0
22663,,REPLACE_WITH_YOUR_USER_ID,21634709959,barbell-ohp,Barbell Overhead Press,10,68.04.00,,1,NaN,1771639300471,0
22664,,REPLACE_WITH_YOUR_USER_ID,21634709959,barbell-ohp,Barbell Overhead Press,12,68.04.00,,2,NaN,1771639300471,0
22665,,REPLACE_WITH_YOUR_USER_ID,21634709959,barbell-ohp,Barbell Overhead Press,10,68.04.00,,3,NaN,1771639300471,0
22666,,REPLACE_WITH_YOUR_USER_ID,21634709959,tricep-pushdown-bar,Tricep Pushdown (Bar),6,79.38.00,,1,NaN,1771639300471,0
22667,,REPLACE_WITH_YOUR_USER_ID,21634709959,tricep-pushdown-bar,Tricep Pushdown (Bar),6,77.11.00,,2,NaN,1771639300471,0
22668,,REPLACE_WITH_YOUR_USER_ID,21634709959,tricep-pushdown-bar,Tricep Pushdown (Bar),6,75.24.00,,3,NaN,1771639300471,0
22669,,REPLACE_WITH_YOUR_USER_ID,21634709959,overhead-cable-tricep,Overhead Cable Tricep Extension,8,72.57.00,,1,NaN,1771639300471,0
22670,,REPLACE_WITH_YOUR_USER_ID,21634709959,overhead-cable-tricep,Overhead Cable Tricep Extension,8,72.57.00,,2,NaN,1771639300471,0
22671,,REPLACE_WITH_YOUR_USER_ID,21624395101,leg-raise-hanging,Hanging Leg Raise,18,<null>,,1,NaN,1771639306389,0
22672,,REPLACE_WITH_YOUR_USER_ID,21624395101,hack-squat,Hack Squat Machine,12,68.04.00,,1,NaN,1771639306389,0
22673,,REPLACE_WITH_YOUR_USER_ID,21624395101,hack-squat,Hack Squat Machine,8,109.26.00,,2,NaN,1771639306389,0
22674,,REPLACE_WITH_YOUR_USER_ID,21624395101,hack-squat,Hack Squat Machine,8,131.54.00,,3,NaN,1771639306389,0
22675,,REPLACE_WITH_YOUR_USER_ID,21624395101,lying-leg-curl,Lying Leg Curl,6,91.12.00,,1,NaN,1771639306389,0
22676,,REPLACE_WITH_YOUR_USER_ID,21624395101,lying-leg-curl,Lying Leg Curl,8,91.12.00,,2,NaN,1771639306389,0
22677,,REPLACE_WITH_YOUR_USER_ID,21624395101,lying-leg-curl,Lying Leg Curl,6,88.45.00,,3,NaN,1771639306389,0
22678,,REPLACE_WITH_YOUR_USER_ID,21624395101,weighted-crunch,Weighted Crunch,10,91.12.00,,1,NaN,1771639306389,0
22679,,REPLACE_WITH_YOUR_USER_ID,21624395101,leg-extension,Leg Extension,10,127.01.00,,1,NaN,1771639306389,0
22680,,REPLACE_WITH_YOUR_USER_ID,21624395101,leg-extension,Leg Extension,12,127.01.00,,2,NaN,1771639306389,0
22681,,REPLACE_WITH_YOUR_USER_ID,21624395101,hip-adduction,Hip Adduction Machine,15,143.28.00,,1,NaN,1771639306389,0
22682,,REPLACE_WITH_YOUR_USER_ID,21624395101,hip-adduction,Hip Adduction Machine,12,143.28.00,,2,NaN,1771639306389,0
27611,,REPLACE_WITH_YOUR_USER_ID,21743397097,pullup,Pull-Up,8,<null>,,1,NaN,1778205616012,0
27612,,REPLACE_WITH_YOUR_USER_ID,21743397097,pullup,Pull-Up,8,<null>,,2,NaN,1778205616012,0
27613,,REPLACE_WITH_YOUR_USER_ID,21743397097,lat-pulldown-close,Close-Grip Lat Pulldown,8,82.05.00,,1,NaN,1778205616012,0
27614,,REPLACE_WITH_YOUR_USER_ID,21743397097,lat-pulldown-close,Close-Grip Lat Pulldown,8,82.05.00,,2,NaN,1778205616012,0
27615,,REPLACE_WITH_YOUR_USER_ID,21743397097,cable-row,Seated Cable Row,6,86.18.00,,1,NaN,1778205616012,0
27616,,REPLACE_WITH_YOUR_USER_ID,21743397097,cable-row,Seated Cable Row,8,82.05.00,,2,NaN,1778205616012,0
27617,,REPLACE_WITH_YOUR_USER_ID,21743397097,cable-row,Seated Cable Row,8,82.05.00,,3,NaN,1778205616012,0
27618,,REPLACE_WITH_YOUR_USER_ID,21743397097,hammer-curl,Hammer Curl,8,32.15.00,,1,NaN,1778205616012,0
27619,,REPLACE_WITH_YOUR_USER_ID,21743397097,hammer-curl,Hammer Curl,8,32.15.00,,2,NaN,1778205616012,0
27620,,REPLACE_WITH_YOUR_USER_ID,21743397097,ez-bar-curl,EZ-Bar Curl,7,46.04.00,,1,NaN,1778205616012,0
27621,,REPLACE_WITH_YOUR_USER_ID,21743397097,ez-bar-curl,EZ-Bar Curl,5,46.04.00,,2,NaN,1778205616012,0
27622,,REPLACE_WITH_YOUR_USER_ID,21736108690,smith-incline-bench-press,Incline Smith Machine Bench Press,6,84.31.00,,1,NaN,1778205617955,0
27623,,REPLACE_WITH_YOUR_USER_ID,21736108690,smith-incline-bench-press,Incline Smith Machine Bench Press,5,84.31.00,,2,NaN,1778205617955,0
27624,,REPLACE_WITH_YOUR_USER_ID,21736108690,lateral-raise,Lateral Raise,8,68.04.00,,1,NaN,1778205617955,0
27625,,REPLACE_WITH_YOUR_USER_ID,21736108690,lateral-raise,Lateral Raise,8,68.04.00,,2,NaN,1778205617955,0
27626,,REPLACE_WITH_YOUR_USER_ID,21736108690,lateral-raise,Lateral Raise,6,70.31.00,,3,NaN,1778205617955,0
27627,,REPLACE_WITH_YOUR_USER_ID,21736108690,barbell-ohp,Barbell Overhead Press,10,72.57.00,,1,NaN,1778205617955,0
27628,,REPLACE_WITH_YOUR_USER_ID,21736108690,barbell-ohp,Barbell Overhead Press,10,72.57.00,,2,NaN,1778205617955,0
27629,,REPLACE_WITH_YOUR_USER_ID,21736108690,barbell-ohp,Barbell Overhead Press,10,72.57.00,,3,NaN,1778205617955,0
27630,,REPLACE_WITH_YOUR_USER_ID,21725004111,lat-pulldown-wide,Wide-Grip Lat Pulldown,8,75.24.00,,1,NaN,1778205619521,0
27631,,REPLACE_WITH_YOUR_USER_ID,21725004111,lat-pulldown-wide,Wide-Grip Lat Pulldown,8,75.24.00,,2,NaN,1778205619521,0
27632,,REPLACE_WITH_YOUR_USER_ID,21725004111,pullup,Pull-Up,6,<null>,,1,NaN,1778205619521,0
27633,,REPLACE_WITH_YOUR_USER_ID,21725004111,pullup,Pull-Up,8,<null>,,2,NaN,1778205619521,0
27634,,REPLACE_WITH_YOUR_USER_ID,21725004111,cable-row,Seated Cable Row,8,82.05.00,,1,NaN,1778205619521,0
27635,,REPLACE_WITH_YOUR_USER_ID,21725004111,cable-row,Seated Cable Row,12,82.05.00,,2,NaN,1778205619521,0
27636,,REPLACE_WITH_YOUR_USER_ID,21725004111,ez-bar-curl,EZ-Bar Curl,6,50.58.00,,1,NaN,1778205619521,0
27637,,REPLACE_WITH_YOUR_USER_ID,21725004111,bent-over-rear-delt-raise,Bent-Over Rear Delt Raise,12,59.37.00,,1,NaN,1778205619521,0
27638,,REPLACE_WITH_YOUR_USER_ID,21725004111,bent-over-rear-delt-raise,Bent-Over Rear Delt Raise,12,59.37.00,,2,NaN,1778205619521,0
27639,,REPLACE_WITH_YOUR_USER_ID,21725004111,bent-over-rear-delt-raise,Bent-Over Rear Delt Raise,12,59.37.00,,3,NaN,1778205619521,0
27640,,REPLACE_WITH_YOUR_USER_ID,21725004111,hammer-curl,Hammer Curl,7,32.15.00,,1,NaN,1778205619521,0
27641,,REPLACE_WITH_YOUR_USER_ID,21725004111,hammer-curl,Hammer Curl,6,32.15.00,,2,NaN,1778205619521,0
27642,,REPLACE_WITH_YOUR_USER_ID,21725004111,lying-leg-curl,Lying Leg Curl,8,79.38.00,,1,NaN,1778205619521,0
27643,,REPLACE_WITH_YOUR_USER_ID,21725004111,lying-leg-curl,Lying Leg Curl,8,91.12.00,,2,NaN,1778205619521,0
27644,,REPLACE_WITH_YOUR_USER_ID,21725004111,lying-leg-curl,Lying Leg Curl,8,91.12.00,,3,NaN,1778205619521,0
27645,,REPLACE_WITH_YOUR_USER_ID,21725004111,hack-squat,Hack Squat Machine,8,141.01.00,,1,NaN,1778205619521,0
27646,,REPLACE_WITH_YOUR_USER_ID,21725004111,hack-squat,Hack Squat Machine,10,145.15.00,,2,NaN,1778205619521,0
27647,,REPLACE_WITH_YOUR_USER_ID,21725004111,hack-squat,Hack Squat Machine,10,145.15.00,,3,NaN,1778205619521,0
27648,,REPLACE_WITH_YOUR_USER_ID,21725004111,leg-extension,Leg Extension,12,127.01.00,,1,NaN,1778205619521,0
27649,,REPLACE_WITH_YOUR_USER_ID,21725004111,leg-extension,Leg Extension,10,138.35.00,,2,NaN,1778205619521,0
27650,,REPLACE_WITH_YOUR_USER_ID,21725004111,leg-extension,Leg Extension,12,138.35.00,,3,NaN,1778205619521,0
27651,,REPLACE_WITH_YOUR_USER_ID,21725004111,seated-calf-raise,Seated Calf Raise Machine,12,165.56.00,,1,NaN,1778205619521,0
27652,,REPLACE_WITH_YOUR_USER_ID,21725004111,seated-calf-raise,Seated Calf Raise Machine,12,165.56.00,,2,NaN,1778205619521,0
27653,,REPLACE_WITH_YOUR_USER_ID,21725004111,seated-calf-raise,Seated Calf Raise Machine,12,165.56.00,,3,NaN,1778205619521,0
27654,,REPLACE_WITH_YOUR_USER_ID,21725004111,hip-adduction,Hip Adduction Machine,20,138.35.00,,1,NaN,1778205619521,0
27655,,REPLACE_WITH_YOUR_USER_ID,21725004111,hip-adduction,Hip Adduction Machine,20,138.35.00,,2,NaN,1778205619521,0
27656,,REPLACE_WITH_YOUR_USER_ID,21725004111,hip-adduction,Hip Adduction Machine,20,143.28.00,,3,NaN,1778205619521,0
27657,,REPLACE_WITH_YOUR_USER_ID,21725004111,leg-raise-hanging,Hanging Leg Raise,18,<null>,,1,NaN,1778205619521,0
27658,,REPLACE_WITH_YOUR_USER_ID,21725004111,cable-crunch,Cable Crunch,12,33.29.00,,1,NaN,1778205619521,0
27659,,REPLACE_WITH_YOUR_USER_ID,21725004111,cable-crunch,Cable Crunch,12,33.29.00,,2,NaN,1778205619521,0
27660,,REPLACE_WITH_YOUR_USER_ID,21694450837,lying-leg-curl,Lying Leg Curl,6,91.12.00,,1,NaN,1778205624310,0
27661,,REPLACE_WITH_YOUR_USER_ID,21694450837,lying-leg-curl,Lying Leg Curl,8,91.12.00,,2,NaN,1778205624310,0
27662,,REPLACE_WITH_YOUR_USER_ID,21694450837,lying-leg-curl,Lying Leg Curl,7,91.12.00,,3,NaN,1778205624310,0
27663,,REPLACE_WITH_YOUR_USER_ID,21694450837,hack-squat,Hack Squat Machine,8,131.54.00,,1,NaN,1778205624310,0
27664,,REPLACE_WITH_YOUR_USER_ID,21694450837,hack-squat,Hack Squat Machine,8,141.01.00,,2,NaN,1778205624310,0
27665,,REPLACE_WITH_YOUR_USER_ID,21694450837,hack-squat,Hack Squat Machine,8,141.01.00,,3,NaN,1778205624310,0
27666,,REPLACE_WITH_YOUR_USER_ID,21694450837,leg-extension,Leg Extension,12,136.08.00,,1,NaN,1778205624310,0
27667,,REPLACE_WITH_YOUR_USER_ID,21694450837,leg-extension,Leg Extension,12,127.01.00,,2,NaN,1778205624310,0
27668,,REPLACE_WITH_YOUR_USER_ID,21694450837,leg-extension,Leg Extension,12,127.01.00,,3,NaN,1778205624310,0
27669,,REPLACE_WITH_YOUR_USER_ID,21694450837,seated-calf-raise,Seated Calf Raise Machine,16,154.22.00,,1,NaN,1778205624310,0
27670,,REPLACE_WITH_YOUR_USER_ID,21694450837,seated-calf-raise,Seated Calf Raise Machine,24,154.22.00,,2,NaN,1778205624310,0
27671,,REPLACE_WITH_YOUR_USER_ID,21694450837,seated-calf-raise,Seated Calf Raise Machine,12,154.22.00,,3,NaN,1778205624310,0
27672,,REPLACE_WITH_YOUR_USER_ID,21694450837,hip-adduction,Hip Adduction Machine,16,138.35.00,,1,NaN,1778205624310,0
27673,,REPLACE_WITH_YOUR_USER_ID,21694450837,hip-adduction,Hip Adduction Machine,16,138.35.00,,2,NaN,1778205624310,0
27674,,REPLACE_WITH_YOUR_USER_ID,21694450837,hip-adduction,Hip Adduction Machine,16,138.35.00,,3,NaN,1778205624310,0
