id,activity_id,exercise_name,category,set_number,reps,weight,duration,start_time,total_working_time,total_reps,total_volume,total_sets,created_at
56,19942423891,WEIGHTED_LEG_CURL,LEG_CURL,1,8,102.06.00,76.03.00,2025-08-03T23:52:02.0,122,24,2449.44.00,3,2025-08-07T18:49:31.686Z
57,19940530193,INCLINE_SMITH_MACHINE_BENCH_PRESS,BENCH_PRESS,1,7,79.38.00,36.26.00,2025-08-02T23:52:05.0,155,19,1480.8000000000002,3,2025-08-07T18:49:33.855Z
58,19942423891,WEIGHTED_LEG_CURL,LEG_CURL,2,8,102.06.00,16.04,2025-08-03T23:55:38.0,122,24,2449.44.00,3,2025-08-07T18:49:31.686Z
59,19940530193,INCLINE_SMITH_MACHINE_BENCH_PRESS,BENCH_PRESS,2,6,79.38.00,56.13.00,2025-08-02T23:58:00.0,155,19,1480.8000000000002,3,2025-08-07T18:49:33.855Z
60,19942423891,WEIGHTED_LEG_CURL,LEG_CURL,3,8,102.06.00,53.57.00,2025-08-04T00:01:45.0,122,24,2449.44.00,3,2025-08-07T18:49:31.686Z
61,19940530193,INCLINE_SMITH_MACHINE_BENCH_PRESS,BENCH_PRESS,3,6,75.21.00,80.46.00,2025-08-03T00:04:29.0,155,19,1480.8000000000002,3,2025-08-07T18:49:33.855Z
62,19942423891,BARBELL_HACK_SQUAT,SQUAT,1,8,88.44.00,46.39.00,2025-08-04T00:07:34.0,142,20,1823.52.00,3,2025-08-07T18:49:31.686Z
63,19940530193,FLYE,FLYE,1,7,93,36.14.00,2025-08-03T00:08:51.0,113,19,1767,3,2025-08-07T18:49:33.855Z
64,19942423891,BARBELL_HACK_SQUAT,SQUAT,2,6,93,58.18.00,2025-08-04T00:13:54.0,142,20,1823.52.00,3,2025-08-07T18:49:31.686Z
65,19940530193,FLYE,FLYE,2,6,93,47.08.00,2025-08-03T00:12:49.0,113,19,1767,3,2025-08-07T18:49:33.855Z
66,19942423891,BARBELL_HACK_SQUAT,SQUAT,3,6,93,49.42.00,2025-08-04T00:21:02.0,142,20,1823.52.00,3,2025-08-07T18:49:31.686Z
67,19940530193,FLYE,FLYE,3,6,93,52.34.00,2025-08-03T00:18:39.0,113,19,1767,3,2025-08-07T18:49:33.855Z
68,19942423891,WEIGHTED_LEG_EXTENSIONS,CRUNCH,1,10,109.28.00,47.53.00,2025-08-04T00:29:27.0,151,30,3447.6,3,2025-08-07T18:49:31.686Z
69,19940530193,SHOULDER_PRESS,SHOULDER_PRESS,1,6,75.21.00,54.02.00,2025-08-03T00:20:32.0,107,21,1537.26.00,3,2025-08-07T18:49:33.855Z
70,19942423891,WEIGHTED_LEG_EXTENSIONS,CRUNCH,2,10,118.34.00,70.16.00,2025-08-04T00:36:55.0,151,30,3447.6,3,2025-08-07T18:49:31.686Z
71,19940530193,SHOULDER_PRESS,SHOULDER_PRESS,2,7,72.56.00,39.06.00,2025-08-03T00:26:48.0,107,21,1537.26.00,3,2025-08-07T18:49:33.855Z
72,19942423891,WEIGHTED_LEG_EXTENSIONS,CRUNCH,3,10,118.34.00,57.29.00,2025-08-04T00:41:27.0,151,30,3447.6,3,2025-08-07T18:49:31.686Z
73,19940530193,SHOULDER_PRESS,SHOULDER_PRESS,3,8,72.56.00,45.59.00,2025-08-03T00:29:38.0,107,21,1537.26.00,3,2025-08-07T18:49:33.855Z
74,19942423891,WEIGHTED_STANDING_CALF_RAISE,CALF_RAISE,1,20,172.38.00,40.34.00,2025-08-04T00:43:40.0,137,41,6931.530000000001,3,2025-08-07T18:49:31.686Z
75,19940530193,LATERAL_RAISE,LATERAL_RAISE,1,10,25.38.00,68.14.00,2025-08-03T00:33:09.0,175,32,812.16.00,3,2025-08-07T18:49:33.855Z
76,19942423891,WEIGHTED_STANDING_CALF_RAISE,CALF_RAISE,2,6,172.38.00,51.02.00,2025-08-04T00:47:50.0,137,41,6931.530000000001,3,2025-08-07T18:49:31.686Z
77,19940530193,LATERAL_RAISE,LATERAL_RAISE,2,10,25.38.00,54.35.00,2025-08-03T00:37:16.0,175,32,812.16.00,3,2025-08-07T18:49:33.855Z
78,19942423891,WEIGHTED_STANDING_CALF_RAISE,CALF_RAISE,3,15,163.31.00,80.38.00,2025-08-04T00:52:04.0,137,41,6931.530000000001,3,2025-08-07T18:49:31.686Z
79,19940530193,LATERAL_RAISE,LATERAL_RAISE,3,12,25.38.00,76.44.00,2025-08-03T00:43:39.0,175,32,812.16.00,3,2025-08-07T18:49:33.855Z
80,19942423891,LEG_ADDUCTION,BANDED_EXERCISES,1,16,86.19.00,40.41.00,2025-08-04T00:45:05.0,89,36,3193.24.00,3,2025-08-07T18:49:31.686Z
81,19940530193,CABLE_HAMMER_CURL,CURL,1,10,50.28.00,39.22.00,2025-08-03T00:45:41.0,49,20,1043.2,2,2025-08-07T18:49:33.855Z
82,19942423891,LEG_ADDUCTION,BANDED_EXERCISES,2,10,91.09.00,43.06.00,2025-08-04T00:49:18.0,89,36,3193.24.00,3,2025-08-07T18:49:31.686Z
83,19940530193,CABLE_HAMMER_CURL,CURL,2,10,54.44.00,30.46.00,2025-08-03T00:48:46.0,49,20,1043.2,2,2025-08-07T18:49:33.855Z
84,19942423891,LEG_ADDUCTION,BANDED_EXERCISES,3,10,91.09.00,24.47.00,2025-08-04T00:54:22.0,89,36,3193.24.00,3,2025-08-07T18:49:31.686Z
85,19940530193,REVERSE_EZ_BAR_CURL,CURL,1,12,36.31.00,52.55.00,2025-08-03T00:50:39.0,80,24,871.44.00,2,2025-08-07T18:49:33.855Z
86,19942423891,WEIGHTED_CRUNCH,CRUNCH,1,8,57.09.00,36.09.00,2025-08-04T00:56:31.0,47,14,794.06.00,2,2025-08-07T18:49:31.686Z
87,19940530193,REVERSE_EZ_BAR_CURL,CURL,2,12,36.31.00,44.16.00,2025-08-03T00:57:19.0,80,24,871.44.00,2,2025-08-07T18:49:33.855Z
88,19942423891,WEIGHTED_CRUNCH,CRUNCH,2,6,57.09.00,30.58.00,2025-08-04T00:58:24.0,47,14,794.06.00,2,2025-08-07T18:49:31.686Z
89,19940530193,STANDING_EZ_BAR_BICEPS_CURL,CURL,1,10,27.19.00,45.08.00,2025-08-03T00:53:35.0,66,18,489.4200000000001,2,2025-08-07T18:49:33.855Z
90,19940530193,STANDING_EZ_BAR_BICEPS_CURL,CURL,2,8,27.19.00,31.57.00,2025-08-03T00:58:55.0,66,18,489.4200000000001,2,2025-08-07T18:49:33.855Z
91,19899744640,WEIGHTED_LEG_CURL,LEG_CURL,1,10,102.06.00,60.05.00,2025-07-30T18:03:45.0,135,26,2667.06.00,3,2025-08-07T18:49:37.840Z
92,19912335866,PULL_UP,PULL_UP,1,6,<null>,40.02.00,2025-08-01T00:59:27.0,27,6,0,1,2025-08-07T18:49:35.839Z
93,19899744640,WEIGHTED_LEG_CURL,LEG_CURL,2,6,104.31.00,31.12.00,2025-07-30T18:07:37.0,135,26,2667.06.00,3,2025-08-07T18:49:37.840Z
94,19912335866,LAT_PULLDOWN,PULL_UP,1,10,68.06.00,51.55.00,2025-08-01T01:03:44.0,85,20,1361.2,2,2025-08-07T18:49:35.839Z
95,19899744640,WEIGHTED_LEG_CURL,LEG_CURL,3,10,102.06.00,70.44.00,2025-07-30T18:13:47.0,135,26,2667.06.00,3,2025-08-07T18:49:37.840Z
96,19912335866,LAT_PULLDOWN,PULL_UP,2,10,68.06.00,56.38.00,2025-08-01T01:09:41.0,85,20,1361.2,2,2025-08-07T18:49:35.839Z
97,19899744640,BARBELL_HACK_SQUAT,SQUAT,1,10,84.34.00,54.07.00,2025-07-30T18:18:46.0,157,26,2254.44.00,3,2025-08-07T18:49:37.840Z
98,19912335866,TRICEPS_PRESSDOWN,TRICEPS_EXTENSION,1,10,63.5,41.42.00,2025-08-01T01:05:34.0,97,28,1818.5,3,2025-08-07T18:49:35.839Z
99,19899744640,BARBELL_HACK_SQUAT,SQUAT,2,8,88.44.00,55.42.00,2025-07-30T18:25:56.0,157,26,2254.44.00,3,2025-08-07T18:49:37.840Z
100,19912335866,TRICEPS_PRESSDOWN,TRICEPS_EXTENSION,2,9,66.15.00,29.31.00,2025-08-01T01:14:44.0,97,28,1818.5,3,2025-08-07T18:49:35.839Z
101,19899744640,BARBELL_HACK_SQUAT,SQUAT,3,8,88.44.00,70.48.00,2025-07-30T18:32:17.0,157,26,2254.44.00,3,2025-08-07T18:49:37.840Z
102,19912335866,TRICEPS_PRESSDOWN,TRICEPS_EXTENSION,3,9,66.15.00,40.26.00,2025-08-01T01:27:29.0,97,28,1818.5,3,2025-08-07T18:49:35.839Z
103,19899744640,WEIGHTED_LEG_EXTENSIONS,CRUNCH,1,13,111.13.00,43.35.00,2025-07-30T18:42:00.0,171,33,3712.29.00,3,2025-08-07T18:49:37.840Z
104,19912335866,SEATED_CABLE_ROW,ROW,1,10,70.31.00,138.15.00,2025-08-01T01:18:30.0,240,32,2250.32.00,3,2025-08-07T18:49:35.839Z
105,19899744640,WEIGHTED_LEG_EXTENSIONS,CRUNCH,2,10,113.38.00,71.06.00,2025-07-30T18:52:43.0,171,33,3712.29.00,3,2025-08-07T18:49:37.840Z
106,19912335866,SEATED_CABLE_ROW,ROW,2,10,70.31.00,56.59.00,2025-08-01T01:30:28.0,240,32,2250.32.00,3,2025-08-07T18:49:35.839Z
107,19899744640,WEIGHTED_LEG_EXTENSIONS,CRUNCH,3,10,113.38.00,65.54.00,2025-07-30T18:56:00.0,171,33,3712.29.00,3,2025-08-07T18:49:37.840Z
108,19912335866,SEATED_CABLE_ROW,ROW,3,12,70.31.00,61.15.00,2025-08-01T01:36:39.0,240,32,2250.32.00,3,2025-08-07T18:49:35.839Z
109,19899744640,WEIGHTED_STANDING_CALF_RAISE,CALF_RAISE,1,10,163.31.00,43.32.00,2025-07-30T19:02:53.0,91,32,5226.32.00,3,2025-08-07T18:49:37.840Z
110,19912335866,CABLE_OVERHEAD_TRICEPS_EXTENSION,TRICEPS_EXTENSION,1,12,57.09.00,65.21.00,2025-08-01T01:33:26.0,154,29,1644.01.00,3,2025-08-07T18:49:35.839Z
111,19899744640,WEIGHTED_STANDING_CALF_RAISE,CALF_RAISE,2,12,163.31.00,30.46.00,2025-07-30T19:08:24.0,91,32,5226.32.00,3,2025-08-07T18:49:37.840Z
112,19912335866,CABLE_OVERHEAD_TRICEPS_EXTENSION,TRICEPS_EXTENSION,2,8,57.09.00,38.32.00,2025-08-01T01:40:05.0,154,29,1644.01.00,3,2025-08-07T18:49:35.839Z
113,19899744640,WEIGHTED_STANDING_CALF_RAISE,CALF_RAISE,3,10,163.31.00,42.09.00,2025-07-30T19:10:48.0,91,32,5226.32.00,3,2025-08-07T18:49:37.840Z
114,19912335866,CABLE_OVERHEAD_TRICEPS_EXTENSION,TRICEPS_EXTENSION,3,9,57.09.00,65.23.00,2025-08-01T01:44:45.0,154,29,1644.01.00,3,2025-08-07T18:49:35.839Z
115,19899744640,LEG_ADDUCTION,BANDED_EXERCISES,1,16,84.34.00,67.22.00,2025-07-30T19:13:42.0,126,40,3465.5999999999995,3,2025-08-07T18:49:37.840Z
116,19912335866,CLOSE_GRIP_LAT_PULLDOWN,PULL_UP,1,10,77.13.00,39.04.00,2025-08-01T01:49:57.0,79,18,1388.34.00,2,2025-08-07T18:49:35.839Z
117,19899744640,LEG_ADDUCTION,BANDED_EXERCISES,2,12,88.44.00,44.36.00,2025-07-30T19:19:13.0,126,40,3465.5999999999995,3,2025-08-07T18:49:37.840Z
118,19912335866,CLOSE_GRIP_LAT_PULLDOWN,PULL_UP,2,8,77.13.00,41.17.00,2025-08-01T01:56:02.0,79,18,1388.34.00,2,2025-08-07T18:49:35.839Z
119,19899744640,LEG_ADDUCTION,BANDED_EXERCISES,3,12,88.44.00,33.38.00,2025-07-30T19:27:04.0,126,40,3465.5999999999995,3,2025-08-07T18:49:37.840Z
120,19889617714,CABLE_HAMMER_CURL,CURL,1,10,54.44.00,45.53.00,2025-07-29T20:12:02.0,61,18,980.32.00,2,2025-08-07T18:49:41.117Z
121,19889617714,CABLE_HAMMER_CURL,CURL,2,8,54.44.00,39.01.00,2025-07-29T20:14:45.0,61,18,980.32.00,2,2025-08-07T18:49:41.117Z
122,19889617714,EZ_BAR_PREACHER_CURL,CURL,1,6,54.44.00,194.14.00,2025-07-29T20:17:43.0,260,18,966.42.00,3,2025-08-07T18:49:41.117Z
123,19889617714,EZ_BAR_PREACHER_CURL,CURL,2,6,54.44.00,45.46.00,2025-07-29T20:24:03.0,260,18,966.42.00,3,2025-08-07T18:49:41.117Z
124,19889617714,EZ_BAR_PREACHER_CURL,CURL,3,6,52.19.00,40.46.00,2025-07-29T20:31:01.0,260,18,966.42.00,3,2025-08-07T18:49:41.117Z
125,19889617714,INCLINE_SMITH_MACHINE_BENCH_PRESS,BENCH_PRESS,1,8,75.21.00,376.17.00,2025-07-29T20:39:27.0,445,20,1478.48.00,3,2025-08-07T18:49:41.117Z
126,19889617714,INCLINE_SMITH_MACHINE_BENCH_PRESS,BENCH_PRESS,2,4,79.38.00,48.11.00,2025-07-29T20:59:13.0,445,20,1478.48.00,3,2025-08-07T18:49:41.117Z
127,19889617714,INCLINE_SMITH_MACHINE_BENCH_PRESS,BENCH_PRESS,3,8,70.31.00,48.05.00,2025-07-29T21:06:20.0,445,20,1478.48.00,3,2025-08-07T18:49:41.117Z
128,19889617714,SHOULDER_PRESS,SHOULDER_PRESS,1,6,72.56.00,154.52.00,2025-07-29T21:10:31.0,670,18,1306.08.00,3,2025-08-07T18:49:41.117Z
129,19889617714,SHOULDER_PRESS,SHOULDER_PRESS,2,6,72.56.00,122.39.00,2025-07-29T21:33:09.0,670,18,1306.08.00,3,2025-08-07T18:49:41.117Z
130,19889617714,SHOULDER_PRESS,SHOULDER_PRESS,3,6,72.56.00,409.13.00,2025-07-29T21:37:03.0,670,18,1306.08.00,3,2025-08-07T18:49:41.117Z
131,19889617714,FLYE,FLYE,1,8,88.44.00,39.27.00,2025-07-29T21:19:19.0,104,22,1959.1799999999998,3,2025-08-07T18:49:41.117Z
132,19889617714,FLYE,FLYE,2,6,91.09.00,46.48.00,2025-07-29T21:23:14.0,104,22,1959.1799999999998,3,2025-08-07T18:49:41.117Z
133,19889617714,FLYE,FLYE,3,8,88.44.00,42.41.00,2025-07-29T21:29:04.0,104,22,1959.1799999999998,3,2025-08-07T18:49:41.117Z
134,19889617714,REVERSE_EZ_BAR_CURL,CURL,1,12,23.09,212.27.00,2025-07-29T21:47:11.0,312,40,834.6400000000001,3,2025-08-07T18:49:41.117Z
135,19889617714,REVERSE_EZ_BAR_CURL,CURL,2,12,23.09,53.25.00,2025-07-29T21:53:45.0,312,40,834.6400000000001,3,2025-08-07T18:49:41.117Z
136,19889617714,REVERSE_EZ_BAR_CURL,CURL,3,16,18.13,56.34.00,2025-07-29T22:18:11.0,312,40,834.6400000000001,3,2025-08-07T18:49:41.117Z
137,19889617714,LATERAL_RAISE,LATERAL_RAISE,1,10,25.38.00,153.28.00,2025-07-29T21:58:59.0,254,26,660.28.00,3,2025-08-07T18:49:41.117Z
138,19889617714,LATERAL_RAISE,LATERAL_RAISE,2,8,25.38.00,71.53.00,2025-07-29T22:04:54.0,254,26,660.28.00,3,2025-08-07T18:49:41.117Z
139,19889617714,LATERAL_RAISE,LATERAL_RAISE,3,8,25.38.00,45.23.00,2025-07-29T22:08:44.0,254,26,660.28.00,3,2025-08-07T18:49:41.117Z
140,19879716707,PULL_UP,PULL_UP,1,8,<null>,46.12.00,2025-07-29T00:48:00.0,66,14,0,2,2025-08-07T18:49:43.039Z
141,19879716707,PULL_UP,PULL_UP,2,6,<null>,31.13.00,2025-07-29T00:49:53.0,66,14,0,2,2025-08-07T18:49:43.039Z
142,19879716707,CLOSE_GRIP_LAT_PULLDOWN,PULL_UP,1,8,79.38.00,42.44.00,2025-07-29T00:54:03.0,111,24,1869.12.00,3,2025-08-07T18:49:43.039Z
143,19879716707,CLOSE_GRIP_LAT_PULLDOWN,PULL_UP,2,8,77.13.00,29.46.00,2025-07-29T00:57:53.0,111,24,1869.12.00,3,2025-08-07T18:49:43.039Z
144,19879716707,CLOSE_GRIP_LAT_PULLDOWN,PULL_UP,3,8,77.13.00,57.35.00,2025-07-29T01:01:18.0,111,24,1869.12.00,3,2025-08-07T18:49:43.039Z
145,19879716707,SEATED_CABLE_ROW,ROW,1,10,70.31.00,37.27.00,2025-07-29T01:08:41.0,78,28,1968.6799999999998,3,2025-08-07T18:49:43.039Z
146,19879716707,SEATED_CABLE_ROW,ROW,2,8,70.31.00,24.18.00,2025-07-29T01:16:16.0,78,28,1968.6799999999998,3,2025-08-07T18:49:43.039Z
147,19879716707,SEATED_CABLE_ROW,ROW,3,10,70.31.00,35.57.00,2025-07-29T01:20:13.0,78,28,1968.6799999999998,3,2025-08-07T18:49:43.039Z
148,19879716707,TRICEPS_PRESSDOWN,TRICEPS_EXTENSION,1,10,63.5,33.18.00,2025-07-29T01:26:38.0,103,28,1818.5,3,2025-08-07T18:49:43.039Z
149,19879716707,TRICEPS_PRESSDOWN,TRICEPS_EXTENSION,2,10,66.15.00,29.45.00,2025-07-29T01:31:12.0,103,28,1818.5,3,2025-08-07T18:49:43.039Z
150,19879716707,TRICEPS_PRESSDOWN,TRICEPS_EXTENSION,3,8,66.15.00,53.24.00,2025-07-29T01:34:32.0,103,28,1818.5,3,2025-08-07T18:49:43.039Z
151,19879716707,TRICEPS_EXTENSION,TRICEPS_EXTENSION,1,8,34,50.05.00,2025-07-29T01:42:35.0,111,24,757.5,3,2025-08-07T18:49:43.039Z
152,19879716707,TRICEPS_EXTENSION,TRICEPS_EXTENSION,2,6,32.15.00,37.13.00,2025-07-29T01:46:35.0,111,24,757.5,3,2025-08-07T18:49:43.039Z
153,19879716707,TRICEPS_EXTENSION,TRICEPS_EXTENSION,3,10,29.5,62.27.00,2025-07-29T01:50:16.0,111,24,757.5,3,2025-08-07T18:49:43.039Z
154,19879716707,SEATED_REAR_LATERAL_RAISE,LATERAL_RAISE,1,10,52.19.00,46.25.00,2025-07-29T01:53:59.0,89,32,1670.08.00,3,2025-08-07T18:49:43.039Z
155,19879716707,SEATED_REAR_LATERAL_RAISE,LATERAL_RAISE,2,12,52.19.00,30.29.00,2025-07-29T01:57:32.0,89,32,1670.08.00,3,2025-08-07T18:49:43.039Z
156,19879716707,SEATED_REAR_LATERAL_RAISE,LATERAL_RAISE,3,10,52.19.00,32.41.00,2025-07-29T02:00:48.0,89,32,1670.08.00,3,2025-08-07T18:49:43.039Z
157,19849846475,BARBELL_DEADLIFT,DEADLIFT,1,8,93,30.44.00,2025-07-25T23:18:44.0,51,16,1488,2,2025-08-07T18:49:44.971Z
158,19840008558,WEIGHTED_CRUNCH,CRUNCH,1,6,54.44.00,41.44.00,2025-07-25T00:48:44.0,137,16,880.04.00,3,2025-08-07T18:49:46.896Z
159,19849846475,BARBELL_DEADLIFT,DEADLIFT,2,8,93,32.44.00,2025-07-25T23:24:21.0,51,16,1488,2,2025-08-07T18:49:44.971Z
160,19840008558,WEIGHTED_CRUNCH,CRUNCH,2,4,57.09.00,24.37.00,2025-07-25T00:53:52.0,137,16,880.04.00,3,2025-08-07T18:49:46.896Z
161,19849846475,WEIGHTED_LEG_CURL,LEG_CURL,1,8,59.34.00,26.14.00,2025-07-25T23:31:01.0,115,24,1433.04.00,3,2025-08-07T18:49:44.971Z
162,19840008558,WEIGHTED_CRUNCH,CRUNCH,3,6,54.44.00,98.37.00,2025-07-25T00:59:09.0,137,16,880.04.00,3,2025-08-07T18:49:46.896Z
163,19849846475,WEIGHTED_LEG_CURL,LEG_CURL,2,8,61.25.00,37.45.00,2025-07-25T23:38:54.0,115,24,1433.04.00,3,2025-08-07T18:49:44.971Z
164,19840008558,LEG_ABDUCTION,BANDED_EXERCISES,1,16,93,29.45.00,2025-07-25T01:01:39.0,85,52,4836,3,2025-08-07T18:49:46.896Z
165,19849846475,WEIGHTED_LEG_CURL,LEG_CURL,3,8,59.34.00,62.06.00,2025-07-25T23:45:49.0,115,24,1433.04.00,3,2025-08-07T18:49:44.971Z
166,19840008558,LEG_ABDUCTION,BANDED_EXERCISES,2,20,93,30.18.00,2025-07-25T01:04:58.0,85,52,4836,3,2025-08-07T18:49:46.896Z
167,19849846475,BARBELL_HACK_SQUAT,SQUAT,1,6,79.38.00,50.53.00,2025-07-25T23:50:04.0,233,20,1587.6,3,2025-08-07T18:49:44.971Z
168,19840008558,LEG_ABDUCTION,BANDED_EXERCISES,3,16,93,34.05.00,2025-07-25T01:07:54.0,85,52,4836,3,2025-08-07T18:49:46.896Z
169,19849846475,BARBELL_HACK_SQUAT,SQUAT,2,8,79.38.00,71.14.00,2025-07-25T23:57:32.0,233,20,1587.6,3,2025-08-07T18:49:44.971Z
170,19840008558,CURL,CURL,1,8,57.09.00,39.27.00,2025-07-25T01:12:26.0,86,16,907.04.00,2,2025-08-07T18:49:46.896Z
171,19849846475,BARBELL_HACK_SQUAT,SQUAT,3,6,79.38.00,132.6,2025-07-26T00:02:03.0,233,20,1587.6,3,2025-08-07T18:49:44.971Z
172,19840008558,CURL,CURL,2,8,57.09.00,66.14.00,2025-07-25T01:22:48.0,86,16,907.04.00,2,2025-08-07T18:49:46.896Z
173,19849846475,WEIGHTED_LEG_EXTENSIONS,CRUNCH,1,8,102.06.00,128.49.00,2025-07-26T00:09:09.0,552,26,2653.56.00,3,2025-08-07T18:49:44.971Z
174,19840008558,EZ_BAR_PREACHER_CURL,CURL,1,6,54.44.00,41.45.00,2025-07-25T01:15:00.0,115,12,653.28.00,2,2025-08-07T18:49:46.896Z
175,19849846475,WEIGHTED_LEG_EXTENSIONS,CRUNCH,2,8,102.06.00,406.11.00,2025-07-26T00:16:56.0,552,26,2653.56.00,3,2025-08-07T18:49:44.971Z
176,19840008558,EZ_BAR_PREACHER_CURL,CURL,2,6,54.44.00,85.08.00,2025-07-25T01:18:45.0,115,12,653.28.00,2,2025-08-07T18:49:46.896Z
177,19849846475,WEIGHTED_LEG_EXTENSIONS,CRUNCH,3,10,102.06.00,55.47.00,2025-07-26T00:30:13.0,552,26,2653.56.00,3,2025-08-07T18:49:44.971Z
178,19840008558,CABLE_HAMMER_CURL,CURL,1,10,50.28.00,33.25.00,2025-07-25T01:26:42.0,61,20,997.6,2,2025-08-07T18:49:46.896Z
179,19849846475,LEG_ADDUCTION,BANDED_EXERCISES,1,12,52.19.00,67.29.00,2025-07-26T00:31:51.0,185,48,2613.12.00,4,2025-08-07T18:49:44.971Z
180,19840008558,CABLE_HAMMER_CURL,CURL,2,10,50.28.00,32.24.00,2025-07-25T01:29:55.0,61,20,997.6,2,2025-08-07T18:49:46.896Z
181,19849846475,LEG_ADDUCTION,BANDED_EXERCISES,2,12,52.19.00,47.51.00,2025-07-26T00:56:15.0,185,48,2613.12.00,4,2025-08-07T18:49:44.971Z
182,19840008558,REVERSE_EZ_BAR_CURL,CURL,1,8,38.56.00,28.4,2025-07-25T01:32:01.0,90,28,1080.08.00,3,2025-08-07T18:49:46.896Z
183,19849846475,LEG_ADDUCTION,BANDED_EXERCISES,3,8,57.09.00,63.17.00,2025-07-26T00:59:17.0,185,48,2613.12.00,4,2025-08-07T18:49:44.971Z
184,19840008558,REVERSE_EZ_BAR_CURL,CURL,2,10,38.56.00,36.08.00,2025-07-25T01:35:07.0,90,28,1080.08.00,3,2025-08-07T18:49:46.896Z
185,19849846475,LEG_ADDUCTION,BANDED_EXERCISES,4,16,57.09.00,55.36.00,2025-07-26T01:04:31.0,185,48,2613.12.00,4,2025-08-07T18:49:44.971Z
186,19840008558,REVERSE_EZ_BAR_CURL,CURL,3,10,38.56.00,37.13.00,2025-07-25T01:38:56.0,90,28,1080.08.00,3,2025-08-07T18:49:46.896Z
187,19849846475,WEIGHTED_STANDING_CALF_RAISE,CALF_RAISE,1,18,116.09.00,65.44.00,2025-07-26T00:36:00.0,422,46,5638.42.00,3,2025-08-07T18:49:44.971Z
188,19840008558,SEATED_REAR_LATERAL_RAISE,LATERAL_RAISE,1,10,52.19.00,37.56.00,2025-07-25T01:33:21.0,108,32,1670.08.00,3,2025-08-07T18:49:46.896Z
189,19849846475,WEIGHTED_STANDING_CALF_RAISE,CALF_RAISE,2,12,127,52.24.00,2025-07-26T00:40:01.0,422,46,5638.42.00,3,2025-08-07T18:49:44.971Z
190,19840008558,SEATED_REAR_LATERAL_RAISE,LATERAL_RAISE,2,10,52.19.00,40.23.00,2025-07-25T01:37:11.0,108,32,1670.08.00,3,2025-08-07T18:49:46.896Z
191,19849846475,WEIGHTED_STANDING_CALF_RAISE,CALF_RAISE,3,16,127,329.09.00,2025-07-26T00:44:27.0,422,46,5638.42.00,3,2025-08-07T18:49:44.971Z
192,19840008558,SEATED_REAR_LATERAL_RAISE,LATERAL_RAISE,3,12,52.19.00,43.27.00,2025-07-25T01:42:51.0,108,32,1670.08.00,3,2025-08-07T18:49:46.896Z
193,19825161950,PULL_UP,PULL_UP,1,8,77.13.00,68.21.00,2025-07-23T00:48:12.0,136,22,1697.26.00,3,2025-08-07T18:49:54.517Z
194,19830610314,INCLINE_SMITH_MACHINE_BENCH_PRESS,BENCH_PRESS,1,6,77.13.00,32.08.00,2025-07-24T00:35:15.0,86,19,1465.4699999999998,3,2025-08-07T18:49:49.522Z
195,19825161950,PULL_UP,PULL_UP,2,6,77.13.00,42.48.00,2025-07-23T00:51:21.0,136,22,1697.26.00,3,2025-08-07T18:49:54.517Z
196,19830610314,INCLINE_SMITH_MACHINE_BENCH_PRESS,BENCH_PRESS,2,7,77.13.00,41.26.00,2025-07-24T00:41:49.0,86,19,1465.4699999999998,3,2025-08-07T18:49:49.522Z
197,19825161950,PULL_UP,PULL_UP,3,8,77.13.00,47.32.00,2025-07-23T00:54:31.0,136,22,1697.26.00,3,2025-08-07T18:49:54.517Z
198,19830610314,INCLINE_SMITH_MACHINE_BENCH_PRESS,BENCH_PRESS,3,6,77.13.00,28.08.00,2025-07-24T00:48:02.0,86,19,1465.4699999999998,3,2025-08-07T18:49:49.522Z
199,19825161950,UNKNOWN,UNKNOWN,1,10,68.06.00,41.57.00,2025-07-23T00:59:41.0,395,49,3293.3,5,2025-08-07T18:49:54.517Z
200,19830610314,SHOULDER_PRESS,SHOULDER_PRESS,1,8,75.21.00,219.06.00,2025-07-24T00:51:58.0,278,24,1795.44.00,3,2025-08-07T18:49:49.522Z
201,19825161950,UNKNOWN,UNKNOWN,2,10,68.06.00,38.25.00,2025-07-23T01:03:43.0,395,49,3293.3,5,2025-08-07T18:49:54.517Z
202,19830610314,SHOULDER_PRESS,SHOULDER_PRESS,2,8,75.21.00,35.39.00,2025-07-24T01:00:49.0,278,24,1795.44.00,3,2025-08-07T18:49:49.522Z
203,19825161950,UNKNOWN,UNKNOWN,3,10,70.31.00,218.07.00,2025-07-23T01:07:42.0,395,49,3293.3,5,2025-08-07T18:49:54.517Z
204,19830610314,SHOULDER_PRESS,SHOULDER_PRESS,3,8,75.21.00,27.08.00,2025-07-24T01:06:01.0,278,24,1795.44.00,3,2025-08-07T18:49:49.522Z
205,19825161950,UNKNOWN,UNKNOWN,4,9,63.5,51.27.00,2025-07-23T01:14:31.0,395,49,3293.3,5,2025-08-07T18:49:54.517Z
206,19830610314,LATERAL_RAISE,LATERAL_RAISE,1,10,25.34.00,68.06.00,2025-07-24T01:19:49.0,178,28,698.32.00,3,2025-08-07T18:49:49.522Z
207,19825161950,UNKNOWN,UNKNOWN,5,10,66.15.00,98.31.00,2025-07-23T01:21:10.0,395,49,3293.3,5,2025-08-07T18:49:54.517Z
208,19830610314,LATERAL_RAISE,LATERAL_RAISE,2,10,25.34.00,63.33.00,2025-07-24T01:24:25.0,178,28,698.32.00,3,2025-08-07T18:49:49.522Z
209,19825161950,ROW,ROW,1,9,66.15.00,36.25.00,2025-07-23T01:29:34.0,25,9,592.15.00,1,2025-08-07T18:49:54.517Z
210,19830610314,LATERAL_RAISE,LATERAL_RAISE,3,8,25.34.00,59.59.00,2025-07-24T01:27:42.0,178,28,698.32.00,3,2025-08-07T18:49:49.522Z
211,19825161950,BENCH_PRESS,BENCH_PRESS,1,8,52.19.00,35.06.00,2025-07-23T01:34:48.0,99,26,1357.34.00,3,2025-08-07T18:49:54.517Z
212,19825161950,BENCH_PRESS,BENCH_PRESS,2,8,52.19.00,41.07.00,2025-07-23T01:38:50.0,99,26,1357.34.00,3,2025-08-07T18:49:54.517Z
213,19825161950,BENCH_PRESS,BENCH_PRESS,3,10,52.19.00,41.54.00,2025-07-23T01:41:57.0,99,26,1357.34.00,3,2025-08-07T18:49:54.517Z
214,19825161950,SIT_UP,SIT_UP,1,10,52.19.00,33.36.00,2025-07-23T01:48:47.0,91,30,1588.1999999999998,3,2025-08-07T18:49:54.517Z
215,19825161950,SIT_UP,SIT_UP,2,10,52.19.00,31.06.00,2025-07-23T01:51:50.0,91,30,1588.1999999999998,3,2025-08-07T18:49:54.517Z
216,19825161950,SIT_UP,SIT_UP,3,10,54.44.00,32.32.00,2025-07-23T01:55:31.0,91,30,1588.1999999999998,3,2025-08-07T18:49:54.517Z
217,19807664251,DUMBBELL_DEADLIFT,DEADLIFT,1,12,68.06.00,54.08.00,2025-07-21T22:59:04.0,100,24,1633.44.00,2,2025-08-07T18:50:00.525Z
218,19807664251,DUMBBELL_DEADLIFT,DEADLIFT,2,12,68.06.00,56.29.00,2025-07-21T23:02:22.0,100,24,1633.44.00,2,2025-08-07T18:50:00.525Z
219,19807664251,WEIGHTED_LEG_CURL,LEG_CURL,1,6,63.5,24.41.00,2025-07-21T23:07:06.0,95,23,1383.38.00,3,2025-08-07T18:50:00.525Z
220,19807664251,WEIGHTED_LEG_CURL,LEG_CURL,2,8,59.34.00,37.14.00,2025-07-21T23:11:13.0,95,23,1383.38.00,3,2025-08-07T18:50:00.525Z
221,19807664251,WEIGHTED_LEG_CURL,LEG_CURL,3,9,59.34.00,42.05.00,2025-07-21T23:16:59.0,95,23,1383.38.00,3,2025-08-07T18:50:00.525Z
222,19807664251,WEIGHTED_STANDING_CALF_RAISE,CALF_RAISE,1,20,104.31.00,43.15.00,2025-07-21T23:23:59.0,113,52,6150.2,3,2025-08-07T18:50:00.525Z
223,19807664251,WEIGHTED_STANDING_CALF_RAISE,CALF_RAISE,2,12,127,30.39.00,2025-07-21T23:27:10.0,113,52,6150.2,3,2025-08-07T18:50:00.525Z
224,19807664251,WEIGHTED_STANDING_CALF_RAISE,CALF_RAISE,3,20,127,42.23.00,2025-07-21T23:31:29.0,113,52,6150.2,3,2025-08-07T18:50:00.525Z
225,19807664251,LEG_PRESS,SQUAT,1,12,145.13.00,27.14.00,2025-07-21T23:36:13.0,98,32,4916.5599999999995,3,2025-08-07T18:50:00.525Z
226,19807664251,LEG_PRESS,SQUAT,2,10,159.15.00,52.01.00,2025-07-21T23:42:38.0,98,32,4916.5599999999995,3,2025-08-07T18:50:00.525Z
227,19807664251,LEG_PRESS,SQUAT,3,10,159.15.00,42.16.00,2025-07-21T23:50:40.0,98,32,4916.5599999999995,3,2025-08-07T18:50:00.525Z
228,19807664251,WEIGHTED_LEG_EXTENSIONS,CRUNCH,1,8,111.13.00,33.39.00,2025-07-21T23:57:10.0,103,28,3112.04.00,3,2025-08-07T18:50:00.525Z
229,19807664251,WEIGHTED_LEG_EXTENSIONS,CRUNCH,2,10,111.13.00,41.08.00,2025-07-22T00:00:40.0,103,28,3112.04.00,3,2025-08-07T18:50:00.525Z
230,19807664251,WEIGHTED_LEG_EXTENSIONS,CRUNCH,3,10,111.13.00,52.03.00,2025-07-22T00:06:24.0,103,28,3112.04.00,3,2025-08-07T18:50:00.525Z
231,19807664251,LEG_ADDUCTION,BANDED_EXERCISES,1,13,52.19.00,36.51.00,2025-07-22T00:10:49.0,117,38,1983.2199999999998,3,2025-08-07T18:50:00.525Z
232,19807664251,LEG_ADDUCTION,BANDED_EXERCISES,2,10,52.19.00,53.23.00,2025-07-22T00:14:01.0,117,38,1983.2199999999998,3,2025-08-07T18:50:00.525Z
233,19807664251,LEG_ADDUCTION,BANDED_EXERCISES,3,15,52.19.00,51.45.00,2025-07-22T00:16:50.0,117,38,1983.2199999999998,3,2025-08-07T18:50:00.525Z
234,19797816515,INCLINE_DUMBBELL_BENCH_PRESS,BENCH_PRESS,1,8,45.38.00,52.28.00,2025-07-21T00:05:25.0,43,8,363.04.00,1,2025-08-07T18:50:05.521Z
235,19797816515,INCLINE_SMITH_MACHINE_BENCH_PRESS,BENCH_PRESS,1,4,79.38.00,28.17.00,2025-07-21T00:10:01.0,93,16,1215.24.00,3,2025-08-07T18:50:05.521Z
236,19787234094,TRICEPS_PRESSDOWN,TRICEPS_EXTENSION,1,8,63.5,33.33.00,2025-07-19T23:31:02.0,93,22,1413.15.00,3,2025-08-07T18:50:10.516Z
237,19797816515,INCLINE_SMITH_MACHINE_BENCH_PRESS,BENCH_PRESS,2,6,75.21.00,28.41.00,2025-07-21T00:13:13.0,93,16,1215.24.00,3,2025-08-07T18:50:05.521Z
238,19787234094,TRICEPS_PRESSDOWN,TRICEPS_EXTENSION,2,7,66.15.00,44.41.00,2025-07-19T23:37:05.0,93,22,1413.15.00,3,2025-08-07T18:50:10.516Z
239,19797816515,INCLINE_SMITH_MACHINE_BENCH_PRESS,BENCH_PRESS,3,6,75.21.00,43.41.00,2025-07-21T00:17:59.0,93,16,1215.24.00,3,2025-08-07T18:50:05.521Z
240,19787234094,TRICEPS_PRESSDOWN,TRICEPS_EXTENSION,3,7,63.5,40.49.00,2025-07-19T23:40:24.0,93,22,1413.15.00,3,2025-08-07T18:50:10.516Z
241,19797816515,SEATED_REAR_LATERAL_RAISE,LATERAL_RAISE,1,10,52.19.00,42.39.00,2025-07-21T00:20:39.0,137,34,1774.4599999999998,3,2025-08-07T18:50:05.521Z
242,19787234094,EZ_BAR_OVERHEAD_TRICEPS_EXTENSION,TRICEPS_EXTENSION,1,12,25.34.00,38.13.00,2025-07-19T23:43:07.0,142,30,785.08.00,3,2025-08-07T18:50:10.516Z
243,19797816515,SEATED_REAR_LATERAL_RAISE,LATERAL_RAISE,2,12,52.19.00,55.12.00,2025-07-21T00:24:29.0,137,34,1774.4599999999998,3,2025-08-07T18:50:05.521Z
244,19787234094,EZ_BAR_OVERHEAD_TRICEPS_EXTENSION,TRICEPS_EXTENSION,2,8,29.5,41.49.00,2025-07-19T23:47:38.0,142,30,785.08.00,3,2025-08-07T18:50:10.516Z
245,19797816515,SEATED_REAR_LATERAL_RAISE,LATERAL_RAISE,3,12,52.19.00,71.59.00,2025-07-21T00:30:57.0,137,34,1774.4599999999998,3,2025-08-07T18:50:05.521Z
246,19787234094,EZ_BAR_OVERHEAD_TRICEPS_EXTENSION,TRICEPS_EXTENSION,3,10,25.34.00,78.14.00,2025-07-19T23:52:23.0,142,30,785.08.00,3,2025-08-07T18:50:10.516Z
247,19797816515,FLYE,FLYE,1,8,84.34.00,60.18.00,2025-07-21T00:21:47.0,122,26,2182.44.00,3,2025-08-07T18:50:05.521Z
248,19787234094,WEIGHTED_CRUNCH,CRUNCH,1,8,54.44.00,49.32.00,2025-07-20T00:00:01.0,118,20,1115.8,3,2025-08-07T18:50:10.516Z
249,19797816515,FLYE,FLYE,2,8,84.34.00,44.21.00,2025-07-21T00:26:23.0,122,26,2182.44.00,3,2025-08-07T18:50:05.521Z
250,19787234094,WEIGHTED_CRUNCH,CRUNCH,2,6,57.09.00,58.59.00,2025-07-20T00:08:35.0,118,20,1115.8,3,2025-08-07T18:50:10.516Z
251,19797816515,FLYE,FLYE,3,10,84.34.00,42.15.00,2025-07-21T00:33:18.0,122,26,2182.44.00,3,2025-08-07T18:50:05.521Z
252,19787234094,WEIGHTED_CRUNCH,CRUNCH,3,6,57.09.00,41.55.00,2025-07-20T00:12:51.0,118,20,1115.8,3,2025-08-07T18:50:10.516Z
253,19797816515,SHOULDER_PRESS,SHOULDER_PRESS,1,8,66.15.00,81.44.00,2025-07-21T00:37:02.0,159,26,1751.08.00,3,2025-08-07T18:50:05.521Z
254,19787234094,EZ_BAR_PREACHER_CURL,CURL,1,6,54.44.00,48.27.00,2025-07-20T00:21:49.0,116,17,898.1199999999999,3,2025-08-07T18:50:10.516Z
255,19797816515,SHOULDER_PRESS,SHOULDER_PRESS,2,10,68.06.00,38.12.00,2025-07-21T00:41:41.0,159,26,1751.08.00,3,2025-08-07T18:50:05.521Z
256,19787234094,EZ_BAR_PREACHER_CURL,CURL,2,5,54.44.00,45.54.00,2025-07-20T00:30:34.0,116,17,898.1199999999999,3,2025-08-07T18:50:10.516Z
257,19797816515,SHOULDER_PRESS,SHOULDER_PRESS,3,8,68.06.00,56.17.00,2025-07-21T00:46:29.0,159,26,1751.08.00,3,2025-08-07T18:50:05.521Z
258,19787234094,EZ_BAR_PREACHER_CURL,CURL,3,6,50.28.00,42.46.00,2025-07-20T00:42:31.0,116,17,898.1199999999999,3,2025-08-07T18:50:10.516Z
259,19797816515,LATERAL_RAISE,LATERAL_RAISE,1,8,25.38.00,44.21.00,2025-07-21T00:49:17.0,123,26,660.28.00,3,2025-08-07T18:50:05.521Z
260,19787234094,CABLE_HAMMER_CURL,CURL,1,15,45.38.00,32.38.00,2025-07-20T00:45:51.0,86,35,1651.3000000000002,3,2025-08-07T18:50:10.516Z
261,19797816515,LATERAL_RAISE,LATERAL_RAISE,2,10,25.38.00,55.06.00,2025-07-21T00:53:55.0,123,26,660.28.00,3,2025-08-07T18:50:05.521Z
262,19787234094,CABLE_HAMMER_CURL,CURL,2,8,50.28.00,32.59.00,2025-07-20T00:50:13.0,86,35,1651.3000000000002,3,2025-08-07T18:50:10.516Z
263,19797816515,LATERAL_RAISE,LATERAL_RAISE,3,8,25.38.00,43.36.00,2025-07-21T00:56:20.0,123,26,660.28.00,3,2025-08-07T18:50:05.521Z
264,19787234094,CABLE_HAMMER_CURL,CURL,3,12,48.03.00,30.36.00,2025-07-20T00:55:26.0,86,35,1651.3000000000002,3,2025-08-07T18:50:10.516Z
265,19787234094,REVERSE_EZ_BAR_CURL,CURL,1,6,41.21.00,49.33.00,2025-07-20T00:47:48.0,117,23,900.3800000000001,3,2025-08-07T18:50:10.516Z
266,19787234094,REVERSE_EZ_BAR_CURL,CURL,2,9,38.56.00,66.39.00,2025-07-20T00:52:08.0,117,23,900.3800000000001,3,2025-08-07T18:50:10.516Z
267,19787234094,REVERSE_EZ_BAR_CURL,CURL,3,8,38.56.00,33.41.00,2025-07-20T00:57:12.0,117,23,900.3800000000001,3,2025-08-07T18:50:10.516Z
268,19777250535,CLOSE_GRIP_LAT_PULLDOWN,PULL_UP,1,9,77.13.00,44.51.00,2025-07-19T01:18:59.0,112,25,1928.25.00,3,2025-08-07T18:50:17.514Z
269,19777250535,CLOSE_GRIP_LAT_PULLDOWN,PULL_UP,2,8,77.13.00,43.46.00,2025-07-19T01:21:54.0,112,25,1928.25.00,3,2025-08-07T18:50:17.514Z
270,19777250535,CLOSE_GRIP_LAT_PULLDOWN,PULL_UP,3,8,77.13.00,47.58.00,2025-07-19T01:24:45.0,112,25,1928.25.00,3,2025-08-07T18:50:17.514Z
271,19777250535,SEATED_CABLE_ROW,ROW,1,10,68.06.00,31.36.00,2025-07-19T01:28:04.0,70,30,2041.8000000000002,3,2025-08-07T18:50:17.514Z
272,19777250535,SEATED_CABLE_ROW,ROW,2,10,68.06.00,34.54.00,2025-07-19T01:31:02.0,70,30,2041.8000000000002,3,2025-08-07T18:50:17.514Z
273,19777250535,SEATED_CABLE_ROW,ROW,3,10,68.06.00,37.12.00,2025-07-19T01:35:34.0,70,30,2041.8000000000002,3,2025-08-07T18:50:17.514Z
274,19766782535,INCLINE_SMITH_MACHINE_BENCH_PRESS,BENCH_PRESS,1,6,72.56.00,43.37.00,2025-07-17T14:56:27.0,70,12,871.12.00,2,2025-08-07T18:50:22.526Z
275,19766782535,INCLINE_SMITH_MACHINE_BENCH_PRESS,BENCH_PRESS,2,6,72.56.00,49.59.00,2025-07-17T15:03:08.0,70,12,871.12.00,2,2025-08-07T18:50:22.526Z
276,19766782535,CHEST_PRESS_WITH_BAND,PUSH_UP,1,8,72.56.00,27.21.00,2025-07-17T15:17:24.0,68,16,1161.36.00,2,2025-08-07T18:50:22.526Z
277,19766782535,CHEST_PRESS_WITH_BAND,PUSH_UP,2,8,72.56.00,49.03.00,2025-07-17T15:20:33.0,68,16,1161.36.00,2,2025-08-07T18:50:22.526Z
278,19766782535,LATERAL_RAISE,LATERAL_RAISE,1,10,32.15.00,51.16.00,2025-07-17T15:26:49.0,107,32,1065.5,3,2025-08-07T18:50:22.526Z
279,19766782535,LATERAL_RAISE,LATERAL_RAISE,2,10,34,44.12.00,2025-07-17T15:31:19.0,107,32,1065.5,3,2025-08-07T18:50:22.526Z
280,19766782535,LATERAL_RAISE,LATERAL_RAISE,3,12,34,45.25.00,2025-07-17T15:34:23.0,107,32,1065.5,3,2025-08-07T18:50:22.526Z
281,19766782535,FLYE,FLYE,1,8,82.03.00,46.38.00,2025-07-17T15:37:32.0,67,16,1306.08.00,2,2025-08-07T18:50:22.526Z
282,19766782535,FLYE,FLYE,2,8,82.03.00,42.52.00,2025-07-17T15:42:55.0,67,16,1306.08.00,2,2025-08-07T18:50:22.526Z
283,19766782535,STANDING_EZ_BAR_BICEPS_CURL,CURL,1,15,23.09,53.46.00,2025-07-17T15:47:27.0,112,37,938.5300000000002,3,2025-08-07T18:50:22.526Z
284,19766782535,STANDING_EZ_BAR_BICEPS_CURL,CURL,2,12,27.19.00,45.17.00,2025-07-17T15:50:31.0,112,37,938.5300000000002,3,2025-08-07T18:50:22.526Z
285,19766782535,STANDING_EZ_BAR_BICEPS_CURL,CURL,3,10,27.19.00,35.55.00,2025-07-17T15:53:15.0,112,37,938.5300000000002,3,2025-08-07T18:50:22.526Z
286,19725659988,WEIGHTED_STANDING_CALF_RAISE,CALF_RAISE,1,10,170.13.00,44.18.00,2025-07-13T19:25:24.0,97,34,5511.3,3,2025-08-07T18:50:34.513Z
287,19714740211,INCLINE_SMITH_MACHINE_BENCH_PRESS,BENCH_PRESS,1,6,79.38.00,55.26.00,2025-07-12T22:21:36.0,112,16,1259.23.00,3,2025-08-07T18:50:39.526Z
288,19725659988,WEIGHTED_STANDING_CALF_RAISE,CALF_RAISE,2,12,159.15.00,37.19.00,2025-07-13T19:29:09.0,97,34,5511.3,3,2025-08-07T18:50:34.513Z
289,19714740211,INCLINE_SMITH_MACHINE_BENCH_PRESS,BENCH_PRESS,2,5,79.38.00,24.58.00,2025-07-12T22:26:45.0,112,16,1259.23.00,3,2025-08-07T18:50:39.526Z
290,19725659988,WEIGHTED_STANDING_CALF_RAISE,CALF_RAISE,3,12,159.15.00,35.35.00,2025-07-13T19:34:30.0,97,34,5511.3,3,2025-08-07T18:50:34.513Z
291,19714740211,INCLINE_SMITH_MACHINE_BENCH_PRESS,BENCH_PRESS,3,5,77.13.00,57.45.00,2025-07-12T22:32:28.0,112,16,1259.23.00,3,2025-08-07T18:50:39.526Z
292,19725659988,WEIGHTED_LEG_CURL,LEG_CURL,1,10,59.34.00,50.45.00,2025-07-13T19:44:35.0,113,28,1609.8200000000002,3,2025-08-07T18:50:34.513Z
293,19714740211,SHOULDER_PRESS,SHOULDER_PRESS,1,5,59.34.00,49.44.00,2025-07-12T22:39:26.0,116,18,1031.6699999999998,3,2025-08-07T18:50:39.526Z
294,19725659988,WEIGHTED_LEG_CURL,LEG_CURL,2,8,57.09.00,29.42.00,2025-07-13T19:49:09.0,113,28,1609.8200000000002,3,2025-08-07T18:50:34.513Z
295,19714740211,SHOULDER_PRESS,SHOULDER_PRESS,2,6,57.09.00,38.28.00,2025-07-12T22:46:34.0,116,18,1031.6699999999998,3,2025-08-07T18:50:39.526Z
296,19725659988,WEIGHTED_LEG_CURL,LEG_CURL,3,10,57.09.00,56.06.00,2025-07-13T19:55:08.0,113,28,1609.8200000000002,3,2025-08-07T18:50:34.513Z
297,19714740211,SHOULDER_PRESS,SHOULDER_PRESS,3,7,57.09.00,59.48.00,2025-07-12T22:51:14.0,116,18,1031.6699999999998,3,2025-08-07T18:50:39.526Z
298,19725659988,SEATED_REAR_LATERAL_RAISE,LATERAL_RAISE,1,12,54.44.00,50.47.00,2025-07-13T19:45:36.0,121,30,1633.2,3,2025-08-07T18:50:34.513Z
299,19714740211,FLYE,FLYE,1,8,84.34.00,43.12.00,2025-07-12T22:55:22.0,106,24,2014.56.00,3,2025-08-07T18:50:39.526Z
300,19725659988,SEATED_REAR_LATERAL_RAISE,LATERAL_RAISE,2,9,54.44.00,52.05.00,2025-07-13T19:50:15.0,121,30,1633.2,3,2025-08-07T18:50:34.513Z
301,19714740211,FLYE,FLYE,2,8,84.34.00,44.48.00,2025-07-12T23:04:27.0,106,24,2014.56.00,3,2025-08-07T18:50:39.526Z
302,19725659988,SEATED_REAR_LATERAL_RAISE,LATERAL_RAISE,3,9,54.44.00,33.57.00,2025-07-13T19:56:25.0,121,30,1633.2,3,2025-08-07T18:50:34.513Z
303,19714740211,FLYE,FLYE,3,8,84.34.00,52.28.00,2025-07-12T23:09:53.0,106,24,2014.56.00,3,2025-08-07T18:50:39.526Z
304,19725659988,WEIGHTED_LEG_EXTENSIONS,CRUNCH,1,12,91.09.00,69.31.00,2025-07-13T20:02:45.0,222,32,2993.2799999999997,3,2025-08-07T18:50:34.513Z
305,19714740211,LATERAL_RAISE,LATERAL_RAISE,1,9,25.38.00,66.17.00,2025-07-12T23:13:25.0,185,31,787.18.00,3,2025-08-07T18:50:39.526Z
306,19725659988,WEIGHTED_LEG_EXTENSIONS,CRUNCH,2,10,95.25.00,65.49.00,2025-07-13T20:08:11.0,222,32,2993.2799999999997,3,2025-08-07T18:50:34.513Z
307,19714740211,LATERAL_RAISE,LATERAL_RAISE,2,12,25.38.00,68.01.00,2025-07-12T23:21:57.0,185,31,787.18.00,3,2025-08-07T18:50:39.526Z
308,19725659988,WEIGHTED_LEG_EXTENSIONS,CRUNCH,3,10,95.25.00,110.08.00,2025-07-13T20:16:12.0,222,32,2993.2799999999997,3,2025-08-07T18:50:34.513Z
309,19714740211,LATERAL_RAISE,LATERAL_RAISE,3,10,25.38.00,77.36.00,2025-07-12T23:28:58.0,185,31,787.18.00,3,2025-08-07T18:50:39.526Z
310,19725659988,PULL_UP,PULL_UP,1,8,<null>,37.15.00,2025-07-13T20:20:47.0,33,8,0,1,2025-08-07T18:50:34.513Z
311,19714740211,EZ_BAR_PREACHER_CURL,CURL,1,6,59.34.00,45.18.00,2025-07-12T23:32:58.0,91,18,1061.32.00,3,2025-08-07T18:50:39.526Z
312,19725659988,CLOSE_GRIP_LAT_PULLDOWN,PULL_UP,1,6,75.21.00,51.19.00,2025-07-13T20:26:35.0,118,24,1795.44.00,3,2025-08-07T18:50:34.513Z
313,19714740211,EZ_BAR_PREACHER_CURL,CURL,2,6,59.34.00,44.23.00,2025-07-12T23:35:46.0,91,18,1061.32.00,3,2025-08-07T18:50:39.526Z
314,19725659988,CLOSE_GRIP_LAT_PULLDOWN,PULL_UP,2,8,75.21.00,38.54.00,2025-07-13T20:36:07.0,118,24,1795.44.00,3,2025-08-07T18:50:34.513Z
315,19714740211,EZ_BAR_PREACHER_CURL,CURL,3,6,59.34.00,42.47.00,2025-07-12T23:40:26.0,91,18,1061.32.00,3,2025-08-07T18:50:39.526Z
316,19725659988,CLOSE_GRIP_LAT_PULLDOWN,PULL_UP,3,10,75.21.00,42.48.00,2025-07-13T20:41:52.0,118,24,1795.44.00,3,2025-08-07T18:50:34.513Z
317,19714740211,REVERSE_EZ_BAR_CURL,CURL,1,10,38.56.00,33.07.00,2025-07-12T23:44:56.0,88,30,1156.8000000000002,3,2025-08-07T18:50:39.526Z
318,19725659988,LEG_ADDUCTION,BANDED_EXERCISES,1,12,75.21.00,41.26.00,2025-07-13T20:28:36.0,152,44,3291.6400000000003,3,2025-08-07T18:50:34.513Z
319,19714740211,REVERSE_EZ_BAR_CURL,CURL,2,8,38.56.00,42.34.00,2025-07-12T23:48:59.0,88,30,1156.8000000000002,3,2025-08-07T18:50:39.526Z
320,19725659988,LEG_ADDUCTION,BANDED_EXERCISES,2,16,75.21.00,61.14.00,2025-07-13T20:40:06.0,152,44,3291.6400000000003,3,2025-08-07T18:50:34.513Z
321,19714740211,REVERSE_EZ_BAR_CURL,CURL,3,12,38.56.00,36.05.00,2025-07-12T23:55:04.0,88,30,1156.8000000000002,3,2025-08-07T18:50:39.526Z
322,19725659988,LEG_ADDUCTION,BANDED_EXERCISES,3,16,75.21.00,57.51.00,2025-07-13T20:47:53.0,152,44,3291.6400000000003,3,2025-08-07T18:50:34.513Z
323,19725659988,WEIGHTED_CRUNCH,CRUNCH,1,8,57.09.00,63.39.00,2025-07-13T20:55:51.0,176,22,1211.1799999999998,3,2025-08-07T18:50:34.513Z
324,19725659988,WEIGHTED_CRUNCH,CRUNCH,2,6,57.09.00,59.29.00,2025-07-13T21:07:22.0,176,22,1211.1799999999998,3,2025-08-07T18:50:34.513Z
325,19725659988,WEIGHTED_CRUNCH,CRUNCH,3,8,52.19.00,75.49.00,2025-07-13T21:14:20.0,176,22,1211.1799999999998,3,2025-08-07T18:50:34.513Z
326,19725659988,LEG_ABDUCTION,BANDED_EXERCISES,1,16,79.38.00,49.12.00,2025-07-13T21:27:12.0,152,68,5161.16.00,3,2025-08-07T18:50:34.513Z
327,19725659988,LEG_ABDUCTION,BANDED_EXERCISES,2,20,75.21.00,69.51.00,2025-07-13T21:32:15.0,152,68,5161.16.00,3,2025-08-07T18:50:34.513Z
328,19725659988,LEG_ABDUCTION,BANDED_EXERCISES,3,32,75.24.00,55.18.00,2025-07-13T21:38:47.0,152,68,5161.16.00,3,2025-08-07T18:50:34.513Z
329,19725659988,LEG_RAISE,LEG_RAISE,1,20,<null>,50.47.00,2025-07-13T21:28:14.0,140,72,0,3,2025-08-07T18:50:34.513Z
330,19725659988,LEG_RAISE,LEG_RAISE,2,20,<null>,47.31.00,2025-07-13T21:34:16.0,140,72,0,3,2025-08-07T18:50:34.513Z
331,19725659988,LEG_RAISE,LEG_RAISE,3,32,<null>,56.21.00,2025-07-13T21:41:26.0,140,72,0,3,2025-08-07T18:50:34.513Z
332,19725659988,TRICEPS_PRESSDOWN,TRICEPS_EXTENSION,1,9,66.15.00,43.47.00,2025-07-13T21:46:40.0,36,9,592.15.00,1,2025-08-07T18:50:34.513Z
333,19725659988,LYING_EZ_BAR_TRICEPS_EXTENSION,TRICEPS_EXTENSION,1,10,29.5,41.56.00,2025-07-13T21:57:55.0,174,38,993.3199999999999,3,2025-08-07T18:50:34.513Z
334,19725659988,LYING_EZ_BAR_TRICEPS_EXTENSION,TRICEPS_EXTENSION,2,12,25.34.00,95.02.00,2025-07-13T22:01:13.0,174,38,993.3199999999999,3,2025-08-07T18:50:34.513Z
335,19725659988,LYING_EZ_BAR_TRICEPS_EXTENSION,TRICEPS_EXTENSION,3,16,25.34.00,54.45.00,2025-07-13T22:11:17.0,174,38,993.3199999999999,3,2025-08-07T18:50:34.513Z
336,19705003342,PULL_UP,PULL_UP,1,6,<null>,46.22.00,2025-07-11T23:28:53.0,74,14,0,2,2025-08-07T18:50:44.525Z
337,19705003342,PULL_UP,PULL_UP,2,8,<null>,36.15.00,2025-07-11T23:38:15.0,74,14,0,2,2025-08-07T18:50:44.525Z
338,19705003342,SEATED_CABLE_ROW,ROW,1,8,70.31.00,53.26.00,2025-07-11T23:43:47.0,98,24,1669.44.00,3,2025-08-07T18:50:44.525Z
339,19705003342,SEATED_CABLE_ROW,ROW,2,8,70.31.00,36.32.00,2025-07-11T23:51:38.0,98,24,1669.44.00,3,2025-08-07T18:50:44.525Z
340,19705003342,SEATED_CABLE_ROW,ROW,3,8,68.06.00,29.24.00,2025-07-12T00:01:48.0,98,24,1669.44.00,3,2025-08-07T18:50:44.525Z
341,19705003342,CLOSE_GRIP_LAT_PULLDOWN,PULL_UP,1,8,75.21.00,54.49.00,2025-07-12T00:07:29.0,144,24,1832.56.00,3,2025-08-07T18:50:44.525Z
342,19705003342,CLOSE_GRIP_LAT_PULLDOWN,PULL_UP,2,8,77.13.00,56.28.00,2025-07-12T00:16:04.0,144,24,1832.56.00,3,2025-08-07T18:50:44.525Z
343,19705003342,CLOSE_GRIP_LAT_PULLDOWN,PULL_UP,3,8,77.13.00,52.41.00,2025-07-12T00:24:02.0,144,24,1832.56.00,3,2025-08-07T18:50:44.525Z
344,19705003342,SEATED_REAR_LATERAL_RAISE,LATERAL_RAISE,1,10,43.06.00,40.29.00,2025-07-12T00:32:11.0,107,32,1429.36.00,3,2025-08-07T18:50:44.525Z
345,19705003342,SEATED_REAR_LATERAL_RAISE,LATERAL_RAISE,2,12,45.38.00,42.06.00,2025-07-12T00:43:42.0,107,32,1429.36.00,3,2025-08-07T18:50:44.525Z
346,19705003342,SEATED_REAR_LATERAL_RAISE,LATERAL_RAISE,3,10,45.38.00,46.07.00,2025-07-12T00:47:25.0,107,32,1429.36.00,3,2025-08-07T18:50:44.525Z
347,19705003342,TRICEPS_PRESSDOWN,TRICEPS_EXTENSION,1,10,66.15.00,35.08.00,2025-07-12T00:57:11.0,102,28,1841,3,2025-08-07T18:50:44.525Z
348,19705003342,TRICEPS_PRESSDOWN,TRICEPS_EXTENSION,2,9,66.15.00,31.47.00,2025-07-12T01:03:17.0,102,28,1841,3,2025-08-07T18:50:44.525Z
349,19705003342,TRICEPS_PRESSDOWN,TRICEPS_EXTENSION,3,9,66.15.00,37.49.00,2025-07-12T01:10:06.0,102,28,1841,3,2025-08-07T18:50:44.525Z
350,19705003342,TRICEPS_EXTENSION,TRICEPS_EXTENSION,1,10,52.19.00,57.08.00,2025-07-12T01:14:24.0,129,32,1670.08.00,3,2025-08-07T18:50:44.525Z
351,19705003342,TRICEPS_EXTENSION,TRICEPS_EXTENSION,2,10,52.19.00,44.52.00,2025-07-12T01:20:01.0,129,32,1670.08.00,3,2025-08-07T18:50:44.525Z
352,19705003342,TRICEPS_EXTENSION,TRICEPS_EXTENSION,3,12,52.19.00,53.04.00,2025-07-12T01:26:10.0,129,32,1670.08.00,3,2025-08-07T18:50:44.525Z
353,19694867735,WEIGHTED_STANDING_CALF_RAISE,CALF_RAISE,1,12,159.15.00,18.59,2025-07-10T21:25:47.0,72,36,5443.5599999999995,3,2025-08-07T18:50:49.527Z
354,19685864539,INCLINE_SMITH_MACHINE_BENCH_PRESS,BENCH_PRESS,1,6,79.38.00,36.05.00,2025-07-10T00:54:25.0,110,15,1181.6999999999998,3,2025-08-07T18:50:54.513Z
355,19694867735,WEIGHTED_STANDING_CALF_RAISE,CALF_RAISE,2,12,147.44.00,27.47.00,2025-07-10T21:28:55.0,72,36,5443.5599999999995,3,2025-08-07T18:50:49.527Z
356,19685864539,INCLINE_SMITH_MACHINE_BENCH_PRESS,BENCH_PRESS,2,5,79.38.00,60.53.00,2025-07-10T01:00:38.0,110,15,1181.6999999999998,3,2025-08-07T18:50:54.513Z
357,19694867735,WEIGHTED_STANDING_CALF_RAISE,CALF_RAISE,3,12,147.44.00,39.26.00,2025-07-10T21:32:54.0,72,36,5443.5599999999995,3,2025-08-07T18:50:49.527Z
358,19685864539,INCLINE_SMITH_MACHINE_BENCH_PRESS,BENCH_PRESS,3,4,77.13.00,42.41.00,2025-07-10T01:09:16.0,110,15,1181.6999999999998,3,2025-08-07T18:50:54.513Z
359,19694867735,WEIGHTED_LEG_CURL,LEG_CURL,1,8,59.34.00,34.23.00,2025-07-10T21:40:09.0,91,28,1641.8,3,2025-08-07T18:50:49.527Z
360,19685864539,SHOULDER_PRESS,SHOULDER_PRESS,1,6,59.34.00,45.39.00,2025-07-10T01:13:53.0,118,18,1034.32.00,3,2025-08-07T18:50:54.513Z
361,19694867735,WEIGHTED_LEG_CURL,LEG_CURL,2,8,61.25.00,33.07.00,2025-07-10T21:45:27.0,91,28,1641.8,3,2025-08-07T18:50:49.527Z
362,19685864539,SHOULDER_PRESS,SHOULDER_PRESS,2,6,57.09.00,38.51.00,2025-07-10T01:20:24.0,118,18,1034.32.00,3,2025-08-07T18:50:54.513Z
363,19694867735,WEIGHTED_LEG_CURL,LEG_CURL,3,12,57.09.00,41.07.00,2025-07-10T21:50:50.0,91,28,1641.8,3,2025-08-07T18:50:49.527Z
364,19685864539,SHOULDER_PRESS,SHOULDER_PRESS,3,6,57.09.00,63.12.00,2025-07-10T01:25:27.0,118,18,1034.32.00,3,2025-08-07T18:50:54.513Z
365,19694867735,LEG_PRESS,SQUAT,1,12,147.44.00,79.34.00,2025-07-10T21:56:43.0,145,32,4718.08.00,3,2025-08-07T18:50:49.527Z
366,19685864539,LATERAL_RAISE,LATERAL_RAISE,1,10,23.09,94.32.00,2025-07-10T01:29:32.0,251,32,726.08.00,3,2025-08-07T18:50:54.513Z
367,19694867735,LEG_PRESS,SQUAT,2,8,147.44.00,37.41.00,2025-07-10T22:02:39.0,145,32,4718.08.00,3,2025-08-07T18:50:49.527Z
368,19685864539,LATERAL_RAISE,LATERAL_RAISE,2,10,23.09,83.01.00,2025-07-10T01:34:21.0,251,32,726.08.00,3,2025-08-07T18:50:54.513Z
369,19694867735,LEG_PRESS,SQUAT,3,12,147.44.00,47.02.00,2025-07-10T22:06:58.0,145,32,4718.08.00,3,2025-08-07T18:50:49.527Z
370,19685864539,LATERAL_RAISE,LATERAL_RAISE,3,12,23.09,97.23.00,2025-07-10T01:39:05.0,251,32,726.08.00,3,2025-08-07T18:50:54.513Z
371,19694867735,WEIGHTED_LEG_EXTENSIONS,CRUNCH,1,10,109.28.00,36.11.00,2025-07-10T22:19:21.0,92,30,3311.3999999999996,3,2025-08-07T18:50:49.527Z
372,19685864539,EZ_BAR_PREACHER_CURL,CURL,1,8,57.09.00,35.14.00,2025-07-10T01:46:04.0,136,23,1304.27.00,3,2025-08-07T18:50:54.513Z
373,19694867735,WEIGHTED_LEG_EXTENSIONS,CRUNCH,2,10,111.13.00,44.52.00,2025-07-10T22:26:04.0,92,30,3311.3999999999996,3,2025-08-07T18:50:49.527Z
374,19685864539,EZ_BAR_PREACHER_CURL,CURL,2,8,57.09.00,47.37.00,2025-07-10T01:52:12.0,136,23,1304.27.00,3,2025-08-07T18:50:54.513Z
375,19694867735,WEIGHTED_LEG_EXTENSIONS,CRUNCH,3,10,111.13.00,38.14.00,2025-07-10T22:32:07.0,92,30,3311.3999999999996,3,2025-08-07T18:50:49.527Z
376,19685864539,EZ_BAR_PREACHER_CURL,CURL,3,7,57.09.00,60.24.00,2025-07-10T01:59:01.0,136,23,1304.27.00,3,2025-08-07T18:50:54.513Z
377,19694867735,WEIGHTED_CRUNCH,CRUNCH,1,6,57.09.00,38.13.00,2025-07-10T22:38:14.0,88,18,1020.42.00,3,2025-08-07T18:50:49.527Z
378,19685864539,REVERSE_EZ_BAR_CURL,CURL,1,8,36.31.00,34.32.00,2025-07-10T02:02:59.0,108,30,1111.8000000000002,3,2025-08-07T18:50:54.513Z
379,19694867735,WEIGHTED_CRUNCH,CRUNCH,2,6,57.09.00,40.15.00,2025-07-10T22:43:08.0,88,18,1020.42.00,3,2025-08-07T18:50:49.527Z
380,19685864539,REVERSE_EZ_BAR_CURL,CURL,2,12,36.31.00,53.11.00,2025-07-10T02:07:20.0,108,30,1111.8000000000002,3,2025-08-07T18:50:54.513Z
381,19694867735,WEIGHTED_CRUNCH,CRUNCH,3,6,57.09.00,29.01.00,2025-07-10T22:47:44.0,88,18,1020.42.00,3,2025-08-07T18:50:49.527Z
382,19685864539,REVERSE_EZ_BAR_CURL,CURL,3,10,38.56.00,42.39.00,2025-07-10T02:11:38.0,108,30,1111.8000000000002,3,2025-08-07T18:50:54.513Z
383,19685864539,SEATED_REAR_LATERAL_RAISE,LATERAL_RAISE,1,12,41.21.00,57.21.00,2025-07-10T02:19:31.0,139,42,1714.02.00,3,2025-08-07T18:50:54.513Z
384,19685864539,SEATED_REAR_LATERAL_RAISE,LATERAL_RAISE,2,12,41.21.00,55.21.00,2025-07-10T02:28:01.0,139,42,1714.02.00,3,2025-08-07T18:50:54.513Z
385,19685864539,SEATED_REAR_LATERAL_RAISE,LATERAL_RAISE,3,18,41.21.00,57.59.00,2025-07-10T02:32:59.0,139,42,1714.02.00,3,2025-08-07T18:50:54.513Z
386,19675132861,PULL_UP,PULL_UP,1,8,<null>,33.23.00,2025-07-09T01:50:21.0,95,14,0,2,2025-08-07T18:50:59.512Z
387,19675132861,PULL_UP,PULL_UP,2,6,<null>,74.51.00,2025-07-09T01:54:57.0,95,14,0,2,2025-08-07T18:50:59.512Z
388,19675132861,CLOSE_GRIP_LAT_PULLDOWN,PULL_UP,1,8,77.13.00,41.59.00,2025-07-09T02:03:10.0,117,24,1851.12.00,3,2025-08-07T18:50:59.512Z
389,19675132861,CLOSE_GRIP_LAT_PULLDOWN,PULL_UP,2,8,77.13.00,45.59.00,2025-07-09T02:08:01.0,117,24,1851.12.00,3,2025-08-07T18:50:59.512Z
390,19675132861,CLOSE_GRIP_LAT_PULLDOWN,PULL_UP,3,8,77.13.00,41.56.00,2025-07-09T02:12:44.0,117,24,1851.12.00,3,2025-08-07T18:50:59.512Z
391,19675132861,SEATED_CABLE_ROW,ROW,1,8,68.06.00,30.27.00,2025-07-09T02:20:39.0,71,18,1225.08.00,2,2025-08-07T18:50:59.512Z
392,19675132861,SEATED_CABLE_ROW,ROW,2,10,68.06.00,48.58.00,2025-07-09T02:25:00.0,71,18,1225.08.00,2,2025-08-07T18:50:59.512Z
393,19675132861,TRICEPS_PRESSDOWN,TRICEPS_EXTENSION,1,8,63.5,67.36.00,2025-07-09T02:28:56.0,127,24,1524,3,2025-08-07T18:50:59.512Z
394,19675132861,TRICEPS_PRESSDOWN,TRICEPS_EXTENSION,2,8,63.5,47.09.00,2025-07-09T02:33:15.0,127,24,1524,3,2025-08-07T18:50:59.512Z
395,19675132861,TRICEPS_PRESSDOWN,TRICEPS_EXTENSION,3,8,63.5,53.01.00,2025-07-09T02:37:42.0,127,24,1524,3,2025-08-07T18:50:59.512Z
396,19675132861,TRICEPS_EXTENSION,TRICEPS_EXTENSION,1,9,32.15.00,54.13.00,2025-07-09T02:45:36.0,119,17,540.15.00,2,2025-08-07T18:50:59.512Z
397,19675132861,TRICEPS_EXTENSION,TRICEPS_EXTENSION,2,8,32.15.00,78.21.00,2025-07-09T02:49:27.0,119,17,540.15.00,2,2025-08-07T18:50:59.512Z
398,19664230290,WEIGHTED_LEG_CURL,LEG_CURL,1,12,45.38.00,80.57.00,2025-07-07T23:07:10.0,185,44,2358.6400000000003,4,2025-08-07T18:51:07.828Z
399,19654099195,INCLINE_SMITH_MACHINE_BENCH_PRESS,BENCH_PRESS,1,8,75.21.00,46.32.00,2025-07-06T21:12:22.0,105,22,1645.8200000000002,3,2025-08-07T18:51:12.525Z
400,19664230290,WEIGHTED_LEG_CURL,LEG_CURL,2,12,57.09.00,54.35.00,2025-07-07T23:13:31.0,185,44,2358.6400000000003,4,2025-08-07T18:51:07.828Z
401,19654099195,INCLINE_SMITH_MACHINE_BENCH_PRESS,BENCH_PRESS,2,8,75.21.00,40.51.00,2025-07-06T21:18:58.0,105,22,1645.8200000000002,3,2025-08-07T18:51:12.525Z
402,19664230290,WEIGHTED_LEG_CURL,LEG_CURL,3,8,57.09.00,35.59.00,2025-07-07T23:23:20.0,185,44,2358.6400000000003,4,2025-08-07T18:51:07.828Z
403,19654099195,INCLINE_SMITH_MACHINE_BENCH_PRESS,BENCH_PRESS,3,6,75.21.00,50.44.00,2025-07-06T21:27:29.0,105,22,1645.8200000000002,3,2025-08-07T18:51:12.525Z
404,19664230290,WEIGHTED_LEG_CURL,LEG_CURL,4,12,57.09.00,56.49.00,2025-07-07T23:27:16.0,185,44,2358.6400000000003,4,2025-08-07T18:51:07.828Z
405,19654099195,FLYE,FLYE,1,8,84.34.00,60.41.00,2025-07-06T21:31:05.0,216,26,2182.44.00,3,2025-08-07T18:51:12.525Z
406,19664230290,LEG_PRESS,SQUAT,1,12,159.15.00,68.05.00,2025-07-07T23:33:44.0,115,26,3969.16.00,3,2025-08-07T18:51:07.828Z
407,19654099195,FLYE,FLYE,2,10,84.34.00,81.37.00,2025-07-06T21:37:00.0,216,26,2182.44.00,3,2025-08-07T18:51:12.525Z
408,19664230290,LEG_PRESS,SQUAT,2,8,147.44.00,45.47.00,2025-07-07T23:47:08.0,115,26,3969.16.00,3,2025-08-07T18:51:07.828Z
409,19654099195,FLYE,FLYE,3,8,84.34.00,115.22.00,2025-07-06T21:43:06.0,216,26,2182.44.00,3,2025-08-07T18:51:12.525Z
410,19664230290,LEG_PRESS,SQUAT,3,6,147.44.00,42.59.00,2025-07-08T00:00:15.0,115,26,3969.16.00,3,2025-08-07T18:51:07.828Z
411,19654099195,EZ_BAR_PREACHER_CURL,CURL,1,7,63.5,55.25.00,2025-07-06T21:50:21.0,120,19,1206.5,3,2025-08-07T18:51:12.525Z
412,19664230290,WEIGHTED_LEG_EXTENSIONS,CRUNCH,1,10,104.31.00,49.56.00,2025-07-08T00:13:36.0,106,32,3384.02.00,3,2025-08-07T18:51:07.828Z
413,19654099195,EZ_BAR_PREACHER_CURL,CURL,2,6,66.15.00,39.58.00,2025-07-06T21:56:09.0,120,19,1206.5,3,2025-08-07T18:51:12.525Z
414,19664230290,WEIGHTED_LEG_EXTENSIONS,CRUNCH,2,12,104.31.00,47.37.00,2025-07-08T00:22:17.0,106,32,3384.02.00,3,2025-08-07T18:51:07.828Z
415,19654099195,EZ_BAR_PREACHER_CURL,CURL,3,6,61.25.00,50.11.00,2025-07-06T22:02:22.0,120,19,1206.5,3,2025-08-07T18:51:12.525Z
416,19664230290,WEIGHTED_LEG_EXTENSIONS,CRUNCH,3,10,109.28.00,37.38.00,2025-07-08T00:25:58.0,106,32,3384.02.00,3,2025-08-07T18:51:07.828Z
417,19654099195,CABLE_HAMMER_CURL,CURL,1,8,45.38.00,30.12.00,2025-07-06T22:05:44.0,56,18,817.24.00,2,2025-08-07T18:51:12.525Z
418,19664230290,LEG_ABDUCTION,BANDED_EXERCISES,1,24,75.21.00,46.36.00,2025-07-08T00:32:25.0,118,65,5237.38.00,3,2025-08-07T18:51:07.828Z
419,19654099195,CABLE_HAMMER_CURL,CURL,2,10,45.38.00,36.34.00,2025-07-06T22:08:37.0,56,18,817.24.00,2,2025-08-07T18:51:12.525Z
420,19654099195,REVERSE_EZ_BAR_CURL,CURL,1,10,38.56.00,44.56.00,2025-07-06T22:14:18.0,79,22,848.32.00,2,2025-08-07T18:51:12.525Z
421,19664230290,LEG_ABDUCTION,BANDED_EXERCISES,2,16,84.34.00,40.19.00,2025-07-08T00:36:25.0,118,65,5237.38.00,3,2025-08-07T18:51:07.828Z
422,19654099195,REVERSE_EZ_BAR_CURL,CURL,2,12,38.56.00,45.37.00,2025-07-06T22:19:35.0,79,22,848.32.00,2,2025-08-07T18:51:12.525Z
423,19664230290,LEG_ABDUCTION,BANDED_EXERCISES,3,25,84.34.00,52.47.00,2025-07-08T00:43:01.0,118,65,5237.38.00,3,2025-08-07T18:51:07.828Z
424,19654099195,SHOULDER_PRESS,SHOULDER_PRESS,1,6,58.21.00,53.56.00,2025-07-06T22:29:36.0,120,18,1033.8600000000001,3,2025-08-07T18:51:12.525Z
425,19664230290,WEIGHTED_CRUNCH,CRUNCH,1,6,57.09.00,43.23.00,2025-07-08T00:46:50.0,118,20,1102.3,3,2025-08-07T18:51:07.828Z
426,19654099195,SHOULDER_PRESS,SHOULDER_PRESS,2,6,58.21.00,34.58.00,2025-07-06T22:35:53.0,120,18,1033.8600000000001,3,2025-08-07T18:51:12.525Z
427,19664230290,WEIGHTED_CRUNCH,CRUNCH,2,8,54.44.00,71.59.00,2025-07-08T00:51:38.0,118,20,1102.3,3,2025-08-07T18:51:07.828Z
428,19654099195,SHOULDER_PRESS,SHOULDER_PRESS,3,6,57.09.00,48.13.00,2025-07-06T23:00:02.0,120,18,1033.8600000000001,3,2025-08-07T18:51:12.525Z
429,19664230290,WEIGHTED_CRUNCH,CRUNCH,3,6,54.44.00,34.15.00,2025-07-08T00:54:37.0,118,20,1102.3,3,2025-08-07T18:51:07.828Z
430,19654099195,LATERAL_RAISE,LATERAL_RAISE,1,8,28.13.00,52.32.00,2025-07-06T22:44:18.0,141,24,648.02.00,3,2025-08-07T18:51:12.525Z
431,19664230290,LEG_ADDUCTION,BANDED_EXERCISES,1,10,75.21.00,56.45.00,2025-07-08T00:57:56.0,136,28,2094.6800000000003,3,2025-08-07T18:51:07.828Z
432,19654099195,LATERAL_RAISE,LATERAL_RAISE,2,6,28.13.00,48.32.00,2025-07-06T22:48:03.0,141,24,648.02.00,3,2025-08-07T18:51:12.525Z
433,19664230290,LEG_ADDUCTION,BANDED_EXERCISES,2,10,75.21.00,61.03.00,2025-07-08T01:06:56.0,136,28,2094.6800000000003,3,2025-08-07T18:51:07.828Z
434,19654099195,LATERAL_RAISE,LATERAL_RAISE,3,10,25.38.00,61.49.00,2025-07-06T22:52:44.0,141,24,648.02.00,3,2025-08-07T18:51:12.525Z
435,19664230290,LEG_ADDUCTION,BANDED_EXERCISES,3,8,75.21.00,35.45.00,2025-07-08T01:15:31.0,136,28,2094.6800000000003,3,2025-08-07T18:51:07.828Z
436,19664230290,HANGING_LEG_RAISE,LEG_RAISE,1,24,<null>,70.28.00,2025-07-08T01:08:36.0,61,24,0,1,2025-08-07T18:51:07.828Z
437,19625078388,WEIGHTED_LEG_CURL,LEG_CURL,1,8,63.5,35.22.00,2025-07-03T22:09:23.0,95,26,1587.4,3,2025-08-07T18:51:20.519Z
438,19635124221,PULL_UP,PULL_UP,1,6,<null>,46.14.00,2025-07-05T01:34:53.0,80,12,0,2,2025-08-07T18:51:17.519Z
439,19625078388,WEIGHTED_LEG_CURL,LEG_CURL,2,8,61.25.00,40.54.00,2025-07-03T22:13:19.0,95,26,1587.4,3,2025-08-07T18:51:20.519Z
440,19635124221,PULL_UP,PULL_UP,2,6,<null>,39.22.00,2025-07-05T01:39:29.0,80,12,0,2,2025-08-07T18:51:17.519Z
441,19625078388,WEIGHTED_LEG_CURL,LEG_CURL,3,10,59.34.00,48.27.00,2025-07-03T22:16:58.0,95,26,1587.4,3,2025-08-07T18:51:20.519Z
442,19635124221,CLOSE_GRIP_LAT_PULLDOWN,PULL_UP,1,8,75.21.00,42.11.00,2025-07-05T01:46:26.0,118,22,1645.8200000000002,3,2025-08-07T18:51:17.519Z
443,19625078388,LEG_PRESS,SQUAT,1,12,136.06.00,54.48.00,2025-07-03T22:20:23.0,98,28,3991.7599999999998,3,2025-08-07T18:51:20.519Z
444,19635124221,CLOSE_GRIP_LAT_PULLDOWN,PULL_UP,2,8,75.21.00,40.23.00,2025-07-05T01:51:34.0,118,22,1645.8200000000002,3,2025-08-07T18:51:17.519Z
445,19625078388,LEG_PRESS,SQUAT,2,8,147.44.00,45.29.00,2025-07-03T22:27:32.0,98,28,3991.7599999999998,3,2025-08-07T18:51:20.519Z
446,19635124221,CLOSE_GRIP_LAT_PULLDOWN,PULL_UP,3,6,75.21.00,47.46.00,2025-07-05T01:55:46.0,118,22,1645.8200000000002,3,2025-08-07T18:51:17.519Z
447,19625078388,LEG_PRESS,SQUAT,3,8,147.44.00,26.21.00,2025-07-03T22:35:04.0,98,28,3991.7599999999998,3,2025-08-07T18:51:20.519Z
448,19635124221,SEATED_CABLE_ROW,ROW,1,10,68.06.00,45.23.00,2025-07-05T02:01:40.0,117,32,2150.2,3,2025-08-07T18:51:17.519Z
449,19625078388,WEIGHTED_LEG_EXTENSIONS,CRUNCH,1,12,102.06.00,31.04.00,2025-07-03T22:47:18.0,101,32,3266.32.00,3,2025-08-07T18:51:20.519Z
450,19635124221,SEATED_CABLE_ROW,ROW,2,10,68.06.00,48.27.00,2025-07-05T02:06:45.0,117,32,2150.2,3,2025-08-07T18:51:17.519Z
451,19625078388,WEIGHTED_LEG_EXTENSIONS,CRUNCH,2,12,102.06.00,38.09.00,2025-07-03T22:51:11.0,101,32,3266.32.00,3,2025-08-07T18:51:20.519Z
452,19625078388,WEIGHTED_LEG_EXTENSIONS,CRUNCH,3,8,102.06.00,43.1,2025-07-03T22:55:50.0,101,32,3266.32.00,3,2025-08-07T18:51:20.519Z
453,19635124221,SEATED_CABLE_ROW,ROW,3,12,66.15.00,39.26.00,2025-07-05T02:11:02.0,117,32,2150.2,3,2025-08-07T18:51:17.519Z
454,19625078388,WEIGHTED_STANDING_CALF_RAISE,CALF_RAISE,1,20,147.44.00,44.15.00,2025-07-03T23:13:11.0,122,48,7330.8,3,2025-08-07T18:51:20.519Z
455,19635124221,WEIGHTED_CRUNCH,CRUNCH,1,6,57.09.00,88.47.00,2025-07-05T02:12:40.0,158,18,1020.42.00,3,2025-08-07T18:51:17.519Z
456,19625078388,WEIGHTED_STANDING_CALF_RAISE,CALF_RAISE,2,16,156.5,31.35.00,2025-07-03T23:20:24.0,122,48,7330.8,3,2025-08-07T18:51:20.519Z
457,19635124221,WEIGHTED_CRUNCH,CRUNCH,2,6,57.09.00,37.44.00,2025-07-05T02:16:43.0,158,18,1020.42.00,3,2025-08-07T18:51:17.519Z
458,19625078388,WEIGHTED_STANDING_CALF_RAISE,CALF_RAISE,3,12,156.5,65.13.00,2025-07-03T23:25:36.0,122,48,7330.8,3,2025-08-07T18:51:20.519Z
459,19635124221,WEIGHTED_CRUNCH,CRUNCH,3,6,57.09.00,58.39.00,2025-07-05T02:22:37.0,158,18,1020.42.00,3,2025-08-07T18:51:17.519Z
460,19625078388,LATERAL_RAISE,LATERAL_RAISE,1,10,25.38.00,66.23.00,2025-07-03T23:29:20.0,163,28,733.04.00,3,2025-08-07T18:51:20.519Z
461,19635124221,TRICEPS_PRESSDOWN,TRICEPS_EXTENSION,1,8,63.5,45.33.00,2025-07-05T02:18:06.0,65,14,889,2,2025-08-07T18:51:17.519Z
462,19625078388,LATERAL_RAISE,LATERAL_RAISE,2,10,25.38.00,68.42.00,2025-07-03T23:35:57.0,163,28,733.04.00,3,2025-08-07T18:51:20.519Z
463,19635124221,TRICEPS_PRESSDOWN,TRICEPS_EXTENSION,2,6,63.5,35.29.00,2025-07-05T02:25:14.0,65,14,889,2,2025-08-07T18:51:17.519Z
464,19625078388,LATERAL_RAISE,LATERAL_RAISE,3,8,28.13.00,50.44.00,2025-07-03T23:41:57.0,163,28,733.04.00,3,2025-08-07T18:51:20.519Z
465,19635124221,LYING_EZ_BAR_TRICEPS_EXTENSION,TRICEPS_EXTENSION,1,10,29.5,54.08.00,2025-07-05T02:28:42.0,130,24,739.5,3,2025-08-07T18:51:17.519Z
466,19625078388,SHOULDER_PRESS,SHOULDER_PRESS,1,8,57.09.00,90.05.00,2025-07-03T23:43:47.0,155,20,1133.8,3,2025-08-07T18:51:20.519Z
467,19635124221,LYING_EZ_BAR_TRICEPS_EXTENSION,TRICEPS_EXTENSION,2,8,32.15.00,58.43.00,2025-07-05T02:33:33.0,130,24,739.5,3,2025-08-07T18:51:17.519Z
468,19625078388,SHOULDER_PRESS,SHOULDER_PRESS,2,6,57.09.00,52.38.00,2025-07-03T23:47:51.0,155,20,1133.8,3,2025-08-07T18:51:20.519Z
469,19635124221,LYING_EZ_BAR_TRICEPS_EXTENSION,TRICEPS_EXTENSION,3,6,32.15.00,42.59.00,2025-07-05T02:37:14.0,130,24,739.5,3,2025-08-07T18:51:17.519Z
470,19625078388,SHOULDER_PRESS,SHOULDER_PRESS,3,6,57.09.00,40.06.00,2025-07-03T23:53:25.0,155,20,1133.8,3,2025-08-07T18:51:20.519Z
471,19635124221,CABLE_OVERHEAD_TRICEPS_EXTENSION,TRICEPS_EXTENSION,1,6,54.44.00,48.54.00,2025-07-05T02:39:42.0,135,28,1424,3,2025-08-07T18:51:17.519Z
472,19635124221,CABLE_OVERHEAD_TRICEPS_EXTENSION,TRICEPS_EXTENSION,2,10,50.28.00,54.56.00,2025-07-05T02:43:59.0,135,28,1424,3,2025-08-07T18:51:17.519Z
473,19635124221,CABLE_OVERHEAD_TRICEPS_EXTENSION,TRICEPS_EXTENSION,3,12,50.28.00,55.56.00,2025-07-05T02:50:02.0,135,28,1424,3,2025-08-07T18:51:17.519Z
474,19635124221,SEATED_REAR_LATERAL_RAISE,LATERAL_RAISE,1,12,38.56.00,50.39.00,2025-07-05T02:41:30.0,197,36,1388.16.00,3,2025-08-07T18:51:17.519Z
475,19635124221,SEATED_REAR_LATERAL_RAISE,LATERAL_RAISE,2,12,38.56.00,112.23.00,2025-07-05T02:47:16.0,197,36,1388.16.00,3,2025-08-07T18:51:17.519Z
476,19635124221,SEATED_REAR_LATERAL_RAISE,LATERAL_RAISE,3,12,38.56.00,44.36.00,2025-07-05T02:51:26.0,197,36,1388.16.00,3,2025-08-07T18:51:17.519Z
477,19584677535,INCLINE_SMITH_MACHINE_BENCH_PRESS,BENCH_PRESS,1,6,75.21.00,67.56.00,2025-06-29T20:20:02.0,113,21,1571.0100000000002,3,2025-08-07T18:51:29.526Z
478,19584677535,INCLINE_SMITH_MACHINE_BENCH_PRESS,BENCH_PRESS,2,8,75.21.00,40.23.00,2025-06-29T20:27:44.0,113,21,1571.0100000000002,3,2025-08-07T18:51:29.526Z
479,19584677535,INCLINE_SMITH_MACHINE_BENCH_PRESS,BENCH_PRESS,3,7,75.21.00,25.36.00,2025-06-29T20:35:01.0,113,21,1571.0100000000002,3,2025-08-07T18:51:29.526Z
480,19584677535,LAT_PULLDOWN,PULL_UP,1,10,66.15.00,45.42.00,2025-06-29T20:39:06.0,147,32,2104,3,2025-08-07T18:51:29.526Z
481,19584677535,LAT_PULLDOWN,PULL_UP,2,10,66.15.00,35.38.00,2025-06-29T20:42:44.0,147,32,2104,3,2025-08-07T18:51:29.526Z
482,19584677535,LAT_PULLDOWN,PULL_UP,3,12,66.15.00,78.49.00,2025-06-29T20:46:56.0,147,32,2104,3,2025-08-07T18:51:29.526Z
483,19584677535,CLOSE_GRIP_LAT_PULLDOWN,PULL_UP,1,8,68.06.00,50.14.00,2025-06-29T20:51:55.0,125,22,1560.3200000000002,3,2025-08-07T18:51:29.526Z
484,19584677535,CLOSE_GRIP_LAT_PULLDOWN,PULL_UP,2,8,72.56.00,44.49.00,2025-06-29T21:03:40.0,125,22,1560.3200000000002,3,2025-08-07T18:51:29.526Z
485,19584677535,CLOSE_GRIP_LAT_PULLDOWN,PULL_UP,3,6,72.56.00,44.59.00,2025-06-29T21:14:19.0,125,22,1560.3200000000002,3,2025-08-07T18:51:29.526Z
486,19584677535,LATERAL_RAISE,LATERAL_RAISE,1,6,23.09,42.16.00,2025-06-29T21:16:30.0,130,30,571.26.00,3,2025-08-07T18:51:29.526Z
487,19584677535,LATERAL_RAISE,LATERAL_RAISE,2,12,18.13,49.06.00,2025-06-29T21:22:42.0,130,30,571.26.00,3,2025-08-07T18:51:29.526Z
488,19584677535,LATERAL_RAISE,LATERAL_RAISE,3,12,18.13,53.33.00,2025-06-29T21:29:31.0,130,30,571.26.00,3,2025-08-07T18:51:29.526Z
489,19584677535,SHOULDER_PRESS,SHOULDER_PRESS,1,6,57.09.00,52.14.00,2025-06-29T21:33:00.0,66,12,680.28.00,2,2025-08-07T18:51:29.526Z
490,19584677535,SHOULDER_PRESS,SHOULDER_PRESS,2,6,57.09.00,30.24.00,2025-06-29T21:37:08.0,66,12,680.28.00,2,2025-08-07T18:51:29.526Z
491,19584677535,TRICEPS_PRESS,TRICEPS_EXTENSION,1,10,93,62.07.00,2025-06-29T21:41:57.0,99,18,1674,2,2025-08-07T18:51:29.526Z
492,19584677535,TRICEPS_PRESS,TRICEPS_EXTENSION,2,8,93,51.56.00,2025-06-29T21:46:05.0,99,18,1674,2,2025-08-07T18:51:29.526Z
493,19584677535,CABLE_OVERHEAD_TRICEPS_EXTENSION,TRICEPS_EXTENSION,1,8,54.44.00,50.52.00,2025-06-29T21:48:59.0,169,28,1524.32.00,3,2025-08-07T18:51:29.526Z
494,19584677535,CABLE_OVERHEAD_TRICEPS_EXTENSION,TRICEPS_EXTENSION,2,10,54.44.00,72.48.00,2025-06-29T21:52:35.0,169,28,1524.32.00,3,2025-08-07T18:51:29.526Z
495,19584677535,CABLE_OVERHEAD_TRICEPS_EXTENSION,TRICEPS_EXTENSION,3,10,54.44.00,69.23.00,2025-06-29T21:58:32.0,169,28,1524.32.00,3,2025-08-07T18:51:29.526Z
496,19584677535,EZ_BAR_PREACHER_CURL,CURL,1,6,61.25.00,48.17.00,2025-06-29T22:05:14.0,113,18,1102.5,3,2025-08-07T18:51:29.526Z
497,19584677535,EZ_BAR_PREACHER_CURL,CURL,2,6,61.25.00,48.07.00,2025-06-29T22:10:02.0,113,18,1102.5,3,2025-08-07T18:51:29.526Z
498,19584677535,EZ_BAR_PREACHER_CURL,CURL,3,6,61.25.00,50.23.00,2025-06-29T22:13:28.0,113,18,1102.5,3,2025-08-07T18:51:29.526Z
499,19584677535,WEIGHTED_LEG_CURL,LEG_CURL,1,8,59.34.00,50.15.00,2025-06-29T22:15:15.0,107,28,1741.52.00,3,2025-08-07T18:51:29.526Z
500,19584677535,WEIGHTED_LEG_CURL,LEG_CURL,2,10,63.5,39.35.00,2025-06-29T22:18:29.0,107,28,1741.52.00,3,2025-08-07T18:51:29.526Z
501,19584677535,WEIGHTED_LEG_CURL,LEG_CURL,3,10,63.5,50.13.00,2025-06-29T22:21:29.0,107,28,1741.52.00,3,2025-08-07T18:51:29.526Z
502,19584677535,REVERSE_EZ_BAR_CURL,CURL,1,10,36.31.00,45.43.00,2025-06-29T22:16:57.0,111,32,1162.32.00,3,2025-08-07T18:51:29.526Z
503,19584677535,REVERSE_EZ_BAR_CURL,CURL,2,12,36.31.00,55.26.00,2025-06-29T22:22:51.0,111,32,1162.32.00,3,2025-08-07T18:51:29.526Z
504,19584677535,REVERSE_EZ_BAR_CURL,CURL,3,10,36.31.00,42.16.00,2025-06-29T22:26:10.0,111,32,1162.32.00,3,2025-08-07T18:51:29.526Z
505,19584677535,SEATED_REAR_LATERAL_RAISE,LATERAL_RAISE,1,16,41.21.00,59.08.00,2025-06-29T22:27:56.0,132,38,1651.3200000000002,3,2025-08-07T18:51:29.526Z
506,19584677535,SEATED_REAR_LATERAL_RAISE,LATERAL_RAISE,2,10,45.38.00,62.18.00,2025-06-29T22:30:52.0,132,38,1651.3200000000002,3,2025-08-07T18:51:29.526Z
507,19584677535,SEATED_REAR_LATERAL_RAISE,LATERAL_RAISE,3,12,45.38.00,37.51.00,2025-06-29T22:34:09.0,132,38,1651.3200000000002,3,2025-08-07T18:51:29.526Z
508,19584677535,WEIGHTED_STANDING_CALF_RAISE,CALF_RAISE,1,16,136.06.00,41.34.00,2025-06-29T22:29:49.0,97,50,6803,3,2025-08-07T18:51:29.526Z
509,19584677535,WEIGHTED_STANDING_CALF_RAISE,CALF_RAISE,2,16,136.06.00,40.44.00,2025-06-29T22:33:06.0,97,50,6803,3,2025-08-07T18:51:29.526Z
510,19584677535,WEIGHTED_STANDING_CALF_RAISE,CALF_RAISE,3,18,136.06.00,39.01.00,2025-06-29T22:36:45.0,97,50,6803,3,2025-08-07T18:51:29.526Z
511,19584677535,WEIGHTED_LEG_EXTENSIONS,CRUNCH,1,12,102.06.00,29.24.00,2025-06-29T22:35:37.0,53,24,2449.44.00,2,2025-08-07T18:51:29.526Z
512,19584677535,WEIGHTED_LEG_EXTENSIONS,CRUNCH,2,12,102.06.00,31.03.00,2025-06-29T22:39:30.0,53,24,2449.44.00,2,2025-08-07T18:51:29.526Z
513,19565473327,INCLINE_SMITH_MACHINE_BENCH_PRESS,BENCH_PRESS,1,7,75.21.00,53.22.00,2025-06-28T01:36:04.0,137,20,1496.2000000000003,3,2025-08-07T18:51:32.516Z
514,19556123864,TRICEPS_PRESSDOWN,TRICEPS_EXTENSION,1,8,63.5,37.02.00,2025-06-27T00:15:58.0,95,20,1270,3,2025-08-07T18:51:36.237Z
515,19565473327,INCLINE_SMITH_MACHINE_BENCH_PRESS,BENCH_PRESS,2,7,75.21.00,63.16.00,2025-06-28T01:40:33.0,137,20,1496.2000000000003,3,2025-08-07T18:51:32.516Z
516,19556123864,TRICEPS_PRESSDOWN,TRICEPS_EXTENSION,2,6,63.5,33.29.00,2025-06-27T00:20:18.0,95,20,1270,3,2025-08-07T18:51:36.237Z
517,19565473327,INCLINE_SMITH_MACHINE_BENCH_PRESS,BENCH_PRESS,3,6,75.21.00,58.03.00,2025-06-28T01:45:29.0,137,20,1496.2000000000003,3,2025-08-07T18:51:32.516Z
518,19556123864,TRICEPS_PRESSDOWN,TRICEPS_EXTENSION,3,6,63.5,35.25.00,2025-06-27T00:23:50.0,95,20,1270,3,2025-08-07T18:51:36.237Z
519,19565473327,FLYE,FLYE,1,6,84.34.00,43.38.00,2025-06-28T01:48:41.0,122,24,1972.9799999999998,3,2025-08-07T18:51:32.516Z
520,19556123864,CABLE_OVERHEAD_TRICEPS_EXTENSION,TRICEPS_EXTENSION,1,6,59.34.00,41.41.00,2025-06-27T00:31:54.0,98,15,843.5999999999999,2,2025-08-07T18:51:36.237Z
521,19565473327,FLYE,FLYE,2,8,82.03.00,38.46.00,2025-06-28T01:53:44.0,122,24,1972.9799999999998,3,2025-08-07T18:51:32.516Z
522,19556123864,CABLE_OVERHEAD_TRICEPS_EXTENSION,TRICEPS_EXTENSION,2,9,54.44.00,62.9,2025-06-27T00:34:45.0,98,15,843.5999999999999,2,2025-08-07T18:51:36.237Z
523,19565473327,FLYE,FLYE,3,10,82.03.00,54.33.00,2025-06-28T01:57:56.0,122,24,1972.9799999999998,3,2025-08-07T18:51:32.516Z
524,19556123864,TRICEPS_EXTENSION,TRICEPS_EXTENSION,1,8,25.34.00,60.46.00,2025-06-27T00:42:00.0,95,18,449.32.00,2,2025-08-07T18:51:36.237Z
525,19565473327,REVERSE_EZ_BAR_CURL,CURL,1,12,36.31.00,53.56.00,2025-06-28T02:05:30.0,79,22,799.22.00,2,2025-08-07T18:51:32.516Z
526,19556123864,TRICEPS_EXTENSION,TRICEPS_EXTENSION,2,10,25.34.00,55.25.00,2025-06-27T00:46:26.0,95,18,449.32.00,2,2025-08-07T18:51:36.237Z
527,19565473327,REVERSE_EZ_BAR_CURL,CURL,2,10,36.31.00,37.24.00,2025-06-28T02:37:13.0,79,22,799.22.00,2,2025-08-07T18:51:32.516Z
528,19556123864,TRICEPS_PRESS,TRICEPS_EXTENSION,1,12,75.21.00,56.29.00,2025-06-27T00:50:18.0,95,27,2019.8700000000001,2,2025-08-07T18:51:36.237Z
529,19565473327,EZ_BAR_PREACHER_CURL,CURL,1,8,66.15.00,57.52.00,2025-06-28T02:14:45.0,121,22,1383.5,3,2025-08-07T18:51:32.516Z
530,19556123864,TRICEPS_PRESS,TRICEPS_EXTENSION,2,15,75.21.00,57.35.00,2025-06-27T00:53:48.0,95,27,2019.8700000000001,2,2025-08-07T18:51:36.237Z
531,19565473327,EZ_BAR_PREACHER_CURL,CURL,2,8,61.25.00,42.53.00,2025-06-28T02:21:28.0,121,22,1383.5,3,2025-08-07T18:51:32.516Z
532,19556123864,SEATED_REAR_LATERAL_RAISE,LATERAL_RAISE,1,12,41.21.00,54.18.00,2025-06-27T00:56:59.0,118,32,1351.32.00,3,2025-08-07T18:51:36.237Z
533,19565473327,EZ_BAR_PREACHER_CURL,CURL,3,6,61.25.00,40.22.00,2025-06-28T02:24:56.0,121,22,1383.5,3,2025-08-07T18:51:32.516Z
534,19556123864,SEATED_REAR_LATERAL_RAISE,LATERAL_RAISE,2,10,43.06.00,42.14.00,2025-06-27T01:02:21.0,118,32,1351.32.00,3,2025-08-07T18:51:36.237Z
535,19565473327,CABLE_HAMMER_CURL,CURL,1,8,45.38.00,44.19.00,2025-06-28T02:31:19.0,62,16,726.08.00,2,2025-08-07T18:51:32.516Z
536,19556123864,SEATED_REAR_LATERAL_RAISE,LATERAL_RAISE,3,10,43.06.00,33.03.00,2025-06-27T01:07:18.0,118,32,1351.32.00,3,2025-08-07T18:51:36.237Z
537,19565473327,CABLE_HAMMER_CURL,CURL,2,8,45.38.00,42.49.00,2025-06-28T02:34:20.0,62,16,726.08.00,2,2025-08-07T18:51:32.516Z
538,19565473327,WEIGHTED_CRUNCH,CRUNCH,1,10,54.43.00,35,<null>,114,28,1524.04.00,3,2025-08-07T18:51:32.516Z
539,19565473327,WEIGHTED_CRUNCH,CRUNCH,2,10,54.43.00,42,<null>,114,28,1524.04.00,3,2025-08-07T18:51:32.516Z
540,19565473327,WEIGHTED_CRUNCH,CRUNCH,3,8,54.43.00,37,<null>,114,28,1524.04.00,3,2025-08-07T18:51:32.516Z
541,19555490057,PULL_UP,PULL_UP,1,8,<null>,67.27.00,2025-06-26T21:20:08.0,92,16,0,2,2025-08-07T18:51:37.677Z
542,19546351618,LEG_ABDUCTION,BANDED_EXERCISES,1,12,86.19.00,42.26.00,2025-06-25T23:47:15.0,74,36,3103.24.00,3,2025-08-07T18:51:41.526Z
543,19555490057,PULL_UP,PULL_UP,2,8,<null>,45.59.00,2025-06-26T21:23:31.0,92,16,0,2,2025-08-07T18:51:37.677Z
544,19546351618,LEG_ABDUCTION,BANDED_EXERCISES,2,12,86.19.00,24.04.00,2025-06-26T00:00:35.0,74,36,3103.24.00,3,2025-08-07T18:51:41.526Z
545,19555490057,SEATED_CABLE_ROW,ROW,1,10,66.15.00,40.48.00,2025-06-26T21:29:06.0,161,32,2104,3,2025-08-07T18:51:37.677Z
546,19546351618,LEG_ABDUCTION,BANDED_EXERCISES,3,12,86.19.00,34.36.00,2025-06-26T00:05:51.0,74,36,3103.24.00,3,2025-08-07T18:51:41.526Z
547,19555490057,SEATED_CABLE_ROW,ROW,2,12,66.15.00,54.17.00,2025-06-26T21:33:46.0,161,32,2104,3,2025-08-07T18:51:37.677Z
548,19546351618,WEIGHTED_STANDING_CALF_RAISE,CALF_RAISE,1,12,136.06.00,47.42.00,2025-06-26T00:07:27.0,97,39,5306.34.00,3,2025-08-07T18:51:41.526Z
549,19555490057,SEATED_CABLE_ROW,ROW,3,10,66.15.00,82.39.00,2025-06-26T21:40:54.0,161,32,2104,3,2025-08-07T18:51:37.677Z
550,19546351618,WEIGHTED_STANDING_CALF_RAISE,CALF_RAISE,2,11,136.06.00,49.15.00,2025-06-26T00:12:24.0,97,39,5306.34.00,3,2025-08-07T18:51:41.526Z
551,19555490057,LAT_PULLDOWN,PULL_UP,1,12,68.06.00,59.28.00,2025-06-26T21:47:44.0,90,22,1497.3200000000002,2,2025-08-07T18:51:37.677Z
552,19546351618,WEIGHTED_STANDING_CALF_RAISE,CALF_RAISE,3,16,136.06.00,32.52.00,2025-06-26T00:19:31.0,97,39,5306.34.00,3,2025-08-07T18:51:41.526Z
553,19555490057,LAT_PULLDOWN,PULL_UP,2,10,68.06.00,54.19.00,2025-06-26T21:55:47.0,90,22,1497.3200000000002,2,2025-08-07T18:51:37.677Z
554,19546351618,LEG_ADDUCTION,BANDED_EXERCISES,1,16,54.44.00,46.08.00,2025-06-26T00:21:03.0,131,40,2449.04.00,3,2025-08-07T18:51:41.526Z
555,19555490057,LATERAL_RAISE,LATERAL_RAISE,1,6,23.09,60.59.00,2025-06-26T22:01:58.0,144,19,431.11.00,3,2025-08-07T18:51:37.677Z
556,19546351618,LEG_ADDUCTION,BANDED_EXERCISES,2,12,66.15.00,60.36.00,2025-06-26T00:25:31.0,131,40,2449.04.00,3,2025-08-07T18:51:41.526Z
557,19555490057,LATERAL_RAISE,LATERAL_RAISE,2,6,23.09,59.49.00,2025-06-26T22:06:02.0,144,19,431.11.00,3,2025-08-07T18:51:37.677Z
558,19546351618,LEG_ADDUCTION,BANDED_EXERCISES,3,12,66.15.00,49.16.00,2025-06-26T00:32:43.0,131,40,2449.04.00,3,2025-08-07T18:51:41.526Z
559,19555490057,LATERAL_RAISE,LATERAL_RAISE,3,7,23.09,62.31.00,2025-06-26T22:12:33.0,144,19,431.11.00,3,2025-08-07T18:51:37.677Z
560,19555490057,_30_DEGREE_LAT_PULLDOWN,PULL_UP,1,15,68.06.00,67.37.00,2025-06-26T22:20:44.0,136,27,1973.46.00,2,2025-08-07T18:51:37.677Z
561,19555490057,_30_DEGREE_LAT_PULLDOWN,PULL_UP,2,12,79.38.00,89.09.00,2025-06-26T22:28:42.0,136,27,1973.46.00,2,2025-08-07T18:51:37.677Z
562,19555490057,SHOULDER_PRESS,SHOULDER_PRESS,1,8,57.09.00,66.27.00,2025-06-26T22:37:09.0,166,24,1360.56.00,3,2025-08-07T18:51:37.677Z
563,19555490057,SHOULDER_PRESS,SHOULDER_PRESS,2,8,57.09.00,53.32.00,2025-06-26T22:46:31.0,166,24,1360.56.00,3,2025-08-07T18:51:37.677Z
564,19555490057,SHOULDER_PRESS,SHOULDER_PRESS,3,8,57.09.00,50.16.00,2025-06-26T22:56:10.0,166,24,1360.56.00,3,2025-08-07T18:51:37.677Z
565,19536213306,CHEST_PRESS_WITH_BAND,PUSH_UP,1,8,72.56.00,11.01,2025-06-24T23:14:49.0,99,22,1651.07.00,3,2025-08-07T18:51:50.514Z
566,19536213306,CHEST_PRESS_WITH_BAND,PUSH_UP,2,9,75.21.00,63.35.00,2025-06-24T23:19:46.0,99,22,1651.07.00,3,2025-08-07T18:51:50.514Z
567,19536213306,CHEST_PRESS_WITH_BAND,PUSH_UP,3,5,79.38.00,41.31.00,2025-06-24T23:24:55.0,99,22,1651.07.00,3,2025-08-07T18:51:50.514Z
568,19536213306,FLYE,FLYE,1,10,75.21.00,57.22.00,2025-06-24T23:30:10.0,161,27,2136.21.00,3,2025-08-07T18:51:50.514Z
569,19536213306,FLYE,FLYE,2,9,82.03.00,53.02.00,2025-06-24T23:36:36.0,161,27,2136.21.00,3,2025-08-07T18:51:50.514Z
570,19536213306,FLYE,FLYE,3,8,82.03.00,63.06.00,2025-06-24T23:40:27.0,161,27,2136.21.00,3,2025-08-07T18:51:50.514Z
571,19536213306,REVERSE_EZ_BAR_CURL,CURL,1,12,38.56.00,63.18.00,2025-06-24T23:45:19.0,95,22,848.32.00,2,2025-08-07T18:51:50.514Z
572,19536213306,REVERSE_EZ_BAR_CURL,CURL,2,10,38.56.00,47.24.00,2025-06-25T00:12:56.0,95,22,848.32.00,2,2025-08-07T18:51:50.514Z
573,19536213306,BEHIND_THE_BACK_ONE_ARM_CABLE_CURL,CURL,1,8,54.44.00,73.17.00,2025-06-24T23:51:11.0,99,16,834.56.00,2,2025-08-07T18:51:50.514Z
574,19536213306,BEHIND_THE_BACK_ONE_ARM_CABLE_CURL,CURL,2,8,50.28.00,44.08.00,2025-06-24T23:55:43.0,99,16,834.56.00,2,2025-08-07T18:51:50.514Z
575,19536213306,EZ_BAR_PREACHER_CURL,CURL,1,6,61.25.00,57.51.00,2025-06-25T00:04:16.0,88,12,735,2,2025-08-07T18:51:50.514Z
576,19536213306,EZ_BAR_PREACHER_CURL,CURL,2,6,61.25.00,51.35.00,2025-06-25T00:10:20.0,88,12,735,2,2025-08-07T18:51:50.514Z
577,19536213306,WEIGHTED_LEG_CURL,LEG_CURL,1,12,59.34.00,116.52.00,2025-06-25T00:17:39.0,179,32,1932.28.00,3,2025-08-07T18:51:50.514Z
578,19536213306,WEIGHTED_LEG_CURL,LEG_CURL,2,10,61.25.00,50.35.00,2025-06-25T00:22:01.0,179,32,1932.28.00,3,2025-08-07T18:51:50.514Z
579,19536213306,WEIGHTED_LEG_CURL,LEG_CURL,3,10,61.25.00,36.37.00,2025-06-25T00:33:48.0,179,32,1932.28.00,3,2025-08-07T18:51:50.514Z
580,19536213306,WEIGHTED_LEG_EXTENSIONS,CRUNCH,1,12,91.09.00,42.42.00,2025-06-25T00:39:03.0,146,37,3525.7799999999997,3,2025-08-07T18:51:50.514Z
581,19536213306,WEIGHTED_LEG_EXTENSIONS,CRUNCH,2,13,97.5,63.46.00,2025-06-25T00:46:18.0,146,37,3525.7799999999997,3,2025-08-07T18:51:50.514Z
582,19536213306,WEIGHTED_LEG_EXTENSIONS,CRUNCH,3,12,97.5,72.28.00,2025-06-25T00:56:21.0,146,37,3525.7799999999997,3,2025-08-07T18:51:50.514Z
583,19525743795,SHOULDER_PRESS,SHOULDER_PRESS,1,8,54.44.00,46.21.00,2025-06-23T23:42:05.0,176,24,1342.56.00,3,2025-08-07T18:51:55.519Z
584,19525743795,SHOULDER_PRESS,SHOULDER_PRESS,2,8,57.09.00,78.29.00,2025-06-23T23:45:58.0,176,24,1342.56.00,3,2025-08-07T18:51:55.519Z
585,19525743795,SHOULDER_PRESS,SHOULDER_PRESS,3,8,57.09.00,69.48.00,2025-06-23T23:50:49.0,176,24,1342.56.00,3,2025-08-07T18:51:55.519Z
586,19525743795,WEIGHTED_CRUNCH,CRUNCH,1,12,68.06.00,76.06.00,2025-06-23T23:55:35.0,146,28,1688.16.00,3,2025-08-07T18:51:55.519Z
587,19525743795,WEIGHTED_CRUNCH,CRUNCH,2,8,54.44.00,38.16.00,2025-06-24T00:01:35.0,146,28,1688.16.00,3,2025-08-07T18:51:55.519Z
588,19525743795,WEIGHTED_CRUNCH,CRUNCH,3,8,54.44.00,40.48.00,2025-06-24T00:06:14.0,146,28,1688.16.00,3,2025-08-07T18:51:55.519Z
589,19525743795,LATERAL_RAISE,LATERAL_RAISE,1,8,25.38.00,63.24.00,2025-06-24T00:09:34.0,194,24,609.12.00,3,2025-08-07T18:51:55.519Z
590,19525743795,LATERAL_RAISE,LATERAL_RAISE,2,8,25.38.00,85.12.00,2025-06-24T00:14:02.0,194,24,609.12.00,3,2025-08-07T18:51:55.519Z
591,19525743795,LATERAL_RAISE,LATERAL_RAISE,3,8,25.38.00,73.56.00,2025-06-24T00:17:58.0,194,24,609.12.00,3,2025-08-07T18:51:55.519Z
592,19525743795,SEATED_REAR_LATERAL_RAISE,LATERAL_RAISE,1,12,38.56.00,48.14.00,2025-06-24T00:21:25.0,144,34,1410.04.00,3,2025-08-07T18:51:55.519Z
593,19525743795,SEATED_REAR_LATERAL_RAISE,LATERAL_RAISE,2,12,43.06.00,66.46.00,2025-06-24T00:24:30.0,144,34,1410.04.00,3,2025-08-07T18:51:55.519Z
594,19525743795,SEATED_REAR_LATERAL_RAISE,LATERAL_RAISE,3,10,43.06.00,50.16.00,2025-06-24T00:27:49.0,144,34,1410.04.00,3,2025-08-07T18:51:55.519Z
595,19522659576,TRICEPS_PRESSDOWN,TRICEPS_EXTENSION,1,12,54.44.00,47.48.00,2025-06-23T15:01:13.0,106,26,1478.44.00,3,2025-08-07T18:52:06.519Z
596,19522659576,TRICEPS_PRESSDOWN,TRICEPS_EXTENSION,2,8,59.34.00,44.11.00,2025-06-23T15:04:13.0,106,26,1478.44.00,3,2025-08-07T18:52:06.519Z
597,19522659576,TRICEPS_PRESSDOWN,TRICEPS_EXTENSION,3,6,59.34.00,32.53.00,2025-06-23T15:07:36.0,106,26,1478.44.00,3,2025-08-07T18:52:06.519Z
598,19522659576,LAT_PULLDOWN,PULL_UP,1,8,72.56.00,63.25.00,2025-06-23T15:11:57.0,86,14,1016.24.00,2,2025-08-07T18:52:06.519Z
599,19522659576,LAT_PULLDOWN,PULL_UP,2,6,72.56.00,46.54.00,2025-06-23T15:18:27.0,86,14,1016.24.00,2,2025-08-07T18:52:06.519Z
600,19522659576,CABLE_OVERHEAD_TRICEPS_EXTENSION,TRICEPS_EXTENSION,1,10,54.44.00,94.23.00,2025-06-23T15:21:17.0,175,30,1723.1999999999998,3,2025-08-07T18:52:06.519Z
601,19522659576,CABLE_OVERHEAD_TRICEPS_EXTENSION,TRICEPS_EXTENSION,2,10,59.34.00,44.44.00,2025-06-23T15:31:01.0,175,30,1723.1999999999998,3,2025-08-07T18:52:06.519Z
602,19522659576,CABLE_OVERHEAD_TRICEPS_EXTENSION,TRICEPS_EXTENSION,3,10,59.34.00,67.18.00,2025-06-23T15:37:07.0,175,30,1723.1999999999998,3,2025-08-07T18:52:06.519Z
603,19522659576,CLOSE_GRIP_LAT_PULLDOWN,PULL_UP,1,8,72.56.00,60.27.00,2025-06-23T15:41:32.0,96,16,1161.36.00,2,2025-08-07T18:52:06.519Z
604,19522659576,CLOSE_GRIP_LAT_PULLDOWN,PULL_UP,2,8,72.56.00,66.16.00,2025-06-23T15:44:42.0,96,16,1161.36.00,2,2025-08-07T18:52:06.519Z
605,19522659576,SEATED_CABLE_ROW,ROW,1,12,66.15.00,37.46.00,2025-06-23T15:51:18.0,76,24,1578,2,2025-08-07T18:52:06.519Z
606,19522659576,SEATED_CABLE_ROW,ROW,2,12,66.15.00,41.48.00,2025-06-23T15:55:03.0,76,24,1578,2,2025-08-07T18:52:06.519Z
607,19495479590,BENCH_PRESS,BENCH_PRESS,1,6,75.21.00,48.19.00,2025-06-20T01:19:21.0,127,17,1272.17.00,3,2025-08-07T18:52:18.515Z
608,19495479590,BENCH_PRESS,BENCH_PRESS,2,6,75.21.00,39.59.00,2025-06-20T01:22:58.0,127,17,1272.17.00,3,2025-08-07T18:52:18.515Z
609,19495479590,BENCH_PRESS,BENCH_PRESS,3,5,75.21.00,60.08.00,2025-06-20T01:27:24.0,127,17,1272.17.00,3,2025-08-07T18:52:18.515Z
610,19495479590,UNKNOWN,UNKNOWN,1,8,91.09.00,37.13.00,2025-06-20T01:32:49.0,350,74,5261,8,2025-08-07T18:52:18.515Z
611,19495479590,UNKNOWN,UNKNOWN,2,8,91.09.00,44.04.00,2025-06-20T01:38:15.0,350,74,5261,8,2025-08-07T18:52:18.515Z
612,19495479590,UNKNOWN,UNKNOWN,3,8,91.09.00,66.13.00,2025-06-20T01:47:42.0,350,74,5261,8,2025-08-07T18:52:18.515Z
613,19495479590,UNKNOWN,UNKNOWN,4,8,36.31.00,48.51.00,2025-06-20T01:50:17.0,350,74,5261,8,2025-08-07T18:52:18.515Z
614,19495479590,UNKNOWN,UNKNOWN,5,10,72.56.00,44.44.00,2025-06-20T02:11:04.0,350,74,5261,8,2025-08-07T18:52:18.515Z
615,19495479590,UNKNOWN,UNKNOWN,6,12,54.44.00,49.44.00,2025-06-20T02:14:08.0,350,74,5261,8,2025-08-07T18:52:18.515Z
616,19495479590,UNKNOWN,UNKNOWN,7,8,54.44.00,46.52.00,2025-06-20T02:26:39.0,350,74,5261,8,2025-08-07T18:52:18.515Z
617,19495479590,UNKNOWN,UNKNOWN,8,12,82.03.00,41.21.00,2025-06-20T02:29:28.0,350,74,5261,8,2025-08-07T18:52:18.515Z
618,19495479590,CURL,CURL,1,8,75.21.00,71.21.00,2025-06-20T01:40:32.0,115,16,1179.36.00,2,2025-08-07T18:52:18.515Z
619,19495479590,CURL,CURL,2,8,72.56.00,57.36.00,2025-06-20T02:05:53.0,115,16,1179.36.00,2,2025-08-07T18:52:18.515Z
620,19495479590,SIT_UP,SIT_UP,1,10,36.31.00,52.47.00,2025-06-20T01:53:39.0,52,10,363.1,1,2025-08-07T18:52:18.515Z
621,19476409707,WIDE_GRIP_LAT_PULLDOWN,PULL_UP,1,8,91.09.00,44.38.00,2025-06-18T23:01:17.0,77,16,1451.04.00,2,2025-08-07T18:52:21.512Z
622,19415182037,INCLINE_SMITH_MACHINE_BENCH_PRESS,BENCH_PRESS,1,6,75.21.00,26.29.00,2025-06-12T20:10:55.0,167,16,1197.36.00,3,2025-08-07T18:52:26.511Z
623,19421580177,LAT_PULLDOWN,PULL_UP,1,10,79.38.00,187.47.00,2025-06-13T14:51:49.0,225,18,1429.24.00,2,2025-08-07T18:52:25.529Z
624,19444770480,INCLINE_SMITH_MACHINE_BENCH_PRESS,BENCH_PRESS,1,6,75.21.00,45.49.00,2025-06-15T19:59:46.0,123,17,1258.27.00,3,2025-08-07T18:52:24.525Z
625,19476409707,WIDE_GRIP_LAT_PULLDOWN,PULL_UP,2,8,91.09.00,41.02.00,2025-06-18T23:05:17.0,77,16,1451.04.00,2,2025-08-07T18:52:21.512Z
626,19415182037,INCLINE_SMITH_MACHINE_BENCH_PRESS,BENCH_PRESS,2,6,75.21.00,47.54.00,2025-06-12T20:16:25.0,167,16,1197.36.00,3,2025-08-07T18:52:26.511Z
627,19421580177,LAT_PULLDOWN,PULL_UP,2,8,79.38.00,49.52.00,2025-06-13T14:57:18.0,225,18,1429.24.00,2,2025-08-07T18:52:25.529Z
628,19444770480,INCLINE_SMITH_MACHINE_BENCH_PRESS,BENCH_PRESS,2,5,75.21.00,56.11.00,2025-06-15T20:03:21.0,123,17,1258.27.00,3,2025-08-07T18:52:24.525Z
629,19476409707,LAT_PULLDOWN,PULL_UP,1,8,68.06.00,49.01.00,2025-06-18T23:08:06.0,98,18,1225.08.00,2,2025-08-07T18:52:21.512Z
630,19415182037,INCLINE_SMITH_MACHINE_BENCH_PRESS,BENCH_PRESS,3,4,75.21.00,120.39.00,2025-06-12T20:21:32.0,167,16,1197.36.00,3,2025-08-07T18:52:26.511Z
631,19421580177,TRICEPS_PRESSDOWN,TRICEPS_EXTENSION,1,8,63.5,34.05.00,2025-06-13T14:55:26.0,105,26,1651,3,2025-08-07T18:52:25.529Z
632,19444770480,INCLINE_SMITH_MACHINE_BENCH_PRESS,BENCH_PRESS,3,6,72.56.00,47.01.00,2025-06-15T20:08:16.0,123,17,1258.27.00,3,2025-08-07T18:52:24.525Z
633,19476409707,LAT_PULLDOWN,PULL_UP,2,10,68.06.00,57.41.00,2025-06-18T23:11:24.0,98,18,1225.08.00,2,2025-08-07T18:52:21.512Z
634,19415182037,INCLINE_DUMBBELL_BENCH_PRESS,BENCH_PRESS,1,6,54.44.00,91.45.00,2025-06-12T20:26:30.0,91,6,327.04.00,1,2025-08-07T18:52:26.511Z
635,19444770480,FLYE,FLYE,1,8,84.34.00,56.33.00,2025-06-15T20:11:29.0,126,24,2014.56.00,3,2025-08-07T18:52:24.525Z
636,19421580177,TRICEPS_PRESSDOWN,TRICEPS_EXTENSION,2,10,63.5,56.52.00,2025-06-13T14:59:15.0,105,26,1651,3,2025-08-07T18:52:25.529Z
637,19476409707,CLOSE_GRIP_LAT_PULLDOWN,PULL_UP,1,10,68.06.00,43.34.00,2025-06-18T23:19:08.0,100,16,1143.38.00,2,2025-08-07T18:52:21.512Z
638,19415182037,LATERAL_RAISE,LATERAL_RAISE,1,8,23.09,114.17.00,2025-06-12T20:30:28.0,315,32,726.08.00,3,2025-08-07T18:52:26.511Z
639,19444770480,FLYE,FLYE,2,8,84.34.00,43.35.00,2025-06-15T20:15:34.0,126,24,2014.56.00,3,2025-08-07T18:52:24.525Z
640,19421580177,TRICEPS_PRESSDOWN,TRICEPS_EXTENSION,3,8,63.5,42.04.00,2025-06-13T15:04:02.0,105,26,1651,3,2025-08-07T18:52:25.529Z
641,19476409707,CLOSE_GRIP_LAT_PULLDOWN,PULL_UP,2,6,77.13.00,60.55.00,2025-06-18T23:23:57.0,100,16,1143.38.00,2,2025-08-07T18:52:21.512Z
642,19415182037,LATERAL_RAISE,LATERAL_RAISE,2,8,23.09,89.25.00,2025-06-12T20:35:11.0,315,32,726.08.00,3,2025-08-07T18:52:26.511Z
643,19444770480,FLYE,FLYE,3,8,84.34.00,49.26.00,2025-06-15T20:19:04.0,126,24,2014.56.00,3,2025-08-07T18:52:24.525Z
644,19476409707,SEATED_CABLE_ROW,ROW,1,10,68.06.00,50.17.00,2025-06-18T23:28:43.0,174,30,2041.8000000000002,3,2025-08-07T18:52:21.512Z
645,19421580177,SEATED_CABLE_ROW,ROW,1,10,66.15.00,50.39.00,2025-06-13T15:01:53.0,83,22,1446.5,2,2025-08-07T18:52:25.529Z
646,19415182037,LATERAL_RAISE,LATERAL_RAISE,3,16,23.09,135.52.00,2025-06-12T20:51:29.0,315,32,726.08.00,3,2025-08-07T18:52:26.511Z
647,19444770480,CURL,CURL,1,10,61.25.00,60.04.00,2025-06-15T20:23:08.0,112,18,1102.5,2,2025-08-07T18:52:24.525Z
648,19476409707,SEATED_CABLE_ROW,ROW,2,10,68.06.00,100.34.00,2025-06-18T23:37:09.0,174,30,2041.8000000000002,3,2025-08-07T18:52:21.512Z
649,19421580177,SEATED_CABLE_ROW,ROW,2,12,66.15.00,46.49.00,2025-06-13T15:08:08.0,83,22,1446.5,2,2025-08-07T18:52:25.529Z
650,19415182037,FLYE,FLYE,1,10,84.34.00,115.41.00,2025-06-12T20:37:36.0,237,26,2182.44.00,3,2025-08-07T18:52:26.511Z
651,19444770480,CURL,CURL,2,8,61.25.00,57.12.00,2025-06-15T20:30:20.0,112,18,1102.5,2,2025-08-07T18:52:24.525Z
652,19476409707,SEATED_CABLE_ROW,ROW,3,10,68.06.00,44.16.00,2025-06-18T23:43:09.0,174,30,2041.8000000000002,3,2025-08-07T18:52:21.512Z
653,19421580177,SEATED_REAR_LATERAL_RAISE,LATERAL_RAISE,1,10,43.06.00,46.49.00,2025-06-13T15:11:25.0,117,32,1378.32.00,3,2025-08-07T18:52:25.529Z
654,19415182037,FLYE,FLYE,2,8,84.34.00,61.52.00,2025-06-12T20:43:37.0,237,26,2182.44.00,3,2025-08-07T18:52:26.511Z
655,19444770480,LATERAL_RAISE,LATERAL_RAISE,1,12,23.09,102.17.00,2025-06-15T20:33:35.0,493,40,907.6000000000001,3,2025-08-07T18:52:24.525Z
656,19421580177,SEATED_REAR_LATERAL_RAISE,LATERAL_RAISE,2,12,43.06.00,42.09.00,2025-06-13T15:14:48.0,117,32,1378.32.00,3,2025-08-07T18:52:25.529Z
657,19476409707,TRICEPS_PRESSDOWN,TRICEPS_EXTENSION,1,10,63.5,41.38.00,2025-06-18T23:47:46.0,139,25,1587.5,3,2025-08-07T18:52:21.512Z
658,19415182037,FLYE,FLYE,3,8,84.34.00,83.08.00,2025-06-12T20:48:02.0,237,26,2182.44.00,3,2025-08-07T18:52:26.511Z
659,19444770480,LATERAL_RAISE,LATERAL_RAISE,2,12,23.09,75.44.00,2025-06-15T20:37:44.0,493,40,907.6000000000001,3,2025-08-07T18:52:24.525Z
660,19421580177,SEATED_REAR_LATERAL_RAISE,LATERAL_RAISE,3,10,43.06.00,37.55.00,2025-06-13T15:17:16.0,117,32,1378.32.00,3,2025-08-07T18:52:25.529Z
661,19476409707,TRICEPS_PRESSDOWN,TRICEPS_EXTENSION,2,8,63.5,48.05.00,2025-06-18T23:50:37.0,139,25,1587.5,3,2025-08-07T18:52:21.512Z
662,19415182037,PREACHER_CURL_WITH_CABLE,CURL,1,8,75.21.00,75.45.00,2025-06-12T20:56:22.0,113,16,1052,2,2025-08-07T18:52:26.511Z
663,19444770480,LATERAL_RAISE,LATERAL_RAISE,3,16,23.09,339.08.00,2025-06-15T20:47:02.0,493,40,907.6000000000001,3,2025-08-07T18:52:24.525Z
664,19421580177,CABLE_OVERHEAD_TRICEPS_EXTENSION,TRICEPS_EXTENSION,1,12,54.44.00,52.08.00,2025-06-13T15:18:35.0,120,31,1773.1399999999999,3,2025-08-07T18:52:25.529Z
665,19476409707,TRICEPS_PRESSDOWN,TRICEPS_EXTENSION,3,7,63.5,78.17.00,2025-06-18T23:56:32.0,139,25,1587.5,3,2025-08-07T18:52:21.512Z
666,19415182037,PREACHER_CURL_WITH_CABLE,CURL,2,8,57.09.00,40.56.00,2025-06-12T21:00:05.0,113,16,1052,2,2025-08-07T18:52:26.511Z
667,19444770480,REVERSE_EZ_BAR_CURL,CURL,1,10,34,54.07.00,2025-06-15T20:56:31.0,80,20,680,2,2025-08-07T18:52:24.525Z
668,19421580177,CABLE_OVERHEAD_TRICEPS_EXTENSION,TRICEPS_EXTENSION,2,9,59.34.00,50.22.00,2025-06-13T15:22:14.0,120,31,1773.1399999999999,3,2025-08-07T18:52:25.529Z
669,19415182037,STANDING_EZ_BAR_BICEPS_CURL,CURL,1,10,27.19.00,70.07.00,2025-06-12T21:03:29.0,123,20,543.8000000000001,2,2025-08-07T18:52:26.511Z
670,19476409707,CABLE_OVERHEAD_TRICEPS_EXTENSION,TRICEPS_EXTENSION,1,12,59.34.00,58.51.00,2025-06-19T00:03:52.0,177,32,1900.16.00,4,2025-08-07T18:52:21.512Z
671,19444770480,REVERSE_EZ_BAR_CURL,CURL,2,10,34,47.29.00,2025-06-15T20:58:44.0,80,20,680,2,2025-08-07T18:52:24.525Z
672,19421580177,CABLE_OVERHEAD_TRICEPS_EXTENSION,TRICEPS_EXTENSION,3,10,59.34.00,43.24.00,2025-06-13T15:27:00.0,120,31,1773.1399999999999,3,2025-08-07T18:52:25.529Z
673,19415182037,STANDING_EZ_BAR_BICEPS_CURL,CURL,2,10,27.19.00,69.14.00,2025-06-12T21:07:24.0,123,20,543.8000000000001,2,2025-08-07T18:52:26.511Z
674,19476409707,CABLE_OVERHEAD_TRICEPS_EXTENSION,TRICEPS_EXTENSION,2,3,63.5,52.36.00,2025-06-19T00:07:29.0,177,32,1900.16.00,4,2025-08-07T18:52:21.512Z
675,19444770480,SHOULDER_PRESS,SHOULDER_PRESS,1,10,45.38.00,94.32.00,2025-06-15T21:06:53.0,141,20,930.1,2,2025-08-07T18:52:24.525Z
676,19421580177,CLOSE_GRIP_LAT_PULLDOWN,PULL_UP,1,8,72.56.00,47.41.00,2025-06-13T15:19:58.0,99,18,1306.1799999999998,2,2025-08-07T18:52:25.529Z
677,19415182037,CABLE_HAMMER_CURL,CURL,1,16,36.31.00,95.04.00,2025-06-12T21:13:15.0,125,28,1016.6800000000001,2,2025-08-07T18:52:26.511Z
678,19476409707,CABLE_OVERHEAD_TRICEPS_EXTENSION,TRICEPS_EXTENSION,3,12,59.34.00,47.27.00,2025-06-19T00:10:07.0,177,32,1900.16.00,4,2025-08-07T18:52:21.512Z
679,19444770480,SHOULDER_PRESS,SHOULDER_PRESS,2,10,48.03.00,61.03.00,2025-06-15T21:15:14.0,141,20,930.1,2,2025-08-07T18:52:24.525Z
680,19421580177,CLOSE_GRIP_LAT_PULLDOWN,PULL_UP,2,10,72.57.00,58.44.00,2025-06-13T15:24:40.0,99,18,1306.1799999999998,2,2025-08-07T18:52:25.529Z
681,19476409707,CABLE_OVERHEAD_TRICEPS_EXTENSION,TRICEPS_EXTENSION,4,5,59.34.00,51.22.00,2025-06-19T00:13:24.0,177,32,1900.16.00,4,2025-08-07T18:52:21.512Z
682,19415182037,CABLE_HAMMER_CURL,CURL,2,12,36.31.00,41.07.00,2025-06-12T21:16:47.0,125,28,1016.6800000000001,2,2025-08-07T18:52:26.511Z
683,19444770480,WEIGHTED_LEG_CURL,LEG_CURL,1,12,57.09.00,131.21.00,2025-06-15T21:21:34.0,207,39,2211.31.00,3,2025-08-07T18:52:24.525Z
684,19421580177,WEIGHTED_SIT_UP,SIT_UP,1,12,72.56.00,69.56.00,2025-06-13T15:29:24.0,89,22,1596.3200000000002,2,2025-08-07T18:52:25.529Z
685,19476409707,SEATED_REAR_LATERAL_RAISE,LATERAL_RAISE,1,10,57.09.00,139.05.00,2025-06-19T00:17:10.0,190,25,1383.5,3,2025-08-07T18:52:21.512Z
686,19415182037,REVERSE_EZ_BAR_CURL,CURL,1,8,36.31.00,40.27.00,2025-06-12T21:20:24.0,81,14,508.34000000000003,2,2025-08-07T18:52:26.511Z
687,19444770480,WEIGHTED_LEG_CURL,LEG_CURL,2,12,57.09.00,62.33.00,2025-06-15T21:32:48.0,207,39,2211.31.00,3,2025-08-07T18:52:24.525Z
688,19421580177,WEIGHTED_SIT_UP,SIT_UP,2,10,72.56.00,23.58,2025-06-13T15:31:04.0,89,22,1596.3200000000002,2,2025-08-07T18:52:25.529Z
689,19476409707,SEATED_REAR_LATERAL_RAISE,LATERAL_RAISE,2,8,54.44.00,42.55.00,2025-06-19T00:21:12.0,190,25,1383.5,3,2025-08-07T18:52:21.512Z
690,19415182037,REVERSE_EZ_BAR_CURL,CURL,2,6,36.31.00,49.21.00,2025-06-12T21:23:35.0,81,14,508.34000000000003,2,2025-08-07T18:52:26.511Z
691,19444770480,WEIGHTED_LEG_CURL,LEG_CURL,3,15,57.09.00,53.14.00,2025-06-15T21:43:10.0,207,39,2211.31.00,3,2025-08-07T18:52:24.525Z
692,19415182037,SHOULDER_PRESS,SHOULDER_PRESS,1,10,45.38.00,58.11.00,2025-06-12T21:33:44.0,154,27,1225.26.00,3,2025-08-07T18:52:26.511Z
693,19476409707,SEATED_REAR_LATERAL_RAISE,LATERAL_RAISE,3,7,54.44.00,23.36,2025-06-19T00:23:19.0,190,25,1383.5,3,2025-08-07T18:52:21.512Z
694,19444770480,WEIGHTED_LEG_EXTENSIONS,CRUNCH,1,12,91.09.00,43.46.00,2025-06-15T21:35:00.0,152,36,3320.16.00,3,2025-08-07T18:52:24.525Z
695,19415182037,SHOULDER_PRESS,SHOULDER_PRESS,2,8,45.38.00,52.32.00,2025-06-12T21:39:33.0,154,27,1225.26.00,3,2025-08-07T18:52:26.511Z
696,19444770480,WEIGHTED_LEG_EXTENSIONS,CRUNCH,2,12,93.39.00,47.16.00,2025-06-15T21:39:47.0,152,36,3320.16.00,3,2025-08-07T18:52:24.525Z
697,19476409707,LATERAL_RAISE,LATERAL_RAISE,1,10,27.19.00,82.06.00,2025-06-19T00:26:28.0,218,26,707.34.00,3,2025-08-07T18:52:21.512Z
698,19415182037,SHOULDER_PRESS,SHOULDER_PRESS,3,9,45.38.00,64.39.00,2025-06-12T21:47:03.0,154,27,1225.26.00,3,2025-08-07T18:52:26.511Z
699,19444770480,WEIGHTED_LEG_EXTENSIONS,CRUNCH,3,12,93,88.33.00,2025-06-15T21:47:37.0,152,36,3320.16.00,3,2025-08-07T18:52:24.525Z
700,19476409707,LATERAL_RAISE,LATERAL_RAISE,2,8,27.19.00,82.17.00,2025-06-19T00:30:42.0,218,26,707.34.00,3,2025-08-07T18:52:21.512Z
701,19444770480,CABLE_HAMMER_CURL,CURL,1,12,45.38.00,29.45.00,2025-06-15T21:41:14.0,60,24,1089.1200000000001,2,2025-08-07T18:52:24.525Z
702,19476409707,LATERAL_RAISE,LATERAL_RAISE,3,8,27.19.00,71.35.00,2025-06-19T00:34:01.0,218,26,707.34.00,3,2025-08-07T18:52:21.512Z
703,19444770480,CABLE_HAMMER_CURL,CURL,2,12,45.38.00,36.47.00,2025-06-15T21:52:44.0,60,24,1089.1200000000001,2,2025-08-07T18:52:24.525Z
704,19444770480,WEIGHTED_SEATED_CALF_RAISE,CALF_RAISE,1,20,163.31.00,53.59.00,2025-06-15T21:51:32.0,114,58,9472.38.00,3,2025-08-07T18:52:24.525Z
705,19444770480,WEIGHTED_SEATED_CALF_RAISE,CALF_RAISE,2,18,163.31.00,50.55.00,2025-06-15T21:55:12.0,114,58,9472.38.00,3,2025-08-07T18:52:24.525Z
706,19444770480,WEIGHTED_SEATED_CALF_RAISE,CALF_RAISE,3,20,163.31.00,46.13.00,2025-06-15T22:02:54.0,114,58,9472.38.00,3,2025-08-07T18:52:24.525Z
707,19374558365,CLOSE_GRIP_LAT_PULLDOWN,PULL_UP,1,6,79.38.00,67.06.00,2025-06-08T23:57:33.0,138,12,952.56.00,2,2025-08-07T18:52:35.519Z
708,19374558365,CLOSE_GRIP_LAT_PULLDOWN,PULL_UP,2,6,79.38.00,84.42.00,2025-06-09T00:01:34.0,138,12,952.56.00,2,2025-08-07T18:52:35.519Z
709,19374558365,PULL_UP,PULL_UP,1,8,<null>,39.05.00,2025-06-09T00:05:21.0,56,16,0,2,2025-08-07T18:52:35.519Z
710,19374558365,PULL_UP,PULL_UP,2,8,<null>,27.23.00,2025-06-09T00:22:16.0,56,16,0,2,2025-08-07T18:52:35.519Z
711,19374558365,SEATED_CABLE_ROW,ROW,1,8,72.56.00,64.28.00,2025-06-09T00:08:27.0,97,16,1125.36.00,2,2025-08-07T18:52:35.519Z
712,19374558365,SEATED_CABLE_ROW,ROW,2,8,68.06.00,47.15.00,2025-06-09T00:13:13.0,97,16,1125.36.00,2,2025-08-07T18:52:35.519Z
713,19374558365,WEIGHTED_CRUNCH,CRUNCH,1,8,54.44.00,39.33.00,2025-06-09T00:20:38.0,443,14,762.16.00,2,2025-08-07T18:52:35.519Z
714,19374558365,WEIGHTED_CRUNCH,CRUNCH,2,6,54.44.00,430.25.00,2025-06-09T00:30:54.0,443,14,762.16.00,2,2025-08-07T18:52:35.519Z
715,19364470682,TRICEPS_PRESSDOWN,TRICEPS_EXTENSION,1,8,68.06.00,41.18.00,2025-06-07T23:50:06.0,120,20,1361.2,3,2025-08-07T18:52:40.525Z
716,19364470682,TRICEPS_PRESSDOWN,TRICEPS_EXTENSION,2,6,68.06.00,41.49.00,2025-06-07T23:58:09.0,120,20,1361.2,3,2025-08-07T18:52:40.525Z
717,19364470682,TRICEPS_PRESSDOWN,TRICEPS_EXTENSION,3,6,68.06.00,54.15.00,2025-06-08T00:00:58.0,120,20,1361.2,3,2025-08-07T18:52:40.525Z
718,19364470682,TRICEPS_EXTENSION,TRICEPS_EXTENSION,1,7,59.34.00,47.07.00,2025-06-08T00:07:05.0,157,28,1650.32.00,3,2025-08-07T18:52:40.525Z
719,19364470682,TRICEPS_EXTENSION,TRICEPS_EXTENSION,2,9,59.34.00,81.19.00,2025-06-08T00:11:24.0,157,28,1650.32.00,3,2025-08-07T18:52:40.525Z
720,19364470682,TRICEPS_EXTENSION,TRICEPS_EXTENSION,3,12,59.34.00,48.08.00,2025-06-08T00:19:36.0,157,28,1650.32.00,3,2025-08-07T18:52:40.525Z
721,19364470682,SHOULDER_PRESS,SHOULDER_PRESS,1,8,75.21.00,49.59.00,2025-06-08T00:25:22.0,109,20,1496.2000000000003,3,2025-08-07T18:52:40.525Z
722,19364470682,SHOULDER_PRESS,SHOULDER_PRESS,2,6,75.21.00,30.35.00,2025-06-08T00:28:08.0,109,20,1496.2000000000003,3,2025-08-07T18:52:40.525Z
723,19364470682,SHOULDER_PRESS,SHOULDER_PRESS,3,6,75.21.00,48.49.00,2025-06-08T00:32:09.0,109,20,1496.2000000000003,3,2025-08-07T18:52:40.525Z
724,19364470682,LATERAL_RAISE,LATERAL_RAISE,1,8,25.38.00,44.14.00,2025-06-08T00:35:49.0,135,28,711.04.00,3,2025-08-07T18:52:40.525Z
725,19364470682,LATERAL_RAISE,LATERAL_RAISE,2,10,25.38.00,62.38.00,2025-06-08T00:43:05.0,135,28,711.04.00,3,2025-08-07T18:52:40.525Z
726,19364470682,LATERAL_RAISE,LATERAL_RAISE,3,10,25.38.00,54.15.00,2025-06-08T00:48:51.0,135,28,711.04.00,3,2025-08-07T18:52:40.525Z
727,19354936137,WEIGHTED_LEG_CURL,LEG_CURL,1,8,93,39.06.00,2025-06-07T00:34:13.0,166,30,2789.9,3,2025-08-07T18:52:46.749Z
728,19343610420,UNKNOWN,UNKNOWN,1,8,75.21.00,51.24.00,2025-06-05T17:44:25.0,338,50,3579.14.00,6,2025-08-07T18:52:51.513Z
729,19354936137,WEIGHTED_LEG_CURL,LEG_CURL,2,10,93.39.00,85.55.00,2025-06-07T00:39:34.0,166,30,2789.9,3,2025-08-07T18:52:46.749Z
730,19343610420,UNKNOWN,UNKNOWN,2,9,86.19.00,57.27.00,2025-06-05T18:02:34.0,338,50,3579.14.00,6,2025-08-07T18:52:51.513Z
731,19354936137,WEIGHTED_LEG_CURL,LEG_CURL,3,12,93,56.08.00,2025-06-07T00:48:47.0,166,30,2789.9,3,2025-08-07T18:52:46.749Z
732,19343610420,UNKNOWN,UNKNOWN,3,7,86.19.00,57.03.00,2025-06-05T18:06:43.0,338,50,3579.14.00,6,2025-08-07T18:52:51.513Z
733,19354936137,WEIGHTED_LEG_EXTENSIONS,CRUNCH,1,8,111.13.00,52.09.00,2025-06-07T00:56:39.0,173,30,3333.8999999999996,3,2025-08-07T18:52:46.749Z
734,19343610420,UNKNOWN,UNKNOWN,4,8,86.19.00,70.17.00,2025-06-05T18:09:59.0,338,50,3579.14.00,6,2025-08-07T18:52:51.513Z
735,19354936137,WEIGHTED_LEG_EXTENSIONS,CRUNCH,2,10,111.13.00,29.25.00,2025-06-07T00:59:56.0,173,30,3333.8999999999996,3,2025-08-07T18:52:46.749Z
736,19343610420,UNKNOWN,UNKNOWN,5,6,57.09.00,104.34.00,2025-06-05T18:23:36.0,338,50,3579.14.00,6,2025-08-07T18:52:51.513Z
737,19354936137,WEIGHTED_LEG_EXTENSIONS,CRUNCH,3,12,111.13.00,100.25.00,2025-06-07T01:05:31.0,173,30,3333.8999999999996,3,2025-08-07T18:52:46.749Z
738,19343610420,UNKNOWN,UNKNOWN,6,12,48.03.00,40.44.00,2025-06-05T18:39:34.0,338,50,3579.14.00,6,2025-08-07T18:52:51.513Z
739,19354936137,WEIGHTED_STANDING_CALF_RAISE,CALF_RAISE,1,15,172.38.00,46.54.00,2025-06-07T01:10:46.0,92,37,6378.0599999999995,3,2025-08-07T18:52:46.749Z
740,19343610420,BENCH_PRESS,BENCH_PRESS,1,8,75.21.00,63.16.00,2025-06-05T17:50:41.0,97,14,1047.3400000000001,2,2025-08-07T18:52:51.513Z
741,19354936137,WEIGHTED_STANDING_CALF_RAISE,CALF_RAISE,2,10,172.38.00,34.42.00,2025-06-07T01:20:39.0,92,37,6378.0599999999995,3,2025-08-07T18:52:46.749Z
742,19343610420,BENCH_PRESS,BENCH_PRESS,2,6,75.21.00,50.14.00,2025-06-05T17:57:24.0,97,14,1047.3400000000001,2,2025-08-07T18:52:51.513Z
743,19354936137,WEIGHTED_STANDING_CALF_RAISE,CALF_RAISE,3,12,172.38.00,38.25.00,2025-06-07T01:27:33.0,92,37,6378.0599999999995,3,2025-08-07T18:52:46.749Z
744,19343610420,CURL,CURL,1,7,57.09.00,58.58.00,2025-06-05T18:17:59.0,45,7,397.23.00,1,2025-08-07T18:52:51.513Z
745,19343610420,LATERAL_RAISE,LATERAL_RAISE,1,12,45.38.00,29.32.00,2025-06-05T18:29:04.0,88,28,1143.52.00,3,2025-08-07T18:52:51.513Z
746,19343610420,LATERAL_RAISE,LATERAL_RAISE,2,8,38.56.00,30,2025-06-05T18:41:28.0,88,28,1143.52.00,3,2025-08-07T18:52:51.513Z
747,19343610420,LATERAL_RAISE,LATERAL_RAISE,3,8,36.31.00,37.43.00,2025-06-05T18:43:43.0,88,28,1143.52.00,3,2025-08-07T18:52:51.513Z
748,19314349203,WEIGHTED_LEG_CURL,LEG_CURL,1,6,93,309.43.00,2025-06-02T18:28:21.0,390,28,2604,3,2025-08-07T18:53:01.526Z
749,19332930977,CLOSE_GRIP_LAT_PULLDOWN,PULL_UP,1,10,68.06.00,59.36.00,2025-06-04T15:29:20.0,160,26,1914.6799999999998,3,2025-08-07T18:52:56.524Z
750,19314349203,WEIGHTED_LEG_CURL,LEG_CURL,2,10,93,83.41.00,2025-06-02T18:38:02.0,390,28,2604,3,2025-08-07T18:53:01.526Z
751,19332930977,CLOSE_GRIP_LAT_PULLDOWN,PULL_UP,2,8,77.13.00,53.35.00,2025-06-04T15:39:17.0,160,26,1914.6799999999998,3,2025-08-07T18:52:56.524Z
752,19314349203,WEIGHTED_LEG_CURL,LEG_CURL,3,12,93,18.39,2025-06-02T18:45:40.0,390,28,2604,3,2025-08-07T18:53:01.526Z
753,19332930977,CLOSE_GRIP_LAT_PULLDOWN,PULL_UP,3,8,77.13.00,63.19.00,2025-06-04T15:44:46.0,160,26,1914.6799999999998,3,2025-08-07T18:52:56.524Z
754,19314349203,LEG_PRESS,SQUAT,1,8,113.38.00,54.49.00,2025-06-02T18:58:21.0,205,28,3175.04.00,3,2025-08-07T18:53:01.526Z
755,19332930977,SEATED_CABLE_ROW,ROW,1,8,70.31.00,164.27.00,2025-06-04T15:49:34.0,338,28,1969.08.00,3,2025-08-07T18:52:56.524Z
756,19314349203,LEG_PRESS,SQUAT,2,8,113.38.00,80.34.00,2025-06-02T19:07:13.0,205,28,3175.04.00,3,2025-08-07T18:53:01.526Z
757,19332930977,SEATED_CABLE_ROW,ROW,2,8,70.31.00,109.16.00,2025-06-04T15:56:15.0,338,28,1969.08.00,3,2025-08-07T18:52:56.524Z
758,19314349203,LEG_PRESS,SQUAT,3,12,113.38.00,104.05.00,2025-06-02T19:18:03.0,205,28,3175.04.00,3,2025-08-07T18:53:01.526Z
759,19332930977,SEATED_CABLE_ROW,ROW,3,12,70.31.00,89.13.00,2025-06-04T16:02:31.0,338,28,1969.08.00,3,2025-08-07T18:52:56.524Z
760,19314349203,WEIGHTED_LEG_EXTENSIONS,CRUNCH,1,10,109.28.00,27.12.00,2025-06-02T19:27:29.0,109,34,3755.9199999999996,3,2025-08-07T18:53:01.526Z
761,19332930977,PULL_UP,PULL_UP,1,8,<null>,40.58.00,2025-06-04T16:07:40.0,88,16,0,2,2025-08-07T18:52:56.524Z
762,19314349203,WEIGHTED_LEG_EXTENSIONS,CRUNCH,2,12,111.13.00,48.16.00,2025-06-02T19:32:09.0,109,34,3755.9199999999996,3,2025-08-07T18:53:01.526Z
763,19332930977,PULL_UP,PULL_UP,2,8,<null>,58.32.00,2025-06-04T16:12:09.0,88,16,0,2,2025-08-07T18:52:56.524Z
764,19314349203,WEIGHTED_LEG_EXTENSIONS,CRUNCH,3,12,111.13.00,50.58.00,2025-06-02T19:40:15.0,109,34,3755.9199999999996,3,2025-08-07T18:53:01.526Z
765,19332930977,SHOULDER_PRESS,SHOULDER_PRESS,1,12,75.21.00,49.58.00,2025-06-04T16:34:09.0,166,28,2131.8,3,2025-08-07T18:52:56.524Z
766,19314349203,SEATED_REAR_LATERAL_RAISE,LATERAL_RAISE,1,10,57.09.00,32.48.00,2025-06-02T19:43:17.0,113,26,1510.34.00,3,2025-08-07T18:53:01.526Z
767,19332930977,SHOULDER_PRESS,SHOULDER_PRESS,2,8,77.13.00,69.14.00,2025-06-04T16:40:53.0,166,28,2131.8,3,2025-08-07T18:52:56.524Z
768,19314349203,SEATED_REAR_LATERAL_RAISE,LATERAL_RAISE,2,8,59.34.00,55.22.00,2025-06-02T19:45:16.0,113,26,1510.34.00,3,2025-08-07T18:53:01.526Z
769,19332930977,SHOULDER_PRESS,SHOULDER_PRESS,3,8,77.13.00,78.27.00,2025-06-04T16:47:47.0,166,28,2131.8,3,2025-08-07T18:52:56.524Z
770,19314349203,SEATED_REAR_LATERAL_RAISE,LATERAL_RAISE,3,8,59.34.00,32.29.00,2025-06-02T19:48:24.0,113,26,1510.34.00,3,2025-08-07T18:53:01.526Z
771,19332930977,SEATED_REAR_LATERAL_RAISE,LATERAL_RAISE,1,8,59.34.00,51.28.00,2025-06-04T16:50:22.0,104,26,1532.44.00,3,2025-08-07T18:52:56.524Z
772,19314349203,LEG_ADDUCTION,BANDED_EXERCISES,1,12,86.19.00,41.19.00,2025-06-02T19:51:59.0,105,32,2758.08.00,3,2025-08-07T18:53:01.526Z
773,19332930977,SEATED_REAR_LATERAL_RAISE,LATERAL_RAISE,2,10,59.34.00,41.32.00,2025-06-04T16:53:03.0,104,26,1532.44.00,3,2025-08-07T18:52:56.524Z
774,19314349203,LEG_ADDUCTION,BANDED_EXERCISES,2,10,86.19.00,38.02.00,2025-06-02T19:56:01.0,105,32,2758.08.00,3,2025-08-07T18:53:01.526Z
775,19332930977,SEATED_REAR_LATERAL_RAISE,LATERAL_RAISE,3,8,59.34.00,36.14.00,2025-06-04T16:58:41.0,104,26,1532.44.00,3,2025-08-07T18:52:56.524Z
776,19314349203,LEG_ADDUCTION,BANDED_EXERCISES,3,10,86.19.00,35.44.00,2025-06-02T20:00:57.0,105,32,2758.08.00,3,2025-08-07T18:53:01.526Z
777,19332930977,LATERAL_RAISE,LATERAL_RAISE,1,12,25.38.00,57.25.00,2025-06-04T17:00:16.0,171,30,761.4,3,2025-08-07T18:52:56.524Z
778,19314349203,LEG_ABDUCTION,BANDED_EXERCISES,1,16,93,34.35.00,2025-06-02T20:03:42.0,69,40,3720,2,2025-08-07T18:53:01.526Z
779,19332930977,LATERAL_RAISE,LATERAL_RAISE,2,10,25.38.00,64.18.00,2025-06-04T17:08:31.0,171,30,761.4,3,2025-08-07T18:52:56.524Z
780,19314349203,LEG_ABDUCTION,BANDED_EXERCISES,2,24,93,54.37.00,2025-06-02T20:08:04.0,69,40,3720,2,2025-08-07T18:53:01.526Z
781,19332930977,LATERAL_RAISE,LATERAL_RAISE,3,8,25.38.00,60.19.00,2025-06-04T17:13:01.0,171,30,761.4,3,2025-08-07T18:52:56.524Z
782,19314349203,WEIGHTED_CRUNCH,CRUNCH,1,10,52.19.00,47.23.00,2025-06-02T20:11:08.0,99,18,957.42.00,2,2025-08-07T18:53:01.526Z
783,19332930977,TRICEPS_PRESSDOWN,TRICEPS_EXTENSION,1,8,66.15.00,42.03.00,2025-06-04T17:17:22.0,87,16,1052,2,2025-08-07T18:52:56.524Z
784,19314349203,WEIGHTED_CRUNCH,CRUNCH,2,8,54.44.00,62.44.00,2025-06-02T20:14:19.0,99,18,957.42.00,2,2025-08-07T18:53:01.526Z
785,19332930977,TRICEPS_PRESSDOWN,TRICEPS_EXTENSION,2,8,66.15.00,59.53.00,2025-06-04T17:20:48.0,87,16,1052,2,2025-08-07T18:52:56.524Z
786,19314349203,WEIGHTED_STANDING_CALF_RAISE,CALF_RAISE,1,16,172.38.00,40.41.00,2025-06-02T20:17:20.0,89,42,7285.36.00,3,2025-08-07T18:53:01.526Z
787,19332930977,CABLE_OVERHEAD_TRICEPS_EXTENSION,TRICEPS_EXTENSION,1,8,57.09.00,57.21.00,2025-06-04T17:24:01.0,173,25,1417.25.00,3,2025-08-07T18:52:56.524Z
788,19314349203,WEIGHTED_STANDING_CALF_RAISE,CALF_RAISE,2,10,177.28.00,32.03.00,2025-06-02T20:23:14.0,89,42,7285.36.00,3,2025-08-07T18:53:01.526Z
789,19332930977,CABLE_OVERHEAD_TRICEPS_EXTENSION,TRICEPS_EXTENSION,2,9,57.09.00,74.22.00,2025-06-04T17:29:01.0,173,25,1417.25.00,3,2025-08-07T18:52:56.524Z
790,19314349203,WEIGHTED_STANDING_CALF_RAISE,CALF_RAISE,3,16,172.38.00,27.15.00,2025-06-02T20:27:20.0,89,42,7285.36.00,3,2025-08-07T18:53:01.526Z
791,19332930977,CABLE_OVERHEAD_TRICEPS_EXTENSION,TRICEPS_EXTENSION,3,8,57.09.00,55.29.00,2025-06-04T17:34:37.0,173,25,1417.25.00,3,2025-08-07T18:52:56.524Z
792,19332930977,TRICEPS_PRESS,TRICEPS_EXTENSION,1,6,88.44.00,75.55.00,2025-06-04T17:38:24.0,65,6,531.04.00,1,2025-08-07T18:52:56.524Z
793,19305226489,CLOSE_GRIP_LAT_PULLDOWN,PULL_UP,1,8,77.13.00,60.02.00,2025-06-01T18:58:55.0,189,22,1697.26.00,3,2025-08-07T18:53:07.517Z
794,19305227259,TRICEPS_PRESS,TRICEPS_EXTENSION,1,5,102.06.00,316.43.00,2025-06-01T21:59:26.0,471,11,1095.3,2,2025-08-07T18:53:06.521Z
795,19305226489,CLOSE_GRIP_LAT_PULLDOWN,PULL_UP,2,6,77.13.00,88.05.00,2025-06-01T19:06:29.0,189,22,1697.26.00,3,2025-08-07T18:53:07.517Z
796,19305227259,TRICEPS_PRESS,TRICEPS_EXTENSION,2,6,97.5,168.19.00,2025-06-01T22:12:26.0,471,11,1095.3,2,2025-08-07T18:53:06.521Z
797,19305226489,CLOSE_GRIP_LAT_PULLDOWN,PULL_UP,3,8,77.13.00,46.27.00,2025-06-01T19:11:50.0,189,22,1697.26.00,3,2025-08-07T18:53:07.517Z
798,19305227259,TRICEPS_PRESSDOWN,TRICEPS_EXTENSION,1,7,63.5,201.36.00,2025-06-01T22:24:27.0,234,13,825.5,2,2025-08-07T18:53:06.521Z
799,19305226489,SEATED_CABLE_ROW,ROW,1,12,68.06.00,55.58.00,2025-06-01T19:20:17.0,117,32,2178.32.00,3,2025-08-07T18:53:07.517Z
800,19305227259,TRICEPS_PRESSDOWN,TRICEPS_EXTENSION,2,6,63.5,52.16.00,2025-06-01T22:32:42.0,234,13,825.5,2,2025-08-07T18:53:06.521Z
801,19305226489,SEATED_CABLE_ROW,ROW,2,10,68.06.00,58.59.00,2025-06-01T19:26:35.0,117,32,2178.32.00,3,2025-08-07T18:53:07.517Z
802,19305227259,EZ_BAR_OVERHEAD_TRICEPS_EXTENSION,TRICEPS_EXTENSION,1,8,54.44.00,83.15.00,2025-06-01T22:38:38.0,414,20,1088.8,2,2025-08-07T18:53:06.521Z
803,19305226489,SEATED_CABLE_ROW,ROW,3,10,68.06.00,30.15.00,2025-06-01T19:31:47.0,117,32,2178.32.00,3,2025-08-07T18:53:07.517Z
804,19305227259,EZ_BAR_OVERHEAD_TRICEPS_EXTENSION,TRICEPS_EXTENSION,2,12,54.44.00,348.21.00,2025-06-01T22:45:05.0,414,20,1088.8,2,2025-08-07T18:53:06.521Z
805,19305226489,WIDE_GRIP_PULL_UP,PULL_UP,1,6,<null>,32.42.00,2025-06-01T19:34:23.0,56,12,0,2,2025-08-07T18:53:07.517Z
806,19305227259,SHOULDER_PRESS,SHOULDER_PRESS,1,8,70.31.00,246.57.00,2025-06-01T23:04:10.0,620,18,1265.58.00,2,2025-08-07T18:53:06.521Z
807,19305226489,WIDE_GRIP_PULL_UP,PULL_UP,2,6,<null>,28.16.00,2025-06-01T19:37:48.0,56,12,0,2,2025-08-07T18:53:07.517Z
808,19305227259,SHOULDER_PRESS,SHOULDER_PRESS,2,10,70.31.00,383.26.00,2025-06-01T23:11:02.0,620,18,1265.58.00,2,2025-08-07T18:53:06.521Z
809,19305226489,BARBELL_WRIST_CURL,CURL,1,32,11.31,81.45.00,2025-06-01T19:42:16.0,145,40,525.44.00,2,2025-08-07T18:53:07.517Z
810,19305227259,LATERAL_RAISE,LATERAL_RAISE,1,8,23.09,82.54.00,2025-06-01T23:19:54.0,87,28,635.32.00,2,2025-08-07T18:53:06.521Z
811,19305226489,BARBELL_WRIST_CURL,CURL,2,8,20.44,74.17.00,2025-06-01T19:46:26.0,145,40,525.44.00,2,2025-08-07T18:53:07.517Z
812,19305227259,LATERAL_RAISE,LATERAL_RAISE,2,20,23.09,19.41,2025-06-01T23:22:24.0,87,28,635.32.00,2,2025-08-07T18:53:06.521Z
813,19305226489,EZ_BAR_PREACHER_CURL,CURL,1,6,57.09.00,56.16.00,2025-06-01T20:29:11.0,89,12,680.28.00,2,2025-08-07T18:53:07.517Z
814,19305227259,LEG_RAISE,LEG_RAISE,1,12,<null>,57.45.00,2025-06-01T23:26:01.0,151,32,0,2,2025-08-07T18:53:06.521Z
815,19305226489,EZ_BAR_PREACHER_CURL,CURL,2,6,57.09.00,51.46.00,2025-06-01T20:40:16.0,89,12,680.28.00,2,2025-08-07T18:53:07.517Z
816,19305227259,LEG_RAISE,LEG_RAISE,2,20,<null>,94.28.00,2025-06-01T23:28:09.0,151,32,0,2,2025-08-07T18:53:06.521Z
817,19305226489,CABLE_HAMMER_CURL,CURL,1,10,45.38.00,39.51.00,2025-06-01T20:46:08.0,219,18,853.24.00,2,2025-08-07T18:53:07.517Z
818,19305226489,CABLE_HAMMER_CURL,CURL,2,8,50.28.00,184.15.00,2025-06-01T20:49:43.0,219,18,853.24.00,2,2025-08-07T18:53:07.517Z
819,19305226489,REVERSE_EZ_BAR_CURL,CURL,1,8,41.21.00,45.41.00,2025-06-01T21:00:45.0,242,20,762.2,2,2025-08-07T18:53:07.517Z
820,19305226489,REVERSE_EZ_BAR_CURL,CURL,2,12,36.31.00,208.37.00,2025-06-01T21:06:34.0,242,20,762.2,2,2025-08-07T18:53:07.517Z
821,19305226489,FLYE,FLYE,1,10,82.03.00,48.25.00,2025-06-01T21:14:19.0,148,20,1655.6999999999998,2,2025-08-07T18:53:07.517Z
822,19305226489,FLYE,FLYE,2,10,84.34.00,109.24.00,2025-06-01T21:22:13.0,148,20,1655.6999999999998,2,2025-08-07T18:53:07.517Z
823,19305226489,INCLINE_DUMBBELL_BENCH_PRESS,BENCH_PRESS,1,7,54.44.00,62.51.00,2025-06-01T21:33:21.0,115,13,708.06.00,2,2025-08-07T18:53:07.517Z
824,19305226489,INCLINE_DUMBBELL_BENCH_PRESS,BENCH_PRESS,2,6,54.43.00,60,<null>,115,13,708.06.00,2,2025-08-07T18:53:07.517Z
825,19272315493,INCLINE_SMITH_MACHINE_BENCH_PRESS,BENCH_PRESS,1,8,75.21.00,69.16.00,2025-05-29T16:43:39.0,99,15,1122.15.00,2,2025-08-07T18:53:16.526Z
826,19272315493,INCLINE_SMITH_MACHINE_BENCH_PRESS,BENCH_PRESS,2,7,75.21.00,53.31.00,2025-05-29T16:52:33.0,99,15,1122.15.00,2,2025-08-07T18:53:16.526Z
827,19272315493,EZ_BAR_PREACHER_CURL,CURL,1,6,57.09.00,48.25.00,2025-05-29T16:59:30.0,111,12,680.28.00,2,2025-08-07T18:53:16.526Z
828,19272315493,EZ_BAR_PREACHER_CURL,CURL,2,6,57.09.00,72.22.00,2025-05-29T17:05:07.0,111,12,680.28.00,2,2025-08-07T18:53:16.526Z
829,19272315493,CABLE_HAMMER_CURL,CURL,1,10,45.38.00,36.36.00,2025-05-29T17:08:24.0,54,25,1134.5,2,2025-08-07T18:53:16.526Z
830,19272315493,CABLE_HAMMER_CURL,CURL,2,15,45.38.00,34.23.00,2025-05-29T17:15:01.0,54,25,1134.5,2,2025-08-07T18:53:16.526Z
831,19272315493,REVERSE_EZ_BAR_CURL,CURL,1,6,41.21.00,38.18.00,2025-05-29T17:18:36.0,153,18,680.58.00,2,2025-08-07T18:53:16.526Z
832,19272315493,REVERSE_EZ_BAR_CURL,CURL,2,12,36.31.00,131.34.00,2025-05-29T17:27:02.0,153,18,680.58.00,2,2025-08-07T18:53:16.526Z
833,19272315493,FLYE,FLYE,1,10,84.34.00,61.28.00,2025-05-29T17:20:38.0,90,20,1678.8,2,2025-08-07T18:53:16.526Z
834,19272315493,FLYE,FLYE,2,10,84.34.00,48.32.00,2025-05-29T17:25:22.0,90,20,1678.8,2,2025-08-07T18:53:16.526Z
835,19253664935,NEUTRAL_GRIP_PULL_UP,PULL_UP,1,6,<null>,40.56.00,2025-05-27T19:05:04.0,39,6,0,1,2025-08-07T18:53:24.519Z
836,19253664935,CLOSE_GRIP_LAT_PULLDOWN,PULL_UP,1,8,77.13.00,53.43.00,2025-05-27T19:12:47.0,87,16,1234.08.00,2,2025-08-07T18:53:24.519Z
837,19253664935,CLOSE_GRIP_LAT_PULLDOWN,PULL_UP,2,8,77.13.00,59.46.00,2025-05-27T19:18:14.0,87,16,1234.08.00,2,2025-08-07T18:53:24.519Z
838,19253664935,SEATED_CABLE_ROW,ROW,1,8,68.06.00,53.26.00,2025-05-27T19:22:25.0,227,30,2041.8000000000002,3,2025-08-07T18:53:24.519Z
839,19253664935,SEATED_CABLE_ROW,ROW,2,12,68.06.00,80.04.00,2025-05-27T19:27:42.0,227,30,2041.8000000000002,3,2025-08-07T18:53:24.519Z
840,19253664935,SEATED_CABLE_ROW,ROW,3,10,68.06.00,116.55.00,2025-05-27T19:35:04.0,227,30,2041.8000000000002,3,2025-08-07T18:53:24.519Z
841,19253664935,TRICEPS_PRESSDOWN,TRICEPS_EXTENSION,1,10,63.5,54.01.00,2025-05-27T19:42:24.0,120,27,1714.5,3,2025-08-07T18:53:24.519Z
842,19253664935,TRICEPS_PRESSDOWN,TRICEPS_EXTENSION,2,9,63.5,43.07.00,2025-05-27T19:47:30.0,120,27,1714.5,3,2025-08-07T18:53:24.519Z
843,19253664935,TRICEPS_PRESSDOWN,TRICEPS_EXTENSION,3,8,63.5,40.12.00,2025-05-27T19:50:44.0,120,27,1714.5,3,2025-08-07T18:53:24.519Z
844,19253664935,CABLE_OVERHEAD_TRICEPS_EXTENSION,TRICEPS_EXTENSION,1,10,54.44.00,48.7,2025-05-27T19:53:44.0,144,29,1578.7599999999998,3,2025-08-07T18:53:24.519Z
845,19253664935,CABLE_OVERHEAD_TRICEPS_EXTENSION,TRICEPS_EXTENSION,2,11,54.44.00,57.28.00,2025-05-27T19:58:36.0,144,29,1578.7599999999998,3,2025-08-07T18:53:24.519Z
846,19253664935,CABLE_OVERHEAD_TRICEPS_EXTENSION,TRICEPS_EXTENSION,3,8,54.44.00,58.23.00,2025-05-27T20:01:49.0,144,29,1578.7599999999998,3,2025-08-07T18:53:24.519Z
847,19245318997,WEIGHTED_CRUNCH,CRUNCH,1,8,54.44.00,56.11.00,2025-05-26T22:01:32.0,154,20,1088.8,3,2025-08-07T18:53:29.566Z
848,19245318936,INCLINE_SMITH_MACHINE_BENCH_PRESS,BENCH_PRESS,1,8,75.21.00,51.14.00,2025-05-26T20:26:05.0,129,20,1496.2000000000003,3,2025-08-07T18:53:32.514Z
849,19245318997,WEIGHTED_CRUNCH,CRUNCH,2,6,54.44.00,35.28.00,2025-05-26T22:08:29.0,154,20,1088.8,3,2025-08-07T18:53:29.566Z
850,19245318936,INCLINE_SMITH_MACHINE_BENCH_PRESS,BENCH_PRESS,2,6,75.21.00,41.51.00,2025-05-26T20:30:02.0,129,20,1496.2000000000003,3,2025-08-07T18:53:32.514Z
851,19245318997,WEIGHTED_CRUNCH,CRUNCH,3,6,54.44.00,85.48.00,2025-05-26T22:14:29.0,154,20,1088.8,3,2025-08-07T18:53:29.566Z
852,19245318936,INCLINE_SMITH_MACHINE_BENCH_PRESS,BENCH_PRESS,3,6,75.21.00,40.27.00,2025-05-26T20:34:13.0,129,20,1496.2000000000003,3,2025-08-07T18:53:32.514Z
853,19245318997,REVERSE_EZ_BAR_CURL,CURL,1,12,36.31.00,94.24.00,2025-05-26T22:19:00.0,454,36,1307.16.00,3,2025-08-07T18:53:29.566Z
854,19245318936,SHOULDER_PRESS,SHOULDER_PRESS,1,6,75.21.00,37.14.00,2025-05-26T20:37:46.0,168,18,1346.58.00,3,2025-08-07T18:53:32.514Z
855,19245318997,REVERSE_EZ_BAR_CURL,CURL,2,12,36.31.00,47.47.00,2025-05-26T22:24:52.0,454,36,1307.16.00,3,2025-08-07T18:53:29.566Z
856,19245318936,SHOULDER_PRESS,SHOULDER_PRESS,2,6,75.21.00,72.16.00,2025-05-26T20:41:54.0,168,18,1346.58.00,3,2025-08-07T18:53:32.514Z
857,19245318997,REVERSE_EZ_BAR_CURL,CURL,3,12,36.31.00,338.44.00,2025-05-26T22:28:51.0,454,36,1307.16.00,3,2025-08-07T18:53:29.566Z
858,19245318936,SHOULDER_PRESS,SHOULDER_PRESS,3,6,75.21.00,82.22.00,2025-05-26T20:47:52.0,168,18,1346.58.00,3,2025-08-07T18:53:32.514Z
859,19245318997,EZ_BAR_PREACHER_CURL,CURL,1,6,54.44.00,288.31.00,2025-05-26T22:45:48.0,404,17,950.23.00,3,2025-08-07T18:53:29.566Z
860,19245318936,LATERAL_RAISE,LATERAL_RAISE,1,10,25.38.00,64.57.00,2025-05-26T20:51:55.0,154,26,660.28.00,3,2025-08-07T18:53:32.514Z
861,19245318997,EZ_BAR_PREACHER_CURL,CURL,2,6,57.09.00,84.58.00,2025-05-26T22:59:07.0,404,17,950.23.00,3,2025-08-07T18:53:29.566Z
862,19245318936,LATERAL_RAISE,LATERAL_RAISE,2,8,25.38.00,56.12.00,2025-05-26T20:56:45.0,154,26,660.28.00,3,2025-08-07T18:53:32.514Z
863,19245318997,EZ_BAR_PREACHER_CURL,CURL,3,5,57.09.00,53.09.00,2025-05-26T23:16:57.0,404,17,950.23.00,3,2025-08-07T18:53:29.566Z
864,19245318936,LATERAL_RAISE,LATERAL_RAISE,3,8,25.38.00,63.39.00,2025-05-26T21:01:04.0,154,26,660.28.00,3,2025-08-07T18:53:32.514Z
865,19245318997,CABLE_HAMMER_CURL,CURL,1,10,45.38.00,80.21.00,2025-05-26T23:21:24.0,112,20,907.4000000000001,2,2025-08-07T18:53:29.566Z
866,19245318936,INCLINE_DUMBBELL_BENCH_PRESS,BENCH_PRESS,1,8,50.28.00,85.07.00,2025-05-26T21:09:47.0,159,14,698.32.00,2,2025-08-07T18:53:32.514Z
867,19245318997,CABLE_HAMMER_CURL,CURL,2,10,45.36.00,43.29.00,2025-05-26T23:24:31.0,112,20,907.4000000000001,2,2025-08-07T18:53:29.566Z
868,19245318936,INCLINE_DUMBBELL_BENCH_PRESS,BENCH_PRESS,2,6,50.28.00,91.46.00,2025-05-26T21:16:00.0,159,14,698.32.00,2,2025-08-07T18:53:32.514Z
869,19245318997,SEATED_REAR_LATERAL_RAISE,LATERAL_RAISE,1,10,57.09.00,110.54.00,2025-05-26T23:27:30.0,424,26,1546.9,3,2025-08-07T18:53:29.566Z
870,19245318997,SEATED_REAR_LATERAL_RAISE,LATERAL_RAISE,2,8,61.25.00,288.27.00,2025-05-26T23:33:34.0,424,26,1546.9,3,2025-08-07T18:53:29.566Z
871,19245318997,SEATED_REAR_LATERAL_RAISE,LATERAL_RAISE,3,8,61.25.00,58.04.00,2025-05-26T23:40:56.0,424,26,1546.9,3,2025-08-07T18:53:29.566Z
872,19245318997,LEG_ABDUCTION,BANDED_EXERCISES,1,16,93,39.33.00,2025-05-26T23:43:50.0,65,32,2976,2,2025-08-07T18:53:29.566Z
873,19245318997,LEG_ABDUCTION,BANDED_EXERCISES,2,16,93,29.47.00,2025-05-26T23:49:38.0,65,32,2976,2,2025-08-07T18:53:29.566Z
874,19245318997,LEG_ADDUCTION,BANDED_EXERCISES,1,15,88.44.00,32.43.00,2025-05-26T23:45:12.0,69,25,2211,2,2025-08-07T18:53:29.566Z
875,19245318997,LEG_ADDUCTION,BANDED_EXERCISES,2,10,88.44.00,40.46.00,2025-05-26T23:51:25.0,69,25,2211,2,2025-08-07T18:53:29.566Z
876,19225588539,WEIGHTED_LEG_CURL,LEG_CURL,1,10,93,39.54.00,2025-05-24T23:34:40.0,110,32,2976,3,2025-08-07T18:53:37.520Z
877,19215295592,SHOULDER_PRESS,SHOULDER_PRESS,1,8,72.56.00,45.01.00,2025-05-23T19:32:21.0,80,16,1161.36.00,2,2025-08-07T18:53:42.522Z
878,19225588539,WEIGHTED_LEG_CURL,LEG_CURL,2,10,93,42.17.00,2025-05-24T23:40:12.0,110,32,2976,3,2025-08-07T18:53:37.520Z
879,19215295592,SHOULDER_PRESS,SHOULDER_PRESS,2,8,72.56.00,45.25.00,2025-05-23T19:36:05.0,80,16,1161.36.00,2,2025-08-07T18:53:42.522Z
880,19225588539,WEIGHTED_LEG_CURL,LEG_CURL,3,12,93,42.48.00,2025-05-24T23:46:23.0,110,32,2976,3,2025-08-07T18:53:37.520Z
881,19215295592,LATERAL_RAISE,LATERAL_RAISE,1,8,23.09,57.46.00,2025-05-23T19:38:57.0,166,28,635.32.00,3,2025-08-07T18:53:42.522Z
882,19225588539,LEG_PRESS,SQUAT,1,12,104.31.00,57.29.00,2025-05-24T23:53:26.0,124,22,2340.52.00,2,2025-08-07T18:53:37.520Z
883,19215295592,LATERAL_RAISE,LATERAL_RAISE,2,10,23.09,65.13.00,2025-05-23T19:42:49.0,166,28,635.32.00,3,2025-08-07T18:53:42.522Z
884,19225588539,LEG_PRESS,SQUAT,2,10,109.28.00,85.17.00,2025-05-25T00:01:51.0,124,22,2340.52.00,2,2025-08-07T18:53:37.520Z
885,19215295592,LATERAL_RAISE,LATERAL_RAISE,3,10,23.09,62.52.00,2025-05-23T19:48:04.0,166,28,635.32.00,3,2025-08-07T18:53:42.522Z
886,19225588539,WEIGHTED_LEG_EXTENSIONS,CRUNCH,1,12,111.13.00,50.31.00,2025-05-25T00:08:56.0,259,36,4001.08.00,3,2025-08-07T18:53:37.520Z
887,19215295592,PULL_UP,PULL_UP,1,8,<null>,168.18.00,2025-05-23T19:50:34.0,189,16,0,2,2025-08-07T18:53:42.522Z
888,19225588539,WEIGHTED_LEG_EXTENSIONS,CRUNCH,2,12,111.13.00,94.49.00,2025-05-25T00:17:11.0,259,36,4001.08.00,3,2025-08-07T18:53:37.520Z
889,19215295592,PULL_UP,PULL_UP,2,8,<null>,44.31.00,2025-05-23T19:58:26.0,189,16,0,2,2025-08-07T18:53:42.522Z
890,19225588539,WEIGHTED_LEG_EXTENSIONS,CRUNCH,3,12,111.13.00,148.32.00,2025-05-25T00:24:37.0,259,36,4001.08.00,3,2025-08-07T18:53:37.520Z
891,19215295592,CLOSE_GRIP_LAT_PULLDOWN,PULL_UP,1,8,77.13.00,52.11.00,2025-05-23T20:03:19.0,364,14,1080.22.00,2,2025-08-07T18:53:42.522Z
892,19225588539,WEIGHTED_CRUNCH,CRUNCH,1,8,52.19.00,44.34.00,2025-05-25T00:31:52.0,136,20,1043.8,3,2025-08-07T18:53:37.520Z
893,19215295592,CLOSE_GRIP_LAT_PULLDOWN,PULL_UP,2,6,77.13.00,326.12.00,2025-05-23T20:09:05.0,364,14,1080.22.00,2,2025-08-07T18:53:42.522Z
894,19225588539,WEIGHTED_CRUNCH,CRUNCH,2,6,52.19.00,49.47.00,2025-05-25T00:39:31.0,136,20,1043.8,3,2025-08-07T18:53:37.520Z
895,19215295592,SEATED_CABLE_ROW,ROW,1,10,68.06.00,45.27.00,2025-05-23T20:16:35.0,191,18,1225.08.00,2,2025-08-07T18:53:42.522Z
896,19225588539,WEIGHTED_CRUNCH,CRUNCH,3,6,52.19.00,72.32.00,2025-05-25T00:46:25.0,136,20,1043.8,3,2025-08-07T18:53:37.520Z
897,19215295592,SEATED_CABLE_ROW,ROW,2,8,68.06.00,158.08.00,2025-05-23T20:23:07.0,191,18,1225.08.00,2,2025-08-07T18:53:42.522Z
898,19225588539,WEIGHTED_STANDING_CALF_RAISE,CALF_RAISE,1,16,177.28.00,33.43.00,2025-05-25T00:48:39.0,97,48,8636.16.00,3,2025-08-07T18:53:37.520Z
899,19215295592,TRICEPS_PRESSDOWN,TRICEPS_EXTENSION,1,8,63.5,55.23.00,2025-05-23T20:34:36.0,259,26,1651,3,2025-08-07T18:53:42.522Z
900,19225588539,WEIGHTED_STANDING_CALF_RAISE,CALF_RAISE,2,12,181.44.00,46.41.00,2025-05-25T00:53:35.0,97,48,8636.16.00,3,2025-08-07T18:53:37.520Z
901,19215295592,TRICEPS_PRESSDOWN,TRICEPS_EXTENSION,2,8,63.5,172.27.00,2025-05-23T20:40:07.0,259,26,1651,3,2025-08-07T18:53:42.522Z
902,19225588539,WEIGHTED_STANDING_CALF_RAISE,CALF_RAISE,3,20,181.44.00,41.05.00,2025-05-25T00:58:26.0,97,48,8636.16.00,3,2025-08-07T18:53:37.520Z
903,19215295592,TRICEPS_PRESSDOWN,TRICEPS_EXTENSION,3,10,63.5,70.13.00,2025-05-23T20:48:12.0,259,26,1651,3,2025-08-07T18:53:42.522Z
904,19215295592,TRICEPS_EXTENSION,TRICEPS_EXTENSION,1,10,50.28.00,65.06.00,2025-05-23T20:51:49.0,195,26,1297.28.00,3,2025-08-07T18:53:42.522Z
905,19215295592,TRICEPS_EXTENSION,TRICEPS_EXTENSION,2,8,50.28.00,50.09.00,2025-05-23T20:56:01.0,195,26,1297.28.00,3,2025-08-07T18:53:42.522Z
906,19215295592,TRICEPS_EXTENSION,TRICEPS_EXTENSION,3,8,50.28.00,108.15.00,2025-05-23T21:03:30.0,195,26,1297.28.00,3,2025-08-07T18:53:42.522Z
907,19196637757,WEIGHTED_LEG_CURL,LEG_CURL,1,8,93,44.27.00,2025-05-21T19:32:30.0,130,28,2604,3,2025-08-07T18:53:52.515Z
908,19206011173,INCLINE_SMITH_MACHINE_BENCH_PRESS,BENCH_PRESS,1,8,75.21.00,48.21.00,2025-05-22T18:43:17.0,82,15,1122.15.00,2,2025-08-07T18:53:47.522Z
909,19196637757,WEIGHTED_LEG_CURL,LEG_CURL,2,10,93,43.44.00,2025-05-21T19:39:52.0,130,28,2604,3,2025-08-07T18:53:52.515Z
910,19206011173,INCLINE_SMITH_MACHINE_BENCH_PRESS,BENCH_PRESS,2,7,75.21.00,53.01.00,2025-05-22T18:48:55.0,82,15,1122.15.00,2,2025-08-07T18:53:47.522Z
911,19196637757,WEIGHTED_LEG_CURL,LEG_CURL,3,10,93,70.21.00,2025-05-21T19:42:53.0,130,28,2604,3,2025-08-07T18:53:52.515Z
912,19206011173,EZ_BAR_PREACHER_CURL,CURL,1,6,57.09.00,52.19.00,2025-05-22T18:54:03.0,84,12,680.28.00,2,2025-08-07T18:53:47.522Z
913,19196637757,BARBELL_HACK_SQUAT,SQUAT,1,8,102.06.00,54.21.00,2025-05-21T19:46:41.0,99,14,1428.8400000000001,2,2025-08-07T18:53:52.515Z
914,19206011173,EZ_BAR_PREACHER_CURL,CURL,2,6,57.09.00,46.04.00,2025-05-22T19:01:58.0,84,12,680.28.00,2,2025-08-07T18:53:47.522Z
915,19196637757,BARBELL_HACK_SQUAT,SQUAT,2,6,102.06.00,53.52.00,2025-05-21T19:51:39.0,99,14,1428.8400000000001,2,2025-08-07T18:53:52.515Z
916,19206011173,FLYE,FLYE,1,10,84.34.00,38.35.00,2025-05-22T19:06:15.0,76,18,1511.32.00,2,2025-08-07T18:53:47.522Z
917,19196637757,WEIGHTED_LEG_EXTENSIONS,CRUNCH,1,10,111.13.00,30.22.00,2025-05-21T19:57:00.0,78,32,3556.16.00,3,2025-08-07T18:53:52.515Z
918,19206011173,FLYE,FLYE,2,8,84.34.00,49.25.00,2025-05-22T19:10:47.0,76,18,1511.32.00,2,2025-08-07T18:53:47.522Z
919,19196637757,WEIGHTED_LEG_EXTENSIONS,CRUNCH,2,10,111.13.00,26.49.00,2025-05-21T20:00:13.0,78,32,3556.16.00,3,2025-08-07T18:53:52.515Z
920,19206011173,CABLE_HAMMER_CURL,CURL,1,8,54.44.00,36.18.00,2025-05-22T19:14:03.0,77,18,934.3199999999999,2,2025-08-07T18:53:47.522Z
921,19196637757,WEIGHTED_LEG_EXTENSIONS,CRUNCH,3,12,111.13.00,28.52.00,2025-05-21T20:04:06.0,78,32,3556.16.00,3,2025-08-07T18:53:52.515Z
922,19206011173,CABLE_HAMMER_CURL,CURL,2,10,50.28.00,43.36.00,2025-05-22T19:19:24.0,77,18,934.3199999999999,2,2025-08-07T18:53:47.522Z
923,19196637757,WEIGHTED_CRUNCH,CRUNCH,1,8,48.03.00,77.31.00,2025-05-21T20:06:57.0,166,24,1143.1200000000001,3,2025-08-07T18:53:52.515Z
924,19206011173,REVERSE_EZ_BAR_CURL,CURL,1,6,41.21.00,55.58.00,2025-05-22T19:23:32.0,86,14,571.34.00,2,2025-08-07T18:53:47.522Z
925,19196637757,WEIGHTED_CRUNCH,CRUNCH,2,8,48.03.00,49.24.00,2025-05-21T20:11:29.0,166,24,1143.1200000000001,3,2025-08-07T18:53:52.515Z
926,19206011173,REVERSE_EZ_BAR_CURL,CURL,2,8,41.21.00,35.04.00,2025-05-22T19:29:25.0,86,14,571.34.00,2,2025-08-07T18:53:47.522Z
927,19196637757,WEIGHTED_CRUNCH,CRUNCH,3,8,48.03.00,66.38.00,2025-05-21T20:17:45.0,166,24,1143.1200000000001,3,2025-08-07T18:53:52.515Z
928,19206011173,DUMBBELL_WRIST_CURL,CURL,1,10,45.38.00,42.38.00,2025-05-22T19:36:49.0,104,30,907.6,2,2025-08-07T18:53:47.522Z
929,19196637757,SHOULDER_PRESS,SHOULDER_PRESS,1,8,72.56.00,41.35.00,2025-05-21T20:22:43.0,97,18,1306.08.00,2,2025-08-07T18:53:52.515Z
930,19206011173,DUMBBELL_WRIST_CURL,CURL,2,20,23.09,74.56.00,2025-05-22T19:39:36.0,104,30,907.6,2,2025-08-07T18:53:47.522Z
931,19196637757,SHOULDER_PRESS,SHOULDER_PRESS,2,10,72.56.00,64.37.00,2025-05-21T20:27:23.0,97,18,1306.08.00,2,2025-08-07T18:53:52.515Z
932,19206011173,DUMBBELL_REVERSE_WRIST_CURL,CURL,1,20,18.13,180.56.00,2025-05-22T19:42:09.0,207,32,580.16.00,2,2025-08-07T18:53:47.522Z
933,19196637757,LATERAL_RAISE,LATERAL_RAISE,1,12,23.09,96.18.00,2025-05-21T20:35:03.0,172,24,544.5600000000001,2,2025-08-07T18:53:52.515Z
934,19206011173,DUMBBELL_REVERSE_WRIST_CURL,CURL,2,12,18.13,38.39.00,2025-05-22T19:47:06.0,207,32,580.16.00,2,2025-08-07T18:53:47.522Z
935,19196637757,LATERAL_RAISE,LATERAL_RAISE,2,12,23.09,89.37.00,2025-05-21T20:44:02.0,172,24,544.5600000000001,2,2025-08-07T18:53:52.515Z
936,19206011173,WEIGHTED_STANDING_CALF_RAISE,CALF_RAISE,1,16,172.36.00,29.26.00,2025-05-22T19:50:50.0,90,40,6894.639999999999,3,2025-08-07T18:53:47.522Z
937,19196637757,SEATED_REAR_LATERAL_RAISE,LATERAL_RAISE,1,12,54.44.00,48.36.00,2025-05-21T20:42:33.0,121,36,1960.24.00,3,2025-08-07T18:53:52.515Z
938,19206011173,WEIGHTED_STANDING_CALF_RAISE,CALF_RAISE,2,12,172.36.00,43.16.00,2025-05-22T20:01:48.0,90,40,6894.639999999999,3,2025-08-07T18:53:47.522Z
939,19196637757,SEATED_REAR_LATERAL_RAISE,LATERAL_RAISE,2,12,54.44.00,41.55.00,2025-05-21T20:47:46.0,121,36,1960.24.00,3,2025-08-07T18:53:52.515Z
940,19206011173,WEIGHTED_STANDING_CALF_RAISE,CALF_RAISE,3,12,172.38.00,44.17.00,2025-05-22T20:05:17.0,90,40,6894.639999999999,3,2025-08-07T18:53:47.522Z
941,19196637757,SEATED_REAR_LATERAL_RAISE,LATERAL_RAISE,3,12,54.44.00,46.24.00,2025-05-21T20:53:40.0,121,36,1960.24.00,3,2025-08-07T18:53:52.515Z
942,19206011173,LEG_ABDUCTION,BANDED_EXERCISES,1,12,93,22.27,2025-05-22T20:07:03.0,49,30,2790,2,2025-08-07T18:53:47.522Z
943,19206011173,LEG_ABDUCTION,BANDED_EXERCISES,2,18,93,29.08.00,2025-05-22T20:15:52.0,49,30,2790,2,2025-08-07T18:53:47.522Z
944,19206011173,LEG_ADDUCTION,BANDED_EXERCISES,1,12,84.34.00,35.55.00,2025-05-22T20:09:15.0,75,27,2266.38.00,2,2025-08-07T18:53:47.522Z
945,19206011173,LEG_ADDUCTION,BANDED_EXERCISES,2,15,84.34.00,46.31.00,2025-05-22T20:17:01.0,75,27,2266.38.00,2,2025-08-07T18:53:47.522Z
946,19206011173,LEG_RAISE,LEG_RAISE,1,15,02.21,81.14.00,2025-05-22T20:25:06.0,156,39,125.43.00,3,2025-08-07T18:53:47.522Z
947,19206011173,LEG_RAISE,LEG_RAISE,2,12,04.03,48.36.00,2025-05-22T20:27:49.0,156,39,125.43.00,3,2025-08-07T18:53:47.522Z
948,19206011173,LEG_RAISE,LEG_RAISE,3,12,04.56,49.15.00,2025-05-22T20:34:00.0,156,39,125.43.00,3,2025-08-07T18:53:47.522Z
949,19187867176,CLOSE_GRIP_LAT_PULLDOWN,PULL_UP,1,8,77.13.00,53.55.00,2025-05-21T00:03:15.0,87,16,1234.08.00,2,2025-08-07T18:53:58.516Z
950,19187867176,CLOSE_GRIP_LAT_PULLDOWN,PULL_UP,2,8,77.13.00,45.06.00,2025-05-21T00:08:16.0,87,16,1234.08.00,2,2025-08-07T18:53:58.516Z
951,19187867176,PULL_UP,PULL_UP,1,7,<null>,48.33.00,2025-05-21T00:11:25.0,75,13,0,2,2025-08-07T18:53:58.516Z
952,19187867176,PULL_UP,PULL_UP,2,6,<null>,30.22.00,2025-05-21T00:17:04.0,75,13,0,2,2025-08-07T18:53:58.516Z
953,19187867176,SEATED_CABLE_ROW,ROW,1,6,77.13.00,50.58.00,2025-05-21T00:22:20.0,84,16,1143.38.00,2,2025-08-07T18:53:58.516Z
954,19187867176,SEATED_CABLE_ROW,ROW,2,10,68.06.00,57.24.00,2025-05-21T00:26:55.0,84,16,1143.38.00,2,2025-08-07T18:53:58.516Z
955,19187867176,TRICEPS_PRESSDOWN,TRICEPS_EXTENSION,1,6,68.06.00,62.49.00,2025-05-21T00:29:39.0,104,14,916.36.00,2,2025-08-07T18:53:58.516Z
956,19187867176,TRICEPS_PRESSDOWN,TRICEPS_EXTENSION,2,8,63.5,66.46.00,2025-05-21T00:34:51.0,104,14,916.36.00,2,2025-08-07T18:53:58.516Z
957,19187867176,TRICEPS_EXTENSION,TRICEPS_EXTENSION,1,8,54.44.00,59.26.00,2025-05-21T00:39:20.0,103,13,708.12.00,2,2025-08-07T18:53:58.516Z
958,19187867176,TRICEPS_EXTENSION,TRICEPS_EXTENSION,2,5,54.44.00,48.37.00,2025-05-21T00:46:30.0,103,13,708.12.00,2,2025-08-07T18:53:58.516Z
959,19155755195,ROMANIAN_DEADLIFT,DEADLIFT,1,10,102.06.00,41.27.00,2025-05-17T19:38:12.0,113,20,2041.2,2,2025-08-07T18:54:10.526Z
960,19167267044,INCLINE_SMITH_MACHINE_BENCH_PRESS,BENCH_PRESS,1,7,75.21.00,56.59.00,2025-05-18T22:43:17.0,103,13,972.5300000000001,2,2025-08-07T18:54:05.512Z
961,19155755195,ROMANIAN_DEADLIFT,DEADLIFT,2,10,102.06.00,73.11.00,2025-05-17T19:44:32.0,113,20,2041.2,2,2025-08-07T18:54:10.526Z
962,19167267044,INCLINE_SMITH_MACHINE_BENCH_PRESS,BENCH_PRESS,2,6,75.21.00,60.52.00,2025-05-18T22:48:02.0,103,13,972.5300000000001,2,2025-08-07T18:54:05.512Z
963,19155755195,WEIGHTED_LEG_CURL,LEG_CURL,1,8,93,26.55.00,2025-05-17T19:51:24.0,110,30,2667.08.00,3,2025-08-07T18:54:10.526Z
964,19167267044,INCLINE_DUMBBELL_BENCH_PRESS,BENCH_PRESS,1,8,54.44.00,44,2025-05-18T22:55:00.0,80,16,871.04.00,2,2025-08-07T18:54:05.512Z
965,19155755195,WEIGHTED_LEG_CURL,LEG_CURL,2,10,86.18.00,41.16.00,2025-05-17T19:56:54.0,110,30,2667.08.00,3,2025-08-07T18:54:10.526Z
966,19167267044,INCLINE_DUMBBELL_BENCH_PRESS,BENCH_PRESS,2,8,54.44.00,36,2025-05-18T23:03:12.0,80,16,871.04.00,2,2025-08-07T18:54:05.512Z
967,19155755195,WEIGHTED_LEG_CURL,LEG_CURL,3,12,88.44.00,65.02.00,2025-05-17T20:03:00.0,110,30,2667.08.00,3,2025-08-07T18:54:10.526Z
968,19167267044,SHOULDER_PRESS,SHOULDER_PRESS,1,6,70.31.00,43.13.00,2025-05-18T23:09:39.0,128,12,844.12.00,2,2025-08-07T18:54:05.512Z
969,19155755195,WEIGHTED_LEG_EXTENSIONS,CRUNCH,1,12,111.13.00,33.32.00,2025-05-17T20:08:57.0,114,36,4001.08.00,3,2025-08-07T18:54:10.526Z
970,19167267044,SHOULDER_PRESS,SHOULDER_PRESS,2,6,70.31.00,87,2025-05-18T23:19:28.0,128,12,844.12.00,2,2025-08-07T18:54:05.512Z
971,19155755195,WEIGHTED_LEG_EXTENSIONS,CRUNCH,2,12,111.13.00,60.05.00,2025-05-17T20:15:59.0,114,36,4001.08.00,3,2025-08-07T18:54:10.526Z
972,19167267044,FLYE,FLYE,1,8,82.03.00,78.39.00,2025-05-18T23:34:49.0,152,18,1469.34.00,2,2025-08-07T18:54:05.512Z
973,19155755195,WEIGHTED_LEG_EXTENSIONS,CRUNCH,3,12,111.13.00,44.21.00,2025-05-17T20:22:16.0,114,36,4001.08.00,3,2025-08-07T18:54:10.526Z
974,19167267044,FLYE,FLYE,2,10,82.03.00,81,2025-05-18T23:44:16.0,152,18,1469.34.00,2,2025-08-07T18:54:05.512Z
975,19155755195,LEG_ABDUCTION,BANDED_EXERCISES,1,15,93,28.33.00,2025-05-17T20:25:34.0,49,27,2511,2,2025-08-07T18:54:10.526Z
976,19167267044,EZ_BAR_PREACHER_CURL,CURL,1,8,54.44.00,43.57.00,2025-05-18T23:59:09.0,607,14,762.16.00,2,2025-08-07T18:54:05.512Z
977,19155755195,LEG_ABDUCTION,BANDED_EXERCISES,2,12,93,24.52.00,2025-05-17T20:29:59.0,49,27,2511,2,2025-08-07T18:54:10.526Z
978,19167267044,EZ_BAR_PREACHER_CURL,CURL,2,6,54.44.00,575.52.00,2025-05-19T00:06:14.0,607,14,762.16.00,2,2025-08-07T18:54:05.512Z
979,19155755195,LEG_ADDUCTION,BANDED_EXERCISES,1,12,84.34.00,34.12.00,2025-05-17T20:26:21.0,62,20,1714.8,2,2025-08-07T18:54:10.526Z
980,19167267044,CABLE_HAMMER_CURL,CURL,1,6,54.44.00,41.17.00,2025-05-19T00:20:15.0,79,21,1007.34.00,2,2025-08-07T18:54:05.512Z
981,19155755195,LEG_ADDUCTION,BANDED_EXERCISES,2,8,88.44.00,31.14.00,2025-05-17T20:30:47.0,62,20,1714.8,2,2025-08-07T18:54:10.526Z
982,19167267044,CABLE_HAMMER_CURL,CURL,2,15,45.38.00,47.53.00,2025-05-19T00:23:58.0,79,21,1007.34.00,2,2025-08-07T18:54:05.512Z
983,19155755195,WEIGHTED_STANDING_CALF_RAISE,CALF_RAISE,1,12,172.38.00,34.59.00,2025-05-17T20:32:16.0,81,36,6206.08.00,3,2025-08-07T18:54:10.526Z
984,19167267044,REVERSE_EZ_BAR_CURL,CURL,1,8,36.31.00,48.26.00,2025-05-19T00:30:50.0,114,18,653.58.00,2,2025-08-07T18:54:05.512Z
985,19155755195,WEIGHTED_STANDING_CALF_RAISE,CALF_RAISE,2,12,172.38.00,39.21.00,2025-05-17T20:38:26.0,81,36,6206.08.00,3,2025-08-07T18:54:10.526Z
986,19167267044,REVERSE_EZ_BAR_CURL,CURL,2,10,36.31.00,79,2025-05-19T00:36:35.0,114,18,653.58.00,2,2025-08-07T18:54:05.512Z
987,19155755195,WEIGHTED_STANDING_CALF_RAISE,CALF_RAISE,3,12,172.38.00,27.56.00,2025-05-17T20:41:16.0,81,36,6206.08.00,3,2025-08-07T18:54:10.526Z
988,19167267044,LATERAL_RAISE,LATERAL_RAISE,1,8,23.09,94.35.00,2025-05-19T00:42:15.0,215,30,680.7,3,2025-08-07T18:54:05.512Z
989,19167267044,LATERAL_RAISE,LATERAL_RAISE,2,10,23.09,74.14.00,2025-05-19T00:48:56.0,215,30,680.7,3,2025-08-07T18:54:05.512Z
990,19167267044,LATERAL_RAISE,LATERAL_RAISE,3,12,23.09,53.59.00,2025-05-19T00:56:26.0,215,30,680.7,3,2025-08-07T18:54:05.512Z
991,19167267044,LEG_RAISE,LEG_RAISE,1,24,<null>,67.33.00,2025-05-19T00:50:39.0,57,24,0,1,2025-08-07T18:54:05.512Z
992,19146259366,CLOSE_GRIP_LAT_PULLDOWN,PULL_UP,1,6,77.13.00,43.46.00,2025-05-16T21:03:24.0,82,14,1080.22.00,2,2025-08-07T18:54:15.553Z
993,19146259366,CLOSE_GRIP_LAT_PULLDOWN,PULL_UP,2,8,77.13.00,51.36.00,2025-05-16T21:15:35.0,82,14,1080.22.00,2,2025-08-07T18:54:15.553Z
994,19146259366,PULL_UP,PULL_UP,1,8,<null>,54.35.00,2025-05-16T21:10:21.0,43,8,0,1,2025-08-07T18:54:15.553Z
995,19146259366,TRICEPS_PRESSDOWN,TRICEPS_EXTENSION,1,8,63.5,52.59.00,2025-05-16T21:17:26.0,86,16,1016,2,2025-08-07T18:54:15.553Z
996,19146259366,TRICEPS_PRESSDOWN,TRICEPS_EXTENSION,2,8,63.5,51.12.00,2025-05-16T21:22:24.0,86,16,1016,2,2025-08-07T18:54:15.553Z
997,19146259366,TRICEPS_EXTENSION,TRICEPS_EXTENSION,1,10,34,58.58.00,2025-05-16T21:24:55.0,100,18,612,2,2025-08-07T18:54:15.553Z
998,19146259366,TRICEPS_EXTENSION,TRICEPS_EXTENSION,2,8,34,51.54.00,2025-05-16T21:33:22.0,100,18,612,2,2025-08-07T18:54:15.553Z
999,19146259366,CABLE_OVERHEAD_TRICEPS_EXTENSION,TRICEPS_EXTENSION,1,10,45.38.00,49.22.00,2025-05-16T21:35:19.0,95,22,998.3600000000001,2,2025-08-07T18:54:15.553Z
1000,19146259366,CABLE_OVERHEAD_TRICEPS_EXTENSION,TRICEPS_EXTENSION,2,12,45.38.00,64.06.00,2025-05-16T21:42:03.0,95,22,998.3600000000001,2,2025-08-07T18:54:15.553Z
1001,19146259366,SEATED_CABLE_ROW,ROW,1,8,77.13.00,43.22.00,2025-05-16T21:45:04.0,83,14,1080.22.00,2,2025-08-07T18:54:15.553Z
1002,19146259366,SEATED_CABLE_ROW,ROW,2,6,77.13.00,60.16.00,2025-05-16T21:47:52.0,83,14,1080.22.00,2,2025-08-07T18:54:15.553Z
1003,19127515600,INCLINE_SMITH_MACHINE_BENCH_PRESS,BENCH_PRESS,1,7,75.21.00,46.44.00,2025-05-14T21:26:48.0,64,13,972.5300000000001,2,2025-08-07T18:54:25.522Z
1004,19137833963,LATERAL_RAISE,LATERAL_RAISE,1,10,23.09,84.53.00,2025-05-15T23:28:04.0,234,32,726.08.00,3,2025-08-07T18:54:20.513Z
1005,19127515600,INCLINE_SMITH_MACHINE_BENCH_PRESS,BENCH_PRESS,2,6,75.21.00,40.56.00,2025-05-14T21:29:38.0,64,13,972.5300000000001,2,2025-08-07T18:54:25.522Z
1006,19137833963,LATERAL_RAISE,LATERAL_RAISE,2,12,23.09,67.24.00,2025-05-15T23:33:23.0,234,32,726.08.00,3,2025-08-07T18:54:20.513Z
1007,19127515600,FLYE,FLYE,1,10,79.38.00,36.13.00,2025-05-14T21:41:22.0,160,30,2381.3999999999996,3,2025-08-07T18:54:25.522Z
1008,19137833963,LATERAL_RAISE,LATERAL_RAISE,3,10,23.09,93.38.00,2025-05-15T23:37:32.0,234,32,726.08.00,3,2025-08-07T18:54:20.513Z
1009,19127515600,FLYE,FLYE,2,10,79.38.00,76.26.00,2025-05-14T21:47:21.0,160,30,2381.3999999999996,3,2025-08-07T18:54:25.522Z
1010,19137833963,SEATED_REAR_LATERAL_RAISE,LATERAL_RAISE,1,12,52.19.00,58.09.00,2025-05-15T23:41:41.0,144,30,1565.6999999999998,3,2025-08-07T18:54:20.513Z
1011,19127515600,FLYE,FLYE,3,10,79.38.00,59.06.00,2025-05-14T21:52:51.0,160,30,2381.3999999999996,3,2025-08-07T18:54:25.522Z
1012,19137833963,SEATED_REAR_LATERAL_RAISE,LATERAL_RAISE,2,10,52.19.00,44.18.00,2025-05-15T23:45:16.0,144,30,1565.6999999999998,3,2025-08-07T18:54:20.513Z
1013,19127515600,EZ_BAR_PREACHER_CURL,CURL,1,6,54.44.00,117.25.00,2025-05-14T21:59:17.0,173,13,708.12.00,2,2025-08-07T18:54:25.522Z
1014,19137833963,SEATED_REAR_LATERAL_RAISE,LATERAL_RAISE,3,8,52.19.00,64.54.00,2025-05-15T23:48:06.0,144,30,1565.6999999999998,3,2025-08-07T18:54:20.513Z
1015,19127515600,EZ_BAR_PREACHER_CURL,CURL,2,7,54.44.00,74.26.00,2025-05-14T22:06:52.0,173,13,708.12.00,2,2025-08-07T18:54:25.522Z
1016,19137833963,WEIGHTED_CRUNCH,CRUNCH,1,12,48.03.00,83.51.00,2025-05-15T23:53:51.0,198,30,1469.4,3,2025-08-07T18:54:20.513Z
1017,19127515600,CABLE_HAMMER_CURL,CURL,1,10,50.28.00,23.29,2025-05-14T22:11:14.0,140,31,1437.44.00,3,2025-08-07T18:54:25.522Z
1018,19137833963,WEIGHTED_CRUNCH,CRUNCH,2,10,50.28.00,41.33.00,2025-05-15T23:58:31.0,198,30,1469.4,3,2025-08-07T18:54:20.513Z
1019,19127515600,CABLE_HAMMER_CURL,CURL,2,9,50.28.00,48.55.00,2025-05-14T22:14:08.0,140,31,1437.44.00,3,2025-08-07T18:54:25.522Z
1020,19137833963,WEIGHTED_CRUNCH,CRUNCH,3,8,50.28.00,97.15.00,2025-05-16T00:05:13.0,198,30,1469.4,3,2025-08-07T18:54:20.513Z
1021,19127515600,CABLE_HAMMER_CURL,CURL,3,12,41.21.00,83.47.00,2025-05-14T22:16:50.0,140,31,1437.44.00,3,2025-08-07T18:54:25.522Z
1022,19127515600,REVERSE_EZ_BAR_CURL,CURL,1,8,36.31.00,50.05.00,2025-05-14T22:20:55.0,136,28,1016.6800000000001,3,2025-08-07T18:54:25.522Z
1023,19127515600,REVERSE_EZ_BAR_CURL,CURL,2,10,36.31.00,53.46.00,2025-05-14T22:23:03.0,136,28,1016.6800000000001,3,2025-08-07T18:54:25.522Z
1024,19127515600,REVERSE_EZ_BAR_CURL,CURL,3,10,36.31.00,68.46.00,2025-05-14T22:25:13.0,136,28,1016.6800000000001,3,2025-08-07T18:54:25.522Z
1025,19127515600,BEHIND_THE_BACK_BARBELL_REVERSE_WRIST_CURL,CURL,1,50,27.19.00,79.39.00,2025-05-14T22:27:12.0,67,50,1359.5,1,2025-08-07T18:54:25.522Z
1026,19117372526,WEIGHTED_LEG_CURL,LEG_CURL,1,8,93,39.52.00,2025-05-13T22:56:18.0,99,28,2604,3,2025-08-07T18:54:31.513Z
1027,19106366573,CLOSE_GRIP_LAT_PULLDOWN,PULL_UP,1,6,77.13.00,34.31.00,2025-05-12T22:34:06.0,128,22,1624.14.00,3,2025-08-07T18:54:36.523Z
1028,19117372526,WEIGHTED_LEG_CURL,LEG_CURL,2,10,93,40.22.00,2025-05-13T23:04:49.0,99,28,2604,3,2025-08-07T18:54:31.513Z
1029,19106366573,CLOSE_GRIP_LAT_PULLDOWN,PULL_UP,2,8,72.56.00,62.53.00,2025-05-12T22:38:46.0,128,22,1624.14.00,3,2025-08-07T18:54:36.523Z
1030,19117372526,WEIGHTED_LEG_CURL,LEG_CURL,3,10,93,32.46.00,2025-05-13T23:08:21.0,99,28,2604,3,2025-08-07T18:54:31.513Z
1031,19106366573,CLOSE_GRIP_LAT_PULLDOWN,PULL_UP,3,8,72.56.00,49.03.00,2025-05-12T22:43:39.0,128,22,1624.14.00,3,2025-08-07T18:54:36.523Z
1032,19117372526,BARBELL_HACK_SQUAT,SQUAT,1,6,97.5,60.48.00,2025-05-13T23:12:10.0,126,18,1755,3,2025-08-07T18:54:31.513Z
1033,19106366573,PULL_UP,PULL_UP,1,6,<null>,88.29.00,2025-05-12T22:48:26.0,113,12,0,2,2025-08-07T18:54:36.523Z
1034,19117372526,BARBELL_HACK_SQUAT,SQUAT,2,6,97.5,50.13.00,2025-05-13T23:17:07.0,126,18,1755,3,2025-08-07T18:54:31.513Z
1035,19106366573,PULL_UP,PULL_UP,2,6,<null>,42.44.00,2025-05-12T22:56:21.0,113,12,0,2,2025-08-07T18:54:36.523Z
1036,19117372526,BARBELL_HACK_SQUAT,SQUAT,3,6,97.5,44.33.00,2025-05-13T23:25:30.0,126,18,1755,3,2025-08-07T18:54:31.513Z
1037,19106366573,SEATED_CABLE_ROW,ROW,1,10,68.06.00,53.39.00,2025-05-12T22:53:01.0,112,28,1905.6799999999998,3,2025-08-07T18:54:36.523Z
1038,19117372526,WEIGHTED_LEG_EXTENSIONS,CRUNCH,1,10,111.13.00,70.48.00,2025-05-13T23:34:19.0,235,30,3333.8999999999996,3,2025-08-07T18:54:31.513Z
1039,19106366573,SEATED_CABLE_ROW,ROW,2,8,68.06.00,31.25.00,2025-05-12T22:59:39.0,112,28,1905.6799999999998,3,2025-08-07T18:54:36.523Z
1040,19117372526,WEIGHTED_LEG_EXTENSIONS,CRUNCH,2,10,111.13.00,30.58.00,2025-05-13T23:39:48.0,235,30,3333.8999999999996,3,2025-08-07T18:54:31.513Z
1041,19106366573,SEATED_CABLE_ROW,ROW,3,10,68.06.00,43.48.00,2025-05-12T23:03:40.0,112,28,1905.6799999999998,3,2025-08-07T18:54:36.523Z
1042,19117372526,WEIGHTED_LEG_EXTENSIONS,CRUNCH,3,10,111.13.00,163.35.00,2025-05-13T23:45:05.0,235,30,3333.8999999999996,3,2025-08-07T18:54:31.513Z
1043,19106366573,TRICEPS_PRESSDOWN,TRICEPS_EXTENSION,1,9,63.5,51.43.00,2025-05-12T23:08:47.0,125,24,1524,3,2025-08-07T18:54:36.523Z
1044,19117372526,LEG_ABDUCTION,BANDED_EXERCISES,1,20,93,38.07.00,2025-05-13T23:48:31.0,105,60,5397.6,3,2025-08-07T18:54:31.513Z
1045,19106366573,TRICEPS_PRESSDOWN,TRICEPS_EXTENSION,2,8,63.5,69.04.00,2025-05-12T23:11:41.0,125,24,1524,3,2025-08-07T18:54:36.523Z
1046,19117372526,LEG_ABDUCTION,BANDED_EXERCISES,2,20,88.44.00,35.58.00,2025-05-13T23:54:27.0,105,60,5397.6,3,2025-08-07T18:54:31.513Z
1047,19106366573,TRICEPS_PRESSDOWN,TRICEPS_EXTENSION,3,7,63.5,42.52.00,2025-05-12T23:15:34.0,125,24,1524,3,2025-08-07T18:54:36.523Z
1048,19117372526,LEG_ABDUCTION,BANDED_EXERCISES,3,20,88.44.00,45.14.00,2025-05-13T23:59:11.0,105,60,5397.6,3,2025-08-07T18:54:31.513Z
1049,19106366573,TRICEPS_EXTENSION,TRICEPS_EXTENSION,1,12,45.38.00,61.32.00,2025-05-12T23:19:09.0,145,28,1415.6,3,2025-08-07T18:54:36.523Z
1050,19117372526,WEIGHTED_STANDING_CALF_RAISE,CALF_RAISE,1,16,172.38.00,27.44.00,2025-05-14T00:00:46.0,87,48,8274.24.00,3,2025-08-07T18:54:31.513Z
1051,19106366573,TRICEPS_EXTENSION,TRICEPS_EXTENSION,2,8,54.44.00,44.12.00,2025-05-12T23:30:42.0,145,28,1415.6,3,2025-08-07T18:54:36.523Z
1052,19117372526,WEIGHTED_STANDING_CALF_RAISE,CALF_RAISE,2,16,172.38.00,39.25.00,2025-05-14T00:05:10.0,87,48,8274.24.00,3,2025-08-07T18:54:31.513Z
1053,19106366573,TRICEPS_EXTENSION,TRICEPS_EXTENSION,3,8,54.44.00,51.22.00,2025-05-12T23:34:42.0,145,28,1415.6,3,2025-08-07T18:54:36.523Z
1054,19117372526,WEIGHTED_STANDING_CALF_RAISE,CALF_RAISE,3,16,172.38.00,27.15.00,2025-05-14T00:11:03.0,87,48,8274.24.00,3,2025-08-07T18:54:31.513Z
1055,19096771337,INCLINE_SMITH_MACHINE_BENCH_PRESS,BENCH_PRESS,1,8,75.21.00,64.43.00,2025-05-11T23:49:17.0,96,14,1047.3400000000001,2,2025-08-07T18:54:43.513Z
1056,19096771337,INCLINE_SMITH_MACHINE_BENCH_PRESS,BENCH_PRESS,2,6,75.21.00,50.21.00,2025-05-11T23:55:37.0,96,14,1047.3400000000001,2,2025-08-07T18:54:43.513Z
1057,19096771337,INCLINE_DUMBBELL_BENCH_PRESS,BENCH_PRESS,1,6,54.44.00,57.54.00,2025-05-12T00:01:49.0,149,12,653.28.00,2,2025-08-07T18:54:43.513Z
1058,19096771337,INCLINE_DUMBBELL_BENCH_PRESS,BENCH_PRESS,2,6,54.44.00,104.41.00,2025-05-12T00:05:13.0,149,12,653.28.00,2,2025-08-07T18:54:43.513Z
1059,19096771337,FLYE,FLYE,1,10,79.38.00,63.56.00,2025-05-12T00:10:06.0,102,20,1587.6,2,2025-08-07T18:54:43.513Z
1060,19096771337,FLYE,FLYE,2,10,79.38.00,49.16.00,2025-05-12T00:15:51.0,102,20,1587.6,2,2025-08-07T18:54:43.513Z
1061,19096771337,EZ_BAR_PREACHER_CURL,CURL,1,6,54.44.00,50.33.00,2025-05-12T00:21:21.0,108,12,653.28.00,2,2025-08-07T18:54:43.513Z
1062,19096771337,EZ_BAR_PREACHER_CURL,CURL,2,6,54.44.00,69.46.00,2025-05-12T00:26:54.0,108,12,653.28.00,2,2025-08-07T18:54:43.513Z
1063,19096771337,REVERSE_EZ_BAR_CURL,CURL,1,10,34,85.42.00,2025-05-12T00:30:19.0,114,22,748,2,2025-08-07T18:54:43.513Z
1064,19096771337,REVERSE_EZ_BAR_CURL,CURL,2,12,34,56.41.00,2025-05-12T00:34:10.0,114,22,748,2,2025-08-07T18:54:43.513Z
1065,19096771337,SHOULDER_PRESS,SHOULDER_PRESS,1,8,70.31.00,59.44.00,2025-05-12T00:37:06.0,92,16,1125.36.00,2,2025-08-07T18:54:43.513Z
1066,19096771337,SHOULDER_PRESS,SHOULDER_PRESS,2,8,70.31.00,48.37.00,2025-05-12T00:42:53.0,92,16,1125.36.00,2,2025-08-07T18:54:43.513Z
1067,19096771337,CABLE_HAMMER_CURL,CURL,1,8,50.28.00,41.18.00,2025-05-12T00:40:37.0,80,18,898.24.00,2,2025-08-07T18:54:43.513Z
1068,19096771337,CABLE_HAMMER_CURL,CURL,2,10,50.28.00,44.25.00,2025-05-12T00:45:01.0,80,18,898.24.00,2,2025-08-07T18:54:43.513Z
1069,19096771337,LATERAL_RAISE,LATERAL_RAISE,1,10,23.09,63.17.00,2025-05-12T00:49:51.0,147,26,590.34.00,3,2025-08-07T18:54:43.513Z
1070,19096771337,LATERAL_RAISE,LATERAL_RAISE,2,8,23.09,45.23.00,2025-05-12T00:52:14.0,147,26,590.34.00,3,2025-08-07T18:54:43.513Z
1071,19096771337,LATERAL_RAISE,LATERAL_RAISE,3,8,23.09,55.43.00,2025-05-12T00:54:56.0,147,26,590.34.00,3,2025-08-07T18:54:43.513Z
1072,19075832609,LATERAL_RAISE,LATERAL_RAISE,1,5,23.09,61.22.00,2025-05-09T19:23:18.0,162,25,567.25.00,3,2025-08-07T18:54:50.515Z
1073,19075832609,LATERAL_RAISE,LATERAL_RAISE,2,8,23.09,58.58.00,2025-05-09T19:31:33.0,162,25,567.25.00,3,2025-08-07T18:54:50.515Z
1074,19075832609,LATERAL_RAISE,LATERAL_RAISE,3,12,23.09,53.16.00,2025-05-09T19:37:21.0,162,25,567.25.00,3,2025-08-07T18:54:50.515Z
1075,19075832609,SHOULDER_PRESS,SHOULDER_PRESS,1,10,68.06.00,43.37.00,2025-05-09T19:44:28.0,94,18,1243.08.00,2,2025-08-07T18:54:50.515Z
1076,19075832609,SHOULDER_PRESS,SHOULDER_PRESS,2,8,70.31.00,63.34.00,2025-05-09T19:50:39.0,94,18,1243.08.00,2,2025-08-07T18:54:50.515Z
1077,19075832609,BARBELL_DEADLIFT,DEADLIFT,1,6,116.09.00,36.36.00,2025-05-09T20:03:02.0,70,14,1511.02.00,2,2025-08-07T18:54:50.515Z
1078,19075832609,BARBELL_DEADLIFT,DEADLIFT,2,8,102.06.00,41.17.00,2025-05-09T20:07:08.0,70,14,1511.02.00,2,2025-08-07T18:54:50.515Z
1079,19075832609,WEIGHTED_LEG_CURL,LEG_CURL,1,8,97.5,75.21.00,2025-05-09T20:12:16.0,178,30,2826,3,2025-08-07T18:54:50.515Z
1080,19075832609,WEIGHTED_LEG_CURL,LEG_CURL,2,12,93,44.14.00,2025-05-09T20:17:17.0,178,30,2826,3,2025-08-07T18:54:50.515Z
1081,19075832609,WEIGHTED_LEG_CURL,LEG_CURL,3,10,93,82.52.00,2025-05-09T20:21:52.0,178,30,2826,3,2025-08-07T18:54:50.515Z
1082,19075832609,LEG_PRESS,SQUAT,1,12,91.09.00,43.38.00,2025-05-09T20:25:28.0,92,24,2231.2799999999997,2,2025-08-07T18:54:50.515Z
1083,19075832609,LEG_PRESS,SQUAT,2,12,95.25.00,51.03.00,2025-05-09T20:33:31.0,92,24,2231.2799999999997,2,2025-08-07T18:54:50.515Z
1084,19075832609,WEIGHTED_LEG_EXTENSIONS,CRUNCH,1,10,111.13.00,73,2025-05-09T20:39:01.0,428,34,3778.4199999999996,3,2025-08-07T18:54:50.515Z
1085,19075832609,WEIGHTED_LEG_EXTENSIONS,CRUNCH,2,12,111.13.00,64.34.00,2025-05-09T20:53:20.0,428,34,3778.4199999999996,3,2025-08-07T18:54:50.515Z
1086,19075832609,WEIGHTED_LEG_EXTENSIONS,CRUNCH,3,12,111.13.00,294.35.00,2025-05-09T21:01:43.0,428,34,3778.4199999999996,3,2025-08-07T18:54:50.515Z
1087,19057489263,INCLINE_SMITH_MACHINE_BENCH_PRESS,BENCH_PRESS,1,7,75.21.00,39.53.00,2025-05-08T00:23:44.0,83,14,1047.3400000000001,2,2025-08-07T18:55:00.517Z
1088,19066087077,CLOSE_GRIP_LAT_PULLDOWN,PULL_UP,1,8,70.31.00,64.04.00,2025-05-08T19:59:05.0,98,16,1125.36.00,2,2025-08-07T18:54:55.528Z
1089,19057489263,INCLINE_SMITH_MACHINE_BENCH_PRESS,BENCH_PRESS,2,7,75.21.00,57.46.00,2025-05-08T00:29:42.0,83,14,1047.3400000000001,2,2025-08-07T18:55:00.517Z
1090,19066087077,CLOSE_GRIP_LAT_PULLDOWN,PULL_UP,2,8,70.31.00,58.49.00,2025-05-08T20:03:46.0,98,16,1125.36.00,2,2025-08-07T18:54:55.528Z
1091,19057489263,FLYE,FLYE,1,9,84.34.00,49.47.00,2025-05-08T00:35:01.0,93,17,1427.38.00,2,2025-08-07T18:55:00.517Z
1092,19066087077,TRICEPS_PRESSDOWN,TRICEPS_EXTENSION,1,8,63.5,46.51.00,2025-05-08T20:01:24.0,138,14,889,2,2025-08-07T18:54:55.528Z
1093,19057489263,FLYE,FLYE,2,8,84.34.00,59.35.00,2025-05-08T00:40:54.0,93,17,1427.38.00,2,2025-08-07T18:55:00.517Z
1094,19066087077,TRICEPS_PRESSDOWN,TRICEPS_EXTENSION,2,6,63.5,116.15.00,2025-05-08T20:05:36.0,138,14,889,2,2025-08-07T18:54:55.528Z
1095,19057489263,INCLINE_DUMBBELL_BENCH_PRESS,BENCH_PRESS,1,8,50.28.00,60.22.00,2025-05-08T00:48:42.0,127,16,798.08.00,2,2025-08-07T18:55:00.517Z
1096,19066087077,ROW,ROW,1,10,66.15.00,42.36.00,2025-05-08T20:08:47.0,38,10,657.5,1,2025-08-07T18:54:55.528Z
1097,19057489263,INCLINE_DUMBBELL_BENCH_PRESS,BENCH_PRESS,2,8,50.28.00,81.11.00,2025-05-08T00:54:29.0,127,16,798.08.00,2,2025-08-07T18:55:00.517Z
1098,19066087077,SEATED_CABLE_ROW,ROW,1,10,68.06.00,36.58.00,2025-05-08T20:12:00.0,61,20,1361.2,2,2025-08-07T18:54:55.528Z
1099,19057489263,SHOULDER_PRESS,SHOULDER_PRESS,1,10,66.15.00,49.14.00,2025-05-08T00:57:47.0,108,18,1183.5,2,2025-08-07T18:55:00.517Z
1100,19066087077,SEATED_CABLE_ROW,ROW,2,10,68.06.00,47.24.00,2025-05-08T20:16:50.0,61,20,1361.2,2,2025-08-07T18:54:55.528Z
1101,19057489263,SHOULDER_PRESS,SHOULDER_PRESS,2,8,66.15.00,76.23.00,2025-05-08T01:03:02.0,108,18,1183.5,2,2025-08-07T18:55:00.517Z
1102,19066087077,TRICEPS_EXTENSION,TRICEPS_EXTENSION,1,10,32.15.00,70.35.00,2025-05-08T20:14:27.0,155,32,1065.5,3,2025-08-07T18:54:55.528Z
1103,19057489263,LATERAL_RAISE,LATERAL_RAISE,1,10,23.09,69.28.00,2025-05-08T01:07:31.0,191,26,590.34.00,3,2025-08-07T18:55:00.517Z
1104,19066087077,TRICEPS_EXTENSION,TRICEPS_EXTENSION,2,12,34,59.53.00,2025-05-08T20:19:48.0,155,32,1065.5,3,2025-08-07T18:54:55.528Z
1105,19057489263,LATERAL_RAISE,LATERAL_RAISE,2,8,23.09,83.42.00,2025-05-08T01:12:03.0,191,26,590.34.00,3,2025-08-07T18:55:00.517Z
1106,19066087077,TRICEPS_EXTENSION,TRICEPS_EXTENSION,3,10,34,63.02.00,2025-05-08T20:24:50.0,155,32,1065.5,3,2025-08-07T18:54:55.528Z
1107,19057489263,LATERAL_RAISE,LATERAL_RAISE,3,8,23.09,61.15.00,2025-05-08T01:16:47.0,191,26,590.34.00,3,2025-08-07T18:55:00.517Z
1108,19066087077,SEATED_REAR_LATERAL_RAISE,LATERAL_RAISE,1,10,54.44.00,42.03.00,2025-05-08T20:29:27.0,104,28,1520.22.00,3,2025-08-07T18:54:55.528Z
1109,19066087077,SEATED_REAR_LATERAL_RAISE,LATERAL_RAISE,2,8,57.09.00,32.51.00,2025-05-08T20:32:49.0,104,28,1520.22.00,3,2025-08-07T18:54:55.528Z
1110,19066087077,SEATED_REAR_LATERAL_RAISE,LATERAL_RAISE,3,10,52.19.00,51.04.00,2025-05-08T20:39:22.0,104,28,1520.22.00,3,2025-08-07T18:54:55.528Z
1111,19066087077,REVERSE_GRIP_BARBELL_BICEPS_CURL,CURL,1,15,32.15.00,47.53.00,2025-05-08T20:30:33.0,81,30,952.5,2,2025-08-07T18:54:55.528Z
1112,19066087077,REVERSE_GRIP_BARBELL_BICEPS_CURL,CURL,2,15,32.15.00,39.18.00,2025-05-08T20:36:04.0,81,30,952.5,2,2025-08-07T18:54:55.528Z
1113,19066087077,PULL_UP,PULL_UP,1,6,<null>,27.18.00,2025-05-08T20:34:46.0,25,6,0,1,2025-08-07T18:54:55.528Z
1114,19045624300,REVERSE_EZ_BAR_CURL,CURL,1,18,23.09,67.55.00,2025-05-06T19:07:38.0,125,30,789.4200000000001,2,2025-08-07T18:55:08.526Z
1115,19045624300,REVERSE_EZ_BAR_CURL,CURL,2,12,32.15.00,74.19.00,2025-05-06T19:30:17.0,125,30,789.4200000000001,2,2025-08-07T18:55:08.526Z
1116,19045624300,EZ_BAR_PREACHER_CURL,CURL,1,6,54.44.00,64.05.00,2025-05-06T19:13:30.0,106,12,653.28.00,2,2025-08-07T18:55:08.526Z
1117,19045624300,EZ_BAR_PREACHER_CURL,CURL,2,6,54.44.00,62.24.00,2025-05-06T19:20:40.0,106,12,653.28.00,2,2025-08-07T18:55:08.526Z
1118,19045624300,BEHIND_THE_BACK_ONE_ARM_CABLE_CURL,CURL,1,6,59.34.00,67.02.00,2025-05-06T19:23:55.0,133,14,789.16.00,2,2025-08-07T18:55:08.526Z
1119,19045624300,BEHIND_THE_BACK_ONE_ARM_CABLE_CURL,CURL,2,8,54.44.00,72.41.00,2025-05-06T19:26:58.0,133,14,789.16.00,2,2025-08-07T18:55:08.526Z
1120,19045624300,CABLE_HAMMER_CURL,CURL,1,12,45.38.00,43.27.00,2025-05-06T19:39:10.0,64,22,1043.3600000000001,2,2025-08-07T18:55:08.526Z
1121,19045624300,CABLE_HAMMER_CURL,CURL,2,10,50.28.00,40.52.00,2025-05-06T19:43:23.0,64,22,1043.3600000000001,2,2025-08-07T18:55:08.526Z
1122,19045624300,WEIGHTED_CRUNCH,CRUNCH,1,12,48.03.00,53.41.00,2025-05-06T19:46:44.0,101,22,1070.3600000000001,2,2025-08-07T18:55:08.526Z
1123,19045624300,WEIGHTED_CRUNCH,CRUNCH,2,10,50.28.00,58.37.00,2025-05-06T19:54:59.0,101,22,1070.3600000000001,2,2025-08-07T18:55:08.526Z
1124,19045624300,LEG_ADDUCTION,BANDED_EXERCISES,1,10,84.34.00,51.05.00,2025-05-06T19:57:15.0,86,22,1846.6799999999998,2,2025-08-07T18:55:08.526Z
1125,19045624300,LEG_ADDUCTION,BANDED_EXERCISES,2,12,84.34.00,54.17.00,2025-05-06T20:10:09.0,86,22,1846.6799999999998,2,2025-08-07T18:55:08.526Z
1126,19045624300,LEG_ABDUCTION,BANDED_EXERCISES,1,24,91.09.00,36.19.00,2025-05-06T19:58:20.0,74,48,4408.5599999999995,2,2025-08-07T18:55:08.526Z
1127,19045624300,LEG_ABDUCTION,BANDED_EXERCISES,2,24,93,46.07.00,2025-05-06T20:08:54.0,74,48,4408.5599999999995,2,2025-08-07T18:55:08.526Z
1128,19035446074,DEADLIFT,DEADLIFT,1,8,102.06.00,40.12.00,2025-05-05T18:52:12.0,123,22,2245.32.00,3,2025-08-07T18:55:13.516Z
1129,19027519714,PULL_UP,PULL_UP,1,6,<null>,33.19.00,2025-05-04T22:48:54.0,41,12,0,2,2025-08-07T18:55:18.523Z
1130,19035446074,DEADLIFT,DEADLIFT,2,8,102.06.00,52.56.00,2025-05-05T18:57:33.0,123,22,2245.32.00,3,2025-08-07T18:55:13.516Z
1131,19027519714,PULL_UP,PULL_UP,2,6,<null>,26.56.00,2025-05-04T22:51:56.0,41,12,0,2,2025-08-07T18:55:18.523Z
1132,19035446074,DEADLIFT,DEADLIFT,3,6,102.06.00,39.11.00,2025-05-05T19:08:13.0,123,22,2245.32.00,3,2025-08-07T18:55:13.516Z
1133,19027519714,CLOSE_GRIP_LAT_PULLDOWN,PULL_UP,1,8,68.06.00,47.03.00,2025-05-04T22:57:33.0,97,16,1089.36.00,2,2025-08-07T18:55:18.523Z
1134,19035446074,WEIGHTED_LEG_EXTENSIONS,CRUNCH,1,10,111.13.00,35.31.00,2025-05-05T19:16:51.0,116,32,3556.16.00,3,2025-08-07T18:55:13.516Z
1135,19027519714,CLOSE_GRIP_LAT_PULLDOWN,PULL_UP,2,8,68.06.00,51.27.00,2025-05-04T23:02:07.0,97,16,1089.36.00,2,2025-08-07T18:55:18.523Z
1136,19035446074,WEIGHTED_LEG_EXTENSIONS,CRUNCH,2,10,111.13.00,44.45.00,2025-05-05T19:23:38.0,116,32,3556.16.00,3,2025-08-07T18:55:13.516Z
1137,19027519714,SEATED_CABLE_ROW,ROW,1,10,68.06.00,53.21.00,2025-05-04T23:05:44.0,78,20,1361.2,2,2025-08-07T18:55:18.523Z
1138,19035446074,WEIGHTED_LEG_EXTENSIONS,CRUNCH,3,12,111.13.00,63.27.00,2025-05-05T19:31:48.0,116,32,3556.16.00,3,2025-08-07T18:55:13.516Z
1139,19027519714,SEATED_CABLE_ROW,ROW,2,10,68.06.00,37.14.00,2025-05-04T23:09:14.0,78,20,1361.2,2,2025-08-07T18:55:18.523Z
1140,19035446074,LATERAL_RAISE,LATERAL_RAISE,1,8,23.09,69.01.00,2025-05-05T19:33:55.0,170,28,635.32.00,3,2025-08-07T18:55:13.516Z
1141,19027519714,ROW,ROW,1,8,68.04.00,32.18.00,2025-05-04T23:13:40.0,62,18,1225.32.00,2,2025-08-07T18:55:18.523Z
1142,19035446074,LATERAL_RAISE,LATERAL_RAISE,2,10,23.09,68.24.00,2025-05-05T19:38:30.0,170,28,635.32.00,3,2025-08-07T18:55:13.516Z
1143,19027519714,ROW,ROW,2,10,68.06.00,40.16.00,2025-05-04T23:19:44.0,62,18,1225.32.00,2,2025-08-07T18:55:18.523Z
1144,19035446074,LATERAL_RAISE,LATERAL_RAISE,3,10,23.09,44.32.00,2025-05-05T19:43:49.0,170,28,635.32.00,3,2025-08-07T18:55:13.516Z
1145,19027519714,TRICEPS_EXTENSION,TRICEPS_EXTENSION,1,10,29.5,73.25.00,2025-05-04T23:27:17.0,188,34,1003,3,2025-08-07T18:55:18.523Z
1146,19035446074,WEIGHTED_STANDING_CALF_RAISE,CALF_RAISE,1,20,163.31.00,45.08.00,2025-05-05T19:46:16.0,115,60,9798.599999999999,3,2025-08-07T18:55:13.516Z
1147,19027519714,TRICEPS_EXTENSION,TRICEPS_EXTENSION,2,12,29.5,58.48.00,2025-05-04T23:33:21.0,188,34,1003,3,2025-08-07T18:55:18.523Z
1148,19035446074,WEIGHTED_STANDING_CALF_RAISE,CALF_RAISE,2,20,163.31.00,49.09.00,2025-05-05T19:53:23.0,115,60,9798.599999999999,3,2025-08-07T18:55:13.516Z
1149,19027519714,TRICEPS_EXTENSION,TRICEPS_EXTENSION,3,12,29.5,67.59.00,2025-05-04T23:38:03.0,188,34,1003,3,2025-08-07T18:55:18.523Z
1150,19035446074,WEIGHTED_STANDING_CALF_RAISE,CALF_RAISE,3,20,163.31.00,56.46.00,2025-05-05T19:58:41.0,115,60,9798.599999999999,3,2025-08-07T18:55:13.516Z
1151,19027519714,TRICEPS_PRESSDOWN,TRICEPS_EXTENSION,1,8,61.25.00,54.16.00,2025-05-04T23:46:29.0,103,16,980,2,2025-08-07T18:55:18.523Z
1152,19027519714,TRICEPS_PRESSDOWN,TRICEPS_EXTENSION,2,8,61.25.00,60.04.00,2025-05-04T23:52:14.0,103,16,980,2,2025-08-07T18:55:18.523Z
1153,19027519714,TRICEPS_PRESS,TRICEPS_EXTENSION,1,8,93,50.19.00,2025-05-04T23:58:12.0,112,13,1209,2,2025-08-07T18:55:18.523Z
1154,19027519714,TRICEPS_PRESS,TRICEPS_EXTENSION,2,5,93,74.45.00,2025-05-05T00:09:54.0,112,13,1209,2,2025-08-07T18:55:18.523Z
1155,19027519714,SEATED_REAR_LATERAL_RAISE,LATERAL_RAISE,1,10,52.19.00,51.31.00,2025-05-05T00:13:24.0,107,26,1357.34.00,3,2025-08-07T18:55:18.523Z
1156,19027519714,SEATED_REAR_LATERAL_RAISE,LATERAL_RAISE,2,8,52.19.00,34.46.00,2025-05-05T00:16:16.0,107,26,1357.34.00,3,2025-08-07T18:55:18.523Z
1157,19027519714,SEATED_REAR_LATERAL_RAISE,LATERAL_RAISE,3,8,52.19.00,31.21.00,2025-05-05T00:18:04.0,107,26,1357.34.00,3,2025-08-07T18:55:18.523Z
1158,19017578553,LATERAL_RAISE,LATERAL_RAISE,1,10,23.09,67.27.00,2025-05-03T22:36:38.0,143,36,722.46.00,3,2025-08-07T18:55:23.512Z
1159,19017578553,LATERAL_RAISE,LATERAL_RAISE,2,11,19.06,11.54,2025-05-03T22:43:08.0,143,36,722.46.00,3,2025-08-07T18:55:23.512Z
1160,19017578553,LATERAL_RAISE,LATERAL_RAISE,3,15,19.06,92.34.00,2025-05-03T22:46:56.0,143,36,722.46.00,3,2025-08-07T18:55:23.512Z
1161,19017578553,INCLINE_SMITH_MACHINE_BENCH_PRESS,BENCH_PRESS,1,7,75.21.00,57.12.00,2025-05-03T23:03:14.0,97,13,972.5300000000001,2,2025-08-07T18:55:23.512Z
1162,19017578553,INCLINE_SMITH_MACHINE_BENCH_PRESS,BENCH_PRESS,2,6,75.21.00,49.36.00,2025-05-03T23:10:09.0,97,13,972.5300000000001,2,2025-08-07T18:55:23.512Z
1163,19017578553,INCLINE_DUMBBELL_BENCH_PRESS,BENCH_PRESS,1,6,54.44.00,54.25.00,2025-05-03T23:22:08.0,236,12,653.28.00,2,2025-08-07T18:55:23.512Z
1164,19017578553,INCLINE_DUMBBELL_BENCH_PRESS,BENCH_PRESS,2,6,54.44.00,182.12.00,2025-05-03T23:35:13.0,236,12,653.28.00,2,2025-08-07T18:55:23.512Z
1165,19017578553,FLYE,FLYE,1,10,79.38.00,271.04.00,2025-05-03T23:41:43.0,332,20,1610.1,2,2025-08-07T18:55:23.512Z
1166,19017578553,FLYE,FLYE,2,10,82.03.00,66.07.00,2025-05-03T23:52:59.0,332,20,1610.1,2,2025-08-07T18:55:23.512Z
1167,19017578553,SHOULDER_PRESS,SHOULDER_PRESS,1,10,66.15.00,211.12.00,2025-05-03T23:59:23.0,468,30,1972.5,3,2025-08-07T18:55:23.512Z
1168,19017578553,SHOULDER_PRESS,SHOULDER_PRESS,2,8,66.15.00,188.52.00,2025-05-04T00:08:01.0,468,30,1972.5,3,2025-08-07T18:55:23.512Z
1169,19017578553,SHOULDER_PRESS,SHOULDER_PRESS,3,12,66.15.00,91.37.00,2025-05-04T00:24:27.0,468,30,1972.5,3,2025-08-07T18:55:23.512Z
1170,19017578553,EZ_BAR_PREACHER_CURL,CURL,1,6,50.28.00,154.32.00,2025-05-04T00:35:11.0,290,18,897.8400000000001,3,2025-08-07T18:55:23.512Z
1171,19017578553,EZ_BAR_PREACHER_CURL,CURL,2,6,50.28.00,129.19.00,2025-05-04T00:44:45.0,290,18,897.8400000000001,3,2025-08-07T18:55:23.512Z
1172,19017578553,EZ_BAR_PREACHER_CURL,CURL,3,6,50.28.00,32.44.00,2025-05-04T00:50:17.0,290,18,897.8400000000001,3,2025-08-07T18:55:23.512Z
1173,19017578553,CABLE_HAMMER_CURL,CURL,1,10,45.38.00,52.21.00,2025-05-04T00:52:46.0,99,28,1271.04.00,3,2025-08-07T18:55:23.512Z
1174,19017578553,CABLE_HAMMER_CURL,CURL,2,8,45.38.00,46.43.00,2025-05-04T00:55:03.0,99,28,1271.04.00,3,2025-08-07T18:55:23.512Z
1175,19017578553,CABLE_HAMMER_CURL,CURL,3,10,45.38.00,41.46.00,2025-05-04T00:57:20.0,99,28,1271.04.00,3,2025-08-07T18:55:23.512Z
1176,18996894027,SEATED_REAR_LATERAL_RAISE,LATERAL_RAISE,1,15,50.28.00,73.45.00,2025-05-01T18:59:34.0,138,39,1945.3200000000002,3,2025-08-07T18:55:32.512Z
1177,18985916400,INCLINE_SMITH_MACHINE_BENCH_PRESS,BENCH_PRESS,1,7,75.21.00,76.31.00,2025-04-30T19:59:41.0,403,12,898.12.00,2,2025-08-07T18:55:37.519Z
1178,18996894027,SEATED_REAR_LATERAL_RAISE,LATERAL_RAISE,2,12,50.28.00,46.17.00,2025-05-01T19:06:37.0,138,39,1945.3200000000002,3,2025-08-07T18:55:32.512Z
1179,18985916400,INCLINE_SMITH_MACHINE_BENCH_PRESS,BENCH_PRESS,2,5,75.21.00,327.26.00,2025-04-30T20:03:52.0,403,12,898.12.00,2,2025-08-07T18:55:37.519Z
1180,18996894027,SEATED_REAR_LATERAL_RAISE,LATERAL_RAISE,3,12,50.28.00,41.42.00,2025-05-01T19:10:14.0,138,39,1945.3200000000002,3,2025-08-07T18:55:32.512Z
1181,18985916400,INCLINE_DUMBBELL_BENCH_PRESS,BENCH_PRESS,1,10,50.28.00,65.51.00,2025-04-30T20:09:26.0,154,19,948.12.00,2,2025-08-07T18:55:37.519Z
1182,18996894027,ONE_ARM_CABLE_LATERAL_RAISE,LATERAL_RAISE,1,10,23.09,77.26.00,2025-05-01T19:12:40.0,205,33,748.7700000000001,3,2025-08-07T18:55:32.512Z
1183,18985916400,INCLINE_DUMBBELL_BENCH_PRESS,BENCH_PRESS,2,9,50.28.00,99.08.00,2025-04-30T20:14:55.0,154,19,948.12.00,2,2025-08-07T18:55:37.519Z
1184,18996894027,ONE_ARM_CABLE_LATERAL_RAISE,LATERAL_RAISE,2,12,23.09,82.07.00,2025-05-01T19:17:15.0,205,33,748.7700000000001,3,2025-08-07T18:55:32.512Z
1185,18985916400,FLYE,FLYE,1,8,86.19.00,77.39.00,2025-04-30T20:18:55.0,185,23,1907.58.00,3,2025-08-07T18:55:37.519Z
1186,18996894027,ONE_ARM_CABLE_LATERAL_RAISE,LATERAL_RAISE,3,11,23.09,72.12.00,2025-05-01T19:23:24.0,205,33,748.7700000000001,3,2025-08-07T18:55:32.512Z
1187,18985916400,FLYE,FLYE,2,6,84.34.00,66.41.00,2025-04-30T20:22:35.0,185,23,1907.58.00,3,2025-08-07T18:55:37.519Z
1188,18996894027,SHOULDER_PRESS,SHOULDER_PRESS,1,12,61.25.00,58.47.00,2025-05-01T19:35:40.0,207,36,2205,3,2025-08-07T18:55:32.512Z
1189,18985916400,FLYE,FLYE,3,9,79.38.00,60.49.00,2025-04-30T20:27:40.0,185,23,1907.58.00,3,2025-08-07T18:55:37.519Z
1190,18996894027,SHOULDER_PRESS,SHOULDER_PRESS,2,12,61.25.00,98.45.00,2025-05-01T19:42:45.0,207,36,2205,3,2025-08-07T18:55:32.512Z
1191,18985916400,EZ_BAR_PREACHER_CURL,CURL,1,8,50.28.00,62.39.00,2025-04-30T20:30:31.0,117,16,798.08.00,2,2025-08-07T18:55:37.519Z
1192,18996894027,SHOULDER_PRESS,SHOULDER_PRESS,3,12,61.25.00,69.34.00,2025-05-01T19:50:45.0,207,36,2205,3,2025-08-07T18:55:32.512Z
1193,18985916400,EZ_BAR_PREACHER_CURL,CURL,2,8,50.28.00,71.52.00,2025-04-30T20:34:46.0,117,16,798.08.00,2,2025-08-07T18:55:37.519Z
1194,18996894027,TRICEPS_EXTENSION,TRICEPS_EXTENSION,1,12,29.5,54.2,2025-05-01T19:54:42.0,187,34,1003,3,2025-08-07T18:55:32.512Z
1195,18985916400,BEHIND_THE_BACK_ONE_ARM_CABLE_CURL,CURL,1,8,50.28.00,98.53.00,2025-04-30T20:40:30.0,198,16,834.56.00,2,2025-08-07T18:55:37.519Z
1196,18996894027,TRICEPS_EXTENSION,TRICEPS_EXTENSION,2,10,29.5,58.53.00,2025-05-01T19:58:08.0,187,34,1003,3,2025-08-07T18:55:32.512Z
1197,18985916400,BEHIND_THE_BACK_ONE_ARM_CABLE_CURL,CURL,2,8,54.44.00,120.55.00,2025-04-30T20:45:30.0,198,16,834.56.00,2,2025-08-07T18:55:37.519Z
1198,18996894027,TRICEPS_EXTENSION,TRICEPS_EXTENSION,3,12,29.5,91.27.00,2025-05-01T20:02:37.0,187,34,1003,3,2025-08-07T18:55:32.512Z
1199,18985916400,CABLE_HAMMER_CURL,CURL,1,11,45.38.00,56.24.00,2025-04-30T20:51:56.0,132,29,1316.02.00,3,2025-08-07T18:55:37.519Z
1200,18996894027,TRICEPS_PRESSDOWN,TRICEPS_EXTENSION,1,6,63.5,78.17.00,2025-05-01T20:07:52.0,245,18,1116.28.00,3,2025-08-07T18:55:32.512Z
1201,18985916400,CABLE_HAMMER_CURL,CURL,2,8,45.38.00,34.52.00,2025-04-30T20:58:23.0,132,29,1316.02.00,3,2025-08-07T18:55:37.519Z
1202,18996894027,TRICEPS_PRESSDOWN,TRICEPS_EXTENSION,2,6,61.25.00,47.04.00,2025-05-01T20:11:55.0,245,18,1116.28.00,3,2025-08-07T18:55:32.512Z
1203,18985916400,CABLE_HAMMER_CURL,CURL,3,10,45.38.00,49.44.00,2025-04-30T21:02:24.0,132,29,1316.02.00,3,2025-08-07T18:55:37.519Z
1204,18996894027,TRICEPS_PRESSDOWN,TRICEPS_EXTENSION,3,6,61.23.00,135.11.00,2025-05-01T20:15:59.0,245,18,1116.28.00,3,2025-08-07T18:55:32.512Z
1205,18985916400,REVERSE_EZ_BAR_CURL,CURL,1,20,18.13,59.08.00,2025-04-30T20:54:56.0,91,32,580.16.00,2,2025-08-07T18:55:37.519Z
1206,18996894027,CLOSE_GRIP_LAT_PULLDOWN,PULL_UP,1,8,68.06.00,42.49.00,2025-05-01T20:21:39.0,121,24,1633.44.00,3,2025-08-07T18:55:32.512Z
1207,18985916400,REVERSE_EZ_BAR_CURL,CURL,2,12,18.13,36.53.00,2025-04-30T21:03:31.0,91,32,580.16.00,2,2025-08-07T18:55:37.519Z
1208,18996894027,CLOSE_GRIP_LAT_PULLDOWN,PULL_UP,2,8,68.06.00,42.37.00,2025-05-01T20:25:20.0,121,24,1633.44.00,3,2025-08-07T18:55:32.512Z
1209,18985916400,DUMBBELL_WRIST_CURL,CURL,1,16,18.13,71.45.00,2025-04-30T21:30:31.0,81,36,653.08.00,2,2025-08-07T18:55:37.519Z
1210,18996894027,CLOSE_GRIP_LAT_PULLDOWN,PULL_UP,3,8,68.06.00,46.02.00,2025-05-01T20:28:58.0,121,24,1633.44.00,3,2025-08-07T18:55:32.512Z
1211,18985916400,DUMBBELL_WRIST_CURL,CURL,2,20,18.13,26.57.00,2025-04-30T21:48:20.0,81,36,653.08.00,2,2025-08-07T18:55:37.519Z
1212,18996894027,SEATED_CABLE_ROW,ROW,1,10,68.06.00,42.07.00,2025-05-01T20:32:33.0,97,22,1497.3200000000002,2,2025-08-07T18:55:32.512Z
1213,18996894027,SEATED_CABLE_ROW,ROW,2,12,68.06.00,71.13.00,2025-05-01T20:36:25.0,97,22,1497.3200000000002,2,2025-08-07T18:55:32.512Z
1214,18996894027,SEATED_UNDERHAND_GRIP_CABLE_ROW,ROW,1,10,77.13.00,55.38.00,2025-05-01T20:42:26.0,104,22,1697.26.00,2,2025-08-07T18:55:32.512Z
1215,18996894027,SEATED_UNDERHAND_GRIP_CABLE_ROW,ROW,2,12,77.13.00,71.38.00,2025-05-01T20:45:51.0,104,22,1697.26.00,2,2025-08-07T18:55:32.512Z
1216,18976649322,BARBELL_DEADLIFT,DEADLIFT,1,10,93,98.37.00,2025-04-29T22:35:33.0,138,22,2046,2,2025-08-07T18:55:43.515Z
1217,18976649322,BARBELL_DEADLIFT,DEADLIFT,2,12,93,59.26.00,2025-04-29T22:43:46.0,138,22,2046,2,2025-08-07T18:55:43.515Z
1218,18976649322,WEIGHTED_LEG_CURL,LEG_CURL,1,6,93,149.03.00,2025-04-29T22:47:05.0,199,20,1860,3,2025-08-07T18:55:43.515Z
1219,18976649322,WEIGHTED_LEG_CURL,LEG_CURL,2,6,93,35.03.00,2025-04-29T22:53:00.0,199,20,1860,3,2025-08-07T18:55:43.515Z
1220,18976649322,WEIGHTED_LEG_CURL,LEG_CURL,3,8,93,33.08.00,2025-04-29T22:56:04.0,199,20,1860,3,2025-08-07T18:55:43.515Z
1221,18976649322,WEIGHTED_LEG_EXTENSIONS,CRUNCH,1,10,111.13.00,31.44.00,2025-04-29T23:00:24.0,116,28,3112.04.00,3,2025-08-07T18:55:43.515Z
1222,18976649322,WEIGHTED_LEG_EXTENSIONS,CRUNCH,2,10,111.13.00,34.55.00,2025-04-29T23:19:52.0,116,28,3112.04.00,3,2025-08-07T18:55:43.515Z
1223,18976649322,WEIGHTED_LEG_EXTENSIONS,CRUNCH,3,8,111.13.00,69.08.00,2025-04-29T23:24:43.0,116,28,3112.04.00,3,2025-08-07T18:55:43.515Z
1224,18976649322,BARBELL_HACK_SQUAT,SQUAT,1,10,93,72.48.00,2025-04-29T23:03:59.0,167,18,1674,2,2025-08-07T18:55:43.515Z
1225,18976649322,BARBELL_HACK_SQUAT,SQUAT,2,8,93,106.43.00,2025-04-29T23:09:28.0,167,18,1674,2,2025-08-07T18:55:43.515Z
1226,18976649322,WEIGHTED_CRUNCH,CRUNCH,1,10,50.28.00,74.23.00,2025-04-29T23:28:42.0,195,22,1125.08.00,3,2025-08-07T18:55:43.515Z
1227,18976649322,WEIGHTED_CRUNCH,CRUNCH,2,6,52.19.00,95.22.00,2025-04-29T23:34:43.0,195,22,1125.08.00,3,2025-08-07T18:55:43.515Z
1228,18976649322,WEIGHTED_CRUNCH,CRUNCH,3,6,52.19.00,34.43.00,2025-04-29T23:38:14.0,195,22,1125.08.00,3,2025-08-07T18:55:43.515Z
1229,18976649322,WEIGHTED_STANDING_CALF_RAISE,CALF_RAISE,1,16,159.15.00,39.37.00,2025-04-29T23:41:42.0,148,49,7779.15.00,3,2025-08-07T18:55:43.515Z
1230,18976649322,WEIGHTED_STANDING_CALF_RAISE,CALF_RAISE,2,18,159.15.00,86.47.00,2025-04-29T23:46:48.0,148,49,7779.15.00,3,2025-08-07T18:55:43.515Z
1231,18976649322,WEIGHTED_STANDING_CALF_RAISE,CALF_RAISE,3,15,159.15.00,45.35.00,2025-04-29T23:52:14.0,148,49,7779.15.00,3,2025-08-07T18:55:43.515Z
1232,18976649322,LEG_ABDUCTION,BANDED_EXERCISES,1,20,93,43.34.00,2025-04-29T23:53:46.0,113,58,5394,3,2025-08-07T18:55:43.515Z
1233,18976649322,LEG_ABDUCTION,BANDED_EXERCISES,2,18,93,54.39.00,2025-04-29T23:57:27.0,113,58,5394,3,2025-08-07T18:55:43.515Z
1234,18976649322,LEG_ABDUCTION,BANDED_EXERCISES,3,20,93,41.06.00,2025-04-30T00:03:18.0,113,58,5394,3,2025-08-07T18:55:43.515Z
1235,18976649322,LEG_ADDUCTION,BANDED_EXERCISES,1,12,84.34.00,38.38.00,2025-04-29T23:54:42.0,105,34,2854.36.00,3,2025-08-07T18:55:43.515Z
1236,18976649322,LEG_ADDUCTION,BANDED_EXERCISES,2,10,84.34.00,41.58.00,2025-04-29T23:58:46.0,105,34,2854.36.00,3,2025-08-07T18:55:43.515Z
1237,18976649322,LEG_ADDUCTION,BANDED_EXERCISES,3,12,84.34.00,50.13.00,2025-04-30T00:04:25.0,105,34,2854.36.00,3,2025-08-07T18:55:43.515Z
1238,18964695231,LATERAL_RAISE,LATERAL_RAISE,1,10,19.06,63.18.00,2025-04-28T18:59:58.0,191,30,571.8,3,2025-08-07T18:55:48.517Z
1239,18955754727,INCLINE_SMITH_MACHINE_BENCH_PRESS,BENCH_PRESS,1,8,75.21.00,65.18.00,2025-04-27T19:53:20.0,134,15,1122.15.00,2,2025-08-07T18:55:53.516Z
1240,18964695231,LATERAL_RAISE,LATERAL_RAISE,2,10,19.06,80.16.00,2025-04-28T19:03:42.0,191,30,571.8,3,2025-08-07T18:55:48.517Z
1241,18955754727,INCLINE_SMITH_MACHINE_BENCH_PRESS,BENCH_PRESS,2,7,75.21.00,78.23.00,2025-04-27T20:00:54.0,134,15,1122.15.00,2,2025-08-07T18:55:53.516Z
1242,18964695231,LATERAL_RAISE,LATERAL_RAISE,3,10,19.06,70.53.00,2025-04-28T19:09:04.0,191,30,571.8,3,2025-08-07T18:55:48.517Z
1243,18955754727,INCLINE_DUMBBELL_BENCH_PRESS,BENCH_PRESS,1,10,50.28.00,138.07.00,2025-04-27T20:08:15.0,249,19,948.12.00,2,2025-08-07T18:55:53.516Z
1244,18964695231,SHOULDER_PRESS,SHOULDER_PRESS,1,10,61.25.00,48.33.00,2025-04-28T19:13:17.0,121,20,1270,2,2025-08-07T18:55:48.517Z
1245,18955754727,INCLINE_DUMBBELL_BENCH_PRESS,BENCH_PRESS,2,9,50.28.00,130.35.00,2025-04-27T20:17:12.0,249,19,948.12.00,2,2025-08-07T18:55:53.516Z
1246,18964695231,SHOULDER_PRESS,SHOULDER_PRESS,2,10,66.15.00,89.53.00,2025-04-28T19:20:24.0,121,20,1270,2,2025-08-07T18:55:48.517Z
1247,18955754727,FLYE,FLYE,1,6,88.44.00,58.53.00,2025-04-27T20:23:32.0,144,19,1651.1099999999997,3,2025-08-07T18:55:53.516Z
1248,18964695231,SEATED_REAR_LATERAL_RAISE,LATERAL_RAISE,1,12,48.03.00,42.18.00,2025-04-28T19:25:01.0,414,39,1857.5700000000002,3,2025-08-07T18:55:48.517Z
1249,18955754727,FLYE,FLYE,2,7,86.19.00,57.46.00,2025-04-27T20:31:05.0,144,19,1651.1099999999997,3,2025-08-07T18:55:53.516Z
1250,18964695231,SEATED_REAR_LATERAL_RAISE,LATERAL_RAISE,2,12,48.03.00,342.21.00,2025-04-28T19:32:38.0,414,39,1857.5700000000002,3,2025-08-07T18:55:48.517Z
1251,18955754727,FLYE,FLYE,3,6,86.19.00,56.31.00,2025-04-27T20:36:15.0,144,19,1651.1099999999997,3,2025-08-07T18:55:53.516Z
1252,18964695231,SEATED_REAR_LATERAL_RAISE,LATERAL_RAISE,3,15,48.03.00,52.01.00,2025-04-28T19:38:15.0,414,39,1857.5700000000002,3,2025-08-07T18:55:48.517Z
1253,18955754727,EZ_BAR_PREACHER_CURL,CURL,1,6,52.19.00,96.24.00,2025-04-27T20:45:21.0,135,14,712.1800000000001,2,2025-08-07T18:55:53.516Z
1254,18964695231,CLOSE_GRIP_LAT_PULLDOWN,PULL_UP,1,8,68.06.00,60.01.00,2025-04-28T19:43:12.0,95,18,1225.08.00,2,2025-08-07T18:55:48.517Z
1255,18955754727,EZ_BAR_PREACHER_CURL,CURL,2,8,50.28.00,61.16.00,2025-04-27T20:56:42.0,135,14,712.1800000000001,2,2025-08-07T18:55:53.516Z
1256,18964695231,CLOSE_GRIP_LAT_PULLDOWN,PULL_UP,2,10,68.06.00,47.29.00,2025-04-28T19:57:26.0,95,18,1225.08.00,2,2025-08-07T18:55:48.517Z
1257,18955754727,BEHIND_THE_BACK_ONE_ARM_CABLE_CURL,CURL,1,8,50.28.00,81.58.00,2025-04-27T21:04:39.0,144,16,834.56.00,2,2025-08-07T18:55:53.516Z
1258,18964695231,PULL_UP,PULL_UP,1,6,<null>,72.22.00,2025-04-28T19:48:06.0,70,6,0,1,2025-08-07T18:55:48.517Z
1259,18955754727,BEHIND_THE_BACK_ONE_ARM_CABLE_CURL,CURL,2,8,54.44.00,80.39.00,2025-04-27T21:08:57.0,144,16,834.56.00,2,2025-08-07T18:55:53.516Z
1260,18964695231,LAT_PULLDOWN,PULL_UP,1,10,59.34.00,64.42.00,2025-04-28T20:03:26.0,139,22,1296.6799999999998,2,2025-08-07T18:55:48.517Z
1261,18955754727,CABLE_HAMMER_CURL,CURL,1,10,45.38.00,67.08.00,2025-04-27T21:13:01.0,125,32,1452.16.00,3,2025-08-07T18:55:53.516Z
1262,18964695231,LAT_PULLDOWN,PULL_UP,2,12,59.34.00,82.59.00,2025-04-28T20:11:06.0,139,22,1296.6799999999998,2,2025-08-07T18:55:48.517Z
1263,18955754727,CABLE_HAMMER_CURL,CURL,2,12,45.38.00,52.22.00,2025-04-27T21:17:09.0,125,32,1452.16.00,3,2025-08-07T18:55:53.516Z
1264,18964695231,SEATED_CABLE_ROW,ROW,1,10,68.06.00,39.07.00,2025-04-28T20:17:12.0,149,28,1942.08.00,3,2025-08-07T18:55:48.517Z
1265,18955754727,CABLE_HAMMER_CURL,CURL,3,10,45.38.00,39.34.00,2025-04-27T21:21:33.0,125,32,1452.16.00,3,2025-08-07T18:55:53.516Z
1266,18964695231,SEATED_CABLE_ROW,ROW,2,10,68.06.00,47.36.00,2025-04-28T20:22:19.0,149,28,1942.08.00,3,2025-08-07T18:55:48.517Z
1267,18955754727,WEIGHTED_CRUNCH,CRUNCH,1,8,45.38.00,48.26.00,2025-04-27T21:26:30.0,165,18,817.24.00,2,2025-08-07T18:55:53.516Z
1268,18964695231,SEATED_CABLE_ROW,ROW,3,8,72.56.00,70.12.00,2025-04-28T20:27:43.0,149,28,1942.08.00,3,2025-08-07T18:55:48.517Z
1269,18955754727,WEIGHTED_CRUNCH,CRUNCH,2,10,45.38.00,125.44.00,2025-04-27T21:30:41.0,165,18,817.24.00,2,2025-08-07T18:55:53.516Z
1270,18964695231,TRICEPS_PRESSDOWN,TRICEPS_EXTENSION,1,10,63.5,51.42.00,2025-04-28T20:31:20.0,144,26,1651,3,2025-08-07T18:55:48.517Z
1271,18955754727,REVERSE_EZ_BAR_CURL,CURL,1,12,18.13,61.49.00,2025-04-27T21:34:03.0,104,32,580.16.00,2,2025-08-07T18:55:53.516Z
1272,18964695231,TRICEPS_PRESSDOWN,TRICEPS_EXTENSION,2,8,63.5,34.46.00,2025-04-28T20:36:45.0,144,26,1651,3,2025-08-07T18:55:48.517Z
1273,18955754727,REVERSE_EZ_BAR_CURL,CURL,2,20,18.13,54.14.00,2025-04-27T21:47:24.0,104,32,580.16.00,2,2025-08-07T18:55:53.516Z
1274,18964695231,TRICEPS_PRESSDOWN,TRICEPS_EXTENSION,3,8,63.5,68.15.00,2025-04-28T20:41:15.0,144,26,1651,3,2025-08-07T18:55:48.517Z
1275,18964695231,INCLINE_EZ_BAR_LYING_TRICEPS_EXTENSION,TRICEPS_EXTENSION,1,12,27.19.00,81.43.00,2025-04-28T20:44:45.0,213,36,1034.28.00,3,2025-08-07T18:55:48.517Z
1276,18964695231,INCLINE_EZ_BAR_LYING_TRICEPS_EXTENSION,TRICEPS_EXTENSION,2,14,29.5,76.19.00,2025-04-28T20:50:13.0,213,36,1034.28.00,3,2025-08-07T18:55:48.517Z
1277,18964695231,INCLINE_EZ_BAR_LYING_TRICEPS_EXTENSION,TRICEPS_EXTENSION,3,10,29.5,69.12.00,2025-04-28T20:58:45.0,213,36,1034.28.00,3,2025-08-07T18:55:48.517Z
1278,18944995718,WEIGHTED_LEG_EXTENSIONS,CRUNCH,1,12,107.03.00,39.05.00,2025-04-26T20:24:47.0,149,32,3502.16.00,3,2025-08-07T18:55:58.524Z
1279,18944995718,WEIGHTED_LEG_EXTENSIONS,CRUNCH,2,10,111.13.00,87.08.00,2025-04-26T20:29:46.0,149,32,3502.16.00,3,2025-08-07T18:55:58.524Z
1280,18944995718,WEIGHTED_LEG_EXTENSIONS,CRUNCH,3,10,111.13.00,46.04.00,2025-04-26T20:34:33.0,149,32,3502.16.00,3,2025-08-07T18:55:58.524Z
1281,18944995718,LEG_ABDUCTION,BANDED_EXERCISES,1,16,91.12.00,39.13.00,2025-04-26T20:38:16.0,121,54,4985.34.00,3,2025-08-07T18:55:58.524Z
1282,18944995718,LEG_ABDUCTION,BANDED_EXERCISES,2,18,93.39.00,49.34.00,2025-04-26T20:46:01.0,121,54,4985.34.00,3,2025-08-07T18:55:58.524Z
1283,18944995718,LEG_ABDUCTION,BANDED_EXERCISES,3,20,93,51.32.00,2025-04-26T20:49:34.0,121,54,4985.34.00,3,2025-08-07T18:55:58.524Z
1284,18944995718,WEIGHTED_LEG_CURL,LEG_CURL,1,9,93,43.37.00,2025-04-26T20:51:51.0,103,28,2604,3,2025-08-07T18:55:58.524Z
1285,18944995718,WEIGHTED_LEG_CURL,LEG_CURL,2,9,93,43.37.00,2025-04-26T20:55:35.0,103,28,2604,3,2025-08-07T18:55:58.524Z
1286,18944995718,WEIGHTED_LEG_CURL,LEG_CURL,3,10,93,40.49.00,2025-04-26T21:00:35.0,103,28,2604,3,2025-08-07T18:55:58.524Z
1287,18944995718,BARBELL_DEADLIFT,DEADLIFT,1,10,84.34.00,55.41.00,2025-04-26T21:13:50.0,141,30,2699.4,3,2025-08-07T18:55:58.524Z
1288,18944995718,BARBELL_DEADLIFT,DEADLIFT,2,10,93,51.36.00,2025-04-26T21:23:08.0,141,30,2699.4,3,2025-08-07T18:55:58.524Z
1289,18944995718,BARBELL_DEADLIFT,DEADLIFT,3,10,93,57.11.00,2025-04-26T21:33:05.0,141,30,2699.4,3,2025-08-07T18:55:58.524Z
1290,18944995718,LATERAL_RAISE,LATERAL_RAISE,1,10,20.44,83.03.00,2025-04-26T21:38:30.0,231,24,522.0600000000001,3,2025-08-07T18:55:58.524Z
1291,18944995718,LATERAL_RAISE,LATERAL_RAISE,2,6,23.09,101.48.00,2025-04-26T21:43:04.0,231,24,522.0600000000001,3,2025-08-07T18:55:58.524Z
1292,18944995718,LATERAL_RAISE,LATERAL_RAISE,3,8,23.09,68.01.00,2025-04-26T21:47:47.0,231,24,522.0600000000001,3,2025-08-07T18:55:58.524Z
1293,18944995718,SEATED_REAR_LATERAL_RAISE,LATERAL_RAISE,1,12,48.03.00,53.28.00,2025-04-26T21:52:09.0,147,33,1571.7900000000002,3,2025-08-07T18:55:58.524Z
1294,18944995718,SEATED_REAR_LATERAL_RAISE,LATERAL_RAISE,2,12,48.03.00,58.34.00,2025-04-26T21:58:37.0,147,33,1571.7900000000002,3,2025-08-07T18:55:58.524Z
1295,18944995718,SEATED_REAR_LATERAL_RAISE,LATERAL_RAISE,3,9,48.03.00,58.18.00,2025-04-26T22:02:03.0,147,33,1571.7900000000002,3,2025-08-07T18:55:58.524Z
1296,18944995718,WEIGHTED_STANDING_CALF_RAISE,CALF_RAISE,1,20,159.15.00,46.01.00,2025-04-26T22:05:34.0,111,45,7144.15.00,3,2025-08-07T18:55:58.524Z
1297,18944995718,WEIGHTED_STANDING_CALF_RAISE,CALF_RAISE,2,15,159.15.00,43.38.00,2025-04-26T22:16:37.0,111,45,7144.15.00,3,2025-08-07T18:55:58.524Z
1298,18944995718,WEIGHTED_STANDING_CALF_RAISE,CALF_RAISE,3,10,159.15.00,45.38.00,2025-04-26T22:21:34.0,111,45,7144.15.00,3,2025-08-07T18:55:58.524Z
1299,18944995718,LEG_ADDUCTION,BANDED_EXERCISES,1,10,84.31.00,41.13.00,2025-04-26T22:28:28.0,114,30,2517.9,3,2025-08-07T18:55:58.524Z
1300,18944995718,LEG_ADDUCTION,BANDED_EXERCISES,2,10,84.34.00,44.33.00,2025-04-26T22:32:05.0,114,30,2517.9,3,2025-08-07T18:55:58.524Z
1301,18944995718,LEG_ADDUCTION,BANDED_EXERCISES,3,10,84.34.00,42.11.00,2025-04-26T22:35:56.0,114,30,2517.9,3,2025-08-07T18:55:58.524Z
1302,18925837364,PULL_UP,PULL_UP,1,6,<null>,29.54.00,2025-04-24T18:55:38.0,77,12,0,2,2025-08-07T18:56:05.525Z
1303,18917374392,EZ_BAR_PREACHER_CURL,CURL,1,8,52.19.00,96.25.00,2025-04-23T22:53:17.0,165,14,731.06.00,2,2025-08-07T18:56:10.523Z
1304,18925837364,PULL_UP,PULL_UP,2,6,<null>,62.52.00,2025-04-24T19:00:34.0,77,12,0,2,2025-08-07T18:56:05.525Z
1305,18917374392,EZ_BAR_PREACHER_CURL,CURL,2,6,52.19.00,78.35.00,2025-04-23T23:00:55.0,165,14,731.06.00,2,2025-08-07T18:56:10.523Z
1306,18925837364,LAT_PULLDOWN,PULL_UP,1,10,72.56.00,68.49.00,2025-04-24T19:06:12.0,100,22,1596.3200000000002,2,2025-08-07T18:56:05.525Z
1307,18917374392,REVERSE_EZ_BAR_CURL,CURL,1,8,18.13,51.43.00,2025-04-23T23:03:42.0,86,20,362.6,2,2025-08-07T18:56:10.523Z
1308,18925837364,LAT_PULLDOWN,PULL_UP,2,12,72.56.00,48.09.00,2025-04-24T19:10:49.0,100,22,1596.3200000000002,2,2025-08-07T18:56:05.525Z
1309,18917374392,REVERSE_EZ_BAR_CURL,CURL,2,12,18.13,54.39.00,2025-04-23T23:06:09.0,86,20,362.6,2,2025-08-07T18:56:10.523Z
1310,18925837364,CLOSE_GRIP_LAT_PULLDOWN,PULL_UP,1,6,68.06.00,46.56.00,2025-04-24T19:14:33.0,94,16,953.16.00,2,2025-08-07T18:56:05.525Z
1311,18917374392,BEHIND_THE_BACK_ONE_ARM_CABLE_CURL,CURL,1,6,54.44.00,88.18.00,2025-04-23T23:11:33.0,175,16,871.04.00,2,2025-08-07T18:56:10.523Z
1312,18925837364,CLOSE_GRIP_LAT_PULLDOWN,PULL_UP,2,10,54.44.00,60.29.00,2025-04-24T19:19:38.0,94,16,953.16.00,2,2025-08-07T18:56:05.525Z
1313,18917374392,BEHIND_THE_BACK_ONE_ARM_CABLE_CURL,CURL,2,10,54.44.00,98.34.00,2025-04-23T23:15:50.0,175,16,871.04.00,2,2025-08-07T18:56:10.523Z
1314,18925837364,SEATED_CABLE_ROW,ROW,1,12,63.5,53.02.00,2025-04-24T19:31:08.0,101,22,1442.6,2,2025-08-07T18:56:05.525Z
1315,18917374392,CABLE_HAMMER_CURL,CURL,1,10,45.38.00,57.27.00,2025-04-23T23:23:22.0,109,32,1452.16.00,3,2025-08-07T18:56:10.523Z
1316,18925837364,SEATED_CABLE_ROW,ROW,2,10,68.06.00,59.45.00,2025-04-24T19:37:47.0,101,22,1442.6,2,2025-08-07T18:56:05.525Z
1317,18917374392,CABLE_HAMMER_CURL,CURL,2,10,45.38.00,44.17.00,2025-04-23T23:26:36.0,109,32,1452.16.00,3,2025-08-07T18:56:10.523Z
1318,18925837364,SEATED_UNDERHAND_GRIP_CABLE_ROW,ROW,1,8,82.03.00,41.18.00,2025-04-24T19:43:49.0,82,20,1632.6,2,2025-08-07T18:56:05.525Z
1319,18917374392,CABLE_HAMMER_CURL,CURL,3,12,45.38.00,45.58.00,2025-04-23T23:31:01.0,109,32,1452.16.00,3,2025-08-07T18:56:10.523Z
1320,18925837364,SEATED_UNDERHAND_GRIP_CABLE_ROW,ROW,2,12,82.03.00,46.03.00,2025-04-24T19:52:15.0,82,20,1632.6,2,2025-08-07T18:56:05.525Z
1321,18917374392,LEG_ADDUCTION,BANDED_EXERCISES,1,12,79.38.00,79.27.00,2025-04-23T23:36:14.0,192,39,3095.8199999999997,3,2025-08-07T18:56:10.523Z
1322,18925837364,SEATED_REAR_LATERAL_RAISE,LATERAL_RAISE,1,10,48.03.00,82.18.00,2025-04-24T19:57:44.0,231,30,1383.9,3,2025-08-07T18:56:05.525Z
1323,18917374392,LEG_ADDUCTION,BANDED_EXERCISES,2,15,79.38.00,67.47.00,2025-04-23T23:44:26.0,192,39,3095.8199999999997,3,2025-08-07T18:56:10.523Z
1324,18925837364,SEATED_REAR_LATERAL_RAISE,LATERAL_RAISE,2,10,45.38.00,52.36.00,2025-04-24T20:01:57.0,231,30,1383.9,3,2025-08-07T18:56:05.525Z
1325,18917374392,LEG_ADDUCTION,BANDED_EXERCISES,3,12,79.38.00,58.41.00,2025-04-23T23:50:05.0,192,39,3095.8199999999997,3,2025-08-07T18:56:10.523Z
1326,18925837364,SEATED_REAR_LATERAL_RAISE,LATERAL_RAISE,3,10,45.38.00,123.47.00,2025-04-24T20:06:40.0,231,30,1383.9,3,2025-08-07T18:56:05.525Z
1327,18917374392,WEIGHTED_STANDING_CALF_RAISE,CALF_RAISE,1,15,159.15.00,46.05.00,2025-04-23T23:51:50.0,121,49,7779.15.00,3,2025-08-07T18:56:10.523Z
1328,18925837364,ONE_ARM_CABLE_LATERAL_RAISE,LATERAL_RAISE,1,12,20.44,121.59.00,2025-04-24T20:12:01.0,466,34,695.36.00,3,2025-08-07T18:56:05.525Z
1329,18917374392,WEIGHTED_STANDING_CALF_RAISE,CALF_RAISE,2,18,159.15.00,42.31.00,2025-04-23T23:59:21.0,121,49,7779.15.00,3,2025-08-07T18:56:10.523Z
1330,18925837364,ONE_ARM_CABLE_LATERAL_RAISE,LATERAL_RAISE,2,10,20.44,126.57.00,2025-04-24T20:17:58.0,466,34,695.36.00,3,2025-08-07T18:56:05.525Z
1331,18917374392,WEIGHTED_STANDING_CALF_RAISE,CALF_RAISE,3,16,159.15.00,64.25.00,2025-04-24T00:02:52.0,121,49,7779.15.00,3,2025-08-07T18:56:10.523Z
1332,18925837364,ONE_ARM_CABLE_LATERAL_RAISE,LATERAL_RAISE,3,12,20.44,252.06.00,2025-04-24T20:24:46.0,466,34,695.36.00,3,2025-08-07T18:56:05.525Z
1333,18917374392,WEIGHTED_CRUNCH,CRUNCH,1,12,45.38.00,49.6,2025-04-24T00:04:48.0,147,30,1442.4,3,2025-08-07T18:56:10.523Z
1334,18925837364,LYING_EZ_BAR_TRICEPS_EXTENSION,TRICEPS_EXTENSION,1,8,29.5,166.05.00,2025-04-24T20:38:21.0,373,35,998.25.00,3,2025-08-07T18:56:05.525Z
1335,18917374392,WEIGHTED_CRUNCH,CRUNCH,2,8,50.28.00,56.01.00,2025-04-24T00:14:23.0,147,30,1442.4,3,2025-08-07T18:56:10.523Z
1336,18925837364,LYING_EZ_BAR_TRICEPS_EXTENSION,TRICEPS_EXTENSION,2,15,27.19.00,51.22.00,2025-04-24T20:45:24.0,373,35,998.25.00,3,2025-08-07T18:56:05.525Z
1337,18917374392,WEIGHTED_CRUNCH,CRUNCH,3,10,50.28.00,48.15.00,2025-04-24T00:20:27.0,147,30,1442.4,3,2025-08-07T18:56:10.523Z
1338,18925837364,LYING_EZ_BAR_TRICEPS_EXTENSION,TRICEPS_EXTENSION,3,12,29.5,166.24.00,2025-04-24T20:51:10.0,373,35,998.25.00,3,2025-08-07T18:56:05.525Z
1339,18925837364,TRICEPS_PRESSDOWN,TRICEPS_EXTENSION,1,8,63.5,45.01.00,2025-04-24T20:58:38.0,129,21,1306.1399999999999,3,2025-08-07T18:56:05.525Z
1340,18925837364,TRICEPS_PRESSDOWN,TRICEPS_EXTENSION,2,7,63.5,43.23.00,2025-04-24T21:09:05.0,129,21,1306.1399999999999,3,2025-08-07T18:56:05.525Z
1341,18925837364,TRICEPS_PRESSDOWN,TRICEPS_EXTENSION,3,6,59.34.00,50.35.00,2025-04-24T21:13:23.0,129,21,1306.1399999999999,3,2025-08-07T18:56:05.525Z
1342,18915642959,INCLINE_SMITH_MACHINE_BENCH_PRESS,BENCH_PRESS,1,7,75.21.00,46.44.00,2025-04-23T19:08:08.0,86,12,898.12.00,2,2025-08-07T18:56:16.517Z
1343,18906147538,DUMBBELL_DEADLIFT,DEADLIFT,1,10,68.06.00,64.09.00,2025-04-22T19:12:50.0,294,32,2178.32.00,3,2025-08-07T18:56:21.514Z
1344,18915642959,INCLINE_SMITH_MACHINE_BENCH_PRESS,BENCH_PRESS,2,5,75.21.00,42.15.00,2025-04-23T19:15:01.0,86,12,898.12.00,2,2025-08-07T18:56:16.517Z
1345,18906147538,DUMBBELL_DEADLIFT,DEADLIFT,2,12,68.06.00,77.33.00,2025-04-22T19:21:27.0,294,32,2178.32.00,3,2025-08-07T18:56:21.514Z
1346,18915642959,FLYE,FLYE,1,8,86.19.00,46.05.00,2025-04-23T19:19:58.0,158,21,1809.9899999999998,3,2025-08-07T18:56:16.517Z
1347,18906147538,DUMBBELL_DEADLIFT,DEADLIFT,3,10,68.06.00,184.43.00,2025-04-22T20:04:38.0,294,32,2178.32.00,3,2025-08-07T18:56:21.514Z
1348,18915642959,FLYE,FLYE,2,7,86.19.00,58.15.00,2025-04-23T19:23:11.0,158,21,1809.9899999999998,3,2025-08-07T18:56:16.517Z
1349,18906147538,WEIGHTED_LEG_CURL,LEG_CURL,1,8,88.44.00,43.49.00,2025-04-22T19:27:17.0,120,32,2830.08.00,3,2025-08-07T18:56:21.514Z
1350,18915642959,FLYE,FLYE,3,6,86.19.00,65.12.00,2025-04-23T19:28:38.0,158,21,1809.9899999999998,3,2025-08-07T18:56:16.517Z
1351,18906147538,WEIGHTED_LEG_CURL,LEG_CURL,2,12,88.44.00,44.59.00,2025-04-22T19:33:48.0,120,32,2830.08.00,3,2025-08-07T18:56:21.514Z
1352,18906147538,WEIGHTED_LEG_CURL,LEG_CURL,3,12,88.44.00,56.06.00,2025-04-22T19:45:15.0,120,32,2830.08.00,3,2025-08-07T18:56:21.514Z
1353,18906147538,BARBELL_HACK_SQUAT,SQUAT,1,10,97.5,72.46.00,2025-04-22T19:49:01.0,147,18,1755,2,2025-08-07T18:56:21.514Z
1354,18906147538,BARBELL_HACK_SQUAT,SQUAT,2,8,97.5,90.04.00,2025-04-22T19:54:23.0,147,18,1755,2,2025-08-07T18:56:21.514Z
1355,18906147538,WEIGHTED_LEG_EXTENSIONS,CRUNCH,1,10,107.03.00,26.37.00,2025-04-22T20:11:59.0,90,32,3357.3199999999997,3,2025-08-07T18:56:21.514Z
1356,18906147538,WEIGHTED_LEG_EXTENSIONS,CRUNCH,2,10,107.03.00,38.36.00,2025-04-22T20:16:00.0,90,32,3357.3199999999997,3,2025-08-07T18:56:21.514Z
1357,18906147538,WEIGHTED_LEG_EXTENSIONS,CRUNCH,3,12,102.06.00,32.29.00,2025-04-22T20:21:14.0,90,32,3357.3199999999997,3,2025-08-07T18:56:21.514Z
1358,18906147538,LEG_ABDUCTION,BANDED_EXERCISES,1,18,93,194.26.00,2025-04-22T20:30:32.0,250,60,5580.16.00,3,2025-08-07T18:56:21.514Z
1359,18906147538,LEG_ABDUCTION,BANDED_EXERCISES,2,18,93,40.36.00,2025-04-22T20:35:41.0,250,60,5580.16.00,3,2025-08-07T18:56:21.514Z
1360,18906147538,LEG_ABDUCTION,BANDED_EXERCISES,3,24,93.39.00,51.15.00,2025-04-22T20:39:04.0,250,60,5580.16.00,3,2025-08-07T18:56:21.514Z
1361,18906147538,ONE_ARM_CABLE_LATERAL_RAISE,LATERAL_RAISE,1,12,18.13,100.31.00,2025-04-22T20:45:40.0,394,39,707.0699999999999,3,2025-08-07T18:56:21.514Z
1362,18906147538,ONE_ARM_CABLE_LATERAL_RAISE,LATERAL_RAISE,2,12,18.13,197.02.00,2025-04-22T20:54:23.0,394,39,707.0699999999999,3,2025-08-07T18:56:21.514Z
1363,18906147538,ONE_ARM_CABLE_LATERAL_RAISE,LATERAL_RAISE,3,15,18.13,116.45.00,2025-04-22T21:01:40.0,394,39,707.0699999999999,3,2025-08-07T18:56:21.514Z
1364,18896252724,CLOSE_GRIP_LAT_PULLDOWN,PULL_UP,1,7,72.56.00,89.17.00,2025-04-21T20:00:18.0,229,21,1460.6,3,2025-08-07T18:56:26.521Z
1365,18896252724,CLOSE_GRIP_LAT_PULLDOWN,PULL_UP,2,8,68.04.00,97.02.00,2025-04-21T20:11:11.0,229,21,1460.6,3,2025-08-07T18:56:26.521Z
1366,18896252724,CLOSE_GRIP_LAT_PULLDOWN,PULL_UP,3,6,68.06.00,59.46.00,2025-04-21T20:17:45.0,229,21,1460.6,3,2025-08-07T18:56:26.521Z
1367,18896252724,PULL_UP,PULL_UP,1,6,<null>,30.59.00,2025-04-21T20:04:31.0,56,12,0,2,2025-08-07T18:56:26.521Z
1368,18896252724,PULL_UP,PULL_UP,2,6,<null>,33.56.00,2025-04-21T20:07:42.0,56,12,0,2,2025-08-07T18:56:26.521Z
1369,18896252724,SEATED_UNDERHAND_GRIP_CABLE_ROW,ROW,1,10,72.56.00,55.22.00,2025-04-21T20:23:34.0,157,22,1596.3200000000002,2,2025-08-07T18:56:26.521Z
1370,18896252724,SEATED_UNDERHAND_GRIP_CABLE_ROW,ROW,2,12,72.56.00,122.19.00,2025-04-21T20:28:22.0,157,22,1596.3200000000002,2,2025-08-07T18:56:26.521Z
1371,18896252724,SEATED_CABLE_ROW,ROW,1,10,63.5,44.23.00,2025-04-21T20:34:33.0,79,20,1270,2,2025-08-07T18:56:26.521Z
1372,18896252724,SEATED_CABLE_ROW,ROW,2,10,63.5,44.43.00,2025-04-21T20:40:02.0,79,20,1270,2,2025-08-07T18:56:26.521Z
1373,18896252724,SEATED_REAR_LATERAL_RAISE,LATERAL_RAISE,1,8,50.28.00,41.43.00,2025-04-21T20:49:52.0,156,26,1252.28.00,3,2025-08-07T18:56:26.521Z
1374,18896252724,SEATED_REAR_LATERAL_RAISE,LATERAL_RAISE,2,8,50.28.00,50.19.00,2025-04-21T20:54:17.0,156,26,1252.28.00,3,2025-08-07T18:56:26.521Z
1375,18896252724,SEATED_REAR_LATERAL_RAISE,LATERAL_RAISE,3,10,45.38.00,82.25.00,2025-04-21T20:59:31.0,156,26,1252.28.00,3,2025-08-07T18:56:26.521Z
1376,18896252724,LYING_EZ_BAR_TRICEPS_EXTENSION,TRICEPS_EXTENSION,1,8,29.5,40.42.00,2025-04-21T21:06:41.0,129,24,708,3,2025-08-07T18:56:26.521Z
1377,18896252724,LYING_EZ_BAR_TRICEPS_EXTENSION,TRICEPS_EXTENSION,2,8,29.5,55.07.00,2025-04-21T21:11:11.0,129,24,708,3,2025-08-07T18:56:26.521Z
1378,18896252724,LYING_EZ_BAR_TRICEPS_EXTENSION,TRICEPS_EXTENSION,3,8,29.5,58.39.00,2025-04-21T21:16:14.0,129,24,708,3,2025-08-07T18:56:26.521Z
1379,18896252724,TRICEPS_PRESSDOWN,TRICEPS_EXTENSION,1,8,59.34.00,51.31.00,2025-04-21T21:21:41.0,172,26,1532.44.00,3,2025-08-07T18:56:26.521Z
1380,18896252724,TRICEPS_PRESSDOWN,TRICEPS_EXTENSION,2,8,59.34.00,73.59.00,2025-04-21T21:26:34.0,172,26,1532.44.00,3,2025-08-07T18:56:26.521Z
1381,18896252724,TRICEPS_PRESSDOWN,TRICEPS_EXTENSION,3,10,59.34.00,63.35.00,2025-04-21T21:33:30.0,172,26,1532.44.00,3,2025-08-07T18:56:26.521Z
1382,18886753633,ONE_ARM_CABLE_LATERAL_RAISE,LATERAL_RAISE,1,10,23.09,90.11.00,2025-04-20T20:22:44.0,249,30,680.7,3,2025-08-07T18:56:31.513Z
1383,18877518945,WEIGHTED_LEG_CURL,LEG_CURL,1,6,88.44.00,41.56.00,2025-04-19T21:13:45.0,110,20,1768.7999999999997,3,2025-08-07T18:56:38.523Z
1384,18886753633,ONE_ARM_CABLE_LATERAL_RAISE,LATERAL_RAISE,2,10,23.09,91.26.00,2025-04-20T20:26:16.0,249,30,680.7,3,2025-08-07T18:56:31.513Z
1385,18877518945,WEIGHTED_LEG_CURL,LEG_CURL,2,8,88.44.00,45.42.00,2025-04-19T21:19:54.0,110,20,1768.7999999999997,3,2025-08-07T18:56:38.523Z
1386,18886753633,ONE_ARM_CABLE_LATERAL_RAISE,LATERAL_RAISE,3,10,23.09,90.16.00,2025-04-20T20:33:07.0,249,30,680.7,3,2025-08-07T18:56:31.513Z
1387,18877518945,WEIGHTED_LEG_CURL,LEG_CURL,3,6,88.44.00,51.55.00,2025-04-19T21:24:18.0,110,20,1768.7999999999997,3,2025-08-07T18:56:38.523Z
1388,18886753633,INCLINE_SMITH_MACHINE_BENCH_PRESS,BENCH_PRESS,1,6,75.21.00,79.15.00,2025-04-20T20:43:09.0,134,11,822.9100000000001,2,2025-08-07T18:56:31.513Z
1389,18877518945,BARBELL_HACK_SQUAT,SQUAT,1,8,97.5,70.15.00,2025-04-19T21:32:40.0,212,24,2376.48.00,3,2025-08-07T18:56:38.523Z
1390,18886753633,INCLINE_SMITH_MACHINE_BENCH_PRESS,BENCH_PRESS,2,5,75.21.00,69.33.00,2025-04-20T20:50:39.0,134,11,822.9100000000001,2,2025-08-07T18:56:31.513Z
1391,18877518945,BARBELL_HACK_SQUAT,SQUAT,2,8,97.5,96.32.00,2025-04-19T21:39:43.0,212,24,2376.48.00,3,2025-08-07T18:56:38.523Z
1392,18886753633,INCLINE_DUMBBELL_BENCH_PRESS,BENCH_PRESS,1,8,50.28.00,87.07.00,2025-04-20T20:56:21.0,262,21,1107.16.00,3,2025-08-07T18:56:31.513Z
1393,18877518945,BARBELL_HACK_SQUAT,SQUAT,3,8,102.06.00,73.41.00,2025-04-19T21:46:58.0,212,24,2376.48.00,3,2025-08-07T18:56:38.523Z
1394,18886753633,INCLINE_DUMBBELL_BENCH_PRESS,BENCH_PRESS,2,5,54.44.00,77.16.00,2025-04-20T21:04:39.0,262,21,1107.16.00,3,2025-08-07T18:56:31.513Z
1395,18877518945,WEIGHTED_LEG_EXTENSIONS,CRUNCH,1,10,107.03.00,39.22.00,2025-04-19T21:56:03.0,113,30,3198.8999999999996,3,2025-08-07T18:56:38.523Z
1396,18886753633,INCLINE_DUMBBELL_BENCH_PRESS,BENCH_PRESS,3,8,54.44.00,119.45.00,2025-04-20T21:11:52.0,262,21,1107.16.00,3,2025-08-07T18:56:31.513Z
1397,18877518945,WEIGHTED_LEG_EXTENSIONS,CRUNCH,2,10,107.03.00,59.05.00,2025-04-19T22:05:15.0,113,30,3198.8999999999996,3,2025-08-07T18:56:38.523Z
1398,18886753633,FLYE,FLYE,1,8,84.34.00,43.05.00,2025-04-20T21:17:17.0,192,22,1846.6799999999998,3,2025-08-07T18:56:31.513Z
1399,18877518945,WEIGHTED_LEG_EXTENSIONS,CRUNCH,3,10,107.03.00,36.18.00,2025-04-19T22:08:43.0,113,30,3198.8999999999996,3,2025-08-07T18:56:38.523Z
1400,18886753633,FLYE,FLYE,2,6,84.34.00,94.46.00,2025-04-20T21:21:24.0,192,22,1846.6799999999998,3,2025-08-07T18:56:31.513Z
1401,18877518945,LEG_ADDUCTION,BANDED_EXERCISES,1,10,97.52.00,32.37.00,2025-04-19T22:13:29.0,97,48,4509.02.00,3,2025-08-07T18:56:38.523Z
1402,18886753633,FLYE,FLYE,3,8,84.34.00,80.45.00,2025-04-20T21:26:28.0,192,22,1846.6799999999998,3,2025-08-07T18:56:31.513Z
1403,18877518945,LEG_ADDUCTION,BANDED_EXERCISES,2,18,93.39.00,42.56.00,2025-04-19T22:20:21.0,97,48,4509.02.00,3,2025-08-07T18:56:38.523Z
1404,18886753633,EZ_BAR_PREACHER_CURL,CURL,1,6,54.44.00,51.15.00,2025-04-20T21:37:44.0,127,19,1002.44.00,3,2025-08-07T18:56:31.513Z
1405,18877518945,LEG_ADDUCTION,BANDED_EXERCISES,3,20,93,44.41.00,2025-04-19T22:27:17.0,97,48,4509.02.00,3,2025-08-07T18:56:38.523Z
1406,18886753633,EZ_BAR_PREACHER_CURL,CURL,2,6,54.44.00,51.29.00,2025-04-20T21:44:23.0,127,19,1002.44.00,3,2025-08-07T18:56:31.513Z
1407,18877518945,LEG_ABDUCTION,BANDED_EXERCISES,1,15,97.52.00,51.44.00,2025-04-19T22:31:36.0,116,35,3412.8,3,2025-08-07T18:56:38.523Z
1408,18886753633,EZ_BAR_PREACHER_CURL,CURL,3,7,50.28.00,53.34.00,2025-04-20T21:48:48.0,127,19,1002.44.00,3,2025-08-07T18:56:31.513Z
1409,18877518945,LEG_ABDUCTION,BANDED_EXERCISES,2,10,97.5,32.33.00,2025-04-19T22:36:18.0,116,35,3412.8,3,2025-08-07T18:56:38.523Z
1410,18886753633,BEHIND_THE_BACK_ONE_ARM_CABLE_CURL,CURL,1,10,45.38.00,83.02.00,2025-04-20T21:53:29.0,154,18,853.24.00,2,2025-08-07T18:56:31.513Z
1411,18877518945,LEG_ABDUCTION,BANDED_EXERCISES,3,10,97.5,57.44.00,2025-04-19T22:39:20.0,116,35,3412.8,3,2025-08-07T18:56:38.523Z
1412,18886753633,BEHIND_THE_BACK_ONE_ARM_CABLE_CURL,CURL,2,8,50.28.00,80.45.00,2025-04-20T21:56:49.0,154,18,853.24.00,2,2025-08-07T18:56:31.513Z
1413,18877518945,WEIGHTED_STANDING_CALF_RAISE,CALF_RAISE,1,15,159.15.00,50.17.00,2025-04-19T22:41:23.0,106,49,7779.15.00,3,2025-08-07T18:56:38.523Z
1414,18886753633,CABLE_HAMMER_CURL,CURL,1,10,45.38.00,36.31.00,2025-04-20T22:03:06.0,111,30,1361.4,3,2025-08-07T18:56:31.513Z
1415,18877518945,WEIGHTED_STANDING_CALF_RAISE,CALF_RAISE,2,16,159.15.00,29.35.00,2025-04-19T22:44:56.0,106,49,7779.15.00,3,2025-08-07T18:56:38.523Z
1416,18886753633,CABLE_HAMMER_CURL,CURL,2,10,45.38.00,43.15.00,2025-04-20T22:07:16.0,111,30,1361.4,3,2025-08-07T18:56:31.513Z
1417,18877518945,WEIGHTED_STANDING_CALF_RAISE,CALF_RAISE,3,18,159.15.00,43.34.00,2025-04-19T22:57:05.0,106,49,7779.15.00,3,2025-08-07T18:56:38.523Z
1418,18886753633,CABLE_HAMMER_CURL,CURL,3,10,45.38.00,53.05.00,2025-04-20T22:10:44.0,111,30,1361.4,3,2025-08-07T18:56:31.513Z
1419,18886753633,SEATED_REAR_LATERAL_RAISE,LATERAL_RAISE,1,10,52.19.00,46.57.00,2025-04-20T22:13:52.0,149,34,1719.02.00,3,2025-08-07T18:56:31.513Z
1420,18886753633,SEATED_REAR_LATERAL_RAISE,LATERAL_RAISE,2,12,50.28.00,49.01.00,2025-04-20T22:18:06.0,149,34,1719.02.00,3,2025-08-07T18:56:31.513Z
1421,18886753633,SEATED_REAR_LATERAL_RAISE,LATERAL_RAISE,3,12,50.28.00,78.01.00,2025-04-20T22:23:17.0,149,34,1719.02.00,3,2025-08-07T18:56:31.513Z
1422,18886753633,WEIGHTED_CRUNCH,CRUNCH,1,10,45.38.00,58.57.00,2025-04-20T22:31:22.0,139,30,1361.4,3,2025-08-07T18:56:31.513Z
1423,18886753633,WEIGHTED_CRUNCH,CRUNCH,2,10,45.38.00,48.19.00,2025-04-20T22:37:13.0,139,30,1361.4,3,2025-08-07T18:56:31.513Z
1424,18886753633,WEIGHTED_CRUNCH,CRUNCH,3,10,45.38.00,46.29.00,2025-04-20T22:43:16.0,139,30,1361.4,3,2025-08-07T18:56:31.513Z
1425,18868173715,CLOSE_GRIP_LAT_PULLDOWN,PULL_UP,1,8,70.31.00,50.18.00,2025-04-18T22:03:37.0,92,15,1055.05.00,2,2025-08-07T18:56:43.524Z
1426,18868173715,CLOSE_GRIP_LAT_PULLDOWN,PULL_UP,2,7,70.31.00,56.57.00,2025-04-18T22:07:17.0,92,15,1055.05.00,2,2025-08-07T18:56:43.524Z
1427,18868173715,LAT_PULLDOWN,PULL_UP,1,10,77.11.00,76.49.00,2025-04-18T22:12:19.0,186,20,1542.4,2,2025-08-07T18:56:43.524Z
1428,18868173715,LAT_PULLDOWN,PULL_UP,2,10,77.13.00,116.27.00,2025-04-18T22:18:25.0,186,20,1542.4,2,2025-08-07T18:56:43.524Z
1429,18868173715,LYING_EZ_BAR_TRICEPS_EXTENSION,TRICEPS_EXTENSION,1,8,29.5,115.5,2025-04-18T22:23:41.0,446,25,737.5,3,2025-08-07T18:56:43.524Z
1430,18868173715,LYING_EZ_BAR_TRICEPS_EXTENSION,TRICEPS_EXTENSION,2,9,29.5,206.19.00,2025-04-18T22:29:34.0,446,25,737.5,3,2025-08-07T18:56:43.524Z
1431,18868173715,LYING_EZ_BAR_TRICEPS_EXTENSION,TRICEPS_EXTENSION,3,8,29.5,127.16.00,2025-04-18T22:37:19.0,446,25,737.5,3,2025-08-07T18:56:43.524Z
1432,18868173715,ROW,ROW,1,8,68.06.00,156.31.00,2025-04-18T22:44:35.0,360,24,1596.6399999999999,3,2025-08-07T18:56:43.524Z
1433,18868173715,ROW,ROW,2,8,66.15.00,49.47.00,2025-04-18T22:52:32.0,360,24,1596.6399999999999,3,2025-08-07T18:56:43.524Z
1434,18868173715,ROW,ROW,3,8,66.17.00,175.24.00,2025-04-18T23:00:07.0,360,24,1596.6399999999999,3,2025-08-07T18:56:43.524Z
1435,18868173715,SEATED_REAR_LATERAL_RAISE,LATERAL_RAISE,1,8,52.19.00,161.43.00,2025-04-18T23:07:24.0,407,30,1465.38.00,3,2025-08-07T18:56:43.524Z
1436,18868173715,SEATED_REAR_LATERAL_RAISE,LATERAL_RAISE,2,10,48.03.00,107.43.00,2025-04-18T23:13:52.0,407,30,1465.38.00,3,2025-08-07T18:56:43.524Z
1437,18868173715,SEATED_REAR_LATERAL_RAISE,LATERAL_RAISE,3,12,48.03.00,153.47.00,2025-04-18T23:19:53.0,407,30,1465.38.00,3,2025-08-07T18:56:43.524Z
1438,18868173715,TRICEPS_PRESSDOWN,TRICEPS_EXTENSION,1,10,57.09.00,110.18.00,2025-04-18T23:26:21.0,468,28,1623.8,3,2025-08-07T18:56:43.524Z
1439,18868173715,TRICEPS_PRESSDOWN,TRICEPS_EXTENSION,2,10,57.09.00,74.06.00,2025-04-18T23:31:11.0,468,28,1623.8,3,2025-08-07T18:56:43.524Z
1440,18868173715,TRICEPS_PRESSDOWN,TRICEPS_EXTENSION,3,8,61.25.00,288.59.00,2025-04-18T23:38:25.0,468,28,1623.8,3,2025-08-07T18:56:43.524Z
1441,18868173715,ONE_ARM_CABLE_LATERAL_RAISE,LATERAL_RAISE,1,8,20.44,103.51.00,2025-04-18T23:47:37.0,331,26,531.44.00,3,2025-08-07T18:56:43.524Z
1442,18868173715,ONE_ARM_CABLE_LATERAL_RAISE,LATERAL_RAISE,2,10,20.44,155.12.00,2025-04-18T23:51:45.0,331,26,531.44.00,3,2025-08-07T18:56:43.524Z
1443,18868173715,ONE_ARM_CABLE_LATERAL_RAISE,LATERAL_RAISE,3,8,20.44,92.23.00,2025-04-18T23:58:39.0,331,26,531.44.00,3,2025-08-07T18:56:43.524Z
1444,18868173715,WEIGHTED_CRUNCH,CRUNCH,1,10,45.38.00,44.24.00,2025-04-19T00:05:34.0,655,32,1452.16.00,3,2025-08-07T18:56:43.524Z
1445,18868173715,WEIGHTED_CRUNCH,CRUNCH,2,10,45.38.00,129.15.00,2025-04-19T00:08:41.0,655,32,1452.16.00,3,2025-08-07T18:56:43.524Z
1446,18868173715,WEIGHTED_CRUNCH,CRUNCH,3,12,45.38.00,506.23.00,2025-04-19T00:17:35.0,655,32,1452.16.00,3,2025-08-07T18:56:43.524Z
1447,18858195514,DUMBBELL_DEADLIFT,DEADLIFT,1,12,68.06.00,80.36.00,2025-04-17T18:40:54.0,134,27,1837.6200000000001,2,2025-08-07T18:56:49.711Z
1448,18839472535,WEIGHTED_CRUNCH,CRUNCH,1,12,36.31.00,119.56.00,2025-04-15T19:22:46.0,198,30,1206.8600000000001,3,2025-08-07T18:56:54.163Z
1449,18858195514,DUMBBELL_DEADLIFT,DEADLIFT,2,15,68.06.00,61.16.00,2025-04-17T18:45:39.0,134,27,1837.6200000000001,2,2025-08-07T18:56:49.711Z
1450,18839472535,WEIGHTED_CRUNCH,CRUNCH,2,10,41.21.00,43.38.00,2025-04-15T19:36:28.0,198,30,1206.8600000000001,3,2025-08-07T18:56:54.163Z
1451,18858195514,WEIGHTED_LEG_CURL,LEG_CURL,1,8,88.44.00,251.54.00,2025-04-17T18:49:03.0,275,16,1415.04.00,2,2025-08-07T18:56:49.711Z
1452,18839472535,WEIGHTED_CRUNCH,CRUNCH,3,8,45.38.00,52.43.00,2025-04-15T19:48:22.0,198,30,1206.8600000000001,3,2025-08-07T18:56:54.163Z
1453,18858195514,WEIGHTED_LEG_CURL,LEG_CURL,2,8,88.44.00,37.29.00,2025-04-17T19:00:42.0,275,16,1415.04.00,2,2025-08-07T18:56:49.711Z
1454,18839472535,LAT_PULLDOWN,PULL_UP,1,8,68.06.00,38.53.00,2025-04-15T19:53:21.0,105,14,925.48.00,2,2025-08-07T18:56:54.163Z
1455,18858195514,BARBELL_HACK_SQUAT,SQUAT,1,2,111.13.00,63.54.00,2025-04-17T19:05:22.0,178,20,2005.02.00,3,2025-08-07T18:56:49.711Z
1456,18839472535,LAT_PULLDOWN,PULL_UP,2,6,63.5,67.55.00,2025-04-15T20:01:07.0,105,14,925.48.00,2,2025-08-07T18:56:54.163Z
1457,18858195514,BARBELL_HACK_SQUAT,SQUAT,2,6,102.06.00,65.14.00,2025-04-17T19:09:29.0,178,20,2005.02.00,3,2025-08-07T18:56:49.711Z
1458,18839472535,PULL_UP,PULL_UP,1,8,<null>,23.57,2025-04-15T19:58:02.0,17,8,0,1,2025-08-07T18:56:54.163Z
1459,18858195514,BARBELL_HACK_SQUAT,SQUAT,3,12,97.5,70.31.00,2025-04-17T19:17:02.0,178,20,2005.02.00,3,2025-08-07T18:56:49.711Z
1460,18839472535,CLOSE_GRIP_LAT_PULLDOWN,PULL_UP,1,6,68.06.00,54.29.00,2025-04-15T20:05:56.0,138,14,953.24.00,2,2025-08-07T18:56:54.163Z
1461,18858195514,WEIGHTED_LEG_EXTENSIONS,CRUNCH,1,10,102.06.00,32.09.00,2025-04-17T19:24:43.0,93,32,3293.32.00,3,2025-08-07T18:56:49.711Z
1462,18839472535,CLOSE_GRIP_LAT_PULLDOWN,PULL_UP,2,8,68.06.00,90.49.00,2025-04-15T20:09:19.0,138,14,953.24.00,2,2025-08-07T18:56:54.163Z
1463,18858195514,WEIGHTED_LEG_EXTENSIONS,CRUNCH,2,10,102.06.00,28.38.00,2025-04-17T19:34:22.0,93,32,3293.32.00,3,2025-08-07T18:56:49.711Z
1464,18839472535,SEATED_UNDERHAND_GRIP_CABLE_ROW,ROW,1,8,86.19.00,44.04.00,2025-04-15T20:13:40.0,136,28,2186.42.00,3,2025-08-07T18:56:54.163Z
1465,18858195514,WEIGHTED_LEG_EXTENSIONS,CRUNCH,3,12,104.31.00,45.11.00,2025-04-17T19:39:42.0,93,32,3293.32.00,3,2025-08-07T18:56:49.711Z
1466,18839472535,SEATED_UNDERHAND_GRIP_CABLE_ROW,ROW,2,10,77.13.00,70.32.00,2025-04-15T20:17:13.0,136,28,2186.42.00,3,2025-08-07T18:56:54.163Z
1467,18858195514,WEIGHTED_STANDING_CALF_RAISE,CALF_RAISE,1,15,136.06.00,36.07.00,2025-04-17T19:53:56.0,111,48,6531.28.00,3,2025-08-07T18:56:49.711Z
1468,18839472535,SEATED_UNDERHAND_GRIP_CABLE_ROW,ROW,3,10,72.56.00,34.38.00,2025-04-15T20:23:21.0,136,28,2186.42.00,3,2025-08-07T18:56:54.163Z
1469,18858195514,WEIGHTED_STANDING_CALF_RAISE,CALF_RAISE,2,15,136.06.00,58.31.00,2025-04-17T20:01:01.0,111,48,6531.28.00,3,2025-08-07T18:56:49.711Z
1470,18839472535,LYING_EZ_BAR_TRICEPS_EXTENSION,TRICEPS_EXTENSION,1,6,29.5,59.17.00,2025-04-15T20:30:18.0,170,26,767,3,2025-08-07T18:56:54.163Z
1471,18858195514,WEIGHTED_STANDING_CALF_RAISE,CALF_RAISE,3,18,136.06.00,35.44.00,2025-04-17T20:06:21.0,111,48,6531.28.00,3,2025-08-07T18:56:49.711Z
1472,18839472535,LYING_EZ_BAR_TRICEPS_EXTENSION,TRICEPS_EXTENSION,2,10,29.5,71.35.00,2025-04-15T20:36:27.0,170,26,767,3,2025-08-07T18:56:54.163Z
1473,18858195514,INCLINE_DUMBBELL_BENCH_PRESS,BENCH_PRESS,1,8,50.28.00,68.32.00,2025-04-17T20:08:17.0,139,16,798.08.00,2,2025-08-07T18:56:49.711Z
1474,18839472535,LYING_EZ_BAR_TRICEPS_EXTENSION,TRICEPS_EXTENSION,3,10,29.5,56.32.00,2025-04-15T20:40:10.0,170,26,767,3,2025-08-07T18:56:54.163Z
1475,18858195514,INCLINE_DUMBBELL_BENCH_PRESS,BENCH_PRESS,2,8,50.28.00,87.34.00,2025-04-17T20:13:20.0,139,16,798.08.00,2,2025-08-07T18:56:49.711Z
1476,18839472535,SEATED_CABLE_ROW,ROW,1,10,63.5,51.48.00,2025-04-15T20:44:14.0,89,22,1397,2,2025-08-07T18:56:54.163Z
1477,18858195514,INCLINE_SMITH_MACHINE_BENCH_PRESS,BENCH_PRESS,1,5,75.21.00,54.07.00,2025-04-17T20:20:38.0,107,13,936.53.00,2,2025-08-07T18:56:49.711Z
1478,18839472535,SEATED_CABLE_ROW,ROW,2,12,63.5,47.45.00,2025-04-15T20:47:38.0,89,22,1397,2,2025-08-07T18:56:54.163Z
1479,18858195514,INCLINE_SMITH_MACHINE_BENCH_PRESS,BENCH_PRESS,2,8,70.31.00,64.29.00,2025-04-17T20:27:54.0,107,13,936.53.00,2,2025-08-07T18:56:49.711Z
1480,18839472535,TRICEPS_PRESSDOWN,TRICEPS_EXTENSION,1,10,59.34.00,45.22.00,2025-04-15T20:51:33.0,130,28,1650.32.00,3,2025-08-07T18:56:54.163Z
1481,18858195514,FLYE,FLYE,1,8,79.38.00,43.36.00,2025-04-17T20:32:48.0,137,28,2223.04.00,3,2025-08-07T18:56:49.711Z
1482,18839472535,TRICEPS_PRESSDOWN,TRICEPS_EXTENSION,2,10,59.34.00,52.02.00,2025-04-15T20:55:00.0,130,28,1650.32.00,3,2025-08-07T18:56:54.163Z
1483,18858195514,FLYE,FLYE,2,11,79.38.00,56.37.00,2025-04-17T20:37:06.0,137,28,2223.04.00,3,2025-08-07T18:56:49.711Z
1484,18839472535,TRICEPS_PRESSDOWN,TRICEPS_EXTENSION,3,8,59.34.00,65.07.00,2025-04-15T20:59:53.0,130,28,1650.32.00,3,2025-08-07T18:56:54.163Z
1485,18858195514,FLYE,FLYE,3,9,79.38.00,54.22.00,2025-04-17T20:43:50.0,137,28,2223.04.00,3,2025-08-07T18:56:49.711Z
1486,18839472535,TRICEPS_PRESS,TRICEPS_EXTENSION,1,8,86.19.00,49.42.00,2025-04-15T21:04:36.0,180,21,1868.4899999999998,3,2025-08-07T18:56:54.163Z
1487,18858195514,BODY_WEIGHT_DIP,TRICEPS_EXTENSION,1,8,<null>,60.47.00,2025-04-17T20:49:13.0,154,24,0,3,2025-08-07T18:56:49.711Z
1488,18839472535,TRICEPS_PRESS,TRICEPS_EXTENSION,2,7,91.09.00,66.41.00,2025-04-15T21:10:43.0,180,21,1868.4899999999998,3,2025-08-07T18:56:54.163Z
1489,18858195514,BODY_WEIGHT_DIP,TRICEPS_EXTENSION,2,8,<null>,48.52.00,2025-04-17T20:52:51.0,154,24,0,3,2025-08-07T18:56:49.711Z
1490,18839472535,TRICEPS_PRESS,TRICEPS_EXTENSION,3,6,91.09.00,77.53.00,2025-04-15T21:16:42.0,180,21,1868.4899999999998,3,2025-08-07T18:56:54.163Z
1491,18858195514,BODY_WEIGHT_DIP,TRICEPS_EXTENSION,3,8,<null>,66.43.00,2025-04-17T20:56:33.0,154,24,0,3,2025-08-07T18:56:49.711Z
1492,18858195514,EZ_BAR_PREACHER_CURL,CURL,1,8,50.28.00,81.16.00,2025-04-17T21:01:10.0,144,14,698.32.00,2,2025-08-07T18:56:49.711Z
1493,18858195514,EZ_BAR_PREACHER_CURL,CURL,2,6,50.28.00,76.57.00,2025-04-17T21:06:42.0,144,14,698.32.00,2,2025-08-07T18:56:49.711Z
1494,18858195514,CABLE_HAMMER_CURL,CURL,1,10,45.38.00,33.48.00,2025-04-17T21:09:50.0,126,28,1271.04.00,3,2025-08-07T18:56:49.711Z
1495,18858195514,CABLE_HAMMER_CURL,CURL,2,8,45.38.00,40.11.00,2025-04-17T21:12:17.0,126,28,1271.04.00,3,2025-08-07T18:56:49.711Z
1496,18858195514,CABLE_HAMMER_CURL,CURL,3,10,45.38.00,75.35.00,2025-04-17T21:17:27.0,126,28,1271.04.00,3,2025-08-07T18:56:49.711Z
1497,18858195514,REVERSE_EZ_BAR_CURL,CURL,1,12,18.13,48.37.00,2025-04-17T21:21:58.0,190,39,707.0699999999999,3,2025-08-07T18:56:49.711Z
1498,18858195514,REVERSE_EZ_BAR_CURL,CURL,2,12,18.13,94.31.00,2025-04-17T21:25:17.0,190,39,707.0699999999999,3,2025-08-07T18:56:49.711Z
1499,18858195514,REVERSE_EZ_BAR_CURL,CURL,3,15,18.13,69.21.00,2025-04-17T21:32:15.0,190,39,707.0699999999999,3,2025-08-07T18:56:49.711Z
1500,18829448701,INCLINE_SMITH_MACHINE_BENCH_PRESS,BENCH_PRESS,1,7,75.21.00,36.24.00,2025-04-14T19:56:17.0,76,13,972.5300000000001,2,2025-08-07T18:56:56.067Z
1501,18829448701,INCLINE_SMITH_MACHINE_BENCH_PRESS,BENCH_PRESS,2,6,75.21.00,49.47.00,2025-04-14T19:59:43.0,76,13,972.5300000000001,2,2025-08-07T18:56:56.067Z
1502,18829448701,FLYE,FLYE,1,8,84.34.00,60.02.00,2025-04-14T20:04:32.0,144,21,1746.5699999999997,3,2025-08-07T18:56:56.067Z
1503,18829448701,FLYE,FLYE,2,6,84.34.00,44.47.00,2025-04-14T20:08:04.0,144,21,1746.5699999999997,3,2025-08-07T18:56:56.067Z
1504,18829448701,FLYE,FLYE,3,7,82.03.00,51.23.00,2025-04-14T20:10:41.0,144,21,1746.5699999999997,3,2025-08-07T18:56:56.067Z
1505,18829448701,INCLINE_DUMBBELL_BENCH_PRESS,BENCH_PRESS,1,12,36.31.00,61.11.00,2025-04-14T20:14:17.0,135,23,884.6300000000001,2,2025-08-07T18:56:56.067Z
1506,18829448701,INCLINE_DUMBBELL_BENCH_PRESS,BENCH_PRESS,2,11,41.21.00,87.57.00,2025-04-14T20:18:02.0,135,23,884.6300000000001,2,2025-08-07T18:56:56.067Z
1507,18829448701,PREACHER_CURL_WITH_CABLE,CURL,1,8,52.19.00,62.46.00,2025-04-14T20:24:10.0,95,15,782.8499999999999,2,2025-08-07T18:56:56.067Z
1508,18829448701,PREACHER_CURL_WITH_CABLE,CURL,2,7,52.19.00,46.55.00,2025-04-14T20:30:30.0,95,15,782.8499999999999,2,2025-08-07T18:56:56.067Z
1509,18829448701,CABLE_HAMMER_CURL,CURL,1,8,36.31.00,96.17.00,2025-04-14T20:36:04.0,181,33,1289.33.00,3,2025-08-07T18:56:56.067Z
1510,18829448701,CABLE_HAMMER_CURL,CURL,2,15,36.31.00,74.02.00,2025-04-14T20:40:07.0,181,33,1289.33.00,3,2025-08-07T18:56:56.067Z
1511,18829448701,CABLE_HAMMER_CURL,CURL,3,10,45.38.00,31.54.00,2025-04-14T20:44:12.0,181,33,1289.33.00,3,2025-08-07T18:56:56.067Z
1512,18829448701,ONE_ARM_CABLE_LATERAL_RAISE,LATERAL_RAISE,1,8,23.09,135.53.00,2025-04-14T20:49:26.0,289,24,544.5600000000001,3,2025-08-07T18:56:56.067Z
1513,18829448701,ONE_ARM_CABLE_LATERAL_RAISE,LATERAL_RAISE,2,8,23.09,91.42.00,2025-04-14T20:53:58.0,289,24,544.5600000000001,3,2025-08-07T18:56:56.067Z
1514,18829448701,ONE_ARM_CABLE_LATERAL_RAISE,LATERAL_RAISE,3,8,23.09,96.18.00,2025-04-14T20:57:39.0,289,24,544.5600000000001,3,2025-08-07T18:56:56.067Z
1515,18829448701,REVERSE_EZ_BAR_CURL,CURL,1,18,18.13,54.01.00,2025-04-14T21:02:01.0,103,34,616.42.00,2,2025-08-07T18:56:56.067Z
1516,18829448701,REVERSE_EZ_BAR_CURL,CURL,2,16,18.13,65.06.00,2025-04-14T21:04:42.0,103,34,616.42.00,2,2025-08-07T18:56:56.067Z
1517,18829448701,SEATED_REAR_LATERAL_RAISE,LATERAL_RAISE,1,12,48.03.00,50.02.00,2025-04-14T21:07:06.0,181,32,1569.16.00,3,2025-08-07T18:56:56.067Z
1518,18829448701,SEATED_REAR_LATERAL_RAISE,LATERAL_RAISE,2,10,50.28.00,46.25.00,2025-04-14T21:10:16.0,181,32,1569.16.00,3,2025-08-07T18:56:56.067Z
1519,18829448701,SEATED_REAR_LATERAL_RAISE,LATERAL_RAISE,3,10,50.28.00,101.07.00,2025-04-14T21:13:22.0,181,32,1569.16.00,3,2025-08-07T18:56:56.067Z
1520,18810618555,SEATED_REAR_LATERAL_RAISE,LATERAL_RAISE,1,12,43.06.00,61.06.00,2025-04-12T20:28:31.0,252,36,1605,3,2025-08-07T18:57:07.511Z
1521,18820341077,WEIGHTED_CRUNCH,CRUNCH,1,8,68.06.00,54.11.00,2025-04-13T18:49:01.0,137,26,1746.46.00,3,2025-08-07T18:57:02.514Z
1522,18810618555,SEATED_REAR_LATERAL_RAISE,LATERAL_RAISE,2,12,43.06.00,76.59.00,2025-04-12T20:31:35.0,252,36,1605,3,2025-08-07T18:57:07.511Z
1523,18820341077,WEIGHTED_CRUNCH,CRUNCH,2,8,68.06.00,51.04.00,2025-04-13T18:54:33.0,137,26,1746.46.00,3,2025-08-07T18:57:02.514Z
1524,18810618555,SEATED_REAR_LATERAL_RAISE,LATERAL_RAISE,3,12,48.03.00,134.16.00,2025-04-12T20:36:26.0,252,36,1605,3,2025-08-07T18:57:07.511Z
1525,18820341077,WEIGHTED_CRUNCH,CRUNCH,3,10,66.15.00,56.57.00,2025-04-13T19:01:41.0,137,26,1746.46.00,3,2025-08-07T18:57:02.514Z
1526,18810618555,ONE_ARM_CABLE_LATERAL_RAISE,LATERAL_RAISE,1,10,23.09,82.57.00,2025-04-12T20:41:05.0,251,32,726.08.00,3,2025-08-07T18:57:07.511Z
1527,18820341077,WEIGHTED_LEG_CURL,LEG_CURL,1,8,82.03.00,30.08.00,2025-04-13T19:07:31.0,91,21,1819.21.00,3,2025-08-07T18:57:02.514Z
1528,18810618555,ONE_ARM_CABLE_LATERAL_RAISE,LATERAL_RAISE,2,12,23.09,84.33.00,2025-04-12T20:47:11.0,251,32,726.08.00,3,2025-08-07T18:57:07.511Z
1529,18820341077,WEIGHTED_LEG_CURL,LEG_CURL,2,8,86.19.00,32.23.00,2025-04-13T19:13:46.0,91,21,1819.21.00,3,2025-08-07T18:57:02.514Z
1530,18810618555,ONE_ARM_CABLE_LATERAL_RAISE,LATERAL_RAISE,3,10,23.09,91.09.00,2025-04-12T20:53:44.0,251,32,726.08.00,3,2025-08-07T18:57:07.511Z
1531,18820341077,WEIGHTED_LEG_CURL,LEG_CURL,3,5,95.25.00,34.27.00,2025-04-13T19:19:18.0,91,21,1819.21.00,3,2025-08-07T18:57:02.514Z
1532,18810618555,PREACHER_CURL_WITH_CABLE,CURL,1,8,50.28.00,54.05.00,2025-04-12T21:04:35.0,91,16,798.08.00,2,2025-08-07T18:57:07.511Z
1533,18820341077,BARBELL_HACK_SQUAT,SQUAT,1,6,100.21.00,50.17.00,2025-04-13T19:23:42.0,141,18,1932.4199999999998,3,2025-08-07T18:57:02.514Z
1534,18810618555,PREACHER_CURL_WITH_CABLE,CURL,2,8,50.28.00,50.36.00,2025-04-12T21:11:03.0,91,16,798.08.00,2,2025-08-07T18:57:07.511Z
1535,18820341077,BARBELL_HACK_SQUAT,SQUAT,2,6,111.13.00,56.44.00,2025-04-13T19:28:31.0,141,18,1932.4199999999998,3,2025-08-07T18:57:02.514Z
1536,18810618555,BEHIND_THE_BACK_ONE_ARM_CABLE_CURL,CURL,1,12,41.21.00,127.41.00,2025-04-12T21:14:16.0,114,12,490.12.00,1,2025-08-07T18:57:07.511Z
1537,18820341077,BARBELL_HACK_SQUAT,SQUAT,3,6,111.13.00,68.39.00,2025-04-13T19:33:51.0,141,18,1932.4199999999998,3,2025-08-07T18:57:02.514Z
1538,18810618555,CABLE_HAMMER_CURL,CURL,1,10,45.38.00,49.28.00,2025-04-12T21:19:07.0,178,30,1324.8400000000001,3,2025-08-07T18:57:07.511Z
1539,18820341077,WEIGHTED_LEG_EXTENSIONS,CRUNCH,1,12,102.06.00,32.51.00,2025-04-13T19:40:22.0,116,34,3570.58.00,3,2025-08-07T18:57:02.514Z
1540,18810618555,CABLE_HAMMER_CURL,CURL,2,12,45.38.00,51.49.00,2025-04-12T21:24:49.0,178,30,1324.8400000000001,3,2025-08-07T18:57:07.511Z
1541,18820341077,WEIGHTED_LEG_EXTENSIONS,CRUNCH,2,10,107.03.00,59.53.00,2025-04-13T19:46:05.0,116,34,3570.58.00,3,2025-08-07T18:57:02.514Z
1542,18810618555,CABLE_HAMMER_CURL,CURL,3,8,41.21.00,105.48.00,2025-04-12T21:28:34.0,178,30,1324.8400000000001,3,2025-08-07T18:57:07.511Z
1543,18820341077,WEIGHTED_LEG_EXTENSIONS,CRUNCH,3,12,107.03.00,51.31.00,2025-04-13T19:52:29.0,116,34,3570.58.00,3,2025-08-07T18:57:02.514Z
1544,18810618555,INCLINE_SMITH_MACHINE_BENCH_PRESS,BENCH_PRESS,1,7,70.31.00,44.46.00,2025-04-12T21:36:35.0,162,20,1390.45.00,3,2025-08-07T18:57:07.511Z
1545,18820341077,LEG_ABDUCTION,BANDED_EXERCISES,1,16,93,36.37.00,2025-04-13T19:59:32.0,70,56,5208,3,2025-08-07T18:57:02.514Z
1546,18810618555,INCLINE_SMITH_MACHINE_BENCH_PRESS,BENCH_PRESS,2,6,70.31.00,78.39.00,2025-04-12T21:39:58.0,162,20,1390.45.00,3,2025-08-07T18:57:07.511Z
1547,18820341077,LEG_ABDUCTION,BANDED_EXERCISES,2,20,93,24.48.00,2025-04-13T20:11:05.0,70,56,5208,3,2025-08-07T18:57:02.514Z
1548,18810618555,INCLINE_SMITH_MACHINE_BENCH_PRESS,BENCH_PRESS,3,7,68.06.00,62.13.00,2025-04-12T21:44:53.0,162,20,1390.45.00,3,2025-08-07T18:57:07.511Z
1549,18820341077,LEG_ABDUCTION,BANDED_EXERCISES,3,20,93,37.11.00,2025-04-13T20:15:02.0,70,56,5208,3,2025-08-07T18:57:02.514Z
1550,18810618555,FLYE,FLYE,1,7,84.34.00,37.19.00,2025-04-12T21:50:13.0,107,19,1553.6399999999999,3,2025-08-07T18:57:07.511Z
1551,18820341077,LEG_ADDUCTION,BANDED_EXERCISES,1,12,97.5,43.14.00,2025-04-13T20:04:37.0,106,42,4005,3,2025-08-07T18:57:02.514Z
1552,18820341077,LEG_ADDUCTION,BANDED_EXERCISES,2,20,93,42.04.00,2025-04-13T20:17:05.0,106,42,4005,3,2025-08-07T18:57:02.514Z
1553,18810618555,FLYE,FLYE,2,6,82.03.00,42.47.00,2025-04-12T21:52:56.0,107,19,1553.6399999999999,3,2025-08-07T18:57:07.511Z
1554,18820341077,LEG_ADDUCTION,BANDED_EXERCISES,3,10,97.5,31.38.00,2025-04-13T20:21:11.0,106,42,4005,3,2025-08-07T18:57:02.514Z
1555,18810618555,FLYE,FLYE,3,6,79.38.00,42.53.00,2025-04-12T21:56:41.0,107,19,1553.6399999999999,3,2025-08-07T18:57:07.511Z
1556,18820341077,WEIGHTED_STANDING_CALF_RAISE,CALF_RAISE,1,18,168.23.00,46.38.00,2025-04-13T20:26:08.0,116,58,9733.34.00,3,2025-08-07T18:57:02.514Z
1557,18820341077,WEIGHTED_STANDING_CALF_RAISE,CALF_RAISE,2,20,168.21.00,51.47.00,2025-04-13T20:33:06.0,116,58,9733.34.00,3,2025-08-07T18:57:02.514Z
1558,18820341077,WEIGHTED_STANDING_CALF_RAISE,CALF_RAISE,3,20,168.21.00,48.08.00,2025-04-13T20:37:19.0,116,58,9733.34.00,3,2025-08-07T18:57:02.514Z
1559,18820341077,REVERSE_EZ_BAR_CURL,CURL,1,26,14.03,56.35.00,2025-04-13T20:40:18.0,56,26,354.38.00,1,2025-08-07T18:57:02.514Z
1560,18800242488,LAT_PULLDOWN,PULL_UP,1,8,68.06.00,58.05.00,2025-04-11T19:11:41.0,92,18,1179.48.00,2,2025-08-07T18:57:12.525Z
1561,18800242488,LAT_PULLDOWN,PULL_UP,2,10,63.5,59.12.00,2025-04-11T19:15:44.0,92,18,1179.48.00,2,2025-08-07T18:57:12.525Z
1562,18800242488,CLOSE_GRIP_LAT_PULLDOWN,PULL_UP,1,8,68.06.00,63.05.00,2025-04-11T19:19:31.0,98,16,1052.48.00,2,2025-08-07T18:57:12.525Z
1563,18800242488,CLOSE_GRIP_LAT_PULLDOWN,PULL_UP,2,8,63.5,53.31.00,2025-04-11T19:23:37.0,98,16,1052.48.00,2,2025-08-07T18:57:12.525Z
1564,18800242488,WIDE_GRIP_LAT_PULLDOWN,PULL_UP,1,10,82.03.00,59.27.00,2025-04-11T19:37:16.0,111,18,1488.22.00,2,2025-08-07T18:57:12.525Z
1565,18800242488,WIDE_GRIP_LAT_PULLDOWN,PULL_UP,2,8,84.34.00,60.47.00,2025-04-11T19:45:26.0,111,18,1488.22.00,2,2025-08-07T18:57:12.525Z
1566,18800242488,SEATED_UNDERHAND_GRIP_CABLE_ROW,ROW,1,10,86.19.00,44.04.00,2025-04-11T19:50:51.0,85,20,1723.8,2,2025-08-07T18:57:12.525Z
1567,18800242488,SEATED_UNDERHAND_GRIP_CABLE_ROW,ROW,2,10,86.19.00,54.23.00,2025-04-11T20:00:45.0,85,20,1723.8,2,2025-08-07T18:57:12.525Z
1568,18800242488,WIDE_GRIP_SEATED_CABLE_ROW,ROW,1,8,70.31.00,62.19.00,2025-04-11T20:05:51.0,110,18,1243.08.00,2,2025-08-07T18:57:12.525Z
1569,18800242488,WIDE_GRIP_SEATED_CABLE_ROW,ROW,2,10,68.06.00,62.05.00,2025-04-11T20:15:27.0,110,18,1243.08.00,2,2025-08-07T18:57:12.525Z
1570,18800242488,LYING_EZ_BAR_TRICEPS_EXTENSION,TRICEPS_EXTENSION,1,8,34,40.22.00,2025-04-11T20:20:27.0,194,49,1412.2,4,2025-08-07T18:57:12.525Z
1571,18800242488,LYING_EZ_BAR_TRICEPS_EXTENSION,TRICEPS_EXTENSION,2,12,27.19.00,69.39.00,2025-04-11T20:26:28.0,194,49,1412.2,4,2025-08-07T18:57:12.525Z
1572,18800242488,LYING_EZ_BAR_TRICEPS_EXTENSION,TRICEPS_EXTENSION,3,18,27.19.00,70.24.00,2025-04-11T20:35:01.0,194,49,1412.2,4,2025-08-07T18:57:12.525Z
1573,18800242488,LYING_EZ_BAR_TRICEPS_EXTENSION,TRICEPS_EXTENSION,4,11,29.5,55.36.00,2025-04-11T20:43:04.0,194,49,1412.2,4,2025-08-07T18:57:12.525Z
1574,18800242488,TRICEPS_PRESSDOWN,TRICEPS_EXTENSION,1,12,54.44.00,73.43.00,2025-04-11T20:47:11.0,214,28,1596.32.00,3,2025-08-07T18:57:12.525Z
1575,18800242488,TRICEPS_PRESSDOWN,TRICEPS_EXTENSION,2,8,59.34.00,100.16.00,2025-04-11T20:51:13.0,214,28,1596.32.00,3,2025-08-07T18:57:12.525Z
1576,18800242488,TRICEPS_PRESSDOWN,TRICEPS_EXTENSION,3,8,59.34.00,62.51.00,2025-04-11T20:55:19.0,214,28,1596.32.00,3,2025-08-07T18:57:12.525Z
1577,18781568658,INCLINE_SMITH_MACHINE_BENCH_PRESS,BENCH_PRESS,1,6,75.21.00,71.18.00,2025-04-09T19:18:41.0,173,19,1362.8899999999999,3,2025-08-07T18:57:23.521Z
1578,18781568658,INCLINE_SMITH_MACHINE_BENCH_PRESS,BENCH_PRESS,2,7,70.31.00,45.47.00,2025-04-09T19:24:37.0,173,19,1362.8899999999999,3,2025-08-07T18:57:23.521Z
1579,18791732593,WEIGHTED_CRUNCH,CRUNCH,1,8,66.15.00,64,2025-04-10T18:46:33.0,201,28,1841,3,2025-08-07T18:57:18.747Z
1580,18781568658,INCLINE_SMITH_MACHINE_BENCH_PRESS,BENCH_PRESS,3,6,70.31.00,73.48.00,2025-04-09T19:30:15.0,173,19,1362.8899999999999,3,2025-08-07T18:57:23.521Z
1581,18791732593,WEIGHTED_CRUNCH,CRUNCH,2,10,66.15.00,45.16.00,2025-04-10T18:56:12.0,201,28,1841,3,2025-08-07T18:57:18.747Z
1582,18781568658,TRICEPS_PRESSDOWN,TRICEPS_EXTENSION,1,8,54.44.00,61.21.00,2025-04-09T19:52:31.0,157,26,1415.44.00,3,2025-08-07T18:57:23.521Z
1583,18791732593,WEIGHTED_CRUNCH,CRUNCH,3,10,66.15.00,107.22.00,2025-04-10T19:00:57.0,201,28,1841,3,2025-08-07T18:57:18.747Z
1584,18781568658,TRICEPS_PRESSDOWN,TRICEPS_EXTENSION,2,8,54.44.00,69.28.00,2025-04-09T19:56:06.0,157,26,1415.44.00,3,2025-08-07T18:57:23.521Z
1585,18791732593,DUMBBELL_DEADLIFT,DEADLIFT,1,15,68.06.00,64.48.00,2025-04-10T19:09:01.0,110,27,1837.6200000000001,2,2025-08-07T18:57:18.747Z
1586,18781568658,TRICEPS_PRESSDOWN,TRICEPS_EXTENSION,3,10,54.44.00,52.14.00,2025-04-09T19:59:34.0,157,26,1415.44.00,3,2025-08-07T18:57:23.521Z
1587,18791732593,DUMBBELL_DEADLIFT,DEADLIFT,2,12,68.06.00,70.09.00,2025-04-10T19:13:37.0,110,27,1837.6200000000001,2,2025-08-07T18:57:18.747Z
1588,18791732593,ONE_ARM_CABLE_LATERAL_RAISE,LATERAL_RAISE,1,15,20.44,135.39.00,2025-04-10T19:20:46.0,333,42,885.48.00,3,2025-08-07T18:57:18.747Z
1589,18791732593,ONE_ARM_CABLE_LATERAL_RAISE,LATERAL_RAISE,2,15,20.44,110.37.00,2025-04-10T19:28:39.0,333,42,885.48.00,3,2025-08-07T18:57:18.747Z
1590,18791732593,ONE_ARM_CABLE_LATERAL_RAISE,LATERAL_RAISE,3,12,23.09,102.05.00,2025-04-10T19:35:56.0,333,42,885.48.00,3,2025-08-07T18:57:18.747Z
1591,18791732593,SEATED_REAR_LATERAL_RAISE,LATERAL_RAISE,1,15,36.31.00,63.42.00,2025-04-10T19:38:28.0,166,43,1561.3300000000002,3,2025-08-07T18:57:18.747Z
1592,18791732593,SEATED_REAR_LATERAL_RAISE,LATERAL_RAISE,2,10,36.31.00,70.56.00,2025-04-10T19:42:01.0,166,43,1561.3300000000002,3,2025-08-07T18:57:18.747Z
1593,18791732593,SEATED_REAR_LATERAL_RAISE,LATERAL_RAISE,3,18,36.31.00,63.09.00,2025-04-10T19:46:14.0,166,43,1561.3300000000002,3,2025-08-07T18:57:18.747Z
1594,18791732593,WEIGHTED_STANDING_CALF_RAISE,CALF_RAISE,1,12,168.21.00,36.36.00,2025-04-10T19:52:56.0,94,40,6586.400000000001,3,2025-08-07T18:57:18.747Z
1595,18791732593,WEIGHTED_STANDING_CALF_RAISE,CALF_RAISE,2,16,163.31.00,31.49.00,2025-04-10T21:18:26.0,94,40,6586.400000000001,3,2025-08-07T18:57:18.747Z
1596,18791732593,WEIGHTED_STANDING_CALF_RAISE,CALF_RAISE,3,12,163.31.00,41.06.00,2025-04-10T21:27:00.0,94,40,6586.400000000001,3,2025-08-07T18:57:18.747Z
1597,18791732593,WEIGHTED_LEG_CURL,LEG_CURL,1,5,97.52.00,173.01.00,2025-04-10T19:58:29.0,301,25,2428.6,4,2025-08-07T18:57:18.747Z
1598,18791732593,WEIGHTED_LEG_CURL,LEG_CURL,2,8,97.5,43.02.00,2025-04-10T20:02:51.0,301,25,2428.6,4,2025-08-07T18:57:18.747Z
1599,18791732593,WEIGHTED_LEG_CURL,LEG_CURL,3,8,97.5,56.17.00,2025-04-10T20:07:40.0,301,25,2428.6,4,2025-08-07T18:57:18.747Z
1600,18791732593,WEIGHTED_LEG_CURL,LEG_CURL,4,4,95.25.00,51.58.00,2025-04-10T20:11:45.0,301,25,2428.6,4,2025-08-07T18:57:18.747Z
1601,18791732593,BARBELL_HACK_SQUAT,SQUAT,1,10,88.44.00,61.32.00,2025-04-10T20:14:09.0,159,28,2639.4,3,2025-08-07T18:57:18.747Z
1602,18791732593,BARBELL_HACK_SQUAT,SQUAT,2,10,97.5,50.37.00,2025-04-10T20:22:17.0,159,28,2639.4,3,2025-08-07T18:57:18.747Z
1603,18791732593,BARBELL_HACK_SQUAT,SQUAT,3,8,97.5,64.23.00,2025-04-10T20:31:11.0,159,28,2639.4,3,2025-08-07T18:57:18.747Z
1604,18791732593,WEIGHTED_LEG_EXTENSIONS,CRUNCH,1,12,93,43.58.00,2025-04-10T20:38:50.0,107,34,3275.1,3,2025-08-07T18:57:18.747Z
1605,18791732593,WEIGHTED_LEG_EXTENSIONS,CRUNCH,2,12,93,55.08.00,2025-04-10T20:45:41.0,107,34,3275.1,3,2025-08-07T18:57:18.747Z
1606,18791732593,WEIGHTED_LEG_EXTENSIONS,CRUNCH,3,10,104.31.00,29.17.00,2025-04-10T20:52:13.0,107,34,3275.1,3,2025-08-07T18:57:18.747Z
1607,18791732593,LEG_ABDUCTION,BANDED_EXERCISES,1,10,97.5,47.18.00,2025-04-10T20:55:19.0,115,37,3458.2799999999997,3,2025-08-07T18:57:18.747Z
1608,18791732593,LEG_ABDUCTION,BANDED_EXERCISES,2,12,91.09.00,51.54.00,2025-04-10T20:58:30.0,115,37,3458.2799999999997,3,2025-08-07T18:57:18.747Z
1609,18791732593,LEG_ABDUCTION,BANDED_EXERCISES,3,15,93,27.28.00,2025-04-10T21:08:45.0,115,37,3458.2799999999997,3,2025-08-07T18:57:18.747Z
1610,18791732593,LEG_ADDUCTION,BANDED_EXERCISES,1,15,91.09.00,86.19.00,2025-04-10T21:00:05.0,160,42,3836.7,3,2025-08-07T18:57:18.747Z
1611,18791732593,LEG_ADDUCTION,BANDED_EXERCISES,2,15,91.09.00,53.36.00,2025-04-10T21:06:10.0,160,42,3836.7,3,2025-08-07T18:57:18.747Z
1612,18791732593,LEG_ADDUCTION,BANDED_EXERCISES,3,12,93,56.06.00,2025-04-10T21:12:57.0,160,42,3836.7,3,2025-08-07T18:57:18.747Z
1613,18772528666,LAT_PULLDOWN,PULL_UP,1,8,61.25.00,39.49.00,2025-04-08T20:26:07.0,174,16,998,2,2025-08-07T18:57:28.513Z
1614,18772528666,LAT_PULLDOWN,PULL_UP,2,8,63.5,153.04.00,2025-04-08T20:30:14.0,174,16,998,2,2025-08-07T18:57:28.513Z
1615,18772528666,CLOSE_GRIP_LAT_PULLDOWN,PULL_UP,1,8,68.06.00,87.41.00,2025-04-08T20:36:16.0,126,16,1089.36.00,2,2025-08-07T18:57:28.513Z
1616,18772528666,CLOSE_GRIP_LAT_PULLDOWN,PULL_UP,2,8,68.06.00,48.33.00,2025-04-08T20:41:39.0,126,16,1089.36.00,2,2025-08-07T18:57:28.513Z
1617,18772528666,SEATED_UNDERHAND_GRIP_CABLE_ROW,ROW,1,8,86.19.00,42.26.00,2025-04-08T20:45:32.0,140,20,1669.08.00,2,2025-08-07T18:57:28.513Z
1618,18772528666,SEATED_UNDERHAND_GRIP_CABLE_ROW,ROW,2,12,82.03.00,105.06.00,2025-04-08T20:50:49.0,140,20,1669.08.00,2,2025-08-07T18:57:28.513Z
1619,18772528666,WIDE_GRIP_SEATED_CABLE_ROW,ROW,1,8,68.06.00,36.43.00,2025-04-08T20:55:31.0,67,18,1225.08.00,2,2025-08-07T18:57:28.513Z
1620,18772528666,WIDE_GRIP_SEATED_CABLE_ROW,ROW,2,10,68.06.00,37.58.00,2025-04-08T21:07:37.0,67,18,1225.08.00,2,2025-08-07T18:57:28.513Z
1621,18772528666,SEATED_REAR_LATERAL_RAISE,LATERAL_RAISE,1,12,34,50.05.00,2025-04-08T21:20:08.0,211,33,1122,3,2025-08-07T18:57:28.513Z
1622,18772528666,SEATED_REAR_LATERAL_RAISE,LATERAL_RAISE,2,12,34,62.46.00,2025-04-08T21:27:12.0,211,33,1122,3,2025-08-07T18:57:28.513Z
1623,18772528666,SEATED_REAR_LATERAL_RAISE,LATERAL_RAISE,3,9,34,125.18.00,2025-04-08T21:34:51.0,211,33,1122,3,2025-08-07T18:57:28.513Z
1624,18772528666,ONE_ARM_CABLE_LATERAL_RAISE,LATERAL_RAISE,1,12,20.44,184.29.00,2025-04-08T21:38:35.0,284,24,490.56000000000006,2,2025-08-07T18:57:28.513Z
1625,18772528666,ONE_ARM_CABLE_LATERAL_RAISE,LATERAL_RAISE,2,12,20.44,116.41.00,2025-04-08T21:43:47.0,284,24,490.56000000000006,2,2025-08-07T18:57:28.513Z
1626,18772528666,EZ_BAR_PREACHER_CURL,CURL,1,7,50.28.00,80.33.00,2025-04-08T21:52:03.0,367,14,698.32.00,2,2025-08-07T18:57:28.513Z
1627,18772528666,EZ_BAR_PREACHER_CURL,CURL,2,7,50.28.00,306.09.00,2025-04-08T21:59:33.0,367,14,698.32.00,2,2025-08-07T18:57:28.513Z
1628,18772528666,CABLE_HAMMER_CURL,CURL,1,8,45.38.00,35.38.00,2025-04-08T22:06:55.0,96,30,1361.4,3,2025-08-07T18:57:28.513Z
1629,18772528666,CABLE_HAMMER_CURL,CURL,2,10,45.38.00,33.29.00,2025-04-08T22:10:31.0,96,30,1361.4,3,2025-08-07T18:57:28.513Z
1630,18772528666,CABLE_HAMMER_CURL,CURL,3,12,45.38.00,35.17.00,2025-04-08T22:15:40.0,96,30,1361.4,3,2025-08-07T18:57:28.513Z
1631,18743006834,INCLINE_SMITH_MACHINE_BENCH_PRESS,BENCH_PRESS,1,6,75.21.00,45.03.00,2025-04-05T20:23:17.0,231,19,1392.1399999999999,3,2025-08-07T18:57:39.524Z
1632,18743006834,INCLINE_SMITH_MACHINE_BENCH_PRESS,BENCH_PRESS,2,7,72.56.00,84.27.00,2025-04-05T20:28:51.0,231,19,1392.1399999999999,3,2025-08-07T18:57:39.524Z
1633,18743006834,INCLINE_SMITH_MACHINE_BENCH_PRESS,BENCH_PRESS,3,6,72.56.00,118.39.00,2025-04-05T20:34:14.0,231,19,1392.1399999999999,3,2025-08-07T18:57:39.524Z
1634,18743006834,FLYE,FLYE,1,8,82.03.00,48.29.00,2025-04-05T20:40:44.0,126,23,1877.4899999999998,3,2025-08-07T18:57:39.524Z
1635,18743006834,FLYE,FLYE,2,8,82.03.00,52.15.00,2025-04-05T20:44:42.0,126,23,1877.4899999999998,3,2025-08-07T18:57:39.524Z
1636,18743006834,FLYE,FLYE,3,7,82.03.00,49.25.00,2025-04-05T20:52:22.0,126,23,1877.4899999999998,3,2025-08-07T18:57:39.524Z
1637,18743006834,SEATED_BARBELL_OVERHEAD_TRICEPS_EXTENSION,TRICEPS_EXTENSION,1,9,29.5,157.48.00,2025-04-05T20:56:37.0,386,27,796.5,3,2025-08-07T18:57:39.524Z
1638,18743006834,SEATED_BARBELL_OVERHEAD_TRICEPS_EXTENSION,TRICEPS_EXTENSION,2,8,29.5,190.56.00,2025-04-05T21:03:16.0,386,27,796.5,3,2025-08-07T18:57:39.524Z
1639,18743006834,SEATED_BARBELL_OVERHEAD_TRICEPS_EXTENSION,TRICEPS_EXTENSION,3,10,29.5,62.56.00,2025-04-05T21:10:39.0,386,27,796.5,3,2025-08-07T18:57:39.524Z
1640,18743006834,TRICEPS_PRESSDOWN,TRICEPS_EXTENSION,1,8,59.34.00,51.33.00,2025-04-05T21:14:47.0,121,24,1414.56.00,3,2025-08-07T18:57:39.524Z
1641,18743006834,TRICEPS_PRESSDOWN,TRICEPS_EXTENSION,2,8,59.34.00,40.43.00,2025-04-05T21:17:59.0,121,24,1414.56.00,3,2025-08-07T18:57:39.524Z
1642,18743006834,TRICEPS_PRESSDOWN,TRICEPS_EXTENSION,3,8,59.34.00,49.46.00,2025-04-05T21:24:23.0,121,24,1414.56.00,3,2025-08-07T18:57:39.524Z
1643,18743006834,LAT_PULLDOWN,PULL_UP,1,8,63.5,53.12.00,2025-04-05T21:16:47.0,78,16,1016,2,2025-08-07T18:57:39.524Z
1644,18743006834,LAT_PULLDOWN,PULL_UP,2,8,63.5,43.59.00,2025-04-05T21:21:52.0,78,16,1016,2,2025-08-07T18:57:39.524Z
1645,18743006834,CLOSE_GRIP_LAT_PULLDOWN,PULL_UP,1,8,68.06.00,51.14.00,2025-04-05T21:29:24.0,81,16,1089.36.00,2,2025-08-07T18:57:39.524Z
1646,18743006834,CLOSE_GRIP_LAT_PULLDOWN,PULL_UP,2,8,68.06.00,44.26.00,2025-04-05T21:35:23.0,81,16,1089.36.00,2,2025-08-07T18:57:39.524Z
1647,18743006834,SEATED_REAR_LATERAL_RAISE,LATERAL_RAISE,1,12,36.31.00,61.26.00,2025-04-05T21:39:12.0,171,32,1162.32.00,3,2025-08-07T18:57:39.524Z
1648,18743006834,SEATED_REAR_LATERAL_RAISE,LATERAL_RAISE,2,12,36.31.00,64.02.00,2025-04-05T21:44:34.0,171,32,1162.32.00,3,2025-08-07T18:57:39.524Z
1649,18743006834,SEATED_REAR_LATERAL_RAISE,LATERAL_RAISE,3,8,36.31.00,75.02.00,2025-04-05T21:50:51.0,171,32,1162.32.00,3,2025-08-07T18:57:39.524Z
1650,18743006834,WIDE_GRIP_SEATED_CABLE_ROW,ROW,1,8,68.06.00,40.41.00,2025-04-05T21:58:51.0,83,16,1107.36.00,2,2025-08-07T18:57:39.524Z
1651,18743006834,WIDE_GRIP_SEATED_CABLE_ROW,ROW,2,8,70.31.00,56.53.00,2025-04-05T22:04:37.0,83,16,1107.36.00,2,2025-08-07T18:57:39.524Z
1652,18743006834,SEATED_UNDERHAND_GRIP_CABLE_ROW,ROW,1,12,86.19.00,52.23.00,2025-04-05T22:09:01.0,88,24,2068.56.00,2,2025-08-07T18:57:39.524Z
1653,18743006834,SEATED_UNDERHAND_GRIP_CABLE_ROW,ROW,2,12,86.19.00,53.53.00,2025-04-05T22:15:57.0,88,24,2068.56.00,2,2025-08-07T18:57:39.524Z
1654,18743006834,PREACHER_CURL_WITH_CABLE,CURL,1,7,52.19.00,47.54.00,2025-04-05T22:20:57.0,139,19,978.15.00,3,2025-08-07T18:57:39.524Z
1655,18743006834,PREACHER_CURL_WITH_CABLE,CURL,2,6,52.19.00,57.23.00,2025-04-05T22:25:08.0,139,19,978.15.00,3,2025-08-07T18:57:39.524Z
1656,18743006834,PREACHER_CURL_WITH_CABLE,CURL,3,6,50.28.00,48.47.00,2025-04-05T22:32:42.0,139,19,978.15.00,3,2025-08-07T18:57:39.524Z
1657,18743006834,CABLE_HAMMER_CURL,CURL,1,12,41.21.00,67.23.00,2025-04-05T22:36:03.0,142,36,1469.16.00,3,2025-08-07T18:57:39.524Z
1658,18743006834,CABLE_HAMMER_CURL,CURL,2,12,41.21.00,55.57.00,2025-04-05T22:39:41.0,142,36,1469.16.00,3,2025-08-07T18:57:39.524Z
1659,18743006834,CABLE_HAMMER_CURL,CURL,3,12,41.21.00,48.45.00,2025-04-05T22:45:29.0,142,36,1469.16.00,3,2025-08-07T18:57:39.524Z
1660,18743006834,LEANING_DUMBBELL_LATERAL_RAISE,LATERAL_RAISE,1,12,18.13,49.09.00,2025-04-05T22:57:40.0,119,36,652.6800000000001,3,2025-08-07T18:57:39.524Z
1661,18743006834,LEANING_DUMBBELL_LATERAL_RAISE,LATERAL_RAISE,2,12,18.13,46.28.00,2025-04-05T23:01:02.0,119,36,652.6800000000001,3,2025-08-07T18:57:39.524Z
1662,18743006834,LEANING_DUMBBELL_LATERAL_RAISE,LATERAL_RAISE,3,12,18.13,41.33.00,2025-04-05T23:05:56.0,119,36,652.6800000000001,3,2025-08-07T18:57:39.524Z
1663,18724533866,WEIGHTED_CRUNCH,CRUNCH,1,10,66.15.00,72.21.00,2025-04-03T23:49:37.0,174,30,1972.5,3,2025-08-07T18:57:49.407Z
1664,18731779753,ROMANIAN_DEADLIFT,DEADLIFT,1,12,68.06.00,60.55.00,2025-04-04T17:42:52.0,161,36,2450.16.00,3,2025-08-07T18:57:46.513Z
1665,18724533866,WEIGHTED_CRUNCH,CRUNCH,2,10,66.15.00,58.32.00,2025-04-03T23:58:46.0,174,30,1972.5,3,2025-08-07T18:57:49.407Z
1666,18731779753,ROMANIAN_DEADLIFT,DEADLIFT,2,12,68.06.00,60.45.00,2025-04-04T17:46:24.0,161,36,2450.16.00,3,2025-08-07T18:57:46.513Z
1667,18724533866,WEIGHTED_CRUNCH,CRUNCH,3,10,66.15.00,83.38.00,2025-04-04T00:10:15.0,174,30,1972.5,3,2025-08-07T18:57:49.407Z
1668,18731779753,ROMANIAN_DEADLIFT,DEADLIFT,3,12,68.06.00,67.09.00,2025-04-04T17:51:47.0,161,36,2450.16.00,3,2025-08-07T18:57:46.513Z
1669,18724533866,WEIGHTED_STANDING_CALF_RAISE,CALF_RAISE,1,15,181.44.00,40.48.00,2025-04-04T00:13:41.0,90,43,7166.6,3,2025-08-07T18:57:49.407Z
1670,18731779753,BARBELL_HACK_SQUAT,SQUAT,1,8,111.13.00,47.49.00,2025-04-04T17:57:24.0,129,20,2222.6,3,2025-08-07T18:57:46.513Z
1671,18724533866,WEIGHTED_STANDING_CALF_RAISE,CALF_RAISE,2,12,159.15.00,40.25.00,2025-04-04T00:19:39.0,90,43,7166.6,3,2025-08-07T18:57:49.407Z
1672,18731779753,BARBELL_HACK_SQUAT,SQUAT,2,6,111.13.00,46.02.00,2025-04-04T18:03:44.0,129,20,2222.6,3,2025-08-07T18:57:46.513Z
1673,18724533866,WEIGHTED_STANDING_CALF_RAISE,CALF_RAISE,3,16,159.15.00,35.18.00,2025-04-04T00:27:33.0,90,43,7166.6,3,2025-08-07T18:57:49.407Z
1674,18731779753,BARBELL_HACK_SQUAT,SQUAT,3,6,111.13.00,53.37.00,2025-04-04T18:10:54.0,129,20,2222.6,3,2025-08-07T18:57:46.513Z
1675,18724533866,REVERSE_EZ_BAR_CURL,CURL,1,16,18.13,50.05.00,2025-04-04T00:34:26.0,372,26,471.38.00,2,2025-08-07T18:57:49.407Z
1676,18731779753,LEG_PRESS,SQUAT,1,12,113.38.00,59.19.00,2025-04-04T18:14:57.0,100,24,2721.12.00,2,2025-08-07T18:57:46.513Z
1677,18724533866,REVERSE_EZ_BAR_CURL,CURL,2,10,18.13,323.54.00,2025-04-04T00:39:00.0,372,26,471.38.00,2,2025-08-07T18:57:49.407Z
1678,18731779753,LEG_PRESS,SQUAT,2,12,113.38.00,58.06.00,2025-04-04T18:21:45.0,100,24,2721.12.00,2,2025-08-07T18:57:46.513Z
1679,18724533866,SEATED_BARBELL_OVERHEAD_TRICEPS_EXTENSION,TRICEPS_EXTENSION,1,12,27.19.00,48.32.00,2025-04-04T00:44:42.0,168,37,1052.03.00,3,2025-08-07T18:57:49.407Z
1680,18731779753,WEIGHTED_LEG_EXTENSIONS,CRUNCH,1,15,97.5,44.03.00,2025-04-04T18:27:46.0,110,39,3911.9400000000005,3,2025-08-07T18:57:46.513Z
1681,18724533866,SEATED_BARBELL_OVERHEAD_TRICEPS_EXTENSION,TRICEPS_EXTENSION,2,15,27.19.00,72.06.00,2025-04-04T00:52:04.0,168,37,1052.03.00,3,2025-08-07T18:57:49.407Z
1682,18731779753,WEIGHTED_LEG_EXTENSIONS,CRUNCH,2,12,102.06.00,49.02.00,2025-04-04T18:32:21.0,110,39,3911.9400000000005,3,2025-08-07T18:57:46.513Z
1683,18724533866,SEATED_BARBELL_OVERHEAD_TRICEPS_EXTENSION,TRICEPS_EXTENSION,3,10,32.15.00,63.24.00,2025-04-04T01:00:47.0,168,37,1052.03.00,3,2025-08-07T18:57:49.407Z
1684,18731779753,WEIGHTED_LEG_EXTENSIONS,CRUNCH,3,12,102.06.00,46.16.00,2025-04-04T18:37:20.0,110,39,3911.9400000000005,3,2025-08-07T18:57:46.513Z
1685,18724533866,TRICEPS_PRESSDOWN,TRICEPS_EXTENSION,1,10,54.44.00,45.01.00,2025-04-04T01:04:11.0,130,26,1442.44.00,3,2025-08-07T18:57:49.407Z
1686,18731779753,LEG_ABDUCTION,BANDED_EXERCISES,1,16,97.5,47.12.00,2025-04-04T18:41:15.0,111,46,4417.5,3,2025-08-07T18:57:46.513Z
1687,18724533866,TRICEPS_PRESSDOWN,TRICEPS_EXTENSION,2,10,54.44.00,47.57.00,2025-04-04T01:12:46.0,130,26,1442.44.00,3,2025-08-07T18:57:49.407Z
1688,18731779753,LEG_ABDUCTION,BANDED_EXERCISES,2,15,97.5,55.59.00,2025-04-04T18:46:44.0,111,46,4417.5,3,2025-08-07T18:57:46.513Z
1689,18724533866,TRICEPS_PRESSDOWN,TRICEPS_EXTENSION,3,6,59.34.00,41.19.00,2025-04-04T01:15:39.0,130,26,1442.44.00,3,2025-08-07T18:57:49.407Z
1690,18731779753,LEG_ABDUCTION,BANDED_EXERCISES,3,15,93,27.57.00,2025-04-04T18:53:00.0,111,46,4417.5,3,2025-08-07T18:57:46.513Z
1691,18731779753,LEG_ADDUCTION,BANDED_EXERCISES,1,12,97.5,40.26.00,2025-04-04T18:42:49.0,125,43,4192.5,3,2025-08-07T18:57:46.513Z
1692,18731779753,LEG_ADDUCTION,BANDED_EXERCISES,2,15,97.5,50.54.00,2025-04-04T18:48:09.0,125,43,4192.5,3,2025-08-07T18:57:46.513Z
1693,18731779753,LEG_ADDUCTION,BANDED_EXERCISES,3,16,97.5,61.59.00,2025-04-04T18:57:01.0,125,43,4192.5,3,2025-08-07T18:57:46.513Z
1694,18713106398,LAT_PULLDOWN,PULL_UP,1,8,63.5,134.19.00,2025-04-02T17:05:51.0,226,24,1560.48.00,3,2025-08-07T18:57:51.815Z
1695,18713106398,LAT_PULLDOWN,PULL_UP,2,8,68.06.00,62.04.00,2025-04-02T17:10:08.0,226,24,1560.48.00,3,2025-08-07T18:57:51.815Z
1696,18713106398,LAT_PULLDOWN,PULL_UP,3,8,63.5,60.39.00,2025-04-02T17:13:39.0,226,24,1560.48.00,3,2025-08-07T18:57:51.815Z
1697,18713106398,CLOSE_GRIP_LAT_PULLDOWN,PULL_UP,1,8,68.06.00,33.24.00,2025-04-02T17:22:25.0,194,24,1633.44.00,3,2025-08-07T18:57:51.815Z
1698,18713106398,CLOSE_GRIP_LAT_PULLDOWN,PULL_UP,2,8,68.06.00,122.13.00,2025-04-02T17:27:27.0,194,24,1633.44.00,3,2025-08-07T18:57:51.815Z
1699,18713106398,CLOSE_GRIP_LAT_PULLDOWN,PULL_UP,3,8,68.06.00,49.22.00,2025-04-02T17:34:45.0,194,24,1633.44.00,3,2025-08-07T18:57:51.815Z
1700,18713106398,SEATED_REAR_LATERAL_RAISE,LATERAL_RAISE,1,8,34,44.36.00,2025-04-02T17:39:18.0,220,36,1190.25.00,3,2025-08-07T18:57:51.815Z
1701,18713106398,SEATED_REAR_LATERAL_RAISE,LATERAL_RAISE,2,15,32.15.00,50.56.00,2025-04-02T17:43:09.0,220,36,1190.25.00,3,2025-08-07T18:57:51.815Z
1702,18713106398,SEATED_REAR_LATERAL_RAISE,LATERAL_RAISE,3,13,34,151.15.00,2025-04-02T17:54:11.0,220,36,1190.25.00,3,2025-08-07T18:57:51.815Z
1703,18713106398,UNDERHAND_GRIP_CABLE_ROW,ROW,1,10,82.03.00,162.58.00,2025-04-02T18:01:41.0,343,35,2947.6499999999996,3,2025-08-07T18:57:51.815Z
1704,18713106398,UNDERHAND_GRIP_CABLE_ROW,ROW,2,15,82.03.00,54.44.00,2025-04-02T18:09:26.0,343,35,2947.6499999999996,3,2025-08-07T18:57:51.815Z
1705,18713106398,UNDERHAND_GRIP_CABLE_ROW,ROW,3,10,91.09.00,153.21.00,2025-04-02T18:17:18.0,343,35,2947.6499999999996,3,2025-08-07T18:57:51.815Z
1706,18713106398,EZ_BAR_PREACHER_CURL,CURL,1,7,50.28.00,60.12.00,2025-04-02T18:32:08.0,106,15,748.2,2,2025-08-07T18:57:51.815Z
1707,18713106398,EZ_BAR_PREACHER_CURL,CURL,2,8,50.28.00,53.32.00,2025-04-02T18:40:05.0,106,15,748.2,2,2025-08-07T18:57:51.815Z
1708,18713106398,BEHIND_THE_BACK_ONE_ARM_CABLE_CURL,CURL,1,10,45.38.00,99.38.00,2025-04-02T18:43:23.0,184,23,1044.14.00,2,2025-08-07T18:57:51.815Z
1709,18713106398,BEHIND_THE_BACK_ONE_ARM_CABLE_CURL,CURL,2,13,45.38.00,107.25.00,2025-04-02T18:49:10.0,184,23,1044.14.00,2,2025-08-07T18:57:51.815Z
1710,18713106398,ONE_ARM_CABLE_LATERAL_RAISE,LATERAL_RAISE,1,12,23.09,103.38.00,2025-04-02T18:52:24.0,287,32,726.08.00,3,2025-08-07T18:57:51.815Z
1711,18713106398,ONE_ARM_CABLE_LATERAL_RAISE,LATERAL_RAISE,2,10,23.09,85.16.00,2025-04-02T18:59:05.0,287,32,726.08.00,3,2025-08-07T18:57:51.815Z
1712,18713106398,ONE_ARM_CABLE_LATERAL_RAISE,LATERAL_RAISE,3,10,23.09,123.55.00,2025-04-02T19:04:28.0,287,32,726.08.00,3,2025-08-07T18:57:51.815Z
1713,18713106398,CABLE_HAMMER_CURL,CURL,1,12,45.38.00,48.42.00,2025-04-02T19:07:00.0,122,32,1542.16.00,3,2025-08-07T18:57:51.815Z
1714,18713106398,CABLE_HAMMER_CURL,CURL,2,10,50.28.00,69.53.00,2025-04-02T19:11:06.0,122,32,1542.16.00,3,2025-08-07T18:57:51.815Z
1715,18713106398,CABLE_HAMMER_CURL,CURL,3,10,50.28.00,44.29.00,2025-04-02T19:15:27.0,122,32,1542.16.00,3,2025-08-07T18:57:51.815Z
1716,18694476491,DUMBBELL_DEADLIFT,DEADLIFT,1,15,68.06.00,71.36.00,2025-03-31T22:14:28.0,211,45,3062.7000000000003,3,2025-08-07T18:57:56.524Z
1717,18704693670,CHEST_PRESS_WITH_BAND,PUSH_UP,1,6,84.34.00,65.11.00,2025-04-01T23:07:00.0,119,12,993.42.00,2,2025-08-07T18:57:53.691Z
1718,18694476491,DUMBBELL_DEADLIFT,DEADLIFT,2,15,68.06.00,64.02.00,2025-03-31T22:22:11.0,211,45,3062.7000000000003,3,2025-08-07T18:57:56.524Z
1719,18704693670,CHEST_PRESS_WITH_BAND,PUSH_UP,2,6,82.03.00,59.29.00,2025-04-01T23:24:09.0,119,12,993.42.00,2,2025-08-07T18:57:53.691Z
1720,18694476491,DUMBBELL_DEADLIFT,DEADLIFT,3,15,68.06.00,101.47.00,2025-03-31T22:28:14.0,211,45,3062.7000000000003,3,2025-08-07T18:57:56.524Z
1721,18704693670,SINGLE_ARM_CABLE_CHEST_PRESS,BENCH_PRESS,1,10,91.09.00,116.57.00,2025-04-01T23:10:54.0,174,16,1519.26.00,2,2025-08-07T18:57:53.691Z
1722,18694476491,BARBELL_HACK_SQUAT,SQUAT,1,6,97.5,74.46.00,2025-03-31T22:34:01.0,156,18,1755,3,2025-08-07T18:57:56.524Z
1723,18704693670,SINGLE_ARM_CABLE_CHEST_PRESS,BENCH_PRESS,2,6,102.06.00,71.43.00,2025-04-01T23:16:18.0,174,16,1519.26.00,2,2025-08-07T18:57:53.691Z
1724,18694476491,BARBELL_HACK_SQUAT,SQUAT,2,8,97.5,56.58.00,2025-03-31T22:37:40.0,156,18,1755,3,2025-08-07T18:57:56.524Z
1725,18704693670,INCLINE_SMITH_MACHINE_BENCH_PRESS,BENCH_PRESS,1,5,70.31.00,59.48.00,2025-04-01T23:31:40.0,112,9,633.19.00,2,2025-08-07T18:57:53.691Z
1726,18694476491,BARBELL_HACK_SQUAT,SQUAT,3,4,97.5,60.34.00,2025-03-31T22:43:18.0,156,18,1755,3,2025-08-07T18:57:56.524Z
1727,18704693670,INCLINE_SMITH_MACHINE_BENCH_PRESS,BENCH_PRESS,2,4,70.31.00,72.29.00,2025-04-01T23:35:58.0,112,9,633.19.00,2,2025-08-07T18:57:53.691Z
1728,18694476491,LEG_PRESS,SQUAT,1,8,113.38.00,34.17.00,2025-03-31T22:53:29.0,77,20,2267.6,2,2025-08-07T18:57:56.524Z
1729,18704693670,BODY_WEIGHT_DIP,TRICEPS_EXTENSION,1,8,<null>,62.38.00,2025-04-01T23:41:34.0,104,16,0,2,2025-08-07T18:57:53.691Z
1730,18694476491,LEG_PRESS,SQUAT,2,12,113.38.00,49.13.00,2025-03-31T23:00:36.0,77,20,2267.6,2,2025-08-07T18:57:56.524Z
1731,18704693670,BODY_WEIGHT_DIP,TRICEPS_EXTENSION,2,8,<null>,49.56.00,2025-04-01T23:47:15.0,104,16,0,2,2025-08-07T18:57:53.691Z
1732,18694476491,LEG_ABDUCTION,BANDED_EXERCISES,1,12,104.31.00,37.24.00,2025-03-31T23:18:38.0,67,30,3129.5,3,2025-08-07T18:57:56.524Z
1733,18704693670,TRICEPS_PRESSDOWN,TRICEPS_EXTENSION,1,8,59.34.00,50.59.00,2025-04-01T23:51:39.0,74,16,943.04.00,2,2025-08-07T18:57:53.691Z
1734,18694476491,LEG_ABDUCTION,BANDED_EXERCISES,2,8,104.31.00,21.49,2025-03-31T23:22:35.0,67,30,3129.5,3,2025-08-07T18:57:56.524Z
1735,18704693670,TRICEPS_PRESSDOWN,TRICEPS_EXTENSION,2,8,59.34.00,35.43.00,2025-04-01T23:55:16.0,74,16,943.04.00,2,2025-08-07T18:57:53.691Z
1736,18694476491,LEG_ABDUCTION,BANDED_EXERCISES,3,10,104.33.00,16.17,2025-03-31T23:29:14.0,67,30,3129.5,3,2025-08-07T18:57:56.524Z
1737,18704693670,FLYE,FLYE,1,8,77.13.00,39.18.00,2025-04-01T23:59:54.0,85,17,1311.21.00,2,2025-08-07T18:57:53.691Z
1738,18694476491,LEG_ADDUCTION,BANDED_EXERCISES,1,8,104.31.00,43.33.00,2025-03-31T23:33:50.0,96,33,3272.58.00,3,2025-08-07T18:57:56.524Z
1739,18704693670,FLYE,FLYE,2,9,77.13.00,60.12.00,2025-04-02T00:03:40.0,85,17,1311.21.00,2,2025-08-07T18:57:53.691Z
1740,18694476491,LEG_ADDUCTION,BANDED_EXERCISES,2,10,104.31.00,35.58.00,2025-03-31T23:36:52.0,96,33,3272.58.00,3,2025-08-07T18:57:56.524Z
1741,18704693670,SEATED_BARBELL_OVERHEAD_TRICEPS_EXTENSION,TRICEPS_EXTENSION,1,10,25.34.00,115.23.00,2025-04-02T00:08:07.0,158,22,575.6800000000001,2,2025-08-07T18:57:53.691Z
1742,18694476491,LEG_ADDUCTION,BANDED_EXERCISES,3,15,93,42.41.00,2025-03-31T23:40:13.0,96,33,3272.58.00,3,2025-08-07T18:57:56.524Z
1743,18704693670,SEATED_BARBELL_OVERHEAD_TRICEPS_EXTENSION,TRICEPS_EXTENSION,2,12,27.19.00,56.39.00,2025-04-02T00:14:57.0,158,22,575.6800000000001,2,2025-08-07T18:57:53.691Z
1744,18694476491,WEIGHTED_QUADRUPED_HIP_EXTENSION,HIP_STABILITY,1,12,48.03.00,81.02.00,2025-03-31T23:42:45.0,73,12,571.5600000000001,1,2025-08-07T18:57:56.524Z
1745,18704693670,TRICEPS_PRESS,TRICEPS_EXTENSION,1,7,84.34.00,47.16.00,2025-04-02T00:22:29.0,83,13,1091.2199999999998,2,2025-08-07T18:57:53.691Z
1746,18694476491,WEIGHTED_SEATED_CALF_RAISE,CALF_RAISE,1,15,181.44.00,50.53.00,2025-03-31T23:47:55.0,156,51,9253.439999999999,3,2025-08-07T18:57:56.524Z
1747,18704693670,TRICEPS_PRESS,TRICEPS_EXTENSION,2,6,84.34.00,51.59.00,2025-04-02T00:28:01.0,83,13,1091.2199999999998,2,2025-08-07T18:57:53.691Z
1748,18694476491,WEIGHTED_SEATED_CALF_RAISE,CALF_RAISE,2,16,181.44.00,54.34.00,2025-03-31T23:54:43.0,156,51,9253.439999999999,3,2025-08-07T18:57:56.524Z
1749,18694476491,WEIGHTED_SEATED_CALF_RAISE,CALF_RAISE,3,20,181.44.00,75.59.00,2025-03-31T23:59:57.0,156,51,9253.439999999999,3,2025-08-07T18:57:56.524Z
1750,18694476491,ONE_ARM_CABLE_LATERAL_RAISE,LATERAL_RAISE,1,12,20.44,116.31.00,2025-04-01T00:02:22.0,304,36,735.8400000000001,3,2025-08-07T18:57:56.524Z
1751,18694476491,ONE_ARM_CABLE_LATERAL_RAISE,LATERAL_RAISE,2,12,20.44,104.34.00,2025-04-01T00:09:27.0,304,36,735.8400000000001,3,2025-08-07T18:57:56.524Z
1752,18694476491,ONE_ARM_CABLE_LATERAL_RAISE,LATERAL_RAISE,3,12,20.44,116.28.00,2025-04-01T00:17:03.0,304,36,735.8400000000001,3,2025-08-07T18:57:56.524Z
1753,18685064307,KNEELING_UNDERHAND_GRIP_LAT_PULLDOWN,PULL_UP,1,12,72.56.00,100.24.00,2025-03-30T20:39:44.0,131,18,1061.22.00,2,2025-08-07T18:58:01.571Z
1754,18675411481,INCLINE_SMITH_MACHINE_BENCH_PRESS,BENCH_PRESS,1,8,70.31.00,66.19.00,2025-03-29T22:46:50.0,246,21,1476.5100000000002,3,2025-08-07T18:58:06.530Z
1755,18685064307,KNEELING_UNDERHAND_GRIP_LAT_PULLDOWN,PULL_UP,2,6,32.15.00,46.01.00,2025-03-30T21:15:40.0,131,18,1061.22.00,2,2025-08-07T18:58:01.571Z
1756,18675411481,INCLINE_SMITH_MACHINE_BENCH_PRESS,BENCH_PRESS,2,7,70.31.00,98.31.00,2025-03-29T22:54:00.0,246,21,1476.5100000000002,3,2025-08-07T18:58:06.530Z
1757,18685064307,LAT_PULLDOWN,PULL_UP,1,8,84.34.00,54.25.00,2025-03-30T20:48:34.0,128,24,2050.56.00,3,2025-08-07T18:58:01.571Z
1758,18675411481,INCLINE_SMITH_MACHINE_BENCH_PRESS,BENCH_PRESS,3,6,70.31.00,100.34.00,2025-03-29T23:00:32.0,246,21,1476.5100000000002,3,2025-08-07T18:58:06.530Z
1759,18685064307,LAT_PULLDOWN,PULL_UP,2,8,86.19.00,54.18.00,2025-03-30T20:53:43.0,128,24,2050.56.00,3,2025-08-07T18:58:01.571Z
1760,18675411481,FLYE,FLYE,1,8,79.38.00,42.36.00,2025-03-29T23:05:44.0,128,23,1825.7399999999998,3,2025-08-07T18:58:06.530Z
1761,18685064307,LAT_PULLDOWN,PULL_UP,3,8,86.19.00,53.49.00,2025-03-30T20:59:59.0,128,24,2050.56.00,3,2025-08-07T18:58:01.571Z
1762,18675411481,FLYE,FLYE,2,7,79.38.00,49.57.00,2025-03-29T23:08:56.0,128,23,1825.7399999999998,3,2025-08-07T18:58:06.530Z
1763,18685064307,CLOSE_GRIP_LAT_PULLDOWN,PULL_UP,1,6,68.06.00,51.14.00,2025-03-30T21:06:13.0,75,12,817.12.00,2,2025-08-07T18:58:01.571Z
1764,18675411481,FLYE,FLYE,3,8,79.38.00,57.11.00,2025-03-29T23:14:28.0,128,23,1825.7399999999998,3,2025-08-07T18:58:06.530Z
1765,18685064307,CLOSE_GRIP_LAT_PULLDOWN,PULL_UP,2,6,68.06.00,47.45.00,2025-03-30T21:09:29.0,75,12,817.12.00,2,2025-08-07T18:58:01.571Z
1766,18675411481,TRICEPS_PRESSDOWN,TRICEPS_EXTENSION,1,6,61.25.00,38.15.00,2025-03-29T23:17:49.0,109,20,1192.6599999999999,3,2025-08-07T18:58:06.530Z
1767,18685064307,UNDERHAND_GRIP_CABLE_ROW,ROW,1,10,86.19.00,66.13.00,2025-03-30T21:25:35.0,101,16,1406.04.00,2,2025-08-07T18:58:01.571Z
1768,18675411481,TRICEPS_PRESSDOWN,TRICEPS_EXTENSION,2,7,59.34.00,57.06.00,2025-03-29T23:20:06.0,109,20,1192.6599999999999,3,2025-08-07T18:58:06.530Z
1769,18685064307,UNDERHAND_GRIP_CABLE_ROW,ROW,2,6,91.09.00,52.13.00,2025-03-30T21:30:06.0,101,16,1406.04.00,2,2025-08-07T18:58:01.571Z
1770,18675411481,TRICEPS_PRESSDOWN,TRICEPS_EXTENSION,3,7,59.34.00,31.11.00,2025-03-29T23:23:43.0,109,20,1192.6599999999999,3,2025-08-07T18:58:06.530Z
1771,18685064307,ROW,ROW,1,8,72.56.00,35.03.00,2025-03-30T21:45:43.0,105,26,1805.56.00,3,2025-08-07T18:58:01.571Z
1772,18675411481,ONE_ARM_CABLE_LATERAL_RAISE,LATERAL_RAISE,1,12,20.44,106.54.00,2025-03-29T23:26:39.0,253,32,654.08.00,3,2025-08-07T18:58:06.530Z
1773,18685064307,ROW,ROW,2,8,68.06.00,40.01.00,2025-03-30T21:52:05.0,105,26,1805.56.00,3,2025-08-07T18:58:01.571Z
1774,18675411481,ONE_ARM_CABLE_LATERAL_RAISE,LATERAL_RAISE,2,10,20.44,79.16.00,2025-03-29T23:30:24.0,253,32,654.08.00,3,2025-08-07T18:58:06.530Z
1775,18685064307,ROW,ROW,3,10,68.06.00,32.03.00,2025-03-30T21:59:56.0,105,26,1805.56.00,3,2025-08-07T18:58:01.571Z
1776,18675411481,ONE_ARM_CABLE_LATERAL_RAISE,LATERAL_RAISE,3,10,20.44,83.51.00,2025-03-29T23:34:52.0,253,32,654.08.00,3,2025-08-07T18:58:06.530Z
1777,18685064307,SEATED_REAR_LATERAL_RAISE,LATERAL_RAISE,1,10,38.56.00,40.44.00,2025-03-30T22:04:56.0,172,28,1034.08.00,3,2025-08-07T18:58:01.571Z
1778,18675411481,TRICEPS_PRESS,TRICEPS_EXTENSION,1,8,86.19.00,45.29.00,2025-03-29T23:40:10.0,128,24,2104.56.00,3,2025-08-07T18:58:06.530Z
1779,18685064307,SEATED_REAR_LATERAL_RAISE,LATERAL_RAISE,2,8,38.56.00,54.49.00,2025-03-30T22:09:00.0,172,28,1034.08.00,3,2025-08-07T18:58:01.571Z
1780,18675411481,TRICEPS_PRESS,TRICEPS_EXTENSION,2,8,88.44.00,56.22.00,2025-03-29T23:45:54.0,128,24,2104.56.00,3,2025-08-07T18:58:06.530Z
1781,18685064307,SEATED_REAR_LATERAL_RAISE,LATERAL_RAISE,3,10,34,95.22.00,2025-03-30T22:12:56.0,172,28,1034.08.00,3,2025-08-07T18:58:01.571Z
1782,18675411481,TRICEPS_PRESS,TRICEPS_EXTENSION,3,8,88.44.00,61.23.00,2025-03-29T23:51:09.0,128,24,2104.56.00,3,2025-08-07T18:58:06.530Z
1783,18685064307,PREACHER_CURL_WITH_CABLE,CURL,1,7,50.28.00,58.43.00,2025-03-30T22:44:49.0,134,19,948.12.00,3,2025-08-07T18:58:01.571Z
1784,18675411481,WEIGHTED_CRUNCH,CRUNCH,1,12,66.15.00,69.54.00,2025-03-29T23:54:39.0,153,32,2104,3,2025-08-07T18:58:06.530Z
1785,18685064307,PREACHER_CURL_WITH_CABLE,CURL,2,6,50.28.00,53.55.00,2025-03-30T22:50:19.0,134,19,948.12.00,3,2025-08-07T18:58:01.571Z
1786,18675411481,WEIGHTED_CRUNCH,CRUNCH,2,10,66.15.00,45.57.00,2025-03-29T23:59:57.0,153,32,2104,3,2025-08-07T18:58:06.530Z
1787,18685064307,PREACHER_CURL_WITH_CABLE,CURL,3,6,50.28.00,47.55.00,2025-03-30T23:00:15.0,134,19,948.12.00,3,2025-08-07T18:58:01.571Z
1788,18675411481,WEIGHTED_CRUNCH,CRUNCH,3,10,66.15.00,56.29.00,2025-03-30T00:05:52.0,153,32,2104,3,2025-08-07T18:58:06.530Z
1789,18685064307,CABLE_HAMMER_CURL,CURL,1,14,41.21.00,43.53.00,2025-03-30T23:05:57.0,110,36,1569.7,3,2025-08-07T18:58:01.571Z
1790,18675411481,LEG_ABDUCTION,BANDED_EXERCISES,1,20,93,55.21.00,2025-03-30T00:07:55.0,105,56,5208,3,2025-08-07T18:58:06.530Z
1791,18685064307,CABLE_HAMMER_CURL,CURL,2,12,45.38.00,46.01.00,2025-03-30T23:11:43.0,110,36,1569.7,3,2025-08-07T18:58:01.571Z
1792,18675411481,LEG_ABDUCTION,BANDED_EXERCISES,2,16,93,32.13.00,2025-03-30T00:24:59.0,105,56,5208,3,2025-08-07T18:58:06.530Z
1793,18685064307,CABLE_HAMMER_CURL,CURL,3,10,45.38.00,48.23.00,2025-03-30T23:15:27.0,110,36,1569.7,3,2025-08-07T18:58:01.571Z
1794,18675411481,LEG_ABDUCTION,BANDED_EXERCISES,3,20,93,29.46.00,2025-03-30T00:30:24.0,105,56,5208,3,2025-08-07T18:58:06.530Z
1795,18651725089,WEIGHTED_LEG_CURL,LEG_CURL,1,10,97.5,57.33.00,2025-03-27T11:37:33.0,124,28,2812.08.00,3,2025-08-07T18:58:13.525Z
1796,18651725089,WEIGHTED_LEG_CURL,LEG_CURL,2,10,102.06.00,41.41.00,2025-03-27T11:40:37.0,124,28,2812.08.00,3,2025-08-07T18:58:13.525Z
1797,18651725089,WEIGHTED_LEG_CURL,LEG_CURL,3,8,102.06.00,33.56.00,2025-03-27T11:44:10.0,124,28,2812.08.00,3,2025-08-07T18:58:13.525Z
1798,18651725089,WEIGHTED_LEG_EXTENSIONS,CRUNCH,1,12,97.5,49.27.00,2025-03-27T11:46:55.0,129,32,3120,3,2025-08-07T18:58:13.525Z
1799,18651725089,WEIGHTED_LEG_EXTENSIONS,CRUNCH,2,10,97.5,46.17.00,2025-03-27T11:53:09.0,129,32,3120,3,2025-08-07T18:58:13.525Z
1800,18651725089,WEIGHTED_LEG_EXTENSIONS,CRUNCH,3,10,97.5,39.12.00,2025-03-27T11:56:45.0,129,32,3120,3,2025-08-07T18:58:13.525Z
1801,18651725089,LEG_ABDUCTION,BANDED_EXERCISES,1,16,93,75.21.00,2025-03-27T12:02:47.0,176,31,2883,2,2025-08-07T18:58:13.525Z
1802,18651725089,LEG_ABDUCTION,BANDED_EXERCISES,2,15,93,115.29.00,2025-03-27T12:06:45.0,176,31,2883,2,2025-08-07T18:58:13.525Z
1803,18651725089,LEG_ADDUCTION,BANDED_EXERCISES,1,12,93,40.57.00,2025-03-27T12:10:22.0,145,28,2604,2,2025-08-07T18:58:13.525Z
1804,18651725089,LEG_ADDUCTION,BANDED_EXERCISES,2,16,93,113.56.00,2025-03-27T12:13:06.0,145,28,2604,2,2025-08-07T18:58:13.525Z
1805,18651725089,CALF_RAISE,CALF_RAISE,1,12,186,67.11.00,2025-03-27T12:18:03.0,147,44,8184,3,2025-08-07T18:58:13.525Z
1806,18651725089,CALF_RAISE,CALF_RAISE,2,12,186,36.22.00,2025-03-27T12:22:13.0,147,44,8184,3,2025-08-07T18:58:13.525Z
1807,18651725089,CALF_RAISE,CALF_RAISE,3,20,186,65.23.00,2025-03-27T12:25:56.0,147,44,8184,3,2025-08-07T18:58:13.525Z
1808,18647002168,WEIGHTED_CRUNCH,CRUNCH,1,8,66.15.00,51.24.00,2025-03-26T19:19:32.0,43,8,526,1,2025-08-07T18:58:19.513Z
1809,18636955620,INCLINE_SMITH_MACHINE_BENCH_PRESS,BENCH_PRESS,1,7,70.31.00,62.44.00,2025-03-25T19:18:21.0,183,19,1335.8899999999999,3,2025-08-07T18:58:24.513Z
1810,18647002168,LAT_PULLDOWN,PULL_UP,1,8,84.34.00,42.18.00,2025-03-26T19:38:52.0,120,24,2014.56.00,3,2025-08-07T18:58:19.513Z
1811,18636955620,INCLINE_SMITH_MACHINE_BENCH_PRESS,BENCH_PRESS,2,6,70.31.00,53.14.00,2025-03-25T19:25:10.0,183,19,1335.8899999999999,3,2025-08-07T18:58:24.513Z
1812,18647002168,LAT_PULLDOWN,PULL_UP,2,8,84.34.00,50.43.00,2025-03-26T19:43:55.0,120,24,2014.56.00,3,2025-08-07T18:58:19.513Z
1813,18636955620,INCLINE_SMITH_MACHINE_BENCH_PRESS,BENCH_PRESS,3,6,70.31.00,78.34.00,2025-03-25T19:31:45.0,183,19,1335.8899999999999,3,2025-08-07T18:58:24.513Z
1814,18647002168,LAT_PULLDOWN,PULL_UP,3,8,84.34.00,38,2025-03-26T19:49:08.0,120,24,2014.56.00,3,2025-08-07T18:58:19.513Z
1815,18636955620,CHEST_PRESS_WITH_BAND,PUSH_UP,1,6,79.38.00,56.57.00,2025-03-25T19:36:32.0,139,18,1429.24.00,3,2025-08-07T18:58:24.513Z
1816,18647002168,KNEELING_REAR_FLYE,FLYE,1,8,38.56.00,40.29.00,2025-03-26T19:54:31.0,101,26,957.36.00,3,2025-08-07T18:58:19.513Z
1817,18636955620,CHEST_PRESS_WITH_BAND,PUSH_UP,2,6,79.38.00,51.01.00,2025-03-25T19:44:16.0,139,18,1429.24.00,3,2025-08-07T18:58:24.513Z
1818,18647002168,KNEELING_REAR_FLYE,FLYE,2,8,38.56.00,38.25.00,2025-03-26T19:57:05.0,101,26,957.36.00,3,2025-08-07T18:58:19.513Z
1819,18636955620,CHEST_PRESS_WITH_BAND,PUSH_UP,3,6,79.38.00,47.28.00,2025-03-25T19:48:58.0,139,18,1429.24.00,3,2025-08-07T18:58:24.513Z
1820,18647002168,KNEELING_REAR_FLYE,FLYE,3,10,34,33.6,2025-03-26T20:00:34.0,101,26,957.36.00,3,2025-08-07T18:58:19.513Z
1821,18636955620,FLYE,FLYE,1,8,75.21.00,51.31.00,2025-03-25T19:51:29.0,127,25,1870.25.00,3,2025-08-07T18:58:24.513Z
1822,18647002168,CLOSE_GRIP_LAT_PULLDOWN,PULL_UP,1,10,61.25.00,68.04.00,2025-03-26T20:04:46.0,147,28,1715,3,2025-08-07T18:58:19.513Z
1823,18636955620,FLYE,FLYE,2,8,75.21.00,49.51.00,2025-03-25T19:54:15.0,127,25,1870.25.00,3,2025-08-07T18:58:24.513Z
1824,18647002168,CLOSE_GRIP_LAT_PULLDOWN,PULL_UP,2,10,61.25.00,54.24.00,2025-03-26T20:09:43.0,147,28,1715,3,2025-08-07T18:58:19.513Z
1825,18636955620,FLYE,FLYE,3,9,75.21.00,44.22.00,2025-03-25T19:58:15.0,127,25,1870.25.00,3,2025-08-07T18:58:24.513Z
1826,18647002168,CLOSE_GRIP_LAT_PULLDOWN,PULL_UP,3,8,61.25.00,47.3,2025-03-26T20:13:21.0,147,28,1715,3,2025-08-07T18:58:19.513Z
1827,18636955620,SMITH_MACHINE_OVERHEAD_PRESS,SHOULDER_PRESS,1,6,43.06.00,164.03.00,2025-03-25T20:02:54.0,247,19,877.5500000000002,3,2025-08-07T18:58:24.513Z
1828,18647002168,SEATED_CABLE_ROW,ROW,1,8,70.31.00,42.43.00,2025-03-26T20:17:20.0,141,26,1782.46.00,3,2025-08-07T18:58:19.513Z
1829,18636955620,SMITH_MACHINE_OVERHEAD_PRESS,SHOULDER_PRESS,2,6,48.03.00,52.47.00,2025-03-25T20:07:50.0,247,19,877.5500000000002,3,2025-08-07T18:58:24.513Z
1830,18647002168,SEATED_CABLE_ROW,ROW,2,8,70.31.00,78.18.00,2025-03-26T20:21:32.0,141,26,1782.46.00,3,2025-08-07T18:58:19.513Z
1831,18636955620,SMITH_MACHINE_OVERHEAD_PRESS,SHOULDER_PRESS,3,7,48.03.00,62.25.00,2025-03-25T20:18:29.0,247,19,877.5500000000002,3,2025-08-07T18:58:24.513Z
1832,18647002168,SEATED_CABLE_ROW,ROW,3,10,66.15.00,50.43.00,2025-03-26T20:26:59.0,141,26,1782.46.00,3,2025-08-07T18:58:19.513Z
1833,18636955620,TRICEPS_PRESSDOWN,TRICEPS_EXTENSION,1,9,59.34.00,44.53.00,2025-03-25T20:25:33.0,166,24,1449.21.00,3,2025-08-07T18:58:24.513Z
1834,18647002168,ONE_ARM_CABLE_LATERAL_RAISE,LATERAL_RAISE,1,12,20.44,115.04.00,2025-03-26T20:30:03.0,299,34,695.36.00,3,2025-08-07T18:58:19.513Z
1835,18636955620,TRICEPS_PRESSDOWN,TRICEPS_EXTENSION,2,8,61.25.00,91.57.00,2025-03-25T20:31:05.0,166,24,1449.21.00,3,2025-08-07T18:58:24.513Z
1836,18647002168,ONE_ARM_CABLE_LATERAL_RAISE,LATERAL_RAISE,2,12,20.44,102.22.00,2025-03-26T20:34:43.0,299,34,695.36.00,3,2025-08-07T18:58:19.513Z
1837,18636955620,TRICEPS_PRESSDOWN,TRICEPS_EXTENSION,3,7,61.25.00,39.34.00,2025-03-25T20:35:54.0,166,24,1449.21.00,3,2025-08-07T18:58:24.513Z
1838,18647002168,ONE_ARM_CABLE_LATERAL_RAISE,LATERAL_RAISE,3,10,20.44,110.04.00,2025-03-26T20:40:04.0,299,34,695.36.00,3,2025-08-07T18:58:19.513Z
1839,18636955620,TRICEPS_PRESS,TRICEPS_EXTENSION,1,10,84.34.00,56.06.00,2025-03-25T20:44:29.0,204,24,2077.56.00,3,2025-08-07T18:58:24.513Z
1840,18647002168,EZ_BAR_PREACHER_CURL,CURL,1,6,48.03.00,89.37.00,2025-03-26T20:44:50.0,190,21,1000.23.00,3,2025-08-07T18:58:19.513Z
1841,18636955620,TRICEPS_PRESS,TRICEPS_EXTENSION,2,7,88.44.00,123.46.00,2025-03-25T20:47:55.0,204,24,2077.56.00,3,2025-08-07T18:58:24.513Z
1842,18647002168,EZ_BAR_PREACHER_CURL,CURL,2,8,48.03.00,48.26.00,2025-03-26T20:50:23.0,190,21,1000.23.00,3,2025-08-07T18:58:19.513Z
1843,18636955620,TRICEPS_PRESS,TRICEPS_EXTENSION,3,7,88.44.00,50.56.00,2025-03-25T20:56:32.0,204,24,2077.56.00,3,2025-08-07T18:58:24.513Z
1844,18647002168,EZ_BAR_PREACHER_CURL,CURL,3,7,48.03.00,74.13.00,2025-03-26T20:54:21.0,190,21,1000.23.00,3,2025-08-07T18:58:19.513Z
1845,18647002168,CABLE_HAMMER_CURL,CURL,1,12,38.56.00,50.42.00,2025-03-26T20:59:55.0,104,32,1324.32.00,3,2025-08-07T18:58:19.513Z
1846,18647002168,CABLE_HAMMER_CURL,CURL,2,10,43.06.00,43.22.00,2025-03-26T21:03:50.0,104,32,1324.32.00,3,2025-08-07T18:58:19.513Z
1847,18647002168,CABLE_HAMMER_CURL,CURL,3,10,43.06.00,35.14.00,2025-03-26T21:07:39.0,104,32,1324.32.00,3,2025-08-07T18:58:19.513Z
1848,18647002168,REVERSE_EZ_BAR_CURL,CURL,1,12,18.13,65.29.00,2025-03-26T21:13:06.0,198,42,761.46.00,3,2025-08-07T18:58:19.513Z
1849,18647002168,REVERSE_EZ_BAR_CURL,CURL,2,15,18.13,100.54.00,2025-03-26T21:16:53.0,198,42,761.46.00,3,2025-08-07T18:58:19.513Z
1850,18647002168,REVERSE_EZ_BAR_CURL,CURL,3,15,18.13,48.38.00,2025-03-26T21:21:42.0,198,42,761.46.00,3,2025-08-07T18:58:19.513Z
1851,18627032601,DUMBBELL_DEADLIFT,DEADLIFT,1,15,68.06.00,57.03.00,2025-03-24T19:10:31.0,167,42,2858.5200000000004,3,2025-08-07T18:58:29.518Z
1852,18627032601,DUMBBELL_DEADLIFT,DEADLIFT,2,15,68.06.00,56.05.00,2025-03-24T19:15:43.0,167,42,2858.5200000000004,3,2025-08-07T18:58:29.518Z
1853,18627032601,DUMBBELL_DEADLIFT,DEADLIFT,3,12,68.06.00,61.14.00,2025-03-24T19:25:27.0,167,42,2858.5200000000004,3,2025-08-07T18:58:29.518Z
1854,18627032601,WEIGHTED_LEG_CURL,LEG_CURL,1,6,102.06.00,40.36.00,2025-03-24T19:35:26.0,71,17,1735.02.00,3,2025-08-07T18:58:29.518Z
1855,18627032601,WEIGHTED_LEG_CURL,LEG_CURL,2,6,102.06.00,24.03.00,2025-03-24T19:41:59.0,71,17,1735.02.00,3,2025-08-07T18:58:29.518Z
1856,18627032601,WEIGHTED_LEG_CURL,LEG_CURL,3,5,102.06.00,35.16.00,2025-03-24T19:48:00.0,71,17,1735.02.00,3,2025-08-07T18:58:29.518Z
1857,18627032601,BARBELL_HACK_SQUAT,SQUAT,1,8,88.44.00,48.51.00,2025-03-24T19:51:15.0,137,26,2299.44.00,3,2025-08-07T18:58:29.518Z
1858,18627032601,BARBELL_HACK_SQUAT,SQUAT,2,10,88.44.00,62.42.00,2025-03-24T19:55:16.0,137,26,2299.44.00,3,2025-08-07T18:58:29.518Z
1859,18627032601,BARBELL_HACK_SQUAT,SQUAT,3,8,88.44.00,55.34.00,2025-03-24T20:00:03.0,137,26,2299.44.00,3,2025-08-07T18:58:29.518Z
1860,18627032601,LEG_ABDUCTION,BANDED_EXERCISES,1,15,93,47.44.00,2025-03-24T20:03:55.0,110,55,5115,3,2025-08-07T18:58:29.518Z
1861,18627032601,LEG_ABDUCTION,BANDED_EXERCISES,2,20,93,41.38.00,2025-03-24T20:13:03.0,110,55,5115,3,2025-08-07T18:58:29.518Z
1862,18627032601,LEG_ABDUCTION,BANDED_EXERCISES,3,20,93,50.38.00,2025-03-24T20:17:58.0,110,55,5115,3,2025-08-07T18:58:29.518Z
1863,18627032601,LEG_ADDUCTION,BANDED_EXERCISES,1,20,93,37.55.00,2025-03-24T20:05:13.0,107,64,5952,3,2025-08-07T18:58:29.518Z
1864,18627032601,LEG_ADDUCTION,BANDED_EXERCISES,2,20,93,46.51.00,2025-03-24T20:14:30.0,107,64,5952,3,2025-08-07T18:58:29.518Z
1865,18627032601,LEG_ADDUCTION,BANDED_EXERCISES,3,24,93,38.39.00,2025-03-24T20:22:39.0,107,64,5952,3,2025-08-07T18:58:29.518Z
1866,18627032601,WEIGHTED_CRUNCH,CRUNCH,1,12,61.25.00,56.06.00,2025-03-24T20:25:53.0,133,30,1918.5,3,2025-08-07T18:58:29.518Z
1867,18627032601,WEIGHTED_CRUNCH,CRUNCH,2,10,66.15.00,51.06.00,2025-03-24T20:30:17.0,133,30,1918.5,3,2025-08-07T18:58:29.518Z
1868,18627032601,WEIGHTED_CRUNCH,CRUNCH,3,8,66.15.00,60.31.00,2025-03-24T20:35:04.0,133,30,1918.5,3,2025-08-07T18:58:29.518Z
1869,18627032601,WEIGHTED_LEG_EXTENSIONS,CRUNCH,1,15,88.44.00,40.33.00,2025-03-24T20:39:02.0,151,42,3714.48.00,3,2025-08-07T18:58:29.518Z
1870,18627032601,WEIGHTED_LEG_EXTENSIONS,CRUNCH,2,12,88.44.00,93.29.00,2025-03-24T20:43:28.0,151,42,3714.48.00,3,2025-08-07T18:58:29.518Z
1871,18627032601,WEIGHTED_LEG_EXTENSIONS,CRUNCH,3,15,88.44.00,39.28.00,2025-03-24T20:49:05.0,151,42,3714.48.00,3,2025-08-07T18:58:29.518Z
1872,18627032601,WEIGHTED_STANDING_CALF_RAISE,CALF_RAISE,1,16,188.25.00,37.55.00,2025-03-24T20:52:03.0,79,60,10497.720000000001,3,2025-08-07T18:58:29.518Z
1873,18627032601,WEIGHTED_STANDING_CALF_RAISE,CALF_RAISE,2,20,170.13.00,36.11.00,2025-03-24T20:56:23.0,79,60,10497.720000000001,3,2025-08-07T18:58:29.518Z
1874,18627032601,WEIGHTED_STANDING_CALF_RAISE,CALF_RAISE,3,24,170.13.00,29.24.00,2025-03-24T21:01:11.0,79,60,10497.720000000001,3,2025-08-07T18:58:29.518Z
1875,18609114299,INCLINE_SMITH_MACHINE_BENCH_PRESS,BENCH_PRESS,1,9,70.31.00,55.35.00,2025-03-22T22:28:52.0,152,21,1476.5100000000002,3,2025-08-07T18:58:39.515Z
1876,18616357178,PULL_UP,PULL_UP,1,8,84.34.00,58.38.00,2025-03-23T15:04:24.0,84,16,1179.52.00,2,2025-08-07T18:58:34.519Z
1877,18609114299,INCLINE_SMITH_MACHINE_BENCH_PRESS,BENCH_PRESS,2,6,70.31.00,50.42.00,2025-03-22T22:34:07.0,152,21,1476.5100000000002,3,2025-08-07T18:58:39.515Z
1878,18616357178,PULL_UP,PULL_UP,2,8,63.5,41.41.00,2025-03-23T15:52:22.0,84,16,1179.52.00,2,2025-08-07T18:58:34.519Z
1879,18609114299,INCLINE_SMITH_MACHINE_BENCH_PRESS,BENCH_PRESS,3,6,70.31.00,62.34.00,2025-03-22T22:38:52.0,152,21,1476.5100000000002,3,2025-08-07T18:58:39.515Z
1880,18616357178,BENCH_PRESS,BENCH_PRESS,1,10,84.34.00,39.22.00,2025-03-23T15:08:08.0,170,36,2694.8,4,2025-08-07T18:58:34.519Z
1881,18609114299,CHEST_FLY,SUSPENSION,1,12,21.28,66.21.00,2025-03-22T22:43:53.0,100,22,459.36.00,2,2025-08-07T18:58:39.515Z
1882,18616357178,BENCH_PRESS,BENCH_PRESS,2,10,84.34.00,45.42.00,2025-03-23T15:12:27.0,170,36,2694.8,4,2025-08-07T18:58:34.519Z
1883,18609114299,CHEST_FLY,SUSPENSION,2,10,21.28,47.07.00,2025-03-22T22:47:09.0,100,22,459.36.00,2,2025-08-07T18:58:39.515Z
1884,18616357178,BENCH_PRESS,BENCH_PRESS,3,8,63.5,40.19.00,2025-03-23T15:48:20.0,170,36,2694.8,4,2025-08-07T18:58:34.519Z
1885,18609114299,FLYE,FLYE,1,9,75.21.00,46.22.00,2025-03-22T22:51:18.0,102,17,1272.17.00,2,2025-08-07T18:58:39.515Z
1886,18616357178,BENCH_PRESS,BENCH_PRESS,4,8,63.5,52.31.00,2025-03-23T15:57:24.0,170,36,2694.8,4,2025-08-07T18:58:34.519Z
1887,18609114299,FLYE,FLYE,2,8,75.21.00,67.19.00,2025-03-22T22:55:12.0,102,17,1272.17.00,2,2025-08-07T18:58:39.515Z
1888,18616357178,UNKNOWN,UNKNOWN,1,8,70.31.00,35.52.00,2025-03-23T15:15:09.0,285,36,1651.5,4,2025-08-07T18:58:34.519Z
1889,18609114299,TRICEPS_PRESSDOWN,TRICEPS_EXTENSION,1,8,59.37.00,75.09.00,2025-03-22T23:06:42.0,216,24,1414.8,3,2025-08-07T18:58:39.515Z
1890,18616357178,UNKNOWN,UNKNOWN,2,10,70.31.00,76.51.00,2025-03-23T15:25:26.0,285,36,1651.5,4,2025-08-07T18:58:34.519Z
1891,18609114299,TRICEPS_PRESSDOWN,TRICEPS_EXTENSION,2,8,59.34.00,81.41.00,2025-03-22T23:11:22.0,216,24,1414.8,3,2025-08-07T18:58:39.515Z
1892,18616357178,UNKNOWN,UNKNOWN,3,8,23.09,102.01.00,2025-03-23T15:28:45.0,285,36,1651.5,4,2025-08-07T18:58:34.519Z
1893,18609114299,TRICEPS_PRESSDOWN,TRICEPS_EXTENSION,3,8,59.34.00,75.58.00,2025-03-22T23:16:08.0,216,24,1414.8,3,2025-08-07T18:58:39.515Z
1894,18616357178,UNKNOWN,UNKNOWN,4,10,20.44,93.32.00,2025-03-23T15:38:52.0,285,36,1651.5,4,2025-08-07T18:58:34.519Z
1895,18609114299,SHOULDER_PRESS,SHOULDER_PRESS,1,12,61.25.00,211.45.00,2025-03-22T23:19:09.0,394,32,1960,3,2025-08-07T18:58:39.515Z
1896,18616357178,ROW,ROW,1,10,70.31.00,54.55.00,2025-03-23T15:22:14.0,40,10,703.1,1,2025-08-07T18:58:34.519Z
1897,18609114299,SHOULDER_PRESS,SHOULDER_PRESS,2,10,61.25.00,79.11.00,2025-03-22T23:27:04.0,394,32,1960,3,2025-08-07T18:58:39.515Z
1898,18616357178,LATERAL_RAISE,LATERAL_RAISE,1,10,20.44,87.36.00,2025-03-23T15:33:45.0,85,10,204.4,1,2025-08-07T18:58:34.519Z
1899,18609114299,SHOULDER_PRESS,SHOULDER_PRESS,3,10,61.25.00,137.48.00,2025-03-22T23:31:52.0,394,32,1960,3,2025-08-07T18:58:39.515Z
1900,18616357178,SIT_UP,SIT_UP,1,8,36.31.00,41.56.00,2025-03-23T16:02:11.0,94,22,799.22.00,3,2025-08-07T18:58:34.519Z
1901,18609114299,TRICEPS_PRESS,TRICEPS_EXTENSION,1,6,84.34.00,61.59.00,2025-03-22T23:39:02.0,175,22,1846.6799999999998,3,2025-08-07T18:58:39.515Z
1902,18616357178,SIT_UP,SIT_UP,2,6,36.31.00,37.38.00,2025-03-23T16:06:20.0,94,22,799.22.00,3,2025-08-07T18:58:34.519Z
1903,18609114299,TRICEPS_PRESS,TRICEPS_EXTENSION,2,8,84.34.00,60.01.00,2025-03-22T23:44:41.0,175,22,1846.6799999999998,3,2025-08-07T18:58:39.515Z
1904,18616357178,SIT_UP,SIT_UP,3,8,36.31.00,46.46.00,2025-03-23T16:10:10.0,94,22,799.22.00,3,2025-08-07T18:58:34.519Z
1905,18609114299,TRICEPS_PRESS,TRICEPS_EXTENSION,3,8,84.34.00,71.02.00,2025-03-22T23:50:20.0,175,22,1846.6799999999998,3,2025-08-07T18:58:39.515Z
1906,18609114299,EZ_BAR_PREACHER_CURL,CURL,1,8,48.03.00,85.05.00,2025-03-22T23:54:10.0,135,16,762.08.00,2,2025-08-07T18:58:39.515Z
1907,18609114299,EZ_BAR_PREACHER_CURL,CURL,2,8,48.03.00,70.27.00,2025-03-23T00:00:48.0,135,16,762.08.00,2,2025-08-07T18:58:39.515Z
1908,18609114299,CABLE_HAMMER_CURL,CURL,1,15,41.21.00,56.02.00,2025-03-23T00:07:57.0,110,25,1066.35.00,2,2025-08-07T18:58:39.515Z
1909,18609114299,CABLE_HAMMER_CURL,CURL,2,10,45.38.00,63.07.00,2025-03-23T00:12:19.0,110,25,1066.35.00,2,2025-08-07T18:58:39.515Z
1910,18598713719,LAT_PULLDOWN,PULL_UP,1,8,82.03.00,53.31.00,2025-03-21T19:07:47.0,197,28,2286.04.00,3,2025-08-07T18:58:44.520Z
1911,18598713719,LAT_PULLDOWN,PULL_UP,2,10,82.03.00,57.16.00,2025-03-21T21:03:06.0,197,28,2286.04.00,3,2025-08-07T18:58:44.520Z
1912,18598713719,LAT_PULLDOWN,PULL_UP,3,10,82.03.00,117.25.00,2025-03-21T21:20:58.0,197,28,2286.04.00,3,2025-08-07T18:58:44.520Z
1913,18598713719,BARBELL_HACK_SQUAT,SQUAT,1,8,88.44.00,68.59.00,2025-03-21T19:11:22.0,164,20,1768.8,3,2025-08-07T18:58:44.520Z
1914,18598713719,BARBELL_HACK_SQUAT,SQUAT,2,7,88.44.00,63.44.00,2025-03-21T19:15:46.0,164,20,1768.8,3,2025-08-07T18:58:44.520Z
1915,18598713719,BARBELL_HACK_SQUAT,SQUAT,3,5,88.44.00,56.17.00,2025-03-21T19:20:38.0,164,20,1768.8,3,2025-08-07T18:58:44.520Z
1916,18598713719,WEIGHTED_LEG_CURL,LEG_CURL,1,8,102.06.00,32.04.00,2025-03-21T19:25:00.0,86,24,2449.44.00,3,2025-08-07T18:58:44.520Z
1917,18598713719,WEIGHTED_LEG_CURL,LEG_CURL,2,8,102.06.00,29.34.00,2025-03-21T19:28:42.0,86,24,2449.44.00,3,2025-08-07T18:58:44.520Z
1918,18598713719,WEIGHTED_LEG_CURL,LEG_CURL,3,8,102.06.00,32.29.00,2025-03-21T19:32:48.0,86,24,2449.44.00,3,2025-08-07T18:58:44.520Z
1919,18598713719,WEIGHTED_LEG_EXTENSIONS,CRUNCH,1,10,97.5,25.03.00,2025-03-21T19:36:27.0,111,26,2535,3,2025-08-07T18:58:44.520Z
1920,18598713719,WEIGHTED_LEG_EXTENSIONS,CRUNCH,2,8,97.5,41.25.00,2025-03-21T19:41:50.0,111,26,2535,3,2025-08-07T18:58:44.520Z
1921,18598713719,WEIGHTED_LEG_EXTENSIONS,CRUNCH,3,8,97.5,57.59.00,2025-03-21T19:49:05.0,111,26,2535,3,2025-08-07T18:58:44.520Z
1922,18598713719,LEG_ABDUCTION,BANDED_EXERCISES,1,12,93,29.15.00,2025-03-21T19:56:48.0,83,39,3627,3,2025-08-07T18:58:44.520Z
1923,18598713719,LEG_ABDUCTION,BANDED_EXERCISES,2,12,93,27.53.00,2025-03-21T20:00:35.0,83,39,3627,3,2025-08-07T18:58:44.520Z
1924,18598713719,LEG_ABDUCTION,BANDED_EXERCISES,3,15,93,40.33.00,2025-03-21T20:04:22.0,83,39,3627,3,2025-08-07T18:58:44.520Z
1925,18598713719,LEG_ADDUCTION,BANDED_EXERCISES,1,15,93,40.36.00,2025-03-21T19:58:54.0,70,31,2883,2,2025-08-07T18:58:44.520Z
1926,18598713719,LEG_ADDUCTION,BANDED_EXERCISES,2,16,93,32.18.00,2025-03-21T20:09:10.0,70,31,2883,2,2025-08-07T18:58:44.520Z
1927,18598713719,TRICEPS_PRESSDOWN,TRICEPS_EXTENSION,1,11,57.09.00,51.26.00,2025-03-21T20:18:22.0,112,29,1644.0099999999998,3,2025-08-07T18:58:44.520Z
1928,18598713719,TRICEPS_PRESSDOWN,TRICEPS_EXTENSION,2,10,57.09.00,48.48.00,2025-03-21T20:21:10.0,112,29,1644.0099999999998,3,2025-08-07T18:58:44.520Z
1929,18598713719,TRICEPS_PRESSDOWN,TRICEPS_EXTENSION,3,8,57.09.00,37.58.00,2025-03-21T20:24:03.0,112,29,1644.0099999999998,3,2025-08-07T18:58:44.520Z
1930,18598713719,EZ_BAR_PREACHER_CURL,CURL,1,8,48.03.00,66.24.00,2025-03-21T20:28:32.0,162,22,1047.8600000000001,3,2025-08-07T18:58:44.520Z
1931,18598713719,EZ_BAR_PREACHER_CURL,CURL,2,7,48.03.00,54.16.00,2025-03-21T20:33:24.0,162,22,1047.8600000000001,3,2025-08-07T18:58:44.520Z
1932,18598713719,EZ_BAR_PREACHER_CURL,CURL,3,7,48.03.00,47.05.00,2025-03-21T20:42:17.0,162,22,1047.8600000000001,3,2025-08-07T18:58:44.520Z
1933,18598713719,ONE_ARM_CABLE_LATERAL_RAISE,LATERAL_RAISE,1,8,23.09,85.42.00,2025-03-21T20:50:07.0,276,26,567.44.00,3,2025-08-07T18:58:44.520Z
1934,18598713719,ONE_ARM_CABLE_LATERAL_RAISE,LATERAL_RAISE,2,8,23.09,97.24.00,2025-03-21T20:54:38.0,276,26,567.44.00,3,2025-08-07T18:58:44.520Z
1935,18598713719,ONE_ARM_CABLE_LATERAL_RAISE,LATERAL_RAISE,3,10,20.44,114.12.00,2025-03-21T20:59:01.0,276,26,567.44.00,3,2025-08-07T18:58:44.520Z
1936,18580446334,INCLINE_SMITH_MACHINE_BENCH_PRESS,BENCH_PRESS,1,8,70.31.00,64.35.00,2025-03-19T19:04:02.0,139,19,1336.29.00,3,2025-08-07T18:58:52.796Z
1937,18580446334,INCLINE_SMITH_MACHINE_BENCH_PRESS,BENCH_PRESS,2,6,70.31.00,51.49.00,2025-03-19T19:11:10.0,139,19,1336.29.00,3,2025-08-07T18:58:52.796Z
1938,18580446334,INCLINE_SMITH_MACHINE_BENCH_PRESS,BENCH_PRESS,3,5,70.31.00,46.22.00,2025-03-19T19:18:22.0,139,19,1336.29.00,3,2025-08-07T18:58:52.796Z
1939,18580446334,FLYE,FLYE,1,9,72.57.00,48.41.00,2025-03-19T19:25:26.0,108,25,1850.09.00,3,2025-08-07T18:58:52.796Z
1940,18580446334,FLYE,FLYE,2,8,75.21.00,37.35.00,2025-03-19T19:31:19.0,108,25,1850.09.00,3,2025-08-07T18:58:52.796Z
1941,18580446334,FLYE,FLYE,3,8,75.21.00,46.27.00,2025-03-19T19:37:47.0,108,25,1850.09.00,3,2025-08-07T18:58:52.796Z
1942,18580446334,ONE_ARM_CABLE_LATERAL_RAISE,LATERAL_RAISE,1,10,20.44,85.11.00,2025-03-19T19:53:20.0,220,26,531.44.00,3,2025-08-07T18:58:52.796Z
1943,18580446334,ONE_ARM_CABLE_LATERAL_RAISE,LATERAL_RAISE,2,8,20.44,74.27.00,2025-03-19T19:56:19.0,220,26,531.44.00,3,2025-08-07T18:58:52.796Z
1944,18580446334,ONE_ARM_CABLE_LATERAL_RAISE,LATERAL_RAISE,3,8,20.44,73.32.00,2025-03-19T20:02:19.0,220,26,531.44.00,3,2025-08-07T18:58:52.796Z
1945,18580446334,LAT_PULLDOWN,PULL_UP,1,10,61.25.00,49.16.00,2025-03-19T20:06:27.0,134,26,1628.5,3,2025-08-07T18:58:52.796Z
1946,18580446334,LAT_PULLDOWN,PULL_UP,2,8,63.5,41.13.00,2025-03-19T20:09:55.0,134,26,1628.5,3,2025-08-07T18:58:52.796Z
1947,18580446334,LAT_PULLDOWN,PULL_UP,3,8,63.5,54.17.00,2025-03-19T20:12:48.0,134,26,1628.5,3,2025-08-07T18:58:52.796Z
1948,18580446334,SEATED_CABLE_ROW,ROW,1,10,63.5,48.05.00,2025-03-19T20:17:18.0,139,30,1905,3,2025-08-07T18:58:52.796Z
1949,18580446334,SEATED_CABLE_ROW,ROW,2,10,63.5,62.25.00,2025-03-19T20:20:07.0,139,30,1905,3,2025-08-07T18:58:52.796Z
1950,18580446334,SEATED_CABLE_ROW,ROW,3,10,63.5,48.27.00,2025-03-19T20:23:40.0,139,30,1905,3,2025-08-07T18:58:52.796Z
1951,18580446334,SEATED_REAR_LATERAL_RAISE,LATERAL_RAISE,1,8,36.31.00,31.28.00,2025-03-19T20:29:20.0,98,24,871.44.00,3,2025-08-07T18:58:52.796Z
1952,18580446334,SEATED_REAR_LATERAL_RAISE,LATERAL_RAISE,2,8,36.31.00,34.52.00,2025-03-19T20:32:02.0,98,24,871.44.00,3,2025-08-07T18:58:52.796Z
1953,18580446334,SEATED_REAR_LATERAL_RAISE,LATERAL_RAISE,3,8,36.31.00,39.11.00,2025-03-19T20:35:20.0,98,24,871.44.00,3,2025-08-07T18:58:52.796Z
1954,18580446334,EZ_BAR_PREACHER_CURL,CURL,1,8,45.38.00,53.33.00,2025-03-19T20:39:18.0,171,21,953.38.00,3,2025-08-07T18:58:52.796Z
1955,18580446334,EZ_BAR_PREACHER_CURL,CURL,2,6,45.38.00,55.12.00,2025-03-19T20:42:54.0,171,21,953.38.00,3,2025-08-07T18:58:52.796Z
1956,18580446334,EZ_BAR_PREACHER_CURL,CURL,3,7,45.38.00,89.17.00,2025-03-19T20:47:33.0,171,21,953.38.00,3,2025-08-07T18:58:52.796Z
1957,18580446334,CABLE_HAMMER_CURL,CURL,1,14,38.56.00,45.48.00,2025-03-19T20:56:36.0,132,38,1465.2800000000002,3,2025-08-07T18:58:52.796Z
1958,18580446334,CABLE_HAMMER_CURL,CURL,2,12,38.56.00,48.21.00,2025-03-19T21:00:01.0,132,38,1465.2800000000002,3,2025-08-07T18:58:52.796Z
1959,18580446334,CABLE_HAMMER_CURL,CURL,3,12,38.56.00,48.25.00,2025-03-19T21:03:19.0,132,38,1465.2800000000002,3,2025-08-07T18:58:52.796Z
1960,18570753387,UNKNOWN,UNKNOWN,1,10,143.28.00,62.45.00,2025-03-18T18:58:49.0,914,199,24386.32.00,16,2025-08-07T18:59:01.513Z
1961,18560747789,INCLINE_SMITH_MACHINE_BENCH_PRESS,BENCH_PRESS,1,7,70.31.00,54.16.00,2025-03-17T19:09:07.0,204,19,1336.29.00,3,2025-08-07T18:59:06.512Z
1962,18570753387,UNKNOWN,UNKNOWN,2,10,161,48.08.00,2025-03-18T19:09:51.0,914,199,24386.32.00,16,2025-08-07T18:59:01.513Z
1963,18560747789,INCLINE_SMITH_MACHINE_BENCH_PRESS,BENCH_PRESS,2,7,70.31.00,43.53.00,2025-03-17T19:15:35.0,204,19,1336.29.00,3,2025-08-07T18:59:06.512Z
1964,18570753387,UNKNOWN,UNKNOWN,3,8,184.09.00,64.06.00,2025-03-18T19:18:30.0,914,199,24386.32.00,16,2025-08-07T18:59:01.513Z
1965,18560747789,INCLINE_SMITH_MACHINE_BENCH_PRESS,BENCH_PRESS,3,5,70.31.00,115.48.00,2025-03-17T19:19:48.0,204,19,1336.29.00,3,2025-08-07T18:59:06.512Z
1966,18570753387,UNKNOWN,UNKNOWN,4,12,97.5,37.02.00,2025-03-18T19:43:09.0,914,199,24386.32.00,16,2025-08-07T18:59:01.513Z
1967,18560747789,CHEST_FLY,SUSPENSION,1,10,11.56,46.31.00,2025-03-17T19:24:51.0,88,20,346.9,2,2025-08-07T18:59:06.512Z
1968,18570753387,UNKNOWN,UNKNOWN,5,12,97.5,33.15.00,2025-03-18T19:58:00.0,914,199,24386.32.00,16,2025-08-07T18:59:01.513Z
1969,18560747789,CHEST_FLY,SUSPENSION,2,10,23.13,52.54.00,2025-03-17T19:28:36.0,88,20,346.9,2,2025-08-07T18:59:06.512Z
1970,18570753387,UNKNOWN,UNKNOWN,6,15,97.5,47.42.00,2025-03-18T20:06:07.0,914,199,24386.32.00,16,2025-08-07T18:59:01.513Z
1971,18560747789,FLYE,FLYE,1,8,72.56.00,44.44.00,2025-03-17T19:31:50.0,64,16,1161.36.00,2,2025-08-07T18:59:06.512Z
1972,18570753387,UNKNOWN,UNKNOWN,7,15,93,26.23.00,2025-03-18T20:12:04.0,914,199,24386.32.00,16,2025-08-07T18:59:01.513Z
1973,18560747789,FLYE,FLYE,2,8,72.56.00,35.56.00,2025-03-17T19:40:34.0,64,16,1161.36.00,2,2025-08-07T18:59:06.512Z
1974,18570753387,UNKNOWN,UNKNOWN,8,15,93,51.53.00,2025-03-18T20:14:20.0,914,199,24386.32.00,16,2025-08-07T18:59:01.513Z
1975,18560747789,SHOULDER_PRESS,SHOULDER_PRESS,1,8,66.15.00,136.59.00,2025-03-17T19:36:09.0,228,28,1864.1,3,2025-08-07T18:59:06.512Z
1976,18570753387,UNKNOWN,UNKNOWN,9,12,93,36.49.00,2025-03-18T20:18:25.0,914,199,24386.32.00,16,2025-08-07T18:59:01.513Z
1977,18560747789,SHOULDER_PRESS,SHOULDER_PRESS,2,10,66.15.00,43.36.00,2025-03-17T19:44:50.0,228,28,1864.1,3,2025-08-07T18:59:06.512Z
1978,18570753387,UNKNOWN,UNKNOWN,10,12,93,302.02.00,2025-03-18T20:36:41.0,914,199,24386.32.00,16,2025-08-07T18:59:01.513Z
1979,18560747789,SHOULDER_PRESS,SHOULDER_PRESS,3,10,68.06.00,71.34.00,2025-03-17T19:51:49.0,228,28,1864.1,3,2025-08-07T18:59:06.512Z
1980,18570753387,UNKNOWN,UNKNOWN,11,8,111.13.00,108.13.00,2025-03-18T20:49:40.0,914,199,24386.32.00,16,2025-08-07T18:59:01.513Z
1981,18560747789,TRICEPS_PRESSDOWN,TRICEPS_EXTENSION,1,10,57.09.00,72.18.00,2025-03-17T20:02:02.0,129,30,1700.6999999999998,3,2025-08-07T18:59:06.512Z
1982,18570753387,UNKNOWN,UNKNOWN,12,6,111.13.00,43.43.00,2025-03-18T20:56:28.0,914,199,24386.32.00,16,2025-08-07T18:59:01.513Z
1983,18560747789,TRICEPS_PRESSDOWN,TRICEPS_EXTENSION,2,10,57.09.00,41.07.00,2025-03-17T20:07:40.0,129,30,1700.6999999999998,3,2025-08-07T18:59:06.512Z
1984,18570753387,UNKNOWN,UNKNOWN,13,12,102.06.00,63.48.00,2025-03-18T21:02:09.0,914,199,24386.32.00,16,2025-08-07T18:59:01.513Z
1985,18560747789,TRICEPS_PRESSDOWN,TRICEPS_EXTENSION,3,10,57.09.00,44.26.00,2025-03-17T20:14:20.0,129,30,1700.6999999999998,3,2025-08-07T18:59:06.512Z
1986,18570753387,UNKNOWN,UNKNOWN,14,32,145.13.00,36.05.00,2025-03-18T21:06:24.0,914,199,24386.32.00,16,2025-08-07T18:59:01.513Z
1987,18560747789,TRICEPS_EXTENSION,TRICEPS_EXTENSION,1,8,41.21.00,52.41.00,2025-03-17T20:20:19.0,205,24,979.44.00,3,2025-08-07T18:59:06.512Z
1988,18570753387,UNKNOWN,UNKNOWN,15,0,<null>,34.05.00,2025-03-18T21:08:42.0,914,199,24386.32.00,16,2025-08-07T18:59:01.513Z
1989,18560747789,TRICEPS_EXTENSION,TRICEPS_EXTENSION,2,8,41.21.00,52.27.00,2025-03-17T20:26:16.0,205,24,979.44.00,3,2025-08-07T18:59:06.512Z
1990,18570753387,UNKNOWN,UNKNOWN,16,20,181.44.00,44.02.00,2025-03-18T21:11:28.0,914,199,24386.32.00,16,2025-08-07T18:59:01.513Z
1991,18560747789,TRICEPS_EXTENSION,TRICEPS_EXTENSION,3,8,41.21.00,115.06.00,2025-03-17T20:30:38.0,205,24,979.44.00,3,2025-08-07T18:59:06.512Z
1992,18560747789,CABLE_BICEPS_CURL,CURL,1,10,45.38.00,86.16.00,2025-03-17T20:35:04.0,232,20,952.6,2,2025-08-07T18:59:06.512Z
1993,18560747789,CABLE_BICEPS_CURL,CURL,2,10,50.28.00,159.58.00,2025-03-17T20:39:03.0,232,20,952.6,2,2025-08-07T18:59:06.512Z
1994,18560747789,CABLE_HAMMER_CURL,CURL,1,8,45.38.00,37.18.00,2025-03-17T20:45:49.0,119,23,975.19.00,2,2025-08-07T18:59:06.512Z
1995,18560747789,CABLE_HAMMER_CURL,CURL,2,15,41.21.00,95.59.00,2025-03-17T20:50:41.0,119,23,975.19.00,2,2025-08-07T18:59:06.512Z
1996,18552787858,SEATED_REAR_LATERAL_RAISE,LATERAL_RAISE,1,8,36.31.00,45.42.00,2025-03-16T21:59:01.0,126,30,1011.48.00,3,2025-08-07T18:59:11.520Z
1997,18542192392,LAT_PULLDOWN,PULL_UP,1,12,79.38.00,43.09.00,2025-03-15T18:06:13.0,130,32,2540.16.00,3,2025-08-07T18:59:16.516Z
1998,18552787858,SEATED_REAR_LATERAL_RAISE,LATERAL_RAISE,2,12,32.15.00,56.22.00,2025-03-16T22:03:09.0,126,30,1011.48.00,3,2025-08-07T18:59:11.520Z
1999,18542192392,LAT_PULLDOWN,PULL_UP,2,10,79.38.00,47.02.00,2025-03-15T18:09:04.0,130,32,2540.16.00,3,2025-08-07T18:59:16.516Z
2000,18552787858,SEATED_REAR_LATERAL_RAISE,LATERAL_RAISE,3,10,34,37.07.00,2025-03-16T22:07:23.0,126,30,1011.48.00,3,2025-08-07T18:59:11.520Z
2001,18542192392,LAT_PULLDOWN,PULL_UP,3,10,79.38.00,46.18.00,2025-03-15T18:12:28.0,130,32,2540.16.00,3,2025-08-07T18:59:16.516Z
2002,18552787858,DUMBBELL_DEADLIFT,DEADLIFT,1,10,68.06.00,68.09.00,2025-03-16T22:29:12.0,170,34,2314.04.00,3,2025-08-07T18:59:11.520Z
2003,18542192392,ROW,ROW,1,8,68.06.00,39.19.00,2025-03-15T18:15:37.0,69,18,1225.08.00,2,2025-08-07T18:59:16.516Z
2004,18552787858,DUMBBELL_DEADLIFT,DEADLIFT,2,12,68.06.00,60.44.00,2025-03-16T22:35:42.0,170,34,2314.04.00,3,2025-08-07T18:59:11.520Z
2005,18542192392,ROW,ROW,2,10,68.06.00,45.02.00,2025-03-15T18:19:34.0,69,18,1225.08.00,2,2025-08-07T18:59:16.516Z
2006,18552787858,DUMBBELL_DEADLIFT,DEADLIFT,3,12,68.06.00,65.03.00,2025-03-16T22:44:14.0,170,34,2314.04.00,3,2025-08-07T18:59:11.520Z
2007,18542192392,SEATED_CABLE_ROW,ROW,1,10,63.5,38.34.00,2025-03-15T18:23:13.0,140,34,1995.56.00,3,2025-08-07T18:59:16.516Z
2008,18552787858,WEIGHTED_CRUNCH,CRUNCH,1,6,63.5,41.17.00,2025-03-16T22:57:20.0,152,24,1442.32.00,3,2025-08-07T18:59:11.520Z
2009,18542192392,SEATED_CABLE_ROW,ROW,2,12,57.09.00,70.42.00,2025-03-15T18:26:15.0,140,34,1995.56.00,3,2025-08-07T18:59:16.516Z
2010,18552787858,WEIGHTED_CRUNCH,CRUNCH,2,8,59.34.00,79.07.00,2025-03-16T23:04:38.0,152,24,1442.32.00,3,2025-08-07T18:59:11.520Z
2011,18542192392,SEATED_CABLE_ROW,ROW,3,12,57.09.00,42.32.00,2025-03-15T18:29:37.0,140,34,1995.56.00,3,2025-08-07T18:59:16.516Z
2012,18552787858,WEIGHTED_CRUNCH,CRUNCH,3,10,59.34.00,45.31.00,2025-03-16T23:18:51.0,152,24,1442.32.00,3,2025-08-07T18:59:11.520Z
2013,18542192392,ONE_ARM_CABLE_LATERAL_RAISE,LATERAL_RAISE,1,12,20.44,119.51.00,2025-03-15T18:34:32.0,265,30,613.2,3,2025-08-07T18:59:16.516Z
2014,18542192392,ONE_ARM_CABLE_LATERAL_RAISE,LATERAL_RAISE,2,8,20.44,82.09.00,2025-03-15T18:38:30.0,265,30,613.2,3,2025-08-07T18:59:16.516Z
2015,18542192392,ONE_ARM_CABLE_LATERAL_RAISE,LATERAL_RAISE,3,10,20.44,87.42.00,2025-03-15T18:42:18.0,265,30,613.2,3,2025-08-07T18:59:16.516Z
2016,18542192392,EZ_BAR_PREACHER_CURL,CURL,1,6,45.38.00,50.07.00,2025-03-15T18:46:47.0,108,18,802.9200000000001,3,2025-08-07T18:59:16.516Z
2017,18542192392,EZ_BAR_PREACHER_CURL,CURL,2,6,45.38.00,53.06.00,2025-03-15T18:51:32.0,108,18,802.9200000000001,3,2025-08-07T18:59:16.516Z
2018,18542192392,EZ_BAR_PREACHER_CURL,CURL,3,6,43.06.00,40.13.00,2025-03-15T18:56:52.0,108,18,802.9200000000001,3,2025-08-07T18:59:16.516Z
2019,18542192392,CABLE_HAMMER_CURL,CURL,1,8,41.21.00,64.15.00,2025-03-15T19:01:52.0,155,26,1061.06.00,3,2025-08-07T18:59:16.516Z
2020,18542192392,CABLE_HAMMER_CURL,CURL,2,8,41.21.00,75.28.00,2025-03-15T19:08:18.0,155,26,1061.06.00,3,2025-08-07T18:59:16.516Z
2021,18542192392,CABLE_HAMMER_CURL,CURL,3,10,41.21.00,38.01.00,2025-03-15T19:14:37.0,155,26,1061.06.00,3,2025-08-07T18:59:16.516Z
2022,18542192392,REVERSE_EZ_BAR_CURL,CURL,1,12,18.13,59.38.00,2025-03-15T19:18:09.0,137,42,761.46.00,3,2025-08-07T18:59:16.516Z
2023,18542192392,REVERSE_EZ_BAR_CURL,CURL,2,15,18.13,39.01.00,2025-03-15T19:22:29.0,137,42,761.46.00,3,2025-08-07T18:59:16.516Z
2024,18542192392,REVERSE_EZ_BAR_CURL,CURL,3,15,18.13,53.37.00,2025-03-15T19:25:54.0,137,42,761.46.00,3,2025-08-07T18:59:16.516Z
2025,18529779724,INCLINE_SMITH_MACHINE_BENCH_PRESS,BENCH_PRESS,1,8,70.31.00,108.17.00,2025-03-14T11:55:11.0,176,20,1406.2,3,2025-08-07T18:59:21.514Z
2026,18529779724,INCLINE_SMITH_MACHINE_BENCH_PRESS,BENCH_PRESS,2,6,70.31.00,44.09.00,2025-03-14T11:58:49.0,176,20,1406.2,3,2025-08-07T18:59:21.514Z
2027,18529779724,INCLINE_SMITH_MACHINE_BENCH_PRESS,BENCH_PRESS,3,6,70.31.00,38.07.00,2025-03-14T12:03:57.0,176,20,1406.2,3,2025-08-07T18:59:21.514Z
2028,18529779724,FLYE,FLYE,1,10,72.56.00,53.47.00,2025-03-14T12:07:40.0,130,28,2031.6799999999998,3,2025-08-07T18:59:21.514Z
2029,18529779724,FLYE,FLYE,2,8,72.56.00,43.27.00,2025-03-14T12:12:16.0,130,28,2031.6799999999998,3,2025-08-07T18:59:21.514Z
2030,18529779724,FLYE,FLYE,3,10,72.56.00,43.12.00,2025-03-14T12:18:34.0,130,28,2031.6799999999998,3,2025-08-07T18:59:21.514Z
2031,18529779724,SHOULDER_PRESS,SHOULDER_PRESS,1,8,59.34.00,81.15.00,2025-03-14T12:22:50.0,182,26,1551.32.00,3,2025-08-07T18:59:21.514Z
2032,18529779724,SHOULDER_PRESS,SHOULDER_PRESS,2,10,59.34.00,59.19.00,2025-03-14T12:30:28.0,182,26,1551.32.00,3,2025-08-07T18:59:21.514Z
2033,18529779724,SHOULDER_PRESS,SHOULDER_PRESS,3,8,61.25.00,48.53.00,2025-03-14T12:36:07.0,182,26,1551.32.00,3,2025-08-07T18:59:21.514Z
2034,18529779724,TRICEPS_PRESSDOWN,TRICEPS_EXTENSION,1,10,54.44.00,57.15.00,2025-03-14T12:40:41.0,128,26,1487.44.00,3,2025-08-07T18:59:21.514Z
2035,18529779724,TRICEPS_PRESSDOWN,TRICEPS_EXTENSION,2,8,59.34.00,36.59.00,2025-03-14T12:45:01.0,128,26,1487.44.00,3,2025-08-07T18:59:21.514Z
2036,18529779724,TRICEPS_PRESSDOWN,TRICEPS_EXTENSION,3,8,59.34.00,55.31.00,2025-03-14T12:50:10.0,128,26,1487.44.00,3,2025-08-07T18:59:21.514Z
2037,18529779724,TRICEPS_PRESS,TRICEPS_EXTENSION,1,6,82.03.00,76.23.00,2025-03-14T12:53:32.0,187,19,1550.9699999999998,3,2025-08-07T18:59:21.514Z
2038,18529779724,TRICEPS_PRESS,TRICEPS_EXTENSION,2,6,82.03.00,84.21.00,2025-03-14T12:57:37.0,187,19,1550.9699999999998,3,2025-08-07T18:59:21.514Z
2039,18529779724,TRICEPS_PRESS,TRICEPS_EXTENSION,3,7,82.03.00,41.18.00,2025-03-14T13:03:23.0,187,19,1550.9699999999998,3,2025-08-07T18:59:21.514Z
2040,18516317604,LEG_ADDUCTION,BANDED_EXERCISES,1,15,91.09.00,87.07.00,2025-03-12T19:59:53.0,110,30,2720.7,2,2025-08-07T18:59:32.514Z
2041,18524780268,LAT_PULLDOWN,PULL_UP,1,15,79.38.00,48.24.00,2025-03-13T19:03:43.0,272,39,3095.8199999999997,3,2025-08-07T18:59:27.685Z
2042,18516317604,LEG_ADDUCTION,BANDED_EXERCISES,2,15,91.09.00,44.02.00,2025-03-12T20:03:07.0,110,30,2720.7,2,2025-08-07T18:59:32.514Z
2043,18524780268,LAT_PULLDOWN,PULL_UP,2,12,79.38.00,182.06.00,2025-03-13T19:07:12.0,272,39,3095.8199999999997,3,2025-08-07T18:59:27.685Z
2044,18516317604,LEG_ABDUCTION,BANDED_EXERCISES,1,15,93,29.25.00,2025-03-12T20:06:21.0,54,30,2790,2,2025-08-07T18:59:32.514Z
2045,18524780268,LAT_PULLDOWN,PULL_UP,3,12,79.38.00,59.38.00,2025-03-13T19:13:19.0,272,39,3095.8199999999997,3,2025-08-07T18:59:27.685Z
2046,18516317604,LEG_ABDUCTION,BANDED_EXERCISES,2,15,93,36.07.00,2025-03-12T20:09:18.0,54,30,2790,2,2025-08-07T18:59:32.514Z
2047,18524780268,SEATED_REAR_LATERAL_RAISE,LATERAL_RAISE,1,8,36.31.00,43.14.00,2025-03-13T19:16:47.0,113,28,1016.6800000000001,3,2025-08-07T18:59:27.685Z
2048,18516317604,DUMBBELL_DEADLIFT,DEADLIFT,1,15,68.06.00,57.12.00,2025-03-12T20:13:53.0,156,42,2858.5200000000004,3,2025-08-07T18:59:32.514Z
2049,18524780268,SEATED_REAR_LATERAL_RAISE,LATERAL_RAISE,2,10,36.31.00,42.11.00,2025-03-13T19:21:21.0,113,28,1016.6800000000001,3,2025-08-07T18:59:27.685Z
2050,18516317604,DUMBBELL_DEADLIFT,DEADLIFT,2,12,68.06.00,59.57.00,2025-03-12T20:17:04.0,156,42,2858.5200000000004,3,2025-08-07T18:59:32.514Z
2051,18524780268,SEATED_REAR_LATERAL_RAISE,LATERAL_RAISE,3,10,36.31.00,39.36.00,2025-03-13T19:26:45.0,113,28,1016.6800000000001,3,2025-08-07T18:59:27.685Z
2052,18516317604,DUMBBELL_DEADLIFT,DEADLIFT,3,15,68.06.00,60.45.00,2025-03-12T20:20:50.0,156,42,2858.5200000000004,3,2025-08-07T18:59:32.514Z
2053,18524780268,ONE_ARM_CABLE_LATERAL_RAISE,LATERAL_RAISE,1,12,20.44,134.51.00,2025-03-13T19:29:12.0,531,36,735.8400000000001,3,2025-08-07T18:59:27.685Z
2054,18516317604,BARBELL_HACK_SQUAT,SQUAT,1,8,88.44.00,99.35.00,2025-03-12T20:26:02.0,233,22,1945.6799999999998,3,2025-08-07T18:59:32.514Z
2055,18524780268,ONE_ARM_CABLE_LATERAL_RAISE,LATERAL_RAISE,2,12,20.44,116.47.00,2025-03-13T19:35:52.0,531,36,735.8400000000001,3,2025-08-07T18:59:27.685Z
2056,18516317604,BARBELL_HACK_SQUAT,SQUAT,2,8,88.44.00,85.54.00,2025-03-12T20:31:21.0,233,22,1945.6799999999998,3,2025-08-07T18:59:32.514Z
2057,18524780268,ONE_ARM_CABLE_LATERAL_RAISE,LATERAL_RAISE,3,12,20.44,312.08.00,2025-03-13T19:45:58.0,531,36,735.8400000000001,3,2025-08-07T18:59:27.685Z
2058,18516317604,BARBELL_HACK_SQUAT,SQUAT,3,6,88.44.00,63.36.00,2025-03-12T20:40:24.0,233,22,1945.6799999999998,3,2025-08-07T18:59:32.514Z
2059,18524780268,ROW,ROW,1,10,68.06.00,31.13.00,2025-03-13T19:58:53.0,117,32,2178.32.00,3,2025-08-07T18:59:27.685Z
2060,18516317604,CALF_RAISE,CALF_RAISE,1,25,136.06.00,29.38.00,2025-03-12T20:43:41.0,69,51,7764.56.00,3,2025-08-07T18:59:32.514Z
2061,18524780268,ROW,ROW,2,10,68.06.00,36.15.00,2025-03-13T20:05:51.0,117,32,2178.32.00,3,2025-08-07T18:59:27.685Z
2062,18516317604,CALF_RAISE,CALF_RAISE,2,10,168.21.00,26.45.00,2025-03-12T20:48:00.0,69,51,7764.56.00,3,2025-08-07T18:59:32.514Z
2063,18524780268,ROW,ROW,3,12,68.06.00,57.05.00,2025-03-13T20:11:31.0,117,32,2178.32.00,3,2025-08-07T18:59:27.685Z
2064,18516317604,CALF_RAISE,CALF_RAISE,3,16,168.21.00,23.13,2025-03-12T20:52:24.0,69,51,7764.56.00,3,2025-08-07T18:59:32.514Z
2065,18516317604,WEIGHTED_LEG_CURL,LEG_CURL,1,6,91.09.00,78.44.00,2025-03-12T20:58:02.0,131,20,1909.1399999999999,3,2025-08-07T18:59:32.514Z
2066,18516317604,WEIGHTED_LEG_CURL,LEG_CURL,2,8,97.5,30.32.00,2025-03-12T21:03:22.0,131,20,1909.1399999999999,3,2025-08-07T18:59:32.514Z
2067,18516317604,WEIGHTED_LEG_CURL,LEG_CURL,3,6,97.5,36.09.00,2025-03-12T21:08:49.0,131,20,1909.1399999999999,3,2025-08-07T18:59:32.514Z
2068,18516317604,WEIGHTED_LEG_EXTENSIONS,CRUNCH,1,10,91.09.00,32.15.00,2025-03-12T21:16:37.0,138,34,3083.46.00,3,2025-08-07T18:59:32.514Z
2069,18516317604,WEIGHTED_LEG_EXTENSIONS,CRUNCH,2,12,91.09.00,69.12.00,2025-03-12T21:21:37.0,138,34,3083.46.00,3,2025-08-07T18:59:32.514Z
2070,18516317604,WEIGHTED_LEG_EXTENSIONS,CRUNCH,3,12,91.09.00,46.14.00,2025-03-12T21:26:58.0,138,34,3083.46.00,3,2025-08-07T18:59:32.514Z
2071,18516317604,CABLE_HAMMER_CURL,CURL,1,16,36.31.00,42.45.00,2025-03-12T21:29:46.0,105,36,1397.16.00,3,2025-08-07T18:59:32.514Z
2072,18516317604,CABLE_HAMMER_CURL,CURL,2,10,41.21.00,48.58.00,2025-03-12T21:32:58.0,105,36,1397.16.00,3,2025-08-07T18:59:32.514Z
2073,18516317604,CABLE_HAMMER_CURL,CURL,3,10,41.21.00,34.58.00,2025-03-12T21:35:43.0,105,36,1397.16.00,3,2025-08-07T18:59:32.514Z
2074,18506839092,ONE_ARM_CABLE_LATERAL_RAISE,LATERAL_RAISE,1,12,20.44,138.38.00,2025-03-11T18:58:51.0,348,36,735.8400000000001,3,2025-08-07T18:59:36.083Z
2075,18506839092,ONE_ARM_CABLE_LATERAL_RAISE,LATERAL_RAISE,2,12,20.44,120.46.00,2025-03-11T19:07:14.0,348,36,735.8400000000001,3,2025-08-07T18:59:36.083Z
2076,18506839092,ONE_ARM_CABLE_LATERAL_RAISE,LATERAL_RAISE,3,12,20.44,116.01.00,2025-03-11T19:15:11.0,348,36,735.8400000000001,3,2025-08-07T18:59:36.083Z
2077,18506839092,WEIGHTED_CRUNCH,CRUNCH,1,12,61.25.00,61.28.00,2025-03-11T19:22:09.0,123,32,1960,3,2025-08-07T18:59:36.083Z
2078,18506839092,WEIGHTED_CRUNCH,CRUNCH,2,10,61.25.00,51.32.00,2025-03-11T19:28:20.0,123,32,1960,3,2025-08-07T18:59:36.083Z
2079,18506839092,WEIGHTED_CRUNCH,CRUNCH,3,10,61.25.00,49.49.00,2025-03-11T19:37:18.0,123,32,1960,3,2025-08-07T18:59:36.083Z
2080,18506839092,ROW,ROW,1,10,68.04.00,43.57.00,2025-03-11T19:45:37.0,146,30,2041.6,3,2025-08-07T18:59:36.083Z
2081,18506839092,ROW,ROW,2,10,68.06.00,71.9,2025-03-11T19:49:07.0,146,30,2041.6,3,2025-08-07T18:59:36.083Z
2082,18506839092,ROW,ROW,3,10,68.06.00,38.54.00,2025-03-11T19:54:25.0,146,30,2041.6,3,2025-08-07T18:59:36.083Z
2083,18506839092,CABLE_OVERHEAD_TRICEPS_EXTENSION,TRICEPS_EXTENSION,1,10,45.38.00,52.32.00,2025-03-11T19:58:30.0,41,10,453.8,1,2025-08-07T18:59:36.083Z
2084,18506839092,TRICEPS_PRESS,TRICEPS_EXTENSION,1,10,84.34.00,53.46.00,2025-03-11T20:01:52.0,160,28,2350.32.00,3,2025-08-07T18:59:36.083Z
2085,18506839092,TRICEPS_PRESS,TRICEPS_EXTENSION,2,8,84.34.00,63.29.00,2025-03-11T20:06:35.0,160,28,2350.32.00,3,2025-08-07T18:59:36.083Z
2086,18506839092,TRICEPS_PRESS,TRICEPS_EXTENSION,3,10,84.34.00,59.17.00,2025-03-11T20:14:56.0,160,28,2350.32.00,3,2025-08-07T18:59:36.083Z
2087,18506839092,LAT_PULLDOWN,PULL_UP,1,10,79.38.00,55.34.00,2025-03-11T20:23:28.0,248,30,2290,3,2025-08-07T18:59:36.083Z
2088,18506839092,LAT_PULLDOWN,PULL_UP,2,10,75.21.00,52.11.00,2025-03-11T20:37:33.0,248,30,2290,3,2025-08-07T18:59:36.083Z
2089,18506839092,LAT_PULLDOWN,PULL_UP,3,10,75.21.00,157.03.00,2025-03-11T20:52:26.0,248,30,2290,3,2025-08-07T18:59:36.083Z
2090,18506839092,EZ_BAR_PREACHER_CURL,CURL,1,8,48.03.00,118.44.00,2025-03-11T21:04:17.0,262,22,1029.8600000000001,3,2025-08-07T18:59:36.083Z
2091,18506839092,EZ_BAR_PREACHER_CURL,CURL,2,6,48.03.00,108.11.00,2025-03-11T21:09:09.0,262,22,1029.8600000000001,3,2025-08-07T18:59:36.083Z
2092,18506839092,EZ_BAR_PREACHER_CURL,CURL,3,8,45.38.00,56.17.00,2025-03-11T21:15:40.0,262,22,1029.8600000000001,3,2025-08-07T18:59:36.083Z
2093,18506839092,CABLE_HAMMER_CURL,CURL,1,15,36.31.00,45.01.00,2025-03-11T21:20:57.0,128,39,1416.0900000000001,3,2025-08-07T18:59:36.083Z
2094,18506839092,CABLE_HAMMER_CURL,CURL,2,12,36.31.00,47.02.00,2025-03-11T21:24:08.0,128,39,1416.0900000000001,3,2025-08-07T18:59:36.083Z
2095,18506839092,CABLE_HAMMER_CURL,CURL,3,12,36.31.00,43.43.00,2025-03-11T21:27:28.0,128,39,1416.0900000000001,3,2025-08-07T18:59:36.083Z
2096,18496742736,INCLINE_SMITH_MACHINE_BENCH_PRESS,BENCH_PRESS,1,7,70.31.00,90.27.00,2025-03-10T19:07:35.0,250,19,1320.14.00,3,2025-08-07T18:59:38.660Z
2097,18496742736,INCLINE_SMITH_MACHINE_BENCH_PRESS,BENCH_PRESS,2,5,70.31.00,105.26.00,2025-03-10T19:11:31.0,250,19,1320.14.00,3,2025-08-07T18:59:38.660Z
2098,18496742736,INCLINE_SMITH_MACHINE_BENCH_PRESS,BENCH_PRESS,3,7,68.06.00,72.02.00,2025-03-10T19:18:21.0,250,19,1320.14.00,3,2025-08-07T18:59:38.660Z
2099,18496742736,FLYE,FLYE,1,7,77.13.00,52.34.00,2025-03-10T19:21:38.0,122,23,1737.27.00,3,2025-08-07T18:59:38.660Z
2100,18496742736,FLYE,FLYE,2,8,75.21.00,52.23.00,2025-03-10T19:25:20.0,122,23,1737.27.00,3,2025-08-07T18:59:38.660Z
2101,18496742736,FLYE,FLYE,3,8,75.21.00,45.03.00,2025-03-10T19:29:13.0,122,23,1737.27.00,3,2025-08-07T18:59:38.660Z
2102,18496742736,ONE_ARM_CABLE_LATERAL_RAISE,LATERAL_RAISE,1,10,20.44,112.36.00,2025-03-10T19:32:19.0,373,30,613.2,3,2025-08-07T18:59:38.660Z
2103,18496742736,ONE_ARM_CABLE_LATERAL_RAISE,LATERAL_RAISE,2,10,20.44,150.26.00,2025-03-10T19:37:09.0,373,30,613.2,3,2025-08-07T18:59:38.660Z
2104,18496742736,ONE_ARM_CABLE_LATERAL_RAISE,LATERAL_RAISE,3,10,20.44,126.47.00,2025-03-10T19:44:22.0,373,30,613.2,3,2025-08-07T18:59:38.660Z
2105,18496742736,SHOULDER_PRESS,SHOULDER_PRESS,1,8,61.25.00,66.14.00,2025-03-10T19:50:44.0,62,8,490,1,2025-08-07T18:59:38.660Z
2106,18496742736,WEIGHTED_LEG_EXTENSIONS,CRUNCH,1,12,91.09.00,36.58.00,2025-03-10T20:00:41.0,98,34,3206.2799999999997,3,2025-08-07T18:59:38.660Z
2107,18496742736,WEIGHTED_LEG_EXTENSIONS,CRUNCH,2,12,95.25.00,33.42.00,2025-03-10T20:06:34.0,98,34,3206.2799999999997,3,2025-08-07T18:59:38.660Z
2108,18496742736,WEIGHTED_LEG_EXTENSIONS,CRUNCH,3,10,97.5,35.39.00,2025-03-10T20:14:39.0,98,34,3206.2799999999997,3,2025-08-07T18:59:38.660Z
2109,18496742736,WEIGHTED_LEG_CURL,LEG_CURL,1,7,100.21.00,35.29.00,2025-03-10T20:19:00.0,90,23,2296.03.00,3,2025-08-07T18:59:38.660Z
2110,18496742736,WEIGHTED_LEG_CURL,LEG_CURL,2,8,100.21.00,26.09.00,2025-03-10T20:23:17.0,90,23,2296.03.00,3,2025-08-07T18:59:38.660Z
2111,18496742736,WEIGHTED_LEG_CURL,LEG_CURL,3,8,100.21.00,41.58.00,2025-03-10T20:30:43.0,90,23,2296.03.00,3,2025-08-07T18:59:38.660Z
2112,18496742736,CALF_RAISE,CALF_RAISE,1,25,136.06.00,30.33.00,2025-03-10T20:36:51.0,96,69,9388.14.00,3,2025-08-07T18:59:38.660Z
2113,18496742736,CALF_RAISE,CALF_RAISE,2,24,136.06.00,50.07.00,2025-03-10T20:42:49.0,96,69,9388.14.00,3,2025-08-07T18:59:38.660Z
2114,18496742736,CALF_RAISE,CALF_RAISE,3,20,136.06.00,40.19.00,2025-03-10T20:48:21.0,96,69,9388.14.00,3,2025-08-07T18:59:38.660Z
2115,18469164452,INCLINE_SMITH_MACHINE_BENCH_PRESS,BENCH_PRESS,1,6,70.31.00,82.31.00,2025-03-07T22:40:49.0,181,18,1252.08.00,3,2025-08-07T18:59:43.522Z
2116,18478757728,LAT_PULLDOWN,PULL_UP,1,12,79.38.00,54.25.00,2025-03-09T01:07:43.0,116,34,2699.32.00,3,2025-08-07T18:59:40.544Z
2117,18469164452,INCLINE_SMITH_MACHINE_BENCH_PRESS,BENCH_PRESS,2,6,70.31.00,61.21.00,2025-03-07T22:44:46.0,181,18,1252.08.00,3,2025-08-07T18:59:43.522Z
2118,18478757728,LAT_PULLDOWN,PULL_UP,2,10,79.38.00,32.33.00,2025-03-09T01:11:22.0,116,34,2699.32.00,3,2025-08-07T18:59:40.544Z
2119,18469164452,INCLINE_SMITH_MACHINE_BENCH_PRESS,BENCH_PRESS,3,6,68.06.00,75.58.00,2025-03-07T22:48:30.0,181,18,1252.08.00,3,2025-08-07T18:59:43.522Z
2120,18478757728,LAT_PULLDOWN,PULL_UP,3,12,79.38.00,58.46.00,2025-03-09T01:15:24.0,116,34,2699.32.00,3,2025-08-07T18:59:40.544Z
2121,18469164452,CHEST_PRESS_WITH_BAND,PUSH_UP,1,6,72.56.00,52.35.00,2025-03-07T22:54:22.0,111,12,871.12.00,2,2025-08-07T18:59:43.522Z
2122,18478757728,CLOSE_GRIP_LAT_PULLDOWN,PULL_UP,1,10,59.34.00,55.41.00,2025-03-09T01:19:06.0,157,30,1768.1999999999998,3,2025-08-07T18:59:40.544Z
2123,18469164452,CHEST_PRESS_WITH_BAND,PUSH_UP,2,6,72.56.00,66.38.00,2025-03-07T22:57:38.0,111,12,871.12.00,2,2025-08-07T18:59:43.522Z
2124,18478757728,CLOSE_GRIP_LAT_PULLDOWN,PULL_UP,2,10,59.34.00,73.29.00,2025-03-09T01:23:24.0,157,30,1768.1999999999998,3,2025-08-07T18:59:40.544Z
2125,18469164452,INCLINE_DUMBBELL_BENCH_PRESS,BENCH_PRESS,1,10,41.21.00,56.16.00,2025-03-07T23:02:34.0,174,28,1143.08.00,3,2025-08-07T18:59:43.522Z
2126,18478757728,CLOSE_GRIP_LAT_PULLDOWN,PULL_UP,3,10,59.34.00,38.25.00,2025-03-09T01:28:31.0,157,30,1768.1999999999998,3,2025-08-07T18:59:40.544Z
2127,18469164452,INCLINE_DUMBBELL_BENCH_PRESS,BENCH_PRESS,2,10,41.21.00,72.11.00,2025-03-07T23:06:37.0,174,28,1143.08.00,3,2025-08-07T18:59:43.522Z
2128,18478757728,EZ_BAR_PREACHER_CURL,CURL,1,6,48.03.00,44.35.00,2025-03-09T01:34:39.0,106,12,558.0600000000001,2,2025-08-07T18:59:40.544Z
2129,18469164452,INCLINE_DUMBBELL_BENCH_PRESS,BENCH_PRESS,3,8,41.21.00,75.39.00,2025-03-07T23:10:33.0,174,28,1143.08.00,3,2025-08-07T18:59:43.522Z
2130,18478757728,EZ_BAR_PREACHER_CURL,CURL,2,6,45.38.00,69.38.00,2025-03-09T01:38:51.0,106,12,558.0600000000001,2,2025-08-07T18:59:40.544Z
2131,18469164452,FLYE,FLYE,1,10,72.56.00,62.07.00,2025-03-07T23:16:49.0,154,30,2176.8,3,2025-08-07T18:59:43.522Z
2132,18478757728,ROW,ROW,1,15,72.56.00,56.33.00,2025-03-09T01:42:49.0,118,33,2431.04.00,3,2025-08-07T18:59:40.544Z
2133,18469164452,FLYE,FLYE,2,10,72.56.00,67.09.00,2025-03-07T23:22:11.0,154,30,2176.8,3,2025-08-07T18:59:43.522Z
2134,18478757728,ROW,ROW,2,8,77.13.00,40.22.00,2025-03-09T01:45:31.0,118,33,2431.04.00,3,2025-08-07T18:59:40.544Z
2135,18469164452,FLYE,FLYE,3,10,72.56.00,49.15.00,2025-03-07T23:27:54.0,154,30,2176.8,3,2025-08-07T18:59:43.522Z
2136,18478757728,ROW,ROW,3,10,72.56.00,57.48.00,2025-03-09T01:47:51.0,118,33,2431.04.00,3,2025-08-07T18:59:40.544Z
2137,18469164452,SHOULDER_PRESS,SHOULDER_PRESS,1,4,66.15.00,100.09.00,2025-03-07T23:37:48.0,182,17,1088.5,3,2025-08-07T18:59:43.522Z
2138,18478757728,CABLE_HAMMER_CURL,CURL,1,12,36.31.00,39.17.00,2025-03-09T01:49:56.0,39,12,436.12.00,1,2025-08-07T18:59:40.544Z
2139,18469164452,SHOULDER_PRESS,SHOULDER_PRESS,2,6,63.5,50.58.00,2025-03-07T23:42:30.0,182,17,1088.5,3,2025-08-07T18:59:43.522Z
2140,18478757728,CROSS_BODY_DUMBBELL_HAMMER_CURL,CURL,1,8,32.15.00,42.38.00,2025-03-09T01:53:59.0,74,18,525.9000000000001,2,2025-08-07T18:59:40.544Z
2141,18469164452,SHOULDER_PRESS,SHOULDER_PRESS,3,7,63.5,51.14.00,2025-03-07T23:48:57.0,182,17,1088.5,3,2025-08-07T18:59:43.522Z
2142,18478757728,CROSS_BODY_DUMBBELL_HAMMER_CURL,CURL,2,10,27.19.00,40.54.00,2025-03-09T01:56:25.0,74,18,525.9000000000001,2,2025-08-07T18:59:40.544Z
2143,18469164452,TRICEPS_PRESS,TRICEPS_EXTENSION,1,5,84.34.00,46.47.00,2025-03-07T23:54:48.0,134,18,1480.8899999999999,3,2025-08-07T18:59:43.522Z
2144,18469164452,TRICEPS_PRESS,TRICEPS_EXTENSION,2,6,82.03.00,46.08.00,2025-03-08T00:00:58.0,134,18,1480.8899999999999,3,2025-08-07T18:59:43.522Z
2145,18469164452,TRICEPS_PRESS,TRICEPS_EXTENSION,3,7,82.03.00,50.57.00,2025-03-08T00:06:25.0,134,18,1480.8899999999999,3,2025-08-07T18:59:43.522Z
2146,18469164452,ONE_ARM_CABLE_LATERAL_RAISE,LATERAL_RAISE,1,12,18.13,126.58.00,2025-03-08T00:09:28.0,343,36,652.6800000000001,3,2025-08-07T18:59:43.522Z
2147,18469164452,ONE_ARM_CABLE_LATERAL_RAISE,LATERAL_RAISE,2,12,18.13,113.52.00,2025-03-08T00:15:17.0,343,36,652.6800000000001,3,2025-08-07T18:59:43.522Z
2148,18469164452,ONE_ARM_CABLE_LATERAL_RAISE,LATERAL_RAISE,3,12,18.13,129.18.00,2025-03-08T00:23:36.0,343,36,652.6800000000001,3,2025-08-07T18:59:43.522Z
2149,18469164452,EZ_BAR_PREACHER_CURL,CURL,1,8,45.38.00,57.04.00,2025-03-08T00:30:14.0,132,24,1089.1200000000001,3,2025-08-07T18:59:43.522Z
2150,18469164452,EZ_BAR_PREACHER_CURL,CURL,2,8,45.38.00,57.44.00,2025-03-08T00:38:46.0,132,24,1089.1200000000001,3,2025-08-07T18:59:43.522Z
2151,18469164452,EZ_BAR_PREACHER_CURL,CURL,3,8,45.38.00,50.01.00,2025-03-08T00:52:03.0,132,24,1089.1200000000001,3,2025-08-07T18:59:43.522Z
2152,18469164452,REVERSE_EZ_BAR_CURL,CURL,1,10,18.13,56.47.00,2025-03-08T01:02:07.0,169,60,862.8,3,2025-08-07T18:59:43.522Z
2153,18469164452,REVERSE_EZ_BAR_CURL,CURL,2,20,14.03,53.42.00,2025-03-08T01:13:39.0,169,60,862.8,3,2025-08-07T18:59:43.522Z
2154,18469164452,REVERSE_EZ_BAR_CURL,CURL,3,30,14.03,68.59.00,2025-03-08T01:19:20.0,169,60,862.8,3,2025-08-07T18:59:43.522Z
2155,18450331300,BARBELL_HACK_SQUAT,SQUAT,1,8,97.5,56.28.00,2025-03-05T21:07:43.0,149,20,1923,3,2025-08-07T18:59:47.693Z
2156,18450331300,BARBELL_HACK_SQUAT,SQUAT,2,6,97.5,60.06.00,2025-03-05T21:11:55.0,149,20,1923,3,2025-08-07T18:59:47.693Z
2157,18450331300,BARBELL_HACK_SQUAT,SQUAT,3,6,93,61.58.00,2025-03-05T21:18:17.0,149,20,1923,3,2025-08-07T18:59:47.693Z
2158,18450331300,WEIGHTED_LEG_EXTENSIONS,CRUNCH,1,10,97.5,27.27.00,2025-03-05T21:25:01.0,85,34,3207,3,2025-08-07T18:59:47.693Z
2159,18450331300,WEIGHTED_LEG_EXTENSIONS,CRUNCH,2,12,93,35.47.00,2025-03-05T21:29:01.0,85,34,3207,3,2025-08-07T18:59:47.693Z
2160,18450331300,WEIGHTED_LEG_EXTENSIONS,CRUNCH,3,12,93,27.01.00,2025-03-05T21:41:23.0,85,34,3207,3,2025-08-07T18:59:47.693Z
2161,18450331300,WEIGHTED_LEG_CURL,LEG_CURL,1,10,97.5,46.44.00,2025-03-05T21:47:41.0,107,28,2812.08.00,3,2025-08-07T18:59:47.693Z
2162,18450331300,WEIGHTED_LEG_CURL,LEG_CURL,2,10,102.06.00,47.04.00,2025-03-05T21:52:56.0,107,28,2812.08.00,3,2025-08-07T18:59:47.693Z
2163,18450331300,WEIGHTED_LEG_CURL,LEG_CURL,3,8,102.06.00,44.55.00,2025-03-05T22:00:03.0,107,28,2812.08.00,3,2025-08-07T18:59:47.693Z
2164,18450331300,WEIGHTED_CRUNCH,CRUNCH,1,12,61.25.00,39.03.00,2025-03-05T22:07:32.0,97,28,1787,3,2025-08-07T18:59:47.693Z
2165,18450331300,WEIGHTED_CRUNCH,CRUNCH,2,8,66.15.00,31.36.00,2025-03-05T22:11:24.0,97,28,1787,3,2025-08-07T18:59:47.693Z
2166,18450331300,WEIGHTED_CRUNCH,CRUNCH,3,8,66.15.00,41.14.00,2025-03-05T22:17:02.0,97,28,1787,3,2025-08-07T18:59:47.693Z
2167,18450331300,DUMBBELL_DEADLIFT,DEADLIFT,1,12,68.06.00,58.39.00,2025-03-05T22:23:36.0,152,36,2450.16.00,3,2025-08-07T18:59:47.693Z
2168,18450331300,DUMBBELL_DEADLIFT,DEADLIFT,2,12,68.06.00,52.47.00,2025-03-05T22:29:36.0,152,36,2450.16.00,3,2025-08-07T18:59:47.693Z
2169,18450331300,DUMBBELL_DEADLIFT,DEADLIFT,3,12,68.06.00,69.31.00,2025-03-05T22:34:51.0,152,36,2450.16.00,3,2025-08-07T18:59:47.693Z
2170,18440453333,EZ_BAR_PREACHER_CURL,CURL,1,7,48.03.00,69.16.00,2025-03-04T20:10:20.0,146,20,952.6000000000001,3,2025-08-07T18:59:49.580Z
2171,18430968188,INCLINE_SMITH_MACHINE_BENCH_PRESS,BENCH_PRESS,1,6,70.31.00,63.07.00,2025-03-03T20:12:57.0,146,19,1290.47.00,3,2025-08-07T18:59:51.402Z
2172,18440453333,EZ_BAR_PREACHER_CURL,CURL,2,6,48.03.00,41.56.00,2025-03-04T20:16:02.0,146,20,952.6000000000001,3,2025-08-07T18:59:49.580Z
2173,18430968188,INCLINE_SMITH_MACHINE_BENCH_PRESS,BENCH_PRESS,2,6,68.06.00,44.43.00,2025-03-03T20:16:54.0,146,19,1290.47.00,3,2025-08-07T18:59:51.402Z
2174,18440453333,EZ_BAR_PREACHER_CURL,CURL,3,7,48.03.00,58.58.00,2025-03-04T20:23:39.0,146,20,952.6000000000001,3,2025-08-07T18:59:49.580Z
2175,18430968188,INCLINE_SMITH_MACHINE_BENCH_PRESS,BENCH_PRESS,3,7,66.15.00,47.52.00,2025-03-03T20:22:45.0,146,19,1290.47.00,3,2025-08-07T18:59:51.402Z
2176,18440453333,LAT_PULLDOWN,PULL_UP,1,10,84.34.00,41.37.00,2025-03-04T20:27:56.0,133,28,2240.54.00,3,2025-08-07T18:59:49.580Z
2177,18430968188,FLYE,FLYE,1,12,68.06.00,52.37.00,2025-03-03T20:28:06.0,130,36,2558.16.00,3,2025-08-07T18:59:51.402Z
2178,18440453333,LAT_PULLDOWN,PULL_UP,2,8,82.03.00,46.21.00,2025-03-04T20:31:23.0,133,28,2240.54.00,3,2025-08-07T18:59:49.580Z
2179,18430968188,FLYE,FLYE,2,12,72.56.00,47.43.00,2025-03-03T20:32:14.0,130,36,2558.16.00,3,2025-08-07T18:59:51.402Z
2180,18440453333,LAT_PULLDOWN,PULL_UP,3,10,75.21.00,59.34.00,2025-03-04T20:41:04.0,133,28,2240.54.00,3,2025-08-07T18:59:49.580Z
2181,18430968188,FLYE,FLYE,3,12,72.56.00,40.01.00,2025-03-03T20:39:06.0,130,36,2558.16.00,3,2025-08-07T18:59:51.402Z
2182,18440453333,ROW,ROW,1,12,63.5,53.27.00,2025-03-04T21:00:00.0,104,36,2286,3,2025-08-07T18:59:49.580Z
2183,18430968188,TRICEPS_PRESS,TRICEPS_EXTENSION,1,6,84.34.00,44.37.00,2025-03-03T20:42:37.0,110,23,1891.35.00,3,2025-08-07T18:59:51.402Z
2184,18440453333,ROW,ROW,2,12,63.5,44.16.00,2025-03-04T21:06:31.0,104,36,2286,3,2025-08-07T18:59:49.580Z
2185,18430968188,TRICEPS_PRESS,TRICEPS_EXTENSION,2,9,82.03.00,55.59.00,2025-03-03T20:49:00.0,110,23,1891.35.00,3,2025-08-07T18:59:51.402Z
2186,18440453333,ROW,ROW,3,12,63.5,30.06.00,2025-03-04T21:09:17.0,104,36,2286,3,2025-08-07T18:59:49.580Z
2187,18430968188,TRICEPS_PRESS,TRICEPS_EXTENSION,3,8,82.03.00,47.06.00,2025-03-03T20:53:18.0,110,23,1891.35.00,3,2025-08-07T18:59:51.402Z
2188,18440453333,CABLE_HAMMER_CURL,CURL,1,12,36.31.00,163.26.00,2025-03-04T21:11:01.0,212,34,1234.54.00,3,2025-08-07T18:59:49.580Z
2189,18440453333,CABLE_HAMMER_CURL,CURL,2,12,36.31.00,35.39.00,2025-03-04T21:13:45.0,212,34,1234.54.00,3,2025-08-07T18:59:49.580Z
2190,18440453333,CABLE_HAMMER_CURL,CURL,3,10,36.31.00,39.48.00,2025-03-04T21:15:45.0,212,34,1234.54.00,3,2025-08-07T18:59:49.580Z
2191,18423026229,WEIGHTED_LEG_CURL,LEG_CURL,1,12,82.03.00,41.56.00,2025-03-02T21:03:34.0,151,32,2748.36.00,3,2025-08-07T18:59:53.319Z
2192,18413689221,INCLINE_SMITH_MACHINE_BENCH_PRESS,BENCH_PRESS,1,7,68.06.00,63.48.00,2025-03-01T22:30:38.0,134,21,1411.18.00,3,2025-08-07T18:59:55.237Z
2193,18423026229,WEIGHTED_LEG_CURL,LEG_CURL,2,10,86.19.00,97.56.00,2025-03-02T21:06:53.0,151,32,2748.36.00,3,2025-08-07T18:59:53.319Z
2194,18413689221,INCLINE_SMITH_MACHINE_BENCH_PRESS,BENCH_PRESS,2,6,68.06.00,45.15.00,2025-03-01T22:34:58.0,134,21,1411.18.00,3,2025-08-07T18:59:55.237Z
2195,18423026229,WEIGHTED_LEG_CURL,LEG_CURL,3,10,91.09.00,30.37.00,2025-03-02T21:11:39.0,151,32,2748.36.00,3,2025-08-07T18:59:53.319Z
2196,18413689221,INCLINE_SMITH_MACHINE_BENCH_PRESS,BENCH_PRESS,3,8,66.15.00,48.05.00,2025-03-01T22:39:40.0,134,21,1411.18.00,3,2025-08-07T18:59:55.237Z
2197,18423026229,WEIGHTED_LEG_EXTENSIONS,CRUNCH,1,12,91.09.00,37.55.00,2025-03-02T21:17:38.0,96,36,3265.24.00,3,2025-08-07T18:59:53.319Z
2198,18413689221,CHEST_PRESS_WITH_BAND,PUSH_UP,1,8,77.13.00,62.32.00,2025-03-01T22:51:01.0,112,14,1080.22.00,2,2025-08-07T18:59:55.237Z
2199,18423026229,WEIGHTED_LEG_EXTENSIONS,CRUNCH,2,12,91.09.00,48.05.00,2025-03-02T21:21:50.0,96,36,3265.24.00,3,2025-08-07T18:59:53.319Z
2200,18413689221,CHEST_PRESS_WITH_BAND,PUSH_UP,2,6,77.13.00,58.33.00,2025-03-01T22:56:30.0,112,14,1080.22.00,2,2025-08-07T18:59:55.237Z
2201,18423026229,WEIGHTED_LEG_EXTENSIONS,CRUNCH,3,12,91.09.00,29.49.00,2025-03-02T21:26:54.0,96,36,3265.24.00,3,2025-08-07T18:59:53.319Z
2202,18413689221,SHOULDER_PRESS,SHOULDER_PRESS,1,6,63.5,85.07.00,2025-03-01T23:18:09.0,158,24,1483.5,3,2025-08-07T18:59:55.237Z
2203,18423026229,LEG_ABDUCTION,BANDED_EXERCISES,1,12,93,63.41.00,2025-03-02T21:34:18.0,148,27,2511,2,2025-08-07T18:59:53.319Z
2204,18413689221,SHOULDER_PRESS,SHOULDER_PRESS,2,8,61.25.00,45.58.00,2025-03-01T23:24:01.0,158,24,1483.5,3,2025-08-07T18:59:55.237Z
2205,18423026229,LEG_ABDUCTION,BANDED_EXERCISES,2,15,93,100.11.00,2025-03-02T21:37:15.0,148,27,2511,2,2025-08-07T18:59:53.319Z
2206,18413689221,SHOULDER_PRESS,SHOULDER_PRESS,3,10,61.25.00,54.35.00,2025-03-01T23:29:07.0,158,24,1483.5,3,2025-08-07T18:59:55.237Z
2207,18423026229,LEG_ADDUCTION,BANDED_EXERCISES,1,15,93,37.05.00,2025-03-02T21:43:13.0,39,27,2511,2,2025-08-07T18:59:53.319Z
2208,18413689221,CABLE_OVERHEAD_TRICEPS_EXTENSION,TRICEPS_EXTENSION,1,10,32.15.00,56.42.00,2025-03-01T23:33:22.0,146,30,952.5,3,2025-08-07T18:59:55.237Z
2209,18423026229,LEG_ADDUCTION,BANDED_EXERCISES,2,12,93,20.59,2025-03-02T21:46:10.0,39,27,2511,2,2025-08-07T18:59:53.319Z
2210,18413689221,CABLE_OVERHEAD_TRICEPS_EXTENSION,TRICEPS_EXTENSION,2,10,32.15.00,56.07.00,2025-03-01T23:38:29.0,146,30,952.5,3,2025-08-07T18:59:55.237Z
2211,18423026229,CALF_RAISE,CALF_RAISE,1,26,127,38.25.00,2025-03-02T21:48:21.0,119,78,10612.939999999999,3,2025-08-07T18:59:53.319Z
2212,18413689221,CABLE_OVERHEAD_TRICEPS_EXTENSION,TRICEPS_EXTENSION,3,10,32.15.00,49.04.00,2025-03-01T23:42:51.0,146,30,952.5,3,2025-08-07T18:59:55.237Z
2213,18423026229,CALF_RAISE,CALF_RAISE,2,26,136.06.00,58.01.00,2025-03-02T21:52:23.0,119,78,10612.939999999999,3,2025-08-07T18:59:53.319Z
2214,18413689221,TRICEPS_PRESSDOWN,TRICEPS_EXTENSION,1,12,50.28.00,41.29.00,2025-03-01T23:48:49.0,117,30,1578.48.00,3,2025-08-07T18:59:55.237Z
2215,18423026229,CALF_RAISE,CALF_RAISE,3,26,145.13.00,44.34.00,2025-03-02T21:58:44.0,119,78,10612.939999999999,3,2025-08-07T18:59:53.319Z
2216,18413689221,TRICEPS_PRESSDOWN,TRICEPS_EXTENSION,2,10,54.44.00,50.32.00,2025-03-01T23:55:18.0,117,30,1578.48.00,3,2025-08-07T18:59:55.237Z
2217,18423026229,LAT_PULLDOWN,PULL_UP,1,12,82.03.00,45.19.00,2025-03-02T22:02:44.0,150,32,2612.16.00,3,2025-08-07T18:59:53.319Z
2218,18413689221,TRICEPS_PRESSDOWN,TRICEPS_EXTENSION,3,8,54.44.00,53.18.00,2025-03-01T23:58:37.0,117,30,1578.48.00,3,2025-08-07T18:59:55.237Z
2219,18423026229,LAT_PULLDOWN,PULL_UP,2,10,82.03.00,37.48.00,2025-03-02T22:08:45.0,150,32,2612.16.00,3,2025-08-07T18:59:53.319Z
2220,18413689221,ONE_ARM_CABLE_LATERAL_RAISE,LATERAL_RAISE,1,8,20.44,118.43.00,2025-03-02T00:03:20.0,268,24,490.56000000000006,3,2025-08-07T18:59:55.237Z
2221,18423026229,LAT_PULLDOWN,PULL_UP,3,10,82.03.00,74.04.00,2025-03-02T22:17:20.0,150,32,2612.16.00,3,2025-08-07T18:59:53.319Z
2222,18413689221,ONE_ARM_CABLE_LATERAL_RAISE,LATERAL_RAISE,2,8,20.44,107.36.00,2025-03-02T00:09:56.0,268,24,490.56000000000006,3,2025-08-07T18:59:55.237Z
2223,18423026229,EZ_BAR_PREACHER_CURL,CURL,1,8,48.03.00,54.26.00,2025-03-02T22:24:07.0,121,22,1016.3600000000001,3,2025-08-07T18:59:53.319Z
2224,18413689221,ONE_ARM_CABLE_LATERAL_RAISE,LATERAL_RAISE,3,8,20.44,66.06.00,2025-03-02T00:15:31.0,268,24,490.56000000000006,3,2025-08-07T18:59:55.237Z
2225,18423026229,EZ_BAR_PREACHER_CURL,CURL,2,8,45.38.00,42.28.00,2025-03-02T22:34:25.0,121,22,1016.3600000000001,3,2025-08-07T18:59:53.319Z
2226,18413689221,KNEELING_REAR_FLYE,FLYE,1,8,32.15.00,79.23.00,2025-03-02T00:17:16.0,157,30,952.5,3,2025-08-07T18:59:55.237Z
2227,18423026229,EZ_BAR_PREACHER_CURL,CURL,3,6,45.38.00,37.02.00,2025-03-02T22:54:04.0,121,22,1016.3600000000001,3,2025-08-07T18:59:53.319Z
2228,18413689221,KNEELING_REAR_FLYE,FLYE,2,10,32.15.00,42.15.00,2025-03-02T00:22:49.0,157,30,952.5,3,2025-08-07T18:59:55.237Z
2229,18423026229,CABLE_HAMMER_CURL,CURL,1,10,36.31.00,94.16.00,2025-03-02T23:00:14.0,192,37,1343.4700000000003,3,2025-08-07T18:59:53.319Z
2230,18413689221,KNEELING_REAR_FLYE,FLYE,3,12,32.15.00,58.57.00,2025-03-02T00:25:36.0,157,30,952.5,3,2025-08-07T18:59:55.237Z
2231,18423026229,CABLE_HAMMER_CURL,CURL,2,12,36.31.00,42.03.00,2025-03-02T23:03:48.0,192,37,1343.4700000000003,3,2025-08-07T18:59:53.319Z
2232,18413689221,ROMANIAN_DEADLIFT,DEADLIFT,1,12,59.34.00,51.35.00,2025-03-02T00:34:53.0,163,42,2475.4799999999996,3,2025-08-07T18:59:55.237Z
2233,18423026229,CABLE_HAMMER_CURL,CURL,3,15,36.31.00,86.54.00,2025-03-02T23:08:11.0,192,37,1343.4700000000003,3,2025-08-07T18:59:53.319Z
2234,18413689221,ROMANIAN_DEADLIFT,DEADLIFT,2,15,59.34.00,58.22.00,2025-03-02T00:42:01.0,163,42,2475.4799999999996,3,2025-08-07T18:59:55.237Z
2235,18423026229,ROW,ROW,1,12,63.5,35.59.00,2025-03-02T23:18:00.0,657,36,2286,3,2025-08-07T18:59:53.319Z
2236,18413689221,ROMANIAN_DEADLIFT,DEADLIFT,3,15,59.34.00,65.56.00,2025-03-02T00:46:32.0,163,42,2475.4799999999996,3,2025-08-07T18:59:55.237Z
2237,18423026229,ROW,ROW,2,12,63.5,599.43.00,2025-03-02T23:22:23.0,657,36,2286,3,2025-08-07T18:59:53.319Z
2238,18413689221,REVERSE_EZ_BAR_CURL,CURL,1,16,18.13,55.15.00,2025-03-02T00:51:06.0,131,48,870.24.00,3,2025-08-07T18:59:55.237Z
2239,18423026229,ROW,ROW,3,12,63.5,34.32.00,2025-03-02T23:40:59.0,657,36,2286,3,2025-08-07T18:59:53.319Z
2240,18413689221,REVERSE_EZ_BAR_CURL,CURL,2,12,18.13,42.11.00,2025-03-02T00:54:26.0,131,48,870.24.00,3,2025-08-07T18:59:55.237Z
2241,18413689221,REVERSE_EZ_BAR_CURL,CURL,3,20,18.13,62.21.00,2025-03-02T00:59:32.0,131,48,870.24.00,3,2025-08-07T18:59:55.237Z
2242,18413689221,WEIGHTED_CRUNCH,CRUNCH,1,12,57.09.00,44.5,2025-03-02T01:03:22.0,88,22,1247.1799999999998,2,2025-08-07T18:59:55.237Z
2243,18413689221,WEIGHTED_CRUNCH,CRUNCH,2,10,57.09.00,45.39.00,2025-03-02T01:09:09.0,88,22,1247.1799999999998,2,2025-08-07T18:59:55.237Z
2244,18395400745,LAT_PULLDOWN,PULL_UP,1,10,82.03.00,49.06.00,2025-02-27T19:33:16.0,117,30,2448.8999999999996,3,2025-08-07T19:00:00.706Z
2245,18395400745,LAT_PULLDOWN,PULL_UP,2,10,82.03.00,47.29.00,2025-02-27T19:41:49.0,117,30,2448.8999999999996,3,2025-08-07T19:00:00.706Z
2246,18395400745,LAT_PULLDOWN,PULL_UP,3,10,82.03.00,41.45.00,2025-02-27T19:47:47.0,117,30,2448.8999999999996,3,2025-08-07T19:00:00.706Z
2247,18395400745,EZ_BAR_PREACHER_CURL,CURL,1,11,45.38.00,59.02.00,2025-02-27T19:56:09.0,140,25,1148,3,2025-08-07T19:00:00.706Z
2248,18395400745,EZ_BAR_PREACHER_CURL,CURL,2,6,48.03.00,53.49.00,2025-02-27T20:02:22.0,140,25,1148,3,2025-08-07T19:00:00.706Z
2249,18395400745,EZ_BAR_PREACHER_CURL,CURL,3,8,45.38.00,50.39.00,2025-02-27T20:13:26.0,140,25,1148,3,2025-08-07T19:00:00.706Z
2250,18395400745,CLOSE_GRIP_LAT_PULLDOWN,PULL_UP,1,10,63.5,55.24.00,2025-02-27T20:22:00.0,145,32,1982.5,3,2025-08-07T19:00:00.706Z
2251,18395400745,CLOSE_GRIP_LAT_PULLDOWN,PULL_UP,2,10,61.25.00,60.04.00,2025-02-27T20:28:45.0,145,32,1982.5,3,2025-08-07T19:00:00.706Z
2252,18395400745,CLOSE_GRIP_LAT_PULLDOWN,PULL_UP,3,12,61.25.00,68.49.00,2025-02-27T20:38:04.0,145,32,1982.5,3,2025-08-07T19:00:00.706Z
2253,18395400745,ROW,ROW,1,12,61.25.00,43.08.00,2025-02-27T20:42:59.0,125,36,2259,3,2025-08-07T19:00:00.706Z
2254,18395400745,ROW,ROW,2,12,63.5,54.11.00,2025-02-27T20:49:16.0,125,36,2259,3,2025-08-07T19:00:00.706Z
2255,18395400745,ROW,ROW,3,12,63.5,45.14.00,2025-02-27T20:54:42.0,125,36,2259,3,2025-08-07T19:00:00.706Z
2256,18395400745,CABLE_HAMMER_CURL,CURL,1,15,34,50.37.00,2025-02-27T21:14:03.0,166,45,1599.3000000000002,3,2025-08-07T19:00:00.706Z
2257,18395400745,CABLE_HAMMER_CURL,CURL,2,15,36.31.00,62.42.00,2025-02-27T21:17:23.0,166,45,1599.3000000000002,3,2025-08-07T19:00:00.706Z
2258,18395400745,CABLE_HAMMER_CURL,CURL,3,15,36.31.00,71.13.00,2025-02-27T21:24:44.0,166,45,1599.3000000000002,3,2025-08-07T19:00:00.706Z
2259,18395400745,CABLE_OVERHEAD_TRICEPS_EXTENSION,TRICEPS_EXTENSION,1,10,36.31.00,61.15.00,2025-02-27T21:36:46.0,141,30,1089.3000000000002,3,2025-08-07T19:00:00.706Z
2260,18395400745,CABLE_OVERHEAD_TRICEPS_EXTENSION,TRICEPS_EXTENSION,2,10,36.31.00,41.57.00,2025-02-27T21:41:48.0,141,30,1089.3000000000002,3,2025-08-07T19:00:00.706Z
2261,18395400745,CABLE_OVERHEAD_TRICEPS_EXTENSION,TRICEPS_EXTENSION,3,10,36.31.00,56.09.00,2025-02-27T21:52:46.0,141,30,1089.3000000000002,3,2025-08-07T19:00:00.706Z
2262,18395400745,TRICEPS_PRESSDOWN,TRICEPS_EXTENSION,1,12,82.03.00,57.21.00,2025-02-27T21:58:28.0,440,32,2612.16.00,3,2025-08-07T19:00:00.706Z
2263,18395400745,TRICEPS_PRESSDOWN,TRICEPS_EXTENSION,2,10,82.03.00,356.06.00,2025-02-27T22:05:06.0,440,32,2612.16.00,3,2025-08-07T19:00:00.706Z
2264,18395400745,TRICEPS_PRESSDOWN,TRICEPS_EXTENSION,3,10,82.03.00,49.12.00,2025-02-27T22:13:42.0,440,32,2612.16.00,3,2025-08-07T19:00:00.706Z
2265,18373070091,WEIGHTED_LEG_CURL,LEG_CURL,1,10,88.44.00,48.29.00,2025-02-25T13:08:21.0,113,27,2440.39.00,3,2025-08-07T19:00:12.528Z
2266,18376913796,INCLINE_SMITH_MACHINE_BENCH_PRESS,BENCH_PRESS,1,8,63.5,56.11.00,2025-02-25T20:14:01.0,118,21,1333.5,3,2025-08-07T19:00:09.523Z
2267,18373070091,WEIGHTED_LEG_CURL,LEG_CURL,2,11,91.09.00,41.49.00,2025-02-25T13:11:42.0,113,27,2440.39.00,3,2025-08-07T19:00:12.528Z
2268,18376913796,INCLINE_SMITH_MACHINE_BENCH_PRESS,BENCH_PRESS,2,7,63.5,41.14.00,2025-02-25T20:17:59.0,118,21,1333.5,3,2025-08-07T19:00:09.523Z
2269,18373070091,WEIGHTED_LEG_CURL,LEG_CURL,3,6,93,51.05.00,2025-02-25T13:15:42.0,113,27,2440.39.00,3,2025-08-07T19:00:12.528Z
2270,18376913796,INCLINE_SMITH_MACHINE_BENCH_PRESS,BENCH_PRESS,3,6,63.5,50.34.00,2025-02-25T20:24:50.0,118,21,1333.5,3,2025-08-07T19:00:09.523Z
2271,18373070091,WEIGHTED_LEG_EXTENSIONS,CRUNCH,1,15,82.03.00,41.08.00,2025-02-25T13:21:16.0,95,39,3482.7299999999996,3,2025-08-07T19:00:12.528Z
2272,18376913796,BODY_WEIGHT_DIP,TRICEPS_EXTENSION,1,10,<null>,40.03.00,2025-02-25T20:30:57.0,111,30,0,3,2025-08-07T19:00:09.523Z
2273,18373070091,WEIGHTED_LEG_EXTENSIONS,CRUNCH,2,12,91.09.00,30.47.00,2025-02-25T13:25:56.0,95,39,3482.7299999999996,3,2025-08-07T19:00:12.528Z
2274,18376913796,BODY_WEIGHT_DIP,TRICEPS_EXTENSION,2,10,<null>,43.36.00,2025-02-25T20:34:05.0,111,30,0,3,2025-08-07T19:00:09.523Z
2275,18373070091,WEIGHTED_LEG_EXTENSIONS,CRUNCH,3,12,97.5,27.39.00,2025-02-25T13:29:03.0,95,39,3482.7299999999996,3,2025-08-07T19:00:12.528Z
2276,18376913796,BODY_WEIGHT_DIP,TRICEPS_EXTENSION,3,10,<null>,45.56.00,2025-02-25T20:40:16.0,111,30,0,3,2025-08-07T19:00:09.523Z
2277,18373070091,LEG_ABDUCTION,BANDED_EXERCISES,1,20,91.09.00,31.27.00,2025-02-25T13:32:45.0,67,42,3809.38.00,3,2025-08-07T19:00:12.528Z
2278,18376913796,CABLE_OVERHEAD_TRICEPS_EXTENSION,TRICEPS_EXTENSION,1,8,34,76.09.00,2025-02-25T20:47:50.0,201,28,862,3,2025-08-07T19:00:09.523Z
2279,18373070091,LEG_ABDUCTION,BANDED_EXERCISES,2,12,91.09.00,37.11.00,2025-02-25T13:38:13.0,67,42,3809.38.00,3,2025-08-07T19:00:12.528Z
2280,18376913796,CABLE_OVERHEAD_TRICEPS_EXTENSION,TRICEPS_EXTENSION,2,10,29.5,92.45.00,2025-02-25T20:52:32.0,201,28,862,3,2025-08-07T19:00:09.523Z
2281,18373070091,LEG_ABDUCTION,BANDED_EXERCISES,3,10,91.09.00,15.28,2025-02-25T13:40:33.0,67,42,3809.38.00,3,2025-08-07T19:00:12.528Z
2282,18376913796,CABLE_OVERHEAD_TRICEPS_EXTENSION,TRICEPS_EXTENSION,3,10,29.5,71.04.00,2025-02-25T20:58:19.0,201,28,862,3,2025-08-07T19:00:09.523Z
2283,18373070091,LEG_ADDUCTION,BANDED_EXERCISES,1,15,91.09.00,58.12.00,2025-02-25T13:42:56.0,85,30,2720.7,2,2025-08-07T19:00:12.528Z
2284,18376913796,TRICEPS_PRESSDOWN,TRICEPS_EXTENSION,1,10,50.28.00,37.46.00,2025-02-25T21:01:10.0,98,30,1496.4,3,2025-08-07T19:00:09.523Z
2285,18373070091,LEG_ADDUCTION,BANDED_EXERCISES,2,15,91.09.00,43.04.00,2025-02-25T13:47:15.0,85,30,2720.7,2,2025-08-07T19:00:12.528Z
2286,18376913796,TRICEPS_PRESSDOWN,TRICEPS_EXTENSION,2,10,50.28.00,52.11.00,2025-02-25T21:04:28.0,98,30,1496.4,3,2025-08-07T19:00:09.523Z
2287,18373070091,ROMANIAN_DEADLIFT,DEADLIFT,1,15,59.34.00,59.12.00,2025-02-25T13:57:08.0,160,46,2711.24.00,3,2025-08-07T19:00:12.528Z
2288,18376913796,TRICEPS_PRESSDOWN,TRICEPS_EXTENSION,3,10,50.28.00,41.18.00,2025-02-25T21:09:54.0,98,30,1496.4,3,2025-08-07T19:00:09.523Z
2289,18373070091,ROMANIAN_DEADLIFT,DEADLIFT,2,16,59.34.00,51.54.00,2025-02-25T14:02:37.0,160,46,2711.24.00,3,2025-08-07T19:00:12.528Z
2290,18376913796,SMITH_MACHINE_BENCH_PRESS,BENCH_PRESS,1,6,68.06.00,46.28.00,2025-02-25T21:18:26.0,83,11,737.11.00,2,2025-08-07T19:00:09.523Z
2291,18373070091,ROMANIAN_DEADLIFT,DEADLIFT,3,15,59.34.00,52.47.00,2025-02-25T14:06:09.0,160,46,2711.24.00,3,2025-08-07T19:00:12.528Z
2292,18376913796,SMITH_MACHINE_BENCH_PRESS,BENCH_PRESS,2,5,66.15.00,46.07.00,2025-02-25T21:23:38.0,83,11,737.11.00,2,2025-08-07T19:00:09.523Z
2293,18373070091,CALF_RAISE,CALF_RAISE,1,20,113.38.00,42.41.00,2025-02-25T14:08:59.0,114,63,7143.34.00,3,2025-08-07T19:00:12.528Z
2294,18373070091,CALF_RAISE,CALF_RAISE,2,18,113.38.00,46.44.00,2025-02-25T14:12:14.0,114,63,7143.34.00,3,2025-08-07T19:00:12.528Z
2295,18373070091,CALF_RAISE,CALF_RAISE,3,25,113.38.00,50.54.00,2025-02-25T14:15:45.0,114,63,7143.34.00,3,2025-08-07T19:00:12.528Z
2296,18373070091,WEIGHTED_CRUNCH,CRUNCH,1,10,59.34.00,41.05.00,2025-02-25T14:21:21.0,37,10,589.4,1,2025-08-07T19:00:12.528Z
2297,18367640834,EZ_BAR_PREACHER_CURL,CURL,1,8,45.38.00,57.29.00,2025-02-24T19:54:42.0,146,22,998.3600000000001,3,2025-08-07T19:00:17.525Z
2298,18367640834,EZ_BAR_PREACHER_CURL,CURL,2,6,45.38.00,43.31.00,2025-02-24T19:58:58.0,146,22,998.3600000000001,3,2025-08-07T19:00:17.525Z
2299,18367640834,EZ_BAR_PREACHER_CURL,CURL,3,8,45.38.00,56.11.00,2025-02-24T20:04:52.0,146,22,998.3600000000001,3,2025-08-07T19:00:17.525Z
2300,18367640834,LAT_PULLDOWN,PULL_UP,1,10,82.03.00,43.32.00,2025-02-24T20:13:30.0,135,32,2563.06.00,3,2025-08-07T19:00:17.525Z
2301,18367640834,LAT_PULLDOWN,PULL_UP,2,10,79.38.00,60.02.00,2025-02-24T20:17:46.0,135,32,2563.06.00,3,2025-08-07T19:00:17.525Z
2302,18367640834,LAT_PULLDOWN,PULL_UP,3,12,79.38.00,56.18.00,2025-02-24T20:22:29.0,135,32,2563.06.00,3,2025-08-07T19:00:17.525Z
2303,18367640834,ONE_ARM_CABLE_LATERAL_RAISE,LATERAL_RAISE,1,12,18.13,67.21.00,2025-02-24T20:39:09.0,268,36,680.4000000000001,3,2025-08-07T19:00:17.525Z
2304,18367640834,ONE_ARM_CABLE_LATERAL_RAISE,LATERAL_RAISE,2,12,18.13,96.11.00,2025-02-24T21:10:48.0,268,36,680.4000000000001,3,2025-08-07T19:00:17.525Z
2305,18367640834,ONE_ARM_CABLE_LATERAL_RAISE,LATERAL_RAISE,3,12,20.44,113.39.00,2025-02-24T21:17:51.0,268,36,680.4000000000001,3,2025-08-07T19:00:17.525Z
2306,18367640834,CABLE_HAMMER_CURL,CURL,1,15,34,55.48.00,2025-02-24T20:43:07.0,143,45,1530,3,2025-08-07T19:00:17.525Z
2307,18367640834,CABLE_HAMMER_CURL,CURL,2,15,34,56.31.00,2025-02-24T20:46:31.0,143,45,1530,3,2025-08-07T19:00:17.525Z
2308,18367640834,CABLE_HAMMER_CURL,CURL,3,15,34,42.27.00,2025-02-24T20:51:03.0,143,45,1530,3,2025-08-07T19:00:17.525Z
2309,18367640834,CLOSE_GRIP_LAT_PULLDOWN,PULL_UP,1,8,63.5,48.13.00,2025-02-24T20:57:30.0,155,24,1506.24.00,3,2025-08-07T19:00:17.525Z
2310,18367640834,CLOSE_GRIP_LAT_PULLDOWN,PULL_UP,2,8,63.5,61.34.00,2025-02-24T21:01:30.0,155,24,1506.24.00,3,2025-08-07T19:00:17.525Z
2311,18367640834,CLOSE_GRIP_LAT_PULLDOWN,PULL_UP,3,8,61.23.00,73.45.00,2025-02-24T21:06:57.0,155,24,1506.24.00,3,2025-08-07T19:00:17.525Z
2312,18367640834,ROW,ROW,1,12,57.09.00,67.39.00,2025-02-24T21:26:47.0,208,34,1769.2399999999998,3,2025-08-07T19:00:17.525Z
2313,18367640834,ROW,ROW,2,10,54.44.00,92.22.00,2025-02-24T21:31:00.0,208,34,1769.2399999999998,3,2025-08-07T19:00:17.525Z
2314,18367640834,ROW,ROW,3,12,45.38.00,60.08.00,2025-02-24T21:38:09.0,208,34,1769.2399999999998,3,2025-08-07T19:00:17.525Z
2315,18367640834,SEATED_LATERAL_RAISE,LATERAL_RAISE,1,10,18.13,82.26.00,2025-02-24T21:46:52.0,120,20,362.59999999999997,2,2025-08-07T19:00:17.525Z
2316,18367640834,SEATED_LATERAL_RAISE,LATERAL_RAISE,2,10,18.13,60.46.00,2025-02-24T21:52:19.0,120,20,362.59999999999997,2,2025-08-07T19:00:17.525Z
2317,18359941187,INCLINE_SMITH_MACHINE_BENCH_PRESS,BENCH_PRESS,1,8,66.15.00,43.05.00,2025-02-23T23:49:09.0,120,23,1512.25.00,3,2025-08-07T19:00:26.525Z
2318,18350455406,LAT_PULLDOWN,PULL_UP,1,10,82.03.00,68.03.00,2025-02-23T00:19:03.0,152,28,2286.04.00,3,2025-08-07T19:00:31.521Z
2319,18359941187,INCLINE_SMITH_MACHINE_BENCH_PRESS,BENCH_PRESS,2,8,66.15.00,51.12.00,2025-02-23T23:52:42.0,120,23,1512.25.00,3,2025-08-07T19:00:26.525Z
2320,18350455406,LAT_PULLDOWN,PULL_UP,2,10,82.03.00,51.44.00,2025-02-23T00:24:02.0,152,28,2286.04.00,3,2025-08-07T19:00:31.521Z
2321,18359941187,INCLINE_SMITH_MACHINE_BENCH_PRESS,BENCH_PRESS,3,7,66.15.00,41.5,2025-02-23T23:57:36.0,120,23,1512.25.00,3,2025-08-07T19:00:26.525Z
2322,18350455406,LAT_PULLDOWN,PULL_UP,3,8,82.03.00,61.23.00,2025-02-23T00:27:32.0,152,28,2286.04.00,3,2025-08-07T19:00:31.521Z
2323,18359941187,CHEST_PRESS_WITH_BAND,PUSH_UP,1,6,79.38.00,56.25.00,2025-02-24T00:05:43.0,144,18,1429.24.00,3,2025-08-07T19:00:26.525Z
2324,18350455406,WIDE_GRIP_SEATED_CABLE_ROW,ROW,1,8,82.03.00,39.59.00,2025-02-23T00:31:21.0,73,20,1632.6,2,2025-08-07T19:00:31.521Z
2325,18359941187,CHEST_PRESS_WITH_BAND,PUSH_UP,2,6,79.38.00,53.05.00,2025-02-24T00:12:04.0,144,18,1429.24.00,3,2025-08-07T19:00:26.525Z
2326,18350455406,WIDE_GRIP_SEATED_CABLE_ROW,ROW,2,12,82.03.00,56.26.00,2025-02-23T00:35:00.0,73,20,1632.6,2,2025-08-07T19:00:31.521Z
2327,18359941187,CHEST_PRESS_WITH_BAND,PUSH_UP,3,6,79.38.00,52.05.00,2025-02-24T00:18:55.0,144,18,1429.24.00,3,2025-08-07T19:00:26.525Z
2328,18350455406,SEATED_CABLE_ROW,ROW,1,8,77.13.00,49.29.00,2025-02-23T00:39:03.0,75,18,1297.6399999999999,2,2025-08-07T19:00:31.521Z
2329,18359941187,SHOULDER_PRESS,SHOULDER_PRESS,1,8,68.06.00,48.12.00,2025-02-24T00:27:08.0,118,20,1388.2,3,2025-08-07T19:00:26.525Z
2330,18350455406,SEATED_CABLE_ROW,ROW,2,10,68.06.00,42.27.00,2025-02-23T00:42:27.0,75,18,1297.6399999999999,2,2025-08-07T19:00:31.521Z
2331,18359941187,SHOULDER_PRESS,SHOULDER_PRESS,2,6,70.31.00,47.09.00,2025-02-24T00:31:34.0,118,20,1388.2,3,2025-08-07T19:00:26.525Z
2332,18350455406,EZ_BAR_PREACHER_CURL,CURL,1,8,45.38.00,48.02.00,2025-02-23T00:46:16.0,146,22,998.3600000000001,3,2025-08-07T19:00:31.521Z
2333,18359941187,SHOULDER_PRESS,SHOULDER_PRESS,3,6,70.31.00,43.49.00,2025-02-24T00:37:22.0,118,20,1388.2,3,2025-08-07T19:00:26.525Z
2334,18350455406,EZ_BAR_PREACHER_CURL,CURL,2,7,45.38.00,46.14.00,2025-02-23T00:51:51.0,146,22,998.3600000000001,3,2025-08-07T19:00:31.521Z
2335,18359941187,TRICEPS_PRESS,TRICEPS_EXTENSION,1,6,82.03.00,38.26.00,2025-02-24T00:47:30.0,120,20,1601.1,3,2025-08-07T19:00:26.525Z
2336,18350455406,EZ_BAR_PREACHER_CURL,CURL,3,7,45.38.00,63.26.00,2025-02-23T00:58:05.0,146,22,998.3600000000001,3,2025-08-07T19:00:31.521Z
2337,18359941187,TRICEPS_PRESS,TRICEPS_EXTENSION,2,7,79.38.00,49.48.00,2025-02-24T00:53:11.0,120,20,1601.1,3,2025-08-07T19:00:26.525Z
2338,18350455406,CABLE_HAMMER_CURL,CURL,1,12,29.5,66.57.00,2025-02-23T01:03:09.0,144,43,1268.5,3,2025-08-07T19:00:31.521Z
2339,18359941187,TRICEPS_PRESS,TRICEPS_EXTENSION,3,7,79.38.00,46.18.00,2025-02-24T00:59:37.0,120,20,1601.1,3,2025-08-07T19:00:26.525Z
2340,18350455406,CABLE_HAMMER_CURL,CURL,2,15,29.5,51.15.00,2025-02-23T01:06:57.0,144,43,1268.5,3,2025-08-07T19:00:31.521Z
2341,18359941187,WEIGHTED_LEG_CURL,LEG_CURL,1,18,79.38.00,100.03.00,2025-02-24T01:09:18.0,94,18,1429.24.00,1,2025-08-07T19:00:26.525Z
2342,18350455406,CABLE_HAMMER_CURL,CURL,3,16,29.5,44.37.00,2025-02-23T01:14:33.0,144,43,1268.5,3,2025-08-07T19:00:31.521Z
2343,18359941187,BARBELL_HACK_SQUAT,SQUAT,1,6,97.5,82.06.00,2025-02-24T01:25:56.0,118,12,1129.1399999999999,2,2025-08-07T19:00:26.525Z
2344,18350455406,SEATED_LATERAL_RAISE,LATERAL_RAISE,1,15,18.13,49.46.00,2025-02-23T01:22:59.0,150,39,707.0699999999999,3,2025-08-07T19:00:31.521Z
2345,18359941187,BARBELL_HACK_SQUAT,SQUAT,2,6,91.09.00,46.57.00,2025-02-24T01:30:06.0,118,12,1129.1399999999999,2,2025-08-07T19:00:26.525Z
2346,18350455406,SEATED_LATERAL_RAISE,LATERAL_RAISE,2,12,18.13,52.17.00,2025-02-23T01:29:47.0,150,39,707.0699999999999,3,2025-08-07T19:00:31.521Z
2347,18350455406,SEATED_LATERAL_RAISE,LATERAL_RAISE,3,12,18.13,71.35.00,2025-02-23T01:34:56.0,150,39,707.0699999999999,3,2025-08-07T19:00:31.521Z
2348,18350455406,BARBELL_UPRIGHT_ROW,SHRUG,1,15,27.19.00,43.02.00,2025-02-23T01:43:40.0,91,35,951.6500000000001,2,2025-08-07T19:00:31.521Z
2349,18350455406,BARBELL_UPRIGHT_ROW,SHRUG,2,20,27.19.00,57.03.00,2025-02-23T01:50:51.0,91,35,951.6500000000001,2,2025-08-07T19:00:31.521Z
2350,18331854834,EZ_BAR_PREACHER_CURL,CURL,1,8,45.38.00,68.12.00,2025-02-20T19:35:17.0,139,22,961.8000000000001,3,2025-08-07T19:00:42.526Z
2351,18340666272,INCLINE_SMITH_MACHINE_BENCH_PRESS,BENCH_PRESS,1,7,61.25.00,49.16.00,2025-02-21T20:16:31.0,118,21,1286.25.00,3,2025-08-07T19:00:37.512Z
2352,18331854834,EZ_BAR_PREACHER_CURL,CURL,2,6,45.38.00,51.52.00,2025-02-20T19:39:05.0,139,22,961.8000000000001,3,2025-08-07T19:00:42.526Z
2353,18340666272,INCLINE_SMITH_MACHINE_BENCH_PRESS,BENCH_PRESS,2,7,61.25.00,55.19.00,2025-02-21T20:22:44.0,118,21,1286.25.00,3,2025-08-07T19:00:37.512Z
2354,18331854834,EZ_BAR_PREACHER_CURL,CURL,3,8,41.21.00,53.25.00,2025-02-20T19:42:08.0,139,22,961.8000000000001,3,2025-08-07T19:00:42.526Z
2355,18340666272,INCLINE_SMITH_MACHINE_BENCH_PRESS,BENCH_PRESS,3,7,61.25.00,46.38.00,2025-02-21T20:28:30.0,118,21,1286.25.00,3,2025-08-07T19:00:37.512Z
2356,18331854834,PREACHER_CURL_WITH_CABLE,CURL,1,12,27.19.00,49.03.00,2025-02-20T19:47:32.0,297,36,1033.56.00,3,2025-08-07T19:00:42.526Z
2357,18340666272,CHEST_PRESS_WITH_BAND,PUSH_UP,1,6,77.13.00,63.36.00,2025-02-21T20:38:23.0,159,18,1360.5,3,2025-08-07T19:00:37.512Z
2358,18331854834,PREACHER_CURL_WITH_CABLE,CURL,2,12,32.15.00,80.54.00,2025-02-20T19:52:19.0,297,36,1033.56.00,3,2025-08-07T19:00:42.526Z
2359,18340666272,CHEST_PRESS_WITH_BAND,PUSH_UP,2,6,75.21.00,75.34.00,2025-02-21T20:46:05.0,159,18,1360.5,3,2025-08-07T19:00:37.512Z
2360,18331854834,PREACHER_CURL_WITH_CABLE,CURL,3,12,27.19.00,169.39.00,2025-02-20T19:56:57.0,297,36,1033.56.00,3,2025-08-07T19:00:42.526Z
2361,18340666272,CHEST_PRESS_WITH_BAND,PUSH_UP,3,6,75.21.00,53.21.00,2025-02-21T20:52:14.0,159,18,1360.5,3,2025-08-07T19:00:37.512Z
2362,18331854834,SEATED_LATERAL_RAISE,LATERAL_RAISE,1,10,23.09,86.02.00,2025-02-20T20:02:41.0,162,30,589.5,3,2025-08-07T19:00:42.526Z
2363,18340666272,SHOULDER_PRESS,SHOULDER_PRESS,1,6,70.31.00,41.28.00,2025-02-21T20:59:06.0,125,21,1476.51.00,3,2025-08-07T19:00:37.512Z
2364,18331854834,SEATED_LATERAL_RAISE,LATERAL_RAISE,2,10,18.13,31.03.00,2025-02-20T20:07:30.0,162,30,589.5,3,2025-08-07T19:00:42.526Z
2365,18340666272,SHOULDER_PRESS,SHOULDER_PRESS,2,7,70.31.00,51.23.00,2025-02-21T21:03:52.0,125,21,1476.51.00,3,2025-08-07T19:00:37.512Z
2366,18331854834,SEATED_LATERAL_RAISE,LATERAL_RAISE,3,10,18.13,66.53.00,2025-02-20T20:10:50.0,162,30,589.5,3,2025-08-07T19:00:42.526Z
2367,18340666272,SHOULDER_PRESS,SHOULDER_PRESS,3,8,70.31.00,43.49.00,2025-02-21T21:12:43.0,125,21,1476.51.00,3,2025-08-07T19:00:37.512Z
2368,18331854834,INCLINE_DUMBBELL_BENCH_PRESS,BENCH_PRESS,1,12,41.21.00,79.15.00,2025-02-20T20:15:12.0,193,33,1442.7,3,2025-08-07T19:00:42.526Z
2369,18340666272,TRICEPS_PRESS,TRICEPS_EXTENSION,1,8,82.03.00,50.23.00,2025-02-21T21:19:35.0,525,25,2002.5,3,2025-08-07T19:00:37.512Z
2370,18331854834,INCLINE_DUMBBELL_BENCH_PRESS,BENCH_PRESS,2,11,45.38.00,67.34.00,2025-02-20T20:19:50.0,193,33,1442.7,3,2025-08-07T19:00:42.526Z
2371,18340666272,TRICEPS_PRESS,TRICEPS_EXTENSION,2,8,79.38.00,452.57.00,2025-02-21T21:20:59.0,525,25,2002.5,3,2025-08-07T19:00:37.512Z
2372,18331854834,INCLINE_DUMBBELL_BENCH_PRESS,BENCH_PRESS,3,10,45.38.00,74.23.00,2025-02-20T20:25:27.0,193,33,1442.7,3,2025-08-07T19:00:42.526Z
2373,18340666272,TRICEPS_PRESS,TRICEPS_EXTENSION,3,9,79.38.00,45.47.00,2025-02-21T21:41:16.0,525,25,2002.5,3,2025-08-07T19:00:37.512Z
2374,18331854834,LAT_PULLDOWN,PULL_UP,1,12,79.38.00,47.43.00,2025-02-20T20:35:18.0,77,20,1605.6,2,2025-08-07T19:00:42.526Z
2375,18340666272,WEIGHTED_LEG_CURL,LEG_CURL,1,12,79.38.00,31.21.00,2025-02-21T21:45:29.0,153,39,3068.8199999999997,3,2025-08-07T19:00:37.512Z
2376,18331854834,LAT_PULLDOWN,PULL_UP,2,8,82.03.00,38.04.00,2025-02-20T20:41:22.0,77,20,1605.6,2,2025-08-07T19:00:42.526Z
2377,18340666272,WEIGHTED_LEG_CURL,LEG_CURL,2,15,79.38.00,57.15.00,2025-02-21T21:52:24.0,153,39,3068.8199999999997,3,2025-08-07T19:00:37.512Z
2378,18331854834,WIDE_GRIP_SEATED_CABLE_ROW,ROW,1,10,72.56.00,54.38.00,2025-02-20T20:47:15.0,77,25,1814,2,2025-08-07T19:00:42.526Z
2379,18340666272,WEIGHTED_LEG_CURL,LEG_CURL,3,12,77.13.00,90.24.00,2025-02-21T22:00:30.0,153,39,3068.8199999999997,3,2025-08-07T19:00:37.512Z
2380,18331854834,WIDE_GRIP_SEATED_CABLE_ROW,ROW,2,15,72.56.00,37.11.00,2025-02-20T20:54:22.0,77,25,1814,2,2025-08-07T19:00:42.526Z
2381,18340666272,LEG_ABDUCTION,BANDED_EXERCISES,1,10,91.09.00,48.34.00,2025-02-21T22:06:18.0,98,40,3219.8999999999996,3,2025-08-07T19:00:37.512Z
2382,18340666272,LEG_ABDUCTION,BANDED_EXERCISES,2,15,72.57.00,47.17.00,2025-02-21T22:07:55.0,98,40,3219.8999999999996,3,2025-08-07T19:00:37.512Z
2383,18340666272,LEG_ABDUCTION,BANDED_EXERCISES,3,15,82.03.00,29.54.00,2025-02-21T22:12:57.0,98,40,3219.8999999999996,3,2025-08-07T19:00:37.512Z
2384,18340666272,BEHIND_THE_BACK_BARBELL_REVERSE_WRIST_CURL,CURL,1,16,68.06.00,68.15.00,2025-02-21T22:17:13.0,118,32,2105.36.00,2,2025-08-07T19:00:37.512Z
2385,18340666272,BEHIND_THE_BACK_BARBELL_REVERSE_WRIST_CURL,CURL,2,16,63.5,55.05.00,2025-02-21T22:25:28.0,118,32,2105.36.00,2,2025-08-07T19:00:37.512Z
2386,18340666272,REVERSE_EZ_BAR_CURL,CURL,1,15,18.13,38.12.00,2025-02-21T22:29:48.0,77,33,598.29.00,2,2025-08-07T19:00:37.512Z
2387,18340666272,REVERSE_EZ_BAR_CURL,CURL,2,18,18.13,42.12.00,2025-02-21T22:36:00.0,77,33,598.29.00,2,2025-08-07T19:00:37.512Z
2388,18314187640,PULL_UP,PULL_UP,1,6,<null>,40.56.00,2025-02-18T20:22:58.0,27,6,0,1,2025-08-07T19:00:49.513Z
2389,18314187640,EZ_BAR_PREACHER_CURL,CURL,1,8,45.38.00,41.46.00,2025-02-18T20:26:23.0,111,22,961.8000000000001,3,2025-08-07T19:00:49.513Z
2390,18314187640,EZ_BAR_PREACHER_CURL,CURL,2,6,45.38.00,48.24.00,2025-02-18T20:30:58.0,111,22,961.8000000000001,3,2025-08-07T19:00:49.513Z
2391,18314187640,EZ_BAR_PREACHER_CURL,CURL,3,8,41.21.00,46.44.00,2025-02-18T20:35:45.0,111,22,961.8000000000001,3,2025-08-07T19:00:49.513Z
2392,18314187640,CABLE_HAMMER_CURL,CURL,1,12,27.19.00,22.58,2025-02-18T20:39:09.0,94,39,1183.53.00,3,2025-08-07T19:00:49.513Z
2393,18314187640,CABLE_HAMMER_CURL,CURL,2,15,32.15.00,47.45.00,2025-02-18T20:40:59.0,94,39,1183.53.00,3,2025-08-07T19:00:49.513Z
2394,18314187640,CABLE_HAMMER_CURL,CURL,3,12,32.15.00,44.54.00,2025-02-18T20:45:06.0,94,39,1183.53.00,3,2025-08-07T19:00:49.513Z
2395,18314187640,SEATED_LATERAL_RAISE,LATERAL_RAISE,1,8,23.09,39.39.00,2025-02-18T20:49:08.0,220,32,644.3600000000001,3,2025-08-07T19:00:49.513Z
2396,18314187640,SEATED_LATERAL_RAISE,LATERAL_RAISE,2,12,20.44,50.42.00,2025-02-18T20:53:24.0,220,32,644.3600000000001,3,2025-08-07T19:00:49.513Z
2397,18314187640,SEATED_LATERAL_RAISE,LATERAL_RAISE,3,12,18.13,137.49.00,2025-02-18T20:58:18.0,220,32,644.3600000000001,3,2025-08-07T19:00:49.513Z
2398,18314187640,TRICEPS_PRESS,TRICEPS_EXTENSION,1,12,82.03.00,56.58.00,2025-02-18T21:04:00.0,88,20,1651.08.00,2,2025-08-07T19:00:49.513Z
2399,18314187640,TRICEPS_PRESS,TRICEPS_EXTENSION,2,8,84.34.00,52.46.00,2025-02-18T21:09:24.0,88,20,1651.08.00,2,2025-08-07T19:00:49.513Z
2400,18314187640,SHOULDER_PRESS,SHOULDER_PRESS,1,10,63.5,60.34.00,2025-02-18T21:12:10.0,128,28,1778,3,2025-08-07T19:00:49.513Z
2401,18314187640,SHOULDER_PRESS,SHOULDER_PRESS,2,10,63.5,43.27.00,2025-02-18T21:20:18.0,128,28,1778,3,2025-08-07T19:00:49.513Z
2402,18314187640,SHOULDER_PRESS,SHOULDER_PRESS,3,8,63.5,46.57.00,2025-02-18T21:23:53.0,128,28,1778,3,2025-08-07T19:00:49.513Z
2403,18296460873,BENCH_PRESS,BENCH_PRESS,1,6,70.31.00,73,2025-02-16T20:11:14.0,110,12,844.12.00,2,2025-08-07T19:00:59.514Z
2404,18304009492,BARBELL_HACK_SQUAT,SQUAT,1,8,88.44.00,43.38.00,2025-02-17T17:09:59.0,119,22,1977.1799999999998,3,2025-08-07T19:00:54.634Z
2405,18296460873,BENCH_PRESS,BENCH_PRESS,2,6,70.31.00,42.06.00,2025-02-16T20:15:42.0,110,12,844.12.00,2,2025-08-07T19:00:59.514Z
2406,18304009492,BARBELL_HACK_SQUAT,SQUAT,2,8,91.09.00,54.48.00,2025-02-17T17:16:06.0,119,22,1977.1799999999998,3,2025-08-07T19:00:54.634Z
2407,18296460873,PULL_UP,PULL_UP,1,4,70.31.00,55.15.00,2025-02-16T20:20:22.0,42,4,281.24.00,1,2025-08-07T19:00:59.514Z
2408,18304009492,BARBELL_HACK_SQUAT,SQUAT,3,6,91.09.00,47.57.00,2025-02-17T17:22:23.0,119,22,1977.1799999999998,3,2025-08-07T19:00:54.634Z
2409,18296460873,UNKNOWN,UNKNOWN,1,6,77.13.00,47.17.00,2025-02-16T20:27:38.0,341,60,3501.56.00,7,2025-08-07T19:00:59.514Z
2410,18304009492,WEIGHTED_LEG_CURL,LEG_CURL,1,6,72.56.00,24.45.00,2025-02-17T17:28:38.0,95,31,2317.5600000000004,3,2025-08-07T19:00:54.634Z
2411,18296460873,UNKNOWN,UNKNOWN,2,6,77.13.00,59.21.00,2025-02-16T20:31:39.0,341,60,3501.56.00,7,2025-08-07T19:00:59.514Z
2412,18304009492,WEIGHTED_LEG_CURL,LEG_CURL,2,15,72.56.00,63.31.00,2025-02-17T17:32:21.0,95,31,2317.5600000000004,3,2025-08-07T19:00:54.634Z
2413,18296460873,UNKNOWN,UNKNOWN,3,6,75.21.00,63.29.00,2025-02-16T20:37:13.0,341,60,3501.56.00,7,2025-08-07T19:00:59.514Z
2414,18304009492,WEIGHTED_LEG_CURL,LEG_CURL,3,10,79.38.00,34.26.00,2025-02-17T17:37:32.0,95,31,2317.5600000000004,3,2025-08-07T19:00:54.634Z
2415,18296460873,UNKNOWN,UNKNOWN,4,10,75.21.00,44.07.00,2025-02-16T20:41:17.0,341,60,3501.56.00,7,2025-08-07T19:00:59.514Z
2416,18304009492,LEG_ADDUCTION,BANDED_EXERCISES,1,12,91.09.00,29.58.00,2025-02-17T17:44:11.0,52,24,2176.56.00,2,2025-08-07T19:00:54.634Z
2417,18296460873,UNKNOWN,UNKNOWN,5,8,68.06.00,55.54.00,2025-02-16T20:43:44.0,341,60,3501.56.00,7,2025-08-07T19:00:59.514Z
2418,18304009492,LEG_ADDUCTION,BANDED_EXERCISES,2,12,91.09.00,34.56.00,2025-02-17T17:47:54.0,52,24,2176.56.00,2,2025-08-07T19:00:54.634Z
2419,18296460873,UNKNOWN,UNKNOWN,6,8,68.06.00,66.04.00,2025-02-16T20:48:09.0,341,60,3501.56.00,7,2025-08-07T19:00:59.514Z
2420,18304009492,LEG_ABDUCTION,BANDED_EXERCISES,1,10,91.09.00,28.12.00,2025-02-17T17:52:54.0,143,25,2131.35.00,2,2025-08-07T19:00:54.634Z
2421,18296460873,UNKNOWN,UNKNOWN,7,16,18.13,45.07.00,2025-02-16T21:14:18.0,341,60,3501.56.00,7,2025-08-07T19:00:59.514Z
2422,18304009492,LEG_ABDUCTION,BANDED_EXERCISES,2,15,82.03.00,119.19.00,2025-02-17T17:56:03.0,143,25,2131.35.00,2,2025-08-07T19:00:54.634Z
2423,18296460873,ROW,ROW,1,10,54.44.00,43.59.00,2025-02-16T20:52:26.0,65,20,1088.8,2,2025-08-07T19:00:59.514Z
2424,18304009492,WEIGHTED_CRUNCH,CRUNCH,1,10,59.34.00,09.49,2025-02-17T18:01:17.0,41,18,1079.4,2,2025-08-07T19:00:54.634Z
2425,18296460873,ROW,ROW,2,10,54.44.00,30.04.00,2025-02-16T20:56:55.0,65,20,1088.8,2,2025-08-07T19:00:59.514Z
2426,18304009492,WEIGHTED_CRUNCH,CRUNCH,2,8,61.25.00,50.37.00,2025-02-17T18:06:50.0,41,18,1079.4,2,2025-08-07T19:00:54.634Z
2427,18296460873,LATERAL_RAISE,LATERAL_RAISE,1,8,54.44.00,30.35.00,2025-02-16T21:03:20.0,103,35,925.03.00,3,2025-08-07T19:00:59.514Z
2428,18304009492,WEIGHTED_LEG_EXTENSIONS,CRUNCH,1,12,68.06.00,39.28.00,2025-02-17T18:18:14.0,84,42,2858.5200000000004,3,2025-08-07T19:00:54.634Z
2429,18296460873,LATERAL_RAISE,LATERAL_RAISE,2,12,18.13,44.21.00,2025-02-16T21:05:58.0,103,35,925.03.00,3,2025-08-07T19:00:59.514Z
2430,18304009492,WEIGHTED_LEG_EXTENSIONS,CRUNCH,2,15,68.06.00,42.22.00,2025-02-17T18:28:28.0,84,42,2858.5200000000004,3,2025-08-07T19:00:54.634Z
2431,18296460873,LATERAL_RAISE,LATERAL_RAISE,3,15,18.13,39.51.00,2025-02-16T21:09:52.0,103,35,925.03.00,3,2025-08-07T19:00:59.514Z
2432,18304009492,WEIGHTED_LEG_EXTENSIONS,CRUNCH,3,15,68.06.00,32.22.00,2025-02-17T18:32:17.0,84,42,2858.5200000000004,3,2025-08-07T19:00:54.634Z
2433,18304009492,WEIGHTED_SEATED_CALF_RAISE,CALF_RAISE,1,8,52.16.00,30.15.00,2025-02-17T18:37:40.0,72,24,1506.32.00,3,2025-08-07T19:00:54.634Z
2434,18304009492,WEIGHTED_SEATED_CALF_RAISE,CALF_RAISE,2,8,66.17.00,24.16.00,2025-02-17T18:41:35.0,72,24,1506.32.00,3,2025-08-07T19:00:54.634Z
2435,18304009492,WEIGHTED_SEATED_CALF_RAISE,CALF_RAISE,3,8,70.31.00,32.34.00,2025-02-17T18:43:54.0,72,24,1506.32.00,3,2025-08-07T19:00:54.634Z
2436,18278721752,BARBELL_HACK_SQUAT,SQUAT,1,8,88.44.00,70.37.00,2025-02-14T20:37:18.0,146,20,1768.7999999999997,3,2025-08-07T19:01:04.513Z
2437,18278721752,BARBELL_HACK_SQUAT,SQUAT,2,6,88.44.00,47.17.00,2025-02-14T20:42:35.0,146,20,1768.7999999999997,3,2025-08-07T19:01:04.513Z
2438,18278721752,BARBELL_HACK_SQUAT,SQUAT,3,6,88.44.00,55.49.00,2025-02-14T20:48:39.0,146,20,1768.7999999999997,3,2025-08-07T19:01:04.513Z
2439,18278721752,SHOULDER_PRESS,SHOULDER_PRESS,1,10,72.56.00,38.19.00,2025-02-14T20:52:29.0,102,28,2032.08.00,3,2025-08-07T19:01:04.513Z
2440,18278721752,SHOULDER_PRESS,SHOULDER_PRESS,2,10,72.56.00,35.14.00,2025-02-14T20:58:29.0,102,28,2032.08.00,3,2025-08-07T19:01:04.513Z
2441,18278721752,SHOULDER_PRESS,SHOULDER_PRESS,3,8,72.56.00,45.58.00,2025-02-14T21:03:39.0,102,28,2032.08.00,3,2025-08-07T19:01:04.513Z
2442,18278721752,UPRIGHT_ROW,SHRUG,1,16,27.19.00,42.56.00,2025-02-14T21:09:26.0,130,48,1305.1200000000001,3,2025-08-07T19:01:04.513Z
2443,18278721752,UPRIGHT_ROW,SHRUG,2,16,27.19.00,46.02.00,2025-02-14T21:13:30.0,130,48,1305.1200000000001,3,2025-08-07T19:01:04.513Z
2444,18278721752,UPRIGHT_ROW,SHRUG,3,16,27.19.00,51.39.00,2025-02-14T21:19:39.0,130,48,1305.1200000000001,3,2025-08-07T19:01:04.513Z
2445,18278721752,CROSS_BODY_DUMBBELL_HAMMER_CURL,CURL,1,10,32.15.00,51.13.00,2025-02-14T21:23:20.0,40,10,317.5,1,2025-08-07T19:01:04.513Z
2446,18278721752,LEG_ADDUCTION,BANDED_EXERCISES,1,12,91.09.00,39.22.00,2025-02-14T21:25:39.0,56,24,2176.56.00,2,2025-08-07T19:01:04.513Z
2447,18278721752,LEG_ADDUCTION,BANDED_EXERCISES,2,12,91.09.00,34.19.00,2025-02-14T21:29:23.0,56,24,2176.56.00,2,2025-08-07T19:01:04.513Z
2448,18270058462,WIDE_GRIP_SEATED_CABLE_ROW,ROW,1,12,72.56.00,40.06.00,2025-02-13T19:25:56.0,88,32,2458.3199999999997,3,2025-08-07T19:01:10.735Z
2449,18262871497,INCLINE_SMITH_MACHINE_BENCH_PRESS,BENCH_PRESS,1,5,66.15.00,53.29.00,2025-02-12T23:42:44.0,116,18,1138.5,3,2025-08-07T19:01:15.537Z
2450,18270058462,WIDE_GRIP_SEATED_CABLE_ROW,ROW,2,10,82.03.00,29.37.00,2025-02-13T19:30:36.0,88,32,2458.3199999999997,3,2025-08-07T19:01:10.735Z
2451,18262871497,INCLINE_SMITH_MACHINE_BENCH_PRESS,BENCH_PRESS,2,6,63.5,36.17.00,2025-02-12T23:47:07.0,116,18,1138.5,3,2025-08-07T19:01:15.537Z
2452,18270058462,WIDE_GRIP_SEATED_CABLE_ROW,ROW,3,10,77.13.00,31.43.00,2025-02-13T19:34:16.0,88,32,2458.3199999999997,3,2025-08-07T19:01:10.735Z
2453,18262871497,INCLINE_SMITH_MACHINE_BENCH_PRESS,BENCH_PRESS,3,7,61.25.00,42.37.00,2025-02-12T23:53:07.0,116,18,1138.5,3,2025-08-07T19:01:15.537Z
2454,18270058462,LAT_PULLDOWN,PULL_UP,1,12,77.13.00,37.38.00,2025-02-13T19:38:41.0,101,32,2468.16.00,3,2025-08-07T19:01:10.735Z
2455,18262871497,CHEST_PRESS_WITH_BAND,PUSH_UP,1,8,70.31.00,51.37.00,2025-02-12T23:58:48.0,140,22,1546.8200000000002,3,2025-08-07T19:01:15.537Z
2456,18270058462,LAT_PULLDOWN,PULL_UP,2,10,77.13.00,35.34.00,2025-02-13T19:41:53.0,101,32,2468.16.00,3,2025-08-07T19:01:10.735Z
2457,18262871497,CHEST_PRESS_WITH_BAND,PUSH_UP,2,6,70.31.00,69.07.00,2025-02-13T00:05:26.0,140,22,1546.8200000000002,3,2025-08-07T19:01:15.537Z
2458,18270058462,LAT_PULLDOWN,PULL_UP,3,10,77.13.00,46.24.00,2025-02-13T19:45:58.0,101,32,2468.16.00,3,2025-08-07T19:01:10.735Z
2459,18262871497,CHEST_PRESS_WITH_BAND,PUSH_UP,3,8,70.31.00,41.38.00,2025-02-13T00:15:10.0,140,22,1546.8200000000002,3,2025-08-07T19:01:15.537Z
2460,18270058462,SEATED_LATERAL_RAISE,LATERAL_RAISE,1,12,18.13,44.15.00,2025-02-13T19:49:50.0,113,32,580.1600000000001,3,2025-08-07T19:01:10.735Z
2461,18262871497,TRICEPS_PRESS,TRICEPS_EXTENSION,1,10,82.03.00,57.26.00,2025-02-13T00:24:15.0,131,24,1941.12.00,3,2025-08-07T19:01:15.537Z
2462,18270058462,SEATED_LATERAL_RAISE,LATERAL_RAISE,2,8,18.13,41.12.00,2025-02-13T19:52:59.0,113,32,580.1600000000001,3,2025-08-07T19:01:10.735Z
2463,18262871497,TRICEPS_PRESS,TRICEPS_EXTENSION,2,6,82.03.00,36.23.00,2025-02-13T00:27:36.0,131,24,1941.12.00,3,2025-08-07T19:01:15.537Z
2464,18270058462,SEATED_LATERAL_RAISE,LATERAL_RAISE,3,12,18.13,57.38.00,2025-02-13T19:57:33.0,113,32,580.1600000000001,3,2025-08-07T19:01:10.735Z
2465,18262871497,TRICEPS_PRESS,TRICEPS_EXTENSION,3,8,79.38.00,55.14.00,2025-02-13T00:30:50.0,131,24,1941.12.00,3,2025-08-07T19:01:15.537Z
2466,18270058462,WIDE_GRIP_EZ_BAR_BICEPS_CURL,CURL,1,10,27.19.00,60.02.00,2025-02-13T20:03:01.0,55,10,271.90000000000003,1,2025-08-07T19:01:10.735Z
2467,18262871497,BEHIND_THE_BACK_BARBELL_REVERSE_WRIST_CURL,CURL,1,16,63.5,45.14.00,2025-02-13T00:32:38.0,45,16,1016,1,2025-08-07T19:01:15.537Z
2468,18270058462,EZ_BAR_PREACHER_CURL,CURL,1,10,41.21.00,48.27.00,2025-02-13T20:09:39.0,77,20,816.2,2,2025-08-07T19:01:10.735Z
2469,18270058462,EZ_BAR_PREACHER_CURL,CURL,2,10,41.21.00,43.08.00,2025-02-13T20:17:09.0,77,20,816.2,2,2025-08-07T19:01:10.735Z
2470,18243287033,SMITH_MACHINE_BENCH_PRESS,BENCH_PRESS,1,4,77.13.00,57.02.00,2025-02-10T19:00:10.0,110,15,1131.43.00,3,2025-08-07T19:01:25.511Z
2471,18253407272,BARBELL_HACK_SQUAT,SQUAT,1,8,79.38.00,49.23.00,2025-02-11T20:29:07.0,158,24,1905.12.00,3,2025-08-07T19:01:20.512Z
2472,18243287033,SMITH_MACHINE_BENCH_PRESS,BENCH_PRESS,2,6,75.21.00,28.01.00,2025-02-10T19:06:08.0,110,15,1131.43.00,3,2025-08-07T19:01:25.511Z
2473,18253407272,BARBELL_HACK_SQUAT,SQUAT,2,8,79.38.00,47.45.00,2025-02-11T20:32:39.0,158,24,1905.12.00,3,2025-08-07T19:01:20.512Z
2474,18243287033,SMITH_MACHINE_BENCH_PRESS,BENCH_PRESS,3,5,75.21.00,35.18.00,2025-02-10T19:14:13.0,110,15,1131.43.00,3,2025-08-07T19:01:25.511Z
2475,18253407272,BARBELL_HACK_SQUAT,SQUAT,3,8,79.38.00,67.26.00,2025-02-11T20:42:28.0,158,24,1905.12.00,3,2025-08-07T19:01:20.512Z
2476,18243287033,FLYE,FLYE,1,12,68.04.00,43.02.00,2025-02-10T19:16:28.0,122,34,2336.06.00,3,2025-08-07T19:01:25.511Z
2477,18253407272,LAT_PULLDOWN,PULL_UP,1,12,75.21.00,54.25.00,2025-02-11T20:47:19.0,126,34,2594.58.00,3,2025-08-07T19:01:20.512Z
2478,18243287033,FLYE,FLYE,2,12,68.04.00,45.37.00,2025-02-10T19:22:22.0,122,34,2336.06.00,3,2025-08-07T19:01:25.511Z
2479,18253407272,LAT_PULLDOWN,PULL_UP,2,10,77.13.00,43.23.00,2025-02-11T20:52:04.0,126,34,2594.58.00,3,2025-08-07T19:01:20.512Z
2480,18243287033,FLYE,FLYE,3,10,70.31.00,46.11.00,2025-02-10T19:33:07.0,122,34,2336.06.00,3,2025-08-07T19:01:25.511Z
2481,18253407272,LAT_PULLDOWN,PULL_UP,3,12,77.13.00,39.34.00,2025-02-11T21:00:53.0,126,34,2594.58.00,3,2025-08-07T19:01:20.512Z
2482,18243287033,SHOULDER_PRESS,SHOULDER_PRESS,1,8,66.15.00,53.56.00,2025-02-10T19:41:54.0,107,22,1460.3600000000001,3,2025-08-07T19:01:25.511Z
2483,18253407272,EZ_BAR_PREACHER_CURL,CURL,1,11,41.21.00,49.15.00,2025-02-11T21:08:21.0,165,31,1265.1100000000001,3,2025-08-07T19:01:20.512Z
2484,18243287033,SHOULDER_PRESS,SHOULDER_PRESS,2,8,66.15.00,36.49.00,2025-02-10T19:49:22.0,107,22,1460.3600000000001,3,2025-08-07T19:01:25.511Z
2485,18253407272,EZ_BAR_PREACHER_CURL,CURL,2,10,41.21.00,54.54.00,2025-02-11T21:16:52.0,165,31,1265.1100000000001,3,2025-08-07T19:01:20.512Z
2486,18243287033,SHOULDER_PRESS,SHOULDER_PRESS,3,6,68.06.00,43.24.00,2025-02-10T19:53:02.0,107,22,1460.3600000000001,3,2025-08-07T19:01:25.511Z
2487,18253407272,EZ_BAR_PREACHER_CURL,CURL,3,10,41.21.00,80.18.00,2025-02-11T21:23:43.0,165,31,1265.1100000000001,3,2025-08-07T19:01:20.512Z
2488,18243287033,TRICEPS_PRESS,TRICEPS_EXTENSION,1,9,68.06.00,60.47.00,2025-02-10T20:00:26.0,128,24,1803.2399999999998,3,2025-08-07T19:01:25.511Z
2489,18253407272,LEG_ABDUCTION,BANDED_EXERCISES,1,8,82.03.00,44.07.00,2025-02-11T21:27:31.0,74,35,2898.45.00,3,2025-08-07T19:01:20.512Z
2490,18243287033,TRICEPS_PRESS,TRICEPS_EXTENSION,2,7,79.38.00,36.19.00,2025-02-10T20:04:06.0,128,24,1803.2399999999998,3,2025-08-07T19:01:25.511Z
2491,18253407272,LEG_ABDUCTION,BANDED_EXERCISES,2,12,79.38.00,25.35.00,2025-02-11T21:33:20.0,74,35,2898.45.00,3,2025-08-07T19:01:20.512Z
2492,18253407272,LEG_ABDUCTION,BANDED_EXERCISES,3,15,86.19.00,23.28,2025-02-11T21:44:16.0,74,35,2898.45.00,3,2025-08-07T19:01:20.512Z
2493,18243287033,TRICEPS_PRESS,TRICEPS_EXTENSION,3,8,79.38.00,48.06.00,2025-02-10T20:08:11.0,128,24,1803.2399999999998,3,2025-08-07T19:01:25.511Z
2494,18253407272,UPRIGHT_ROW,SHRUG,1,16,27.19.00,46.15.00,2025-02-11T21:54:53.0,156,47,1278.33.00,3,2025-08-07T19:01:20.512Z
2495,18253407272,UPRIGHT_ROW,SHRUG,2,16,27.19.00,58.23.00,2025-02-11T22:06:15.0,156,47,1278.33.00,3,2025-08-07T19:01:20.512Z
2496,18253407272,UPRIGHT_ROW,SHRUG,3,15,27.19.00,59.31.00,2025-02-11T22:11:29.0,156,47,1278.33.00,3,2025-08-07T19:01:20.512Z
2497,18253407272,SEATED_LATERAL_RAISE,LATERAL_RAISE,1,8,18.13,63.26.00,2025-02-11T21:55:56.0,199,33,598.29.00,3,2025-08-07T19:01:20.512Z
2498,18253407272,SEATED_LATERAL_RAISE,LATERAL_RAISE,2,15,18.13,61.07.00,2025-02-11T22:17:39.0,199,33,598.29.00,3,2025-08-07T19:01:20.512Z
2499,18253407272,SEATED_LATERAL_RAISE,LATERAL_RAISE,3,10,18.13,98.07.00,2025-02-11T22:20:27.0,199,33,598.29.00,3,2025-08-07T19:01:20.512Z
2500,18253407272,REVERSE_EZ_BAR_CURL,CURL,1,20,14.03,43.51.00,2025-02-11T22:23:05.0,137,66,899.58.00,3,2025-08-07T19:01:20.512Z
2501,18253407272,REVERSE_EZ_BAR_CURL,CURL,2,30,14.03,61.05.00,2025-02-11T22:29:51.0,137,66,899.58.00,3,2025-08-07T19:01:20.512Z
2502,18253407272,REVERSE_EZ_BAR_CURL,CURL,3,16,14.03,53.23.00,2025-02-11T22:33:54.0,137,66,899.58.00,3,2025-08-07T19:01:20.512Z
2503,18218175821,EZ_BAR_PREACHER_CURL,CURL,1,11,41.21.00,49.07.00,2025-02-08T01:05:22.0,130,33,1324.23.00,3,2025-08-07T19:01:32.517Z
2504,18218175821,EZ_BAR_PREACHER_CURL,CURL,2,12,41.21.00,42.09.00,2025-02-08T01:11:47.0,130,33,1324.23.00,3,2025-08-07T19:01:32.517Z
2505,18218175821,EZ_BAR_PREACHER_CURL,CURL,3,10,38.56.00,57.21.00,2025-02-08T01:18:36.0,130,33,1324.23.00,3,2025-08-07T19:01:32.517Z
2506,18218175821,LAT_PULLDOWN,PULL_UP,1,10,72.56.00,46.38.00,2025-02-08T01:27:42.0,87,22,1596.3200000000002,2,2025-08-07T19:01:32.517Z
2507,18218175821,LAT_PULLDOWN,PULL_UP,2,12,72.56.00,64.14.00,2025-02-08T01:33:37.0,87,22,1596.3200000000002,2,2025-08-07T19:01:32.517Z
2508,18218175821,WIDE_GRIP_SEATED_CABLE_ROW,ROW,1,12,77.13.00,37.23.00,2025-02-08T01:37:51.0,69,24,1851.12.00,2,2025-08-07T19:01:32.517Z
2509,18218175821,WIDE_GRIP_SEATED_CABLE_ROW,ROW,2,12,77.13.00,40.19.00,2025-02-08T01:43:11.0,69,24,1851.12.00,2,2025-08-07T19:01:32.517Z
2510,18218175821,BARBELL_UPRIGHT_ROW,SHRUG,1,15,27.19.00,57.54.00,2025-02-08T01:48:20.0,138,45,1223.5500000000002,3,2025-08-07T19:01:32.517Z
2511,18218175821,BARBELL_UPRIGHT_ROW,SHRUG,2,15,27.19.00,47.48.00,2025-02-08T01:58:02.0,138,45,1223.5500000000002,3,2025-08-07T19:01:32.517Z
2512,18218175821,BARBELL_UPRIGHT_ROW,SHRUG,3,15,27.19.00,68.31.00,2025-02-08T02:07:32.0,138,45,1223.5500000000002,3,2025-08-07T19:01:32.517Z
2513,18218175821,STANDING_EZ_BAR_BICEPS_CURL,CURL,1,12,27.19.00,41.01.00,2025-02-08T01:52:26.0,90,24,652.5600000000001,2,2025-08-07T19:01:32.517Z
2514,18218175821,STANDING_EZ_BAR_BICEPS_CURL,CURL,2,12,27.19.00,51.13.00,2025-02-08T02:01:58.0,90,24,652.5600000000001,2,2025-08-07T19:01:32.517Z
2515,18208816914,INCLINE_SMITH_MACHINE_BENCH_PRESS,BENCH_PRESS,1,6,66.15.00,49.02.00,2025-02-06T19:58:41.0,107,16,1029.5,3,2025-08-07T19:01:39.524Z
2516,18208816914,INCLINE_SMITH_MACHINE_BENCH_PRESS,BENCH_PRESS,2,6,63.5,42.26.00,2025-02-06T20:03:53.0,107,16,1029.5,3,2025-08-07T19:01:39.524Z
2517,18208816914,INCLINE_SMITH_MACHINE_BENCH_PRESS,BENCH_PRESS,3,4,63.5,38.46.00,2025-02-06T20:11:36.0,107,16,1029.5,3,2025-08-07T19:01:39.524Z
2518,18208816914,CHEST_PRESS_WITH_BAND,PUSH_UP,1,8,68.06.00,47.27.00,2025-02-06T20:18:16.0,164,26,1769.56.00,3,2025-08-07T19:01:39.524Z
2519,18208816914,CHEST_PRESS_WITH_BAND,PUSH_UP,2,8,68.06.00,55.38.00,2025-02-06T20:23:38.0,164,26,1769.56.00,3,2025-08-07T19:01:39.524Z
2520,18208816914,CHEST_PRESS_WITH_BAND,PUSH_UP,3,10,68.06.00,76.18.00,2025-02-06T20:31:19.0,164,26,1769.56.00,3,2025-08-07T19:01:39.524Z
2521,18208816914,TRICEPS_PRESS,TRICEPS_EXTENSION,1,10,77.13.00,52.13.00,2025-02-06T20:42:11.0,136,26,2041.3799999999999,3,2025-08-07T19:01:39.524Z
2522,18208816914,TRICEPS_PRESS,TRICEPS_EXTENSION,2,8,79.38.00,57.33.00,2025-02-06T20:46:05.0,136,26,2041.3799999999999,3,2025-08-07T19:01:39.524Z
2523,18208816914,TRICEPS_PRESS,TRICEPS_EXTENSION,3,8,79.38.00,56.02.00,2025-02-06T20:52:12.0,136,26,2041.3799999999999,3,2025-08-07T19:01:39.524Z
2524,18208816914,SEATED_LATERAL_RAISE,LATERAL_RAISE,1,10,18.13,58.16.00,2025-02-06T21:01:03.0,125,34,616.4200000000001,3,2025-08-07T19:01:39.524Z
2525,18208816914,SEATED_LATERAL_RAISE,LATERAL_RAISE,2,12,18.13,41.39.00,2025-02-06T21:07:51.0,125,34,616.4200000000001,3,2025-08-07T19:01:39.524Z
2526,18208816914,SEATED_LATERAL_RAISE,LATERAL_RAISE,3,12,18.13,48.12.00,2025-02-06T21:16:59.0,125,34,616.4200000000001,3,2025-08-07T19:01:39.524Z
2527,18190682720,SMITH_MACHINE_BENCH_PRESS,BENCH_PRESS,1,5,75.21.00,53.29.00,2025-02-04T20:39:10.0,126,19,1372.29.00,3,2025-08-07T19:01:50.518Z
2528,18200396449,LAT_PULLDOWN,PULL_UP,1,12,75.21.00,45.24.00,2025-02-05T20:19:40.0,121,34,2543.54.00,3,2025-08-07T19:01:45.833Z
2529,18190682720,SMITH_MACHINE_BENCH_PRESS,BENCH_PRESS,2,6,72.56.00,40.33.00,2025-02-04T20:46:24.0,126,19,1372.29.00,3,2025-08-07T19:01:50.518Z
2530,18200396449,LAT_PULLDOWN,PULL_UP,2,12,75.21.00,48.13.00,2025-02-05T20:25:43.0,121,34,2543.54.00,3,2025-08-07T19:01:45.833Z
2531,18190682720,SMITH_MACHINE_BENCH_PRESS,BENCH_PRESS,3,8,70.31.00,57.31.00,2025-02-04T20:52:52.0,126,19,1372.29.00,3,2025-08-07T19:01:50.518Z
2532,18200396449,LAT_PULLDOWN,PULL_UP,3,10,75.21.00,40.41.00,2025-02-05T20:30:50.0,121,34,2543.54.00,3,2025-08-07T19:01:45.833Z
2533,18190682720,FLYE,FLYE,1,10,63.5,49.28.00,2025-02-04T20:55:37.0,116,30,1950,3,2025-08-07T19:01:50.518Z
2534,18200396449,WIDE_GRIP_SEATED_CABLE_ROW,ROW,1,15,77.13.00,36.27.00,2025-02-05T20:37:17.0,108,42,3239.4599999999996,3,2025-08-07T19:01:45.833Z
2535,18190682720,FLYE,FLYE,2,10,66.15.00,49.26.00,2025-02-04T20:59:32.0,116,30,1950,3,2025-08-07T19:01:50.518Z
2536,18200396449,WIDE_GRIP_SEATED_CABLE_ROW,ROW,2,12,77.13.00,32.36.00,2025-02-05T20:45:22.0,108,42,3239.4599999999996,3,2025-08-07T19:01:45.833Z
2537,18190682720,FLYE,FLYE,3,10,66.15.00,42.16.00,2025-02-04T21:04:02.0,116,30,1950,3,2025-08-07T19:01:50.518Z
2538,18200396449,WIDE_GRIP_SEATED_CABLE_ROW,ROW,3,15,77.13.00,48.43.00,2025-02-05T20:52:04.0,108,42,3239.4599999999996,3,2025-08-07T19:01:45.833Z
2539,18190682720,SHOULDER_PRESS,SHOULDER_PRESS,1,6,68.06.00,42.56.00,2025-02-04T21:10:06.0,111,22,1460.3600000000001,3,2025-08-07T19:01:50.518Z
2540,18200396449,INCLINE_REVERSE_FLYE,FLYE,1,8,36.31.00,54.44.00,2025-02-05T20:57:26.0,133,28,943.48.00,3,2025-08-07T19:01:45.833Z
2541,18190682720,SHOULDER_PRESS,SHOULDER_PRESS,2,8,66.15.00,54.41.00,2025-02-04T21:17:02.0,111,22,1460.3600000000001,3,2025-08-07T19:01:50.518Z
2542,18200396449,INCLINE_REVERSE_FLYE,FLYE,2,12,32.15.00,47.32.00,2025-02-05T21:01:48.0,133,28,943.48.00,3,2025-08-07T19:01:45.833Z
2543,18190682720,SHOULDER_PRESS,SHOULDER_PRESS,3,8,66.15.00,48.29.00,2025-02-04T21:21:00.0,111,22,1460.3600000000001,3,2025-08-07T19:01:50.518Z
2544,18200396449,INCLINE_REVERSE_FLYE,FLYE,3,8,34,60.51.00,2025-02-05T21:06:02.0,133,28,943.48.00,3,2025-08-07T19:01:45.833Z
2545,18190682720,TRICEPS_PRESSDOWN,TRICEPS_EXTENSION,1,12,50.28.00,48.07.00,2025-02-04T21:23:35.0,106,30,1578.48.00,3,2025-08-07T19:01:50.518Z
2546,18200396449,EZ_BAR_PREACHER_CURL,CURL,1,10,38.56.00,111.15.00,2025-02-05T21:10:02.0,332,30,1156.8000000000002,3,2025-08-07T19:01:45.833Z
2547,18190682720,TRICEPS_PRESSDOWN,TRICEPS_EXTENSION,2,9,54.44.00,48.23.00,2025-02-04T21:27:21.0,106,30,1578.48.00,3,2025-08-07T19:01:50.518Z
2548,18200396449,EZ_BAR_PREACHER_CURL,CURL,2,10,38.56.00,43.56.00,2025-02-05T21:17:07.0,332,30,1156.8000000000002,3,2025-08-07T19:01:45.833Z
2549,18190682720,TRICEPS_PRESSDOWN,TRICEPS_EXTENSION,3,9,54.44.00,38.08.00,2025-02-04T21:31:02.0,106,30,1578.48.00,3,2025-08-07T19:01:50.518Z
2550,18200396449,EZ_BAR_PREACHER_CURL,CURL,3,10,38.56.00,205.03.00,2025-02-05T21:22:26.0,332,30,1156.8000000000002,3,2025-08-07T19:01:45.833Z
2551,18200396449,BARBELL_DEADLIFT,DEADLIFT,1,6,75.21.00,294.28.00,2025-02-05T21:35:45.0,282,6,449.26.00,1,2025-08-07T19:01:45.833Z
2552,18200396449,BARBELL_HACK_SQUAT,SQUAT,1,10,70.31.00,63.57.00,2025-02-05T21:40:44.0,164,28,1968.6799999999998,3,2025-08-07T19:01:45.833Z
2553,18200396449,BARBELL_HACK_SQUAT,SQUAT,2,8,70.31.00,59.33.00,2025-02-05T21:46:28.0,164,28,1968.6799999999998,3,2025-08-07T19:01:45.833Z
2554,18200396449,BARBELL_HACK_SQUAT,SQUAT,3,10,70.31.00,75.55.00,2025-02-05T21:55:49.0,164,28,1968.6799999999998,3,2025-08-07T19:01:45.833Z
2555,18200396449,WEIGHTED_SEATED_CALF_RAISE,CALF_RAISE,1,20,59.37.00,29.45.00,2025-02-05T21:48:07.0,57,40,2358.8,2,2025-08-07T19:01:45.833Z
2556,18200396449,WEIGHTED_SEATED_CALF_RAISE,CALF_RAISE,2,20,59.37.00,32.04.00,2025-02-05T21:57:48.0,57,40,2358.8,2,2025-08-07T19:01:45.833Z
2557,18200396449,BARBELL_UPRIGHT_ROW,SHRUG,1,20,27.19.00,48.28.00,2025-02-05T22:05:20.0,165,52,1414.28.00,3,2025-08-07T19:01:45.833Z
2558,18200396449,BARBELL_UPRIGHT_ROW,SHRUG,2,16,27.19.00,93.41.00,2025-02-05T22:17:18.0,165,52,1414.28.00,3,2025-08-07T19:01:45.833Z
2559,18200396449,BARBELL_UPRIGHT_ROW,SHRUG,3,16,27.19.00,51.32.00,2025-02-05T22:29:32.0,165,52,1414.28.00,3,2025-08-07T19:01:45.833Z
2560,18200396449,STANDING_EZ_BAR_BICEPS_CURL,CURL,1,12,27.19.00,55.08.00,2025-02-05T22:08:34.0,135,32,870.08.00,3,2025-08-07T19:01:45.833Z
2561,18200396449,STANDING_EZ_BAR_BICEPS_CURL,CURL,2,12,27.19.00,57.31.00,2025-02-05T22:22:53.0,135,32,870.08.00,3,2025-08-07T19:01:45.833Z
2562,18200396449,STANDING_EZ_BAR_BICEPS_CURL,CURL,3,8,27.19.00,47.16.00,2025-02-05T22:31:42.0,135,32,870.08.00,3,2025-08-07T19:01:45.833Z
2563,18154539741,SMITH_MACHINE_BENCH_PRESS,BENCH_PRESS,1,10,75.21.00,51.11.00,2025-01-31T20:10:28.0,135,28,2094.6800000000003,3,2025-08-07T19:01:56.222Z
2564,18181480432,WIDE_GRIP_SEATED_CABLE_ROW,ROW,1,12,72.56.00,62.07.00,2025-02-03T20:52:13.0,185,36,2667,3,2025-08-07T19:01:54.323Z
2565,18154539741,SMITH_MACHINE_BENCH_PRESS,BENCH_PRESS,2,10,75.21.00,58.35.00,2025-01-31T20:14:10.0,135,28,2094.6800000000003,3,2025-08-07T19:01:56.222Z
2566,18181480432,WIDE_GRIP_SEATED_CABLE_ROW,ROW,2,12,72.56.00,89.19.00,2025-02-03T20:57:03.0,185,36,2667,3,2025-08-07T19:01:54.323Z
2567,18154539741,SMITH_MACHINE_BENCH_PRESS,BENCH_PRESS,3,8,75.21.00,43.07.00,2025-01-31T20:20:06.0,135,28,2094.6800000000003,3,2025-08-07T19:01:56.222Z
2568,18181480432,WIDE_GRIP_SEATED_CABLE_ROW,ROW,3,12,77.13.00,41.27.00,2025-02-03T21:01:38.0,185,36,2667,3,2025-08-07T19:01:54.323Z
2569,18154539741,SEATED_BARBELL_SHOULDER_PRESS,SHOULDER_PRESS,1,10,63.5,58.01.00,2025-01-31T20:24:06.0,133,26,1705.48.00,3,2025-08-07T19:01:56.222Z
2570,18181480432,LAT_PULLDOWN,PULL_UP,1,12,72.56.00,64.25.00,2025-02-03T21:09:57.0,171,34,2467.04.00,3,2025-08-07T19:01:54.323Z
2571,18154539741,SEATED_BARBELL_SHOULDER_PRESS,SHOULDER_PRESS,2,8,68.06.00,39.07.00,2025-01-31T20:27:33.0,133,26,1705.48.00,3,2025-08-07T19:01:56.222Z
2572,18181480432,LAT_PULLDOWN,PULL_UP,2,10,72.56.00,33.56.00,2025-02-03T21:14:52.0,171,34,2467.04.00,3,2025-08-07T19:01:54.323Z
2573,18154539741,SEATED_BARBELL_SHOULDER_PRESS,SHOULDER_PRESS,3,8,66.15.00,60.21.00,2025-01-31T20:33:00.0,133,26,1705.48.00,3,2025-08-07T19:01:56.222Z
2574,18181480432,LAT_PULLDOWN,PULL_UP,3,12,72.56.00,96.03.00,2025-02-03T21:18:50.0,171,34,2467.04.00,3,2025-08-07T19:01:54.323Z
2575,18154539741,BODY_WEIGHT_DIP,TRICEPS_EXTENSION,1,10,<null>,52.51.00,2025-01-31T20:39:07.0,167,26,0,3,2025-08-07T19:01:56.222Z
2576,18181480432,EZ_BAR_PREACHER_CURL,CURL,1,8,38.56.00,44.55.00,2025-02-03T21:27:47.0,111,26,962.0600000000001,3,2025-08-07T19:01:54.323Z
2577,18154539741,BODY_WEIGHT_DIP,TRICEPS_EXTENSION,2,8,<null>,79.18.00,2025-01-31T20:43:02.0,167,26,0,3,2025-08-07T19:01:56.222Z
2578,18181480432,EZ_BAR_PREACHER_CURL,CURL,2,10,36.31.00,54.51.00,2025-02-03T21:33:20.0,111,26,962.0600000000001,3,2025-08-07T19:01:54.323Z
2579,18154539741,BODY_WEIGHT_DIP,TRICEPS_EXTENSION,3,8,<null>,59.23.00,2025-01-31T20:50:34.0,167,26,0,3,2025-08-07T19:01:56.222Z
2580,18181480432,EZ_BAR_PREACHER_CURL,CURL,3,8,36.31.00,34.35.00,2025-02-03T21:36:31.0,111,26,962.0600000000001,3,2025-08-07T19:01:54.323Z
2581,18154539741,FLYE,FLYE,1,8,68.06.00,34.05.00,2025-01-31T20:58:15.0,123,30,1941.48.00,3,2025-08-07T19:01:56.222Z
2582,18181480432,CROSS_BODY_DUMBBELL_HAMMER_CURL,CURL,1,10,27.19.00,61.56.00,2025-02-03T21:40:34.0,132,32,870.0800000000002,3,2025-08-07T19:01:54.323Z
2583,18154539741,FLYE,FLYE,2,10,63.5,57.14.00,2025-01-31T21:05:07.0,123,30,1941.48.00,3,2025-08-07T19:01:56.222Z
2584,18181480432,CROSS_BODY_DUMBBELL_HAMMER_CURL,CURL,2,12,27.19.00,43.46.00,2025-02-03T21:44:15.0,132,32,870.0800000000002,3,2025-08-07T19:01:54.323Z
2585,18154539741,FLYE,FLYE,3,12,63.5,43.54.00,2025-01-31T21:10:32.0,123,30,1941.48.00,3,2025-08-07T19:01:56.222Z
2586,18181480432,CROSS_BODY_DUMBBELL_HAMMER_CURL,CURL,3,10,27.19.00,52.33.00,2025-02-03T21:49:27.0,132,32,870.0800000000002,3,2025-08-07T19:01:54.323Z
2587,18154539741,TRICEPS_PRESSDOWN,TRICEPS_EXTENSION,1,10,41.21.00,46.17.00,2025-01-31T21:16:03.0,117,34,1387.54.00,3,2025-08-07T19:01:56.222Z
2588,18181480432,BARBELL_UPRIGHT_ROW,SHRUG,1,12,27.19.00,118.53.00,2025-02-03T21:58:02.0,398,39,1060.41.00,3,2025-08-07T19:01:54.323Z
2589,18154539741,TRICEPS_PRESSDOWN,TRICEPS_EXTENSION,2,12,41.21.00,39.21.00,2025-01-31T21:21:11.0,117,34,1387.54.00,3,2025-08-07T19:01:56.222Z
2590,18181480432,BARBELL_UPRIGHT_ROW,SHRUG,2,12,27.19.00,81.7,2025-02-03T22:04:18.0,398,39,1060.41.00,3,2025-08-07T19:01:54.323Z
2591,18154539741,TRICEPS_PRESSDOWN,TRICEPS_EXTENSION,3,12,41.21.00,45.59.00,2025-01-31T21:27:17.0,117,34,1387.54.00,3,2025-08-07T19:01:56.222Z
2592,18181480432,BARBELL_UPRIGHT_ROW,SHRUG,3,15,27.19.00,212.35.00,2025-02-03T22:11:34.0,398,39,1060.41.00,3,2025-08-07T19:01:54.323Z
2593,18154539741,BARBELL_UPRIGHT_ROW,SHRUG,1,15,27.19.00,55.49.00,2025-01-31T21:35:30.0,134,45,1223.5500000000002,3,2025-08-07T19:01:56.222Z
2594,18181480432,BARBELL_HACK_SQUAT,SQUAT,1,6,70.31.00,45.14.00,2025-02-03T22:18:08.0,127,24,1605.3600000000001,3,2025-08-07T19:01:54.323Z
2595,18154539741,BARBELL_UPRIGHT_ROW,SHRUG,2,15,27.19.00,54.46.00,2025-01-31T21:43:44.0,134,45,1223.5500000000002,3,2025-08-07T19:01:56.222Z
2596,18181480432,BARBELL_HACK_SQUAT,SQUAT,2,10,66.15.00,65.17.00,2025-02-03T22:22:55.0,127,24,1605.3600000000001,3,2025-08-07T19:01:54.323Z
2597,18154539741,BARBELL_UPRIGHT_ROW,SHRUG,3,15,27.19.00,61.08.00,2025-01-31T21:53:20.0,134,45,1223.5500000000002,3,2025-08-07T19:01:56.222Z
2598,18181480432,BARBELL_HACK_SQUAT,SQUAT,3,8,66.15.00,43.34.00,2025-02-03T22:27:00.0,127,24,1605.3600000000001,3,2025-08-07T19:01:54.323Z
2599,18154539741,SEATED_LATERAL_RAISE,LATERAL_RAISE,1,12,18.13,58.02.00,2025-01-31T22:04:33.0,114,34,616.42.00,3,2025-08-07T19:01:56.222Z
2600,18154539741,SEATED_LATERAL_RAISE,LATERAL_RAISE,2,12,18.13,36.27.00,2025-01-31T22:09:53.0,114,34,616.42.00,3,2025-08-07T19:01:56.222Z
2601,18154539741,SEATED_LATERAL_RAISE,LATERAL_RAISE,3,10,18.13,47.02.00,2025-01-31T22:13:55.0,114,34,616.42.00,3,2025-08-07T19:01:56.222Z
2602,18154539741,CURL,CURL,1,15,36.31.00,50.42.00,2025-01-31T22:16:19.0,121,31,1161.6100000000001,3,2025-08-07T19:01:56.222Z
2603,18154539741,CURL,CURL,2,8,38.56.00,48.06.00,2025-01-31T22:24:40.0,121,31,1161.6100000000001,3,2025-08-07T19:01:56.222Z
2604,18154539741,CURL,CURL,3,8,38.56.00,46.18.00,2025-01-31T22:30:54.0,121,31,1161.6100000000001,3,2025-08-07T19:01:56.222Z
2605,18154539741,LEG_PRESS,SQUAT,1,8,63.5,55.04.00,2025-01-31T22:33:23.0,159,26,1733.08.00,3,2025-08-07T19:01:56.222Z
2606,18154539741,LEG_PRESS,SQUAT,2,8,68.06.00,62.42.00,2025-01-31T22:37:52.0,159,26,1733.08.00,3,2025-08-07T19:01:56.222Z
2607,18154539741,LEG_PRESS,SQUAT,3,10,68.06.00,74.33.00,2025-01-31T22:45:30.0,159,26,1733.08.00,3,2025-08-07T19:01:56.222Z
2608,18154539741,WEIGHTED_CRUNCH,CRUNCH,1,8,57.09.00,47.02.00,2025-01-31T22:52:42.0,100,24,1324.56.00,3,2025-08-07T19:01:56.222Z
2609,18154539741,WEIGHTED_CRUNCH,CRUNCH,2,8,54.44.00,53.13.00,2025-01-31T22:59:20.0,100,24,1324.56.00,3,2025-08-07T19:01:56.222Z
2610,18154539741,WEIGHTED_CRUNCH,CRUNCH,3,8,54.44.00,38.13.00,2025-01-31T23:05:07.0,100,24,1324.56.00,3,2025-08-07T19:01:56.222Z
2611,18154539741,REVERSE_EZ_BAR_CURL,CURL,1,20,14.03,61.22.00,2025-01-31T23:09:22.0,147,58,790.5400000000001,3,2025-08-07T19:01:56.222Z
2612,18154539741,REVERSE_EZ_BAR_CURL,CURL,2,18,14.03,48.42.00,2025-01-31T23:14:42.0,147,58,790.5400000000001,3,2025-08-07T19:01:56.222Z
2613,18154539741,REVERSE_EZ_BAR_CURL,CURL,3,20,14.03,63.19.00,2025-01-31T23:21:50.0,147,58,790.5400000000001,3,2025-08-07T19:01:56.222Z
2614,18154539741,BEHIND_THE_BACK_BARBELL_REVERSE_WRIST_CURL,CURL,1,20,45.38.00,38.25.00,2025-01-31T23:24:27.0,100,51,2314.38.00,3,2025-08-07T19:01:56.222Z
2615,18154539741,BEHIND_THE_BACK_BARBELL_REVERSE_WRIST_CURL,CURL,2,16,45.38.00,54.01.00,2025-01-31T23:26:58.0,100,51,2314.38.00,3,2025-08-07T19:01:56.222Z
2616,18154539741,BEHIND_THE_BACK_BARBELL_REVERSE_WRIST_CURL,CURL,3,15,45.38.00,47.02.00,2025-01-31T23:30:18.0,100,51,2314.38.00,3,2025-08-07T19:01:56.222Z
2617,18145751799,SEATED_CABLE_ROW,ROW,1,12,72.56.00,42.46.00,2025-01-30T20:58:52.0,91,36,2612.16.00,3,2025-08-07T19:01:58.140Z
2618,18145751799,SEATED_CABLE_ROW,ROW,2,12,72.56.00,43.08.00,2025-01-30T21:07:34.0,91,36,2612.16.00,3,2025-08-07T19:01:58.140Z
2619,18145751799,SEATED_CABLE_ROW,ROW,3,12,72.56.00,41.39.00,2025-01-30T21:15:39.0,91,36,2612.16.00,3,2025-08-07T19:01:58.140Z
2620,18145751799,CURL,CURL,1,10,41.21.00,43.21.00,2025-01-30T21:20:55.0,114,35,1338.3500000000001,3,2025-08-07T19:01:58.140Z
2621,18145751799,CURL,CURL,2,10,38.56.00,34.21.00,2025-01-30T21:27:12.0,114,35,1338.3500000000001,3,2025-08-07T19:01:58.140Z
2622,18145751799,CURL,CURL,3,15,36.31.00,49.23.00,2025-01-30T21:32:30.0,114,35,1338.3500000000001,3,2025-08-07T19:01:58.140Z
2623,18119245206,INCLINE_SMITH_MACHINE_BENCH_PRESS,BENCH_PRESS,1,6,61.25.00,58.19.00,2025-01-27T21:21:49.0,135,24,1406.32.00,3,2025-08-07T19:02:07.512Z
2624,18119245206,INCLINE_SMITH_MACHINE_BENCH_PRESS,BENCH_PRESS,2,10,57.09.00,47.59.00,2025-01-27T21:27:06.0,135,24,1406.32.00,3,2025-08-07T19:02:07.512Z
2625,18119245206,INCLINE_SMITH_MACHINE_BENCH_PRESS,BENCH_PRESS,3,8,59.34.00,48.07.00,2025-01-27T21:35:18.0,135,24,1406.32.00,3,2025-08-07T19:02:07.512Z
2626,18119245206,SMITH_MACHINE_BENCH_PRESS,BENCH_PRESS,1,6,70.31.00,97.57.00,2025-01-27T21:41:32.0,215,19,1306.6399999999999,3,2025-08-07T19:02:07.512Z
2627,18119245206,SMITH_MACHINE_BENCH_PRESS,BENCH_PRESS,2,7,68.06.00,51.19.00,2025-01-27T21:50:55.0,215,19,1306.6399999999999,3,2025-08-07T19:02:07.512Z
2628,18119245206,SMITH_MACHINE_BENCH_PRESS,BENCH_PRESS,3,6,68.06.00,84.29.00,2025-01-27T21:54:26.0,215,19,1306.6399999999999,3,2025-08-07T19:02:07.512Z
2629,18119245206,BARBELL_SHOULDER_PRESS,SHOULDER_PRESS,1,10,63.5,69.34.00,2025-01-27T22:00:49.0,350,32,1982.5,3,2025-08-07T19:02:07.512Z
2630,18119245206,BARBELL_SHOULDER_PRESS,SHOULDER_PRESS,2,10,61.25.00,241.52.00,2025-01-27T22:05:49.0,350,32,1982.5,3,2025-08-07T19:02:07.512Z
2631,18119245206,BARBELL_SHOULDER_PRESS,SHOULDER_PRESS,3,12,61.25.00,60.1,2025-01-27T22:15:27.0,350,32,1982.5,3,2025-08-07T19:02:07.512Z
2632,18119245206,LATERAL_RAISE,LATERAL_RAISE,1,12,18.13,42.56.00,2025-01-27T22:22:11.0,100,34,616.4200000000001,3,2025-08-07T19:02:07.512Z
2633,18119245206,LATERAL_RAISE,LATERAL_RAISE,2,10,18.13,47.31.00,2025-01-27T22:28:51.0,100,34,616.4200000000001,3,2025-08-07T19:02:07.512Z
2634,18119245206,LATERAL_RAISE,LATERAL_RAISE,3,12,18.13,35.08.00,2025-01-27T22:36:36.0,100,34,616.4200000000001,3,2025-08-07T19:02:07.512Z
2635,18119245206,REVERSE_EZ_BAR_CURL,CURL,1,15,14.01,41.59.00,2025-01-27T22:22:51.0,116,57,776.17.00,3,2025-08-07T19:02:07.512Z
2636,18119245206,REVERSE_EZ_BAR_CURL,CURL,2,16,14.01,48.12.00,2025-01-27T22:32:16.0,116,57,776.17.00,3,2025-08-07T19:02:07.512Z
2637,18119245206,REVERSE_EZ_BAR_CURL,CURL,3,26,14.01,55.13.00,2025-01-27T22:38:23.0,116,57,776.17.00,3,2025-08-07T19:02:07.512Z
2638,18119245206,BARBELL_UPRIGHT_ROW,SHRUG,1,15,23.09,38.43.00,2025-01-27T22:40:44.0,116,45,1021.0500000000001,3,2025-08-07T19:02:07.512Z
2639,18119245206,BARBELL_UPRIGHT_ROW,SHRUG,2,15,23.09,44.41.00,2025-01-27T22:48:39.0,116,45,1021.0500000000001,3,2025-08-07T19:02:07.512Z
2640,18119245206,BARBELL_UPRIGHT_ROW,SHRUG,3,15,23.09,52.36.00,2025-01-27T22:54:54.0,116,45,1021.0500000000001,3,2025-08-07T19:02:07.512Z
2641,18119245206,TRICEPS_PRESSDOWN,TRICEPS_EXTENSION,1,15,50.28.00,54.15.00,2025-01-27T22:59:06.0,192,39,2000.04.00,3,2025-08-07T19:02:07.512Z
2642,18119245206,TRICEPS_PRESSDOWN,TRICEPS_EXTENSION,2,12,54.44.00,117.42.00,2025-01-27T23:04:10.0,192,39,2000.04.00,3,2025-08-07T19:02:07.512Z
2643,18119245206,TRICEPS_PRESSDOWN,TRICEPS_EXTENSION,3,12,50.28.00,41.49.00,2025-01-27T23:09:34.0,192,39,2000.04.00,3,2025-08-07T19:02:07.512Z
2644,18119245206,LEG_PRESS,SQUAT,1,15,86.19.00,145.33.00,2025-01-27T23:14:38.0,310,37,3134.31.00,3,2025-08-07T19:02:07.512Z
2645,18119245206,LEG_PRESS,SQUAT,2,10,86.19.00,136.16.00,2025-01-27T23:22:16.0,310,37,3134.31.00,3,2025-08-07T19:02:07.512Z
2646,18119245206,LEG_PRESS,SQUAT,3,12,82.03.00,52.04.00,2025-01-27T23:30:06.0,310,37,3134.31.00,3,2025-08-07T19:02:07.512Z
2647,18109708360,SEATED_CABLE_ROW,ROW,1,12,68.06.00,54.39.00,2025-01-26T18:23:20.0,130,34,2359.04.00,3,2025-08-07T19:02:13.515Z
2648,18109708360,SEATED_CABLE_ROW,ROW,2,12,68.06.00,49.54.00,2025-01-26T18:29:54.0,130,34,2359.04.00,3,2025-08-07T19:02:13.515Z
2649,18109708360,SEATED_CABLE_ROW,ROW,3,10,72.56.00,49.35.00,2025-01-26T18:33:10.0,130,34,2359.04.00,3,2025-08-07T19:02:13.515Z
2650,18109708360,CURL,CURL,1,12,41.21.00,58.57.00,2025-01-26T18:43:24.0,122,32,1306.32.00,3,2025-08-07T19:02:13.515Z
2651,18109708360,CURL,CURL,2,10,41.21.00,35.52.00,2025-01-26T18:53:58.0,122,32,1306.32.00,3,2025-08-07T19:02:13.515Z
2652,18109708360,CURL,CURL,3,10,41.21.00,51.34.00,2025-01-26T19:02:51.0,122,32,1306.32.00,3,2025-08-07T19:02:13.515Z
2653,18109708360,LAT_PULLDOWN,PULL_UP,1,10,68.06.00,48.29.00,2025-01-26T19:08:58.0,108,34,2314.04.00,3,2025-08-07T19:02:13.515Z
2654,18109708360,LAT_PULLDOWN,PULL_UP,2,12,68.06.00,34.59.00,2025-01-26T19:15:26.0,108,34,2314.04.00,3,2025-08-07T19:02:13.515Z
2655,18109708360,LAT_PULLDOWN,PULL_UP,3,12,68.06.00,48.32.00,2025-01-26T19:22:22.0,108,34,2314.04.00,3,2025-08-07T19:02:13.515Z
2656,18092059068,INCLINE_SMITH_MACHINE_BENCH_PRESS,BENCH_PRESS,1,10,61.25.00,57.09.00,2025-01-24T17:34:37.0,142,25,1531.25.00,3,2025-08-07T19:02:18.516Z
2657,18092059068,INCLINE_SMITH_MACHINE_BENCH_PRESS,BENCH_PRESS,2,7,61.25.00,57.37.00,2025-01-24T17:38:05.0,142,25,1531.25.00,3,2025-08-07T19:02:18.516Z
2658,18092059068,INCLINE_SMITH_MACHINE_BENCH_PRESS,BENCH_PRESS,3,8,61.25.00,51.06.00,2025-01-24T17:42:56.0,142,25,1531.25.00,3,2025-08-07T19:02:18.516Z
2659,18092059068,SMITH_MACHINE_BENCH_PRESS,BENCH_PRESS,1,10,66.15.00,69.29.00,2025-01-24T17:50:13.0,131,24,1578,3,2025-08-07T19:02:18.516Z
2660,18092059068,SMITH_MACHINE_BENCH_PRESS,BENCH_PRESS,2,8,66.15.00,53.57.00,2025-01-24T17:56:14.0,131,24,1578,3,2025-08-07T19:02:18.516Z
2661,18092059068,SMITH_MACHINE_BENCH_PRESS,BENCH_PRESS,3,6,66.15.00,38.47.00,2025-01-24T18:02:00.0,131,24,1578,3,2025-08-07T19:02:18.516Z
2662,18092059068,FLYE,FLYE,1,8,63.5,37.19.00,2025-01-24T18:04:49.0,104,27,1627.8600000000001,3,2025-08-07T19:02:18.516Z
2663,18092059068,FLYE,FLYE,2,9,59.34.00,54.08.00,2025-01-24T18:09:28.0,104,27,1627.8600000000001,3,2025-08-07T19:02:18.516Z
2664,18092059068,FLYE,FLYE,3,10,59.34.00,37.16.00,2025-01-24T18:14:22.0,104,27,1627.8600000000001,3,2025-08-07T19:02:18.516Z
2665,18092059068,SHOULDER_PRESS,SHOULDER_PRESS,1,6,54.44.00,63.55.00,2025-01-24T18:16:51.0,141,24,1266.06.00,3,2025-08-07T19:02:18.516Z
2666,18092059068,SHOULDER_PRESS,SHOULDER_PRESS,2,10,52.19.00,58.33.00,2025-01-24T18:20:50.0,141,24,1266.06.00,3,2025-08-07T19:02:18.516Z
2667,18092059068,SHOULDER_PRESS,SHOULDER_PRESS,3,8,52.19.00,41.29.00,2025-01-24T18:24:26.0,141,24,1266.06.00,3,2025-08-07T19:02:18.516Z
2668,18092059068,LATERAL_RAISE,LATERAL_RAISE,1,10,18.13,62.19.00,2025-01-24T18:31:49.0,106,30,543.9,3,2025-08-07T19:02:18.516Z
2669,18092059068,LATERAL_RAISE,LATERAL_RAISE,2,10,18.13,24.43.00,2025-01-24T18:36:59.0,106,30,543.9,3,2025-08-07T19:02:18.516Z
2670,18092059068,LATERAL_RAISE,LATERAL_RAISE,3,10,18.13,40.35.00,2025-01-24T18:41:09.0,106,30,543.9,3,2025-08-07T19:02:18.516Z
2671,18092059068,TRICEPS_PRESSDOWN,TRICEPS_EXTENSION,1,10,50.28.00,30.06.00,2025-01-24T18:43:40.0,110,32,1619.2600000000002,3,2025-08-07T19:02:18.516Z
2672,18092059068,TRICEPS_PRESSDOWN,TRICEPS_EXTENSION,2,12,50.28.00,37.08.00,2025-01-24T18:47:19.0,110,32,1619.2600000000002,3,2025-08-07T19:02:18.516Z
2673,18092059068,TRICEPS_PRESSDOWN,TRICEPS_EXTENSION,3,10,52.19.00,54.26.00,2025-01-24T18:50:38.0,110,32,1619.2600000000002,3,2025-08-07T19:02:18.516Z
2674,18092059068,SEATED_CABLE_ROW,ROW,1,10,68.06.00,48.17.00,2025-01-24T18:56:06.0,189,34,2204.6,3,2025-08-07T19:02:18.516Z
2675,18092059068,SEATED_CABLE_ROW,ROW,2,12,63.5,117.11.00,2025-01-24T19:03:15.0,189,34,2204.6,3,2025-08-07T19:02:18.516Z
2676,18092059068,SEATED_CABLE_ROW,ROW,3,12,63.5,44.28.00,2025-01-24T19:07:22.0,189,34,2204.6,3,2025-08-07T19:02:18.516Z
2677,18092059068,LAT_PULLDOWN,PULL_UP,1,15,66.17.00,284.09.00,2025-01-24T19:09:37.0,331,37,2411.19.00,3,2025-08-07T19:02:18.516Z
2678,18092059068,LAT_PULLDOWN,PULL_UP,2,12,66.17.00,42.56.00,2025-01-24T19:17:37.0,331,37,2411.19.00,3,2025-08-07T19:02:18.516Z
2679,18092059068,LAT_PULLDOWN,PULL_UP,3,10,63.5,27.15.00,2025-01-24T19:20:32.0,331,37,2411.19.00,3,2025-08-07T19:02:18.516Z
2680,18092059068,STANDING_EZ_BAR_BICEPS_CURL,CURL,1,15,23.09,58.08.00,2025-01-24T19:26:31.0,123,39,884.9100000000001,3,2025-08-07T19:02:18.516Z
2681,18092059068,STANDING_EZ_BAR_BICEPS_CURL,CURL,2,12,23.09,52.56.00,2025-01-24T19:34:07.0,123,39,884.9100000000001,3,2025-08-07T19:02:18.516Z
2682,18092059068,STANDING_EZ_BAR_BICEPS_CURL,CURL,3,12,23.09,35.25.00,2025-01-24T19:44:46.0,123,39,884.9100000000001,3,2025-08-07T19:02:18.516Z
2683,18092059068,REVERSE_EZ_BAR_CURL,CURL,1,15,14.03,35.39.00,2025-01-24T19:28:21.0,125,54,736.02.00,3,2025-08-07T19:02:18.516Z
2684,18092059068,REVERSE_EZ_BAR_CURL,CURL,2,15,14.03,53.36.00,2025-01-24T19:36:29.0,125,54,736.02.00,3,2025-08-07T19:02:18.516Z
2685,18092059068,REVERSE_EZ_BAR_CURL,CURL,3,24,14.03,61.54.00,2025-01-24T19:50:24.0,125,54,736.02.00,3,2025-08-07T19:02:18.516Z
2686,18092059068,LEG_PRESS,SQUAT,1,12,82.03.00,39.45.00,2025-01-24T19:52:40.0,169,39,3183.5699999999997,3,2025-08-07T19:02:18.516Z
2687,18092059068,LEG_PRESS,SQUAT,2,12,82.03.00,62.33.00,2025-01-24T19:59:04.0,169,39,3183.5699999999997,3,2025-08-07T19:02:18.516Z
2688,18092059068,LEG_PRESS,SQUAT,3,15,82.03.00,99.03.00,2025-01-24T20:02:08.0,169,39,3183.5699999999997,3,2025-08-07T19:02:18.516Z
2689,18092059068,WEIGHTED_CRUNCH,CRUNCH,1,10,54.44.00,50.55.00,2025-01-24T20:07:26.0,187,32,1542.7600000000002,3,2025-08-07T19:02:18.516Z
2690,18092059068,WEIGHTED_CRUNCH,CRUNCH,2,10,45.38.00,104.44.00,2025-01-24T20:12:38.0,187,32,1542.7600000000002,3,2025-08-07T19:02:18.516Z
2691,18092059068,WEIGHTED_CRUNCH,CRUNCH,3,12,45.38.00,49.57.00,2025-01-24T20:19:50.0,187,32,1542.7600000000002,3,2025-08-07T19:02:18.516Z
2692,18030319028,SMITH_MACHINE_BENCH_PRESS,BENCH_PRESS,1,8,61.23.00,211.08.00,2025-01-17T20:05:36.0,293,21,1249.5900000000001,3,2025-08-07T19:02:30.526Z
2693,18064738072,PUSH_UP,PUSH_UP,1,25,<null>,53.43.00,2025-01-21T17:45:58.0,121,61,0,3,2025-08-07T19:02:27.526Z
2694,18030319028,SMITH_MACHINE_BENCH_PRESS,BENCH_PRESS,2,5,61.23.00,40.55.00,2025-01-17T20:14:46.0,293,21,1249.5900000000001,3,2025-08-07T19:02:30.526Z
2695,18064738072,PUSH_UP,PUSH_UP,2,20,<null>,40.33.00,2025-01-21T17:49:25.0,121,61,0,3,2025-08-07T19:02:27.526Z
2696,18030319028,SMITH_MACHINE_BENCH_PRESS,BENCH_PRESS,3,8,56.7,44.35.00,2025-01-17T20:18:20.0,293,21,1249.5900000000001,3,2025-08-07T19:02:30.526Z
2697,18064738072,PUSH_UP,PUSH_UP,3,16,<null>,37.29.00,2025-01-21T17:52:50.0,121,61,0,3,2025-08-07T19:02:27.526Z
2698,18030319028,TRICEPS_PRESSDOWN,TRICEPS_EXTENSION,1,10,54.43.00,39.07.00,2025-01-17T20:20:48.0,77,26,1397.02.00,3,2025-08-07T19:02:30.526Z
2699,18030319028,TRICEPS_PRESSDOWN,TRICEPS_EXTENSION,2,8,54.43.00,30.25.00,2025-01-17T20:23:35.0,77,26,1397.02.00,3,2025-08-07T19:02:30.526Z
2700,18030319028,TRICEPS_PRESSDOWN,TRICEPS_EXTENSION,3,8,52.16.00,30.55.00,2025-01-17T20:26:12.0,77,26,1397.02.00,3,2025-08-07T19:02:30.526Z
2701,18022618229,SEATED_CABLE_ROW,ROW,1,12,63.5,49.28.00,2025-01-16T20:05:53.0,117,36,2232.04.00,3,2025-08-07T19:02:34.522Z
2702,18022618229,SEATED_CABLE_ROW,ROW,2,12,59.37.00,40.27.00,2025-01-16T20:11:37.0,117,36,2232.04.00,3,2025-08-07T19:02:34.522Z
2703,18022618229,SEATED_CABLE_ROW,ROW,3,12,63.5,46.15.00,2025-01-16T20:14:45.0,117,36,2232.04.00,3,2025-08-07T19:02:34.522Z
2704,18022618229,LAT_PULLDOWN,PULL_UP,1,12,72.57.00,47.17.00,2025-01-16T20:25:20.0,118,36,2558.16.00,3,2025-08-07T19:02:34.522Z
2705,18022618229,LAT_PULLDOWN,PULL_UP,2,12,72.57.00,35.28.00,2025-01-16T20:31:25.0,118,36,2558.16.00,3,2025-08-07T19:02:34.522Z
2706,18022618229,LAT_PULLDOWN,PULL_UP,3,12,68.04.00,48.01.00,2025-01-16T20:37:10.0,118,36,2558.16.00,3,2025-08-07T19:02:34.522Z
2707,18022618229,EZ_BAR_PREACHER_CURL,CURL,1,12,38.56.00,45.54.00,2025-01-16T20:45:38.0,113,34,1311.04.00,3,2025-08-07T19:02:34.522Z
2708,18022618229,EZ_BAR_PREACHER_CURL,CURL,2,12,38.56.00,45.53.00,2025-01-16T20:49:47.0,113,34,1311.04.00,3,2025-08-07T19:02:34.522Z
2709,18022618229,EZ_BAR_PREACHER_CURL,CURL,3,10,38.56.00,40.04.00,2025-01-16T20:57:24.0,113,34,1311.04.00,3,2025-08-07T19:02:34.522Z
2710,18022618229,DUMBBELL_LATERAL_RAISE,LATERAL_RAISE,1,12,16.28,44.18.00,2025-01-16T21:02:10.0,120,36,571.6800000000001,3,2025-08-07T19:02:34.522Z
2711,18022618229,DUMBBELL_LATERAL_RAISE,LATERAL_RAISE,2,12,16.28,44.27.00,2025-01-16T21:05:43.0,120,36,571.6800000000001,3,2025-08-07T19:02:34.522Z
2712,18022618229,DUMBBELL_LATERAL_RAISE,LATERAL_RAISE,3,12,16.28,54.32.00,2025-01-16T21:10:10.0,120,36,571.6800000000001,3,2025-08-07T19:02:34.522Z
2713,18022618229,CROSS_BODY_DUMBBELL_HAMMER_CURL,CURL,1,6,32.15.00,38.51.00,2025-01-16T21:16:46.0,92,26,734.9,3,2025-08-07T19:02:34.522Z
2714,18022618229,CROSS_BODY_DUMBBELL_HAMMER_CURL,CURL,2,10,27.22.00,34.48.00,2025-01-16T21:21:29.0,92,26,734.9,3,2025-08-07T19:02:34.522Z
2715,18022618229,CROSS_BODY_DUMBBELL_HAMMER_CURL,CURL,3,10,27.22.00,46.14.00,2025-01-16T21:26:56.0,92,26,734.9,3,2025-08-07T19:02:34.522Z
2716,18022618229,REVERSE_EZ_BAR_CURL,CURL,1,20,14.01,53.07.00,2025-01-16T21:31:35.0,126,55,748.55.00,3,2025-08-07T19:02:34.522Z
2717,18022618229,REVERSE_EZ_BAR_CURL,CURL,2,20,14.01,52.06.00,2025-01-16T21:36:58.0,126,55,748.55.00,3,2025-08-07T19:02:34.522Z
2718,18022618229,REVERSE_EZ_BAR_CURL,CURL,3,15,14.01,48.33.00,2025-01-16T21:41:44.0,126,55,748.55.00,3,2025-08-07T19:02:34.522Z
2719,18022618229,LEG_PRESS,SQUAT,1,15,72.57.00,62.54.00,2025-01-16T21:45:50.0,175,45,3538.05.00,3,2025-08-07T19:02:34.522Z
2720,18022618229,LEG_PRESS,SQUAT,2,15,82.05.00,67.22.00,2025-01-16T21:55:27.0,175,45,3538.05.00,3,2025-08-07T19:02:34.522Z
2721,18022618229,LEG_PRESS,SQUAT,3,15,82.05.00,69.56.00,2025-01-16T22:04:14.0,175,45,3538.05.00,3,2025-08-07T19:02:34.522Z
2722,18004662924,SMITH_MACHINE_BENCH_PRESS,BENCH_PRESS,1,8,75.21.00,42.14.00,2025-01-14T20:06:40.0,161,25,1753.11.00,3,2025-08-07T19:02:42.499Z
2723,17968445339,LEG_PRESS,SQUAT,1,12,72.56.00,54.15.00,2025-01-10T20:44:15.0,158,39,3075.13.00,3,2025-08-07T19:02:45.242Z
2724,18004662924,SMITH_MACHINE_BENCH_PRESS,BENCH_PRESS,2,8,70.31.00,68.04.00,2025-01-14T20:11:23.0,161,25,1753.11.00,3,2025-08-07T19:02:42.499Z
2725,17968445339,LEG_PRESS,SQUAT,2,15,82.03.00,61.03.00,2025-01-10T20:48:34.0,158,39,3075.13.00,3,2025-08-07T19:02:45.242Z
2726,18004662924,SMITH_MACHINE_BENCH_PRESS,BENCH_PRESS,3,9,66.15.00,79.01.00,2025-01-14T20:16:25.0,161,25,1753.11.00,3,2025-08-07T19:02:42.499Z
2727,17968445339,LEG_PRESS,SQUAT,3,12,82.03.00,64.19.00,2025-01-10T20:56:52.0,158,39,3075.13.00,3,2025-08-07T19:02:45.242Z
2728,18004662924,SEATED_CABLE_ROW,ROW,1,12,63.5,49.26.00,2025-01-14T20:20:36.0,135,34,2159,3,2025-08-07T19:02:42.499Z
2729,17968445339,INCLINE_SMITH_MACHINE_BENCH_PRESS,BENCH_PRESS,1,10,61.25.00,55.29.00,2025-01-10T21:04:41.0,141,28,1715,3,2025-08-07T19:02:45.242Z
2730,18004662924,SEATED_CABLE_ROW,ROW,2,10,63.5,52.25.00,2025-01-14T20:25:54.0,135,34,2159,3,2025-08-07T19:02:42.499Z
2731,17968445339,INCLINE_SMITH_MACHINE_BENCH_PRESS,BENCH_PRESS,2,10,61.25.00,53.39.00,2025-01-10T21:10:34.0,141,28,1715,3,2025-08-07T19:02:45.242Z
2732,18004662924,SEATED_CABLE_ROW,ROW,3,12,63.5,52.08.00,2025-01-14T20:36:40.0,135,34,2159,3,2025-08-07T19:02:42.499Z
2733,17968445339,INCLINE_SMITH_MACHINE_BENCH_PRESS,BENCH_PRESS,3,8,61.25.00,61.21.00,2025-01-10T21:18:19.0,141,28,1715,3,2025-08-07T19:02:45.242Z
2734,18004662924,EZ_BAR_PREACHER_CURL,CURL,1,10,41.21.00,58.49.00,2025-01-14T20:44:35.0,111,28,1102.18.00,3,2025-08-07T19:02:42.499Z
2735,17968445339,SMITH_MACHINE_BENCH_PRESS,BENCH_PRESS,1,10,63.5,41.44.00,2025-01-10T21:29:01.0,205,30,1905,3,2025-08-07T19:02:45.242Z
2736,18004662924,EZ_BAR_PREACHER_CURL,CURL,2,10,38.56.00,44.42.00,2025-01-14T20:55:43.0,111,28,1102.18.00,3,2025-08-07T19:02:42.499Z
2737,17968445339,SMITH_MACHINE_BENCH_PRESS,BENCH_PRESS,2,10,63.5,131.11.00,2025-01-10T21:32:33.0,205,30,1905,3,2025-08-07T19:02:45.242Z
2738,18004662924,EZ_BAR_PREACHER_CURL,CURL,3,8,38.56.00,34.01.00,2025-01-14T20:59:13.0,111,28,1102.18.00,3,2025-08-07T19:02:42.499Z
2739,17968445339,SMITH_MACHINE_BENCH_PRESS,BENCH_PRESS,3,10,63.5,39.48.00,2025-01-10T21:39:07.0,205,30,1905,3,2025-08-07T19:02:45.242Z
2740,18004662924,TRICEPS_PRESSDOWN,TRICEPS_EXTENSION,1,10,50.28.00,45.38.00,2025-01-14T21:03:33.0,110,30,1496.4,3,2025-08-07T19:02:42.499Z
2741,17968445339,TRICEPS_PRESS,TRICEPS_EXTENSION,1,12,59.34.00,74.35.00,2025-01-10T21:45:49.0,244,34,2127.38.00,3,2025-08-07T19:02:45.242Z
2742,18004662924,TRICEPS_PRESSDOWN,TRICEPS_EXTENSION,2,10,50.28.00,41.51.00,2025-01-14T21:10:14.0,110,30,1496.4,3,2025-08-07T19:02:42.499Z
2743,17968445339,TRICEPS_PRESS,TRICEPS_EXTENSION,2,12,63.5,98.11.00,2025-01-10T21:51:41.0,244,34,2127.38.00,3,2025-08-07T19:02:45.242Z
2744,18004662924,TRICEPS_PRESSDOWN,TRICEPS_EXTENSION,3,10,50.28.00,27.08.00,2025-01-14T21:12:53.0,110,30,1496.4,3,2025-08-07T19:02:42.499Z
2745,17968445339,TRICEPS_PRESS,TRICEPS_EXTENSION,3,10,66.17.00,98.04.00,2025-01-10T22:00:42.0,244,34,2127.38.00,3,2025-08-07T19:02:45.242Z
2746,17968445339,LAT_PULLDOWN,PULL_UP,1,10,66.15.00,39.37.00,2025-01-10T22:04:49.0,121,22,1446.5,2,2025-08-07T19:02:45.242Z
2747,17968445339,LAT_PULLDOWN,PULL_UP,2,12,66.15.00,87.31.00,2025-01-10T22:09:31.0,121,22,1446.5,2,2025-08-07T19:02:45.242Z
2748,17951716914,EZ_BAR_PREACHER_CURL,CURL,1,12,36.31.00,50.42.00,2025-01-08T20:08:17.0,127,34,1257.04.00,3,2025-08-07T19:02:48.709Z
2749,17951716914,EZ_BAR_PREACHER_CURL,CURL,2,12,36.31.00,38.23.00,2025-01-08T20:18:52.0,127,34,1257.04.00,3,2025-08-07T19:02:48.709Z
2750,17951716914,EZ_BAR_PREACHER_CURL,CURL,3,10,38.56.00,57.24.00,2025-01-08T20:26:56.0,127,34,1257.04.00,3,2025-08-07T19:02:48.709Z
2751,17951716914,TRICEPS_PRESSDOWN,TRICEPS_EXTENSION,1,12,54.44.00,65.06.00,2025-01-08T20:32:26.0,142,37,1980.5299999999997,3,2025-08-07T19:02:48.709Z
2752,17951716914,TRICEPS_PRESSDOWN,TRICEPS_EXTENSION,2,15,52.19.00,63.51.00,2025-01-08T20:36:12.0,142,37,1980.5299999999997,3,2025-08-07T19:02:48.709Z
2753,17951716914,TRICEPS_PRESSDOWN,TRICEPS_EXTENSION,3,10,54.44.00,41.37.00,2025-01-08T20:39:46.0,142,37,1980.5299999999997,3,2025-08-07T19:02:48.709Z
2754,17951716914,DUMBBELL_LATERAL_RAISE,LATERAL_RAISE,1,12,18.13,73.53.00,2025-01-08T20:51:42.0,149,39,707.0699999999999,3,2025-08-07T19:02:48.709Z
2755,17951716914,DUMBBELL_LATERAL_RAISE,LATERAL_RAISE,2,15,18.13,39.17.00,2025-01-08T20:57:12.0,149,39,707.0699999999999,3,2025-08-07T19:02:48.709Z
2756,17951716914,DUMBBELL_LATERAL_RAISE,LATERAL_RAISE,3,12,18.13,48.07.00,2025-01-08T21:01:51.0,149,39,707.0699999999999,3,2025-08-07T19:02:48.709Z
2757,17951716914,WEIGHTED_SIT_UP,SIT_UP,1,15,50.28.00,49.45.00,2025-01-08T21:04:24.0,132,37,1946.28.00,3,2025-08-07T19:02:48.709Z
2758,17951716914,WEIGHTED_SIT_UP,SIT_UP,2,12,54.44.00,62.57.00,2025-01-08T21:08:31.0,132,37,1946.28.00,3,2025-08-07T19:02:48.709Z
2759,17951716914,WEIGHTED_SIT_UP,SIT_UP,3,10,54.44.00,43.54.00,2025-01-08T21:12:34.0,132,37,1946.28.00,3,2025-08-07T19:02:48.709Z
2760,17943600697,SMITH_MACHINE_BENCH_PRESS,BENCH_PRESS,1,5,75.21.00,37.43.00,2025-01-07T20:19:51.0,111,19,1358.39.00,3,2025-08-07T19:02:50.655Z
2761,17943600697,SMITH_MACHINE_BENCH_PRESS,BENCH_PRESS,2,7,70.31.00,50.56.00,2025-01-07T20:22:50.0,111,19,1358.39.00,3,2025-08-07T19:02:50.655Z
2762,17943600697,SMITH_MACHINE_BENCH_PRESS,BENCH_PRESS,3,7,70.31.00,50.36.00,2025-01-07T20:29:33.0,111,19,1358.39.00,3,2025-08-07T19:02:50.655Z
2763,17943600697,SEATED_BARBELL_SHOULDER_PRESS,SHOULDER_PRESS,1,8,68.06.00,65.55.00,2025-01-07T20:35:31.0,139,22,1497.3200000000002,3,2025-08-07T19:02:50.655Z
2764,17943600697,SEATED_BARBELL_SHOULDER_PRESS,SHOULDER_PRESS,2,7,68.06.00,46.23.00,2025-01-07T20:42:20.0,139,22,1497.3200000000002,3,2025-08-07T19:02:50.655Z
2765,17943600697,SEATED_BARBELL_SHOULDER_PRESS,SHOULDER_PRESS,3,7,68.06.00,45.11.00,2025-01-07T20:50:59.0,139,22,1497.3200000000002,3,2025-08-07T19:02:50.655Z
2766,17943600697,FLYE,FLYE,1,10,63.5,39.42.00,2025-01-07T20:57:39.0,117,30,1905,3,2025-08-07T19:02:50.655Z
2767,17943600697,FLYE,FLYE,2,10,63.5,46.13.00,2025-01-07T21:01:06.0,117,30,1905,3,2025-08-07T19:02:50.655Z
2768,17943600697,FLYE,FLYE,3,10,63.5,41.12.00,2025-01-07T21:04:39.0,117,30,1905,3,2025-08-07T19:02:50.655Z
2769,17943600697,LATERAL_RAISE,LATERAL_RAISE,1,15,16.28,44.11.00,2025-01-07T21:10:05.0,131,39,619.3199999999999,3,2025-08-07T19:02:50.655Z
2770,17943600697,LATERAL_RAISE,LATERAL_RAISE,2,12,16.28,47.19.00,2025-01-07T21:13:12.0,131,39,619.3199999999999,3,2025-08-07T19:02:50.655Z
2771,17943600697,LATERAL_RAISE,LATERAL_RAISE,3,12,16.28,60.25.00,2025-01-07T21:17:33.0,131,39,619.3199999999999,3,2025-08-07T19:02:50.655Z
2772,17943600697,EZ_BAR_PREACHER_CURL,CURL,1,12,36.31.00,41.9,2025-01-07T21:21:49.0,124,28,1016.6800000000001,3,2025-08-07T19:02:50.655Z
2773,17943600697,EZ_BAR_PREACHER_CURL,CURL,2,8,36.31.00,63.55.00,2025-01-07T21:27:32.0,124,28,1016.6800000000001,3,2025-08-07T19:02:50.655Z
2774,17943600697,EZ_BAR_PREACHER_CURL,CURL,3,8,36.31.00,32.48.00,2025-01-07T21:31:36.0,124,28,1016.6800000000001,3,2025-08-07T19:02:50.655Z
2775,17943600697,SEATED_CABLE_ROW,ROW,1,12,72.56.00,52.09.00,2025-01-07T21:35:16.0,190,32,2322.32.00,3,2025-08-07T19:02:50.655Z
2776,17943600697,SEATED_CABLE_ROW,ROW,2,10,72.56.00,104.47.00,2025-01-07T21:39:12.0,190,32,2322.32.00,3,2025-08-07T19:02:50.655Z
2777,17943600697,SEATED_CABLE_ROW,ROW,3,10,72.56.00,62.46.00,2025-01-07T21:46:15.0,190,32,2322.32.00,3,2025-08-07T19:02:50.655Z
2778,17943600697,LAT_PULLDOWN,PULL_UP,1,10,72.56.00,29.38.00,2025-01-07T21:53:04.0,198,40,2767.4,3,2025-08-07T19:02:50.655Z
2779,17943600697,LAT_PULLDOWN,PULL_UP,2,15,68.06.00,42.02.00,2025-01-07T22:05:35.0,198,40,2767.4,3,2025-08-07T19:02:50.655Z
2780,17943600697,LAT_PULLDOWN,PULL_UP,3,15,68.06.00,139.54.00,2025-01-07T22:10:45.0,198,40,2767.4,3,2025-08-07T19:02:50.655Z
2781,17943600697,REVERSE_EZ_BAR_CURL,CURL,1,10,14.03,99.31.00,2025-01-07T22:20:19.0,157,34,463.42.00,3,2025-08-07T19:02:50.655Z
2782,17943600697,REVERSE_EZ_BAR_CURL,CURL,2,12,14.03,40.35.00,2025-01-07T22:26:16.0,157,34,463.42.00,3,2025-08-07T19:02:50.655Z
2783,17943600697,REVERSE_EZ_BAR_CURL,CURL,3,12,14.03,45.58.00,2025-01-07T22:31:47.0,157,34,463.42.00,3,2025-08-07T19:02:50.655Z
2784,17943600697,TRICEPS_PRESS,TRICEPS_EXTENSION,1,15,68.06.00,75.56.00,2025-01-07T22:36:20.0,199,37,2463.5,3,2025-08-07T19:02:50.655Z
2785,17943600697,TRICEPS_PRESS,TRICEPS_EXTENSION,2,10,68.06.00,38.07.00,2025-01-07T22:40:35.0,199,37,2463.5,3,2025-08-07T19:02:50.655Z
2786,17943600697,TRICEPS_PRESS,TRICEPS_EXTENSION,3,12,63.5,101.38.00,2025-01-07T22:44:58.0,199,37,2463.5,3,2025-08-07T19:02:50.655Z
2787,17892413364,SMITH_MACHINE_BENCH_PRESS,BENCH_PRESS,1,8,70.31.00,51.35.00,2025-01-01T22:12:41.0,111,21,1476.51.00,3,2025-08-07T19:02:54.524Z
2788,17926883911,SMITH_MACHINE_BENCH_PRESS,BENCH_PRESS,1,7,72.56.00,57.18.00,2025-01-06T00:17:29.0,47,7,508.32.00,1,2025-08-07T19:02:52.617Z
2789,17892413364,SMITH_MACHINE_BENCH_PRESS,BENCH_PRESS,2,8,70.31.00,46.53.00,2025-01-01T22:18:23.0,111,21,1476.51.00,3,2025-08-07T19:02:54.524Z
2790,17926883911,STANDING_EZ_BAR_BICEPS_CURL,CURL,1,12,27.19.00,46.47.00,2025-01-06T00:45:57.0,120,32,870.0800000000002,3,2025-08-07T19:02:52.617Z
2791,17892413364,SMITH_MACHINE_BENCH_PRESS,BENCH_PRESS,3,5,70.31.00,38.57.00,2025-01-01T22:22:02.0,111,21,1476.51.00,3,2025-08-07T19:02:54.524Z
2792,17926883911,STANDING_EZ_BAR_BICEPS_CURL,CURL,2,10,27.19.00,40.19.00,2025-01-06T00:48:45.0,120,32,870.0800000000002,3,2025-08-07T19:02:52.617Z
2793,17892413364,DUMBBELL_LATERAL_RAISE,LATERAL_RAISE,1,15,16.28,40.22.00,2025-01-01T22:30:01.0,141,20,317.6,2,2025-08-07T19:02:54.524Z
2794,17926883911,STANDING_EZ_BAR_BICEPS_CURL,CURL,3,10,27.19.00,45.09.00,2025-01-06T01:03:08.0,120,32,870.0800000000002,3,2025-08-07T19:02:52.617Z
2795,17892413364,DUMBBELL_LATERAL_RAISE,LATERAL_RAISE,2,5,16.28,110.3,2025-01-01T22:34:14.0,141,20,317.6,2,2025-08-07T19:02:54.524Z
2796,17926883911,SEATED_BARBELL_SHOULDER_PRESS,SHOULDER_PRESS,1,10,68.06.00,713.45.00,2025-01-06T01:06:29.0,771,29,1974.14.00,3,2025-08-07T19:02:52.617Z
2797,17892413364,LAT_PULLDOWN,PULL_UP,1,15,54.44.00,61.36.00,2025-01-01T22:40:40.0,162,39,2123.16.00,3,2025-08-07T19:02:54.524Z
2798,17926883911,SEATED_BARBELL_SHOULDER_PRESS,SHOULDER_PRESS,2,10,68.06.00,44.19.00,2025-01-06T01:21:12.0,771,29,1974.14.00,3,2025-08-07T19:02:52.617Z
2799,17892413364,LAT_PULLDOWN,PULL_UP,2,12,54.44.00,68.28.00,2025-01-01T22:44:13.0,162,39,2123.16.00,3,2025-08-07T19:02:54.524Z
2800,17926883911,SEATED_BARBELL_SHOULDER_PRESS,SHOULDER_PRESS,3,9,68.06.00,36.34.00,2025-01-06T01:26:13.0,771,29,1974.14.00,3,2025-08-07T19:02:52.617Z
2801,17926883911,TRICEPS_PRESSDOWN,TRICEPS_EXTENSION,1,12,54.44.00,166.33.00,2025-01-06T01:30:04.0,216,34,1851.36.00,3,2025-08-07T19:02:52.617Z
2802,17892413364,LAT_PULLDOWN,PULL_UP,3,12,54.44.00,53.26.00,2025-01-01T22:49:37.0,162,39,2123.16.00,3,2025-08-07T19:02:54.524Z
2803,17926883911,TRICEPS_PRESSDOWN,TRICEPS_EXTENSION,2,12,54.44.00,29.45.00,2025-01-06T01:36:11.0,216,34,1851.36.00,3,2025-08-07T19:02:52.617Z
2804,17892413364,TRICEPS_PRESSDOWN,TRICEPS_EXTENSION,1,12,45.38.00,53.39.00,2025-01-01T22:57:34.0,112,35,1588.3000000000002,3,2025-08-07T19:02:54.524Z
2805,17926883911,TRICEPS_PRESSDOWN,TRICEPS_EXTENSION,3,10,54.44.00,41.36.00,2025-01-06T01:39:48.0,216,34,1851.36.00,3,2025-08-07T19:02:52.617Z
2806,17892413364,TRICEPS_PRESSDOWN,TRICEPS_EXTENSION,2,12,45.38.00,50.23.00,2025-01-01T23:00:56.0,112,35,1588.3000000000002,3,2025-08-07T19:02:54.524Z
2807,17926883911,FLYE,FLYE,1,10,54.44.00,302.11.00,2025-01-06T01:43:27.0,353,30,1860,3,2025-08-07T19:02:52.617Z
2808,17892413364,TRICEPS_PRESSDOWN,TRICEPS_EXTENSION,3,11,45.38.00,37.41.00,2025-01-01T23:04:30.0,112,35,1588.3000000000002,3,2025-08-07T19:02:54.524Z
2809,17926883911,FLYE,FLYE,2,10,68.06.00,34.54.00,2025-01-06T01:50:38.0,353,30,1860,3,2025-08-07T19:02:52.617Z
2810,17892413364,SEATED_CABLE_ROW,ROW,1,10,72.56.00,50.47.00,2025-01-01T23:09:00.0,104,35,2427.24.00,3,2025-08-07T19:02:54.524Z
2811,17926883911,FLYE,FLYE,3,10,63.5,44.25.00,2025-01-06T01:54:56.0,353,30,1860,3,2025-08-07T19:02:52.617Z
2812,17892413364,SEATED_CABLE_ROW,ROW,2,13,68.04.00,43.51.00,2025-01-01T23:18:50.0,104,35,2427.24.00,3,2025-08-07T19:02:54.524Z
2813,17926883911,LAT_PULLDOWN,PULL_UP,1,12,68.04.00,43.59.00,2025-01-06T01:55:54.0,30,12,816.48.00,1,2025-08-07T19:02:52.617Z
2814,17892413364,SEATED_CABLE_ROW,ROW,3,12,68.06.00,38.19.00,2025-01-01T23:26:58.0,104,35,2427.24.00,3,2025-08-07T19:02:54.524Z
2815,17845440909,SEATED_CABLE_ROW,ROW,1,12,68.06.00,54.16.00,2024-12-26T23:28:30.0,125,36,2450.16.00,3,2025-08-07T19:02:58.791Z
2816,17869028999,INCLINE_SMITH_MACHINE_BENCH_PRESS,BENCH_PRESS,1,8,66.15.00,54.48.00,2024-12-29T21:30:42.0,137,20,1301.5,3,2025-08-07T19:02:56.792Z
2817,17845440909,SEATED_CABLE_ROW,ROW,2,12,68.06.00,51.03.00,2024-12-26T23:32:11.0,125,36,2450.16.00,3,2025-08-07T19:02:58.791Z
2818,17869028999,INCLINE_SMITH_MACHINE_BENCH_PRESS,BENCH_PRESS,2,6,66.15.00,39.51.00,2024-12-29T21:41:48.0,137,20,1301.5,3,2025-08-07T19:02:56.792Z
2819,17845440909,SEATED_CABLE_ROW,ROW,3,12,68.06.00,35.38.00,2024-12-26T23:40:03.0,125,36,2450.16.00,3,2025-08-07T19:02:58.791Z
2820,17869028999,INCLINE_SMITH_MACHINE_BENCH_PRESS,BENCH_PRESS,3,6,63.5,51.22.00,2024-12-29T21:46:40.0,137,20,1301.5,3,2025-08-07T19:02:56.792Z
2821,17845440909,LAT_PULLDOWN,PULL_UP,1,10,72.56.00,36.54.00,2024-12-26T23:45:39.0,128,34,2359.04.00,3,2025-08-07T19:02:58.791Z
2822,17869028999,SMITH_MACHINE_BENCH_PRESS,BENCH_PRESS,1,8,63.5,55.52.00,2024-12-29T21:52:58.0,148,23,1460.5,3,2025-08-07T19:02:56.792Z
2823,17845440909,LAT_PULLDOWN,PULL_UP,2,12,68.06.00,56.32.00,2024-12-26T23:50:53.0,128,34,2359.04.00,3,2025-08-07T19:02:58.791Z
2824,17869028999,SMITH_MACHINE_BENCH_PRESS,BENCH_PRESS,2,8,63.5,47.48.00,2024-12-29T21:56:45.0,148,23,1460.5,3,2025-08-07T19:02:56.792Z
2825,17845440909,LAT_PULLDOWN,PULL_UP,3,12,68.06.00,50.06.00,2024-12-26T23:59:30.0,128,34,2359.04.00,3,2025-08-07T19:02:58.791Z
2826,17869028999,SMITH_MACHINE_BENCH_PRESS,BENCH_PRESS,3,7,63.5,66.08.00,2024-12-29T22:03:39.0,148,23,1460.5,3,2025-08-07T19:02:56.792Z
2827,17845440909,DUMBBELL_LATERAL_RAISE,LATERAL_RAISE,1,15,16.28,62.19.00,2024-12-27T00:04:12.0,146,45,714.6,3,2025-08-07T19:02:58.791Z
2828,17869028999,TRICEPS_PRESSDOWN,TRICEPS_EXTENSION,1,13,45.38.00,52.41.00,2024-12-29T22:08:59.0,116,32,1538.06.00,3,2025-08-07T19:02:56.792Z
2829,17845440909,DUMBBELL_LATERAL_RAISE,LATERAL_RAISE,2,15,16.28,62.55.00,2024-12-27T00:11:30.0,146,45,714.6,3,2025-08-07T19:02:58.791Z
2830,17869028999,TRICEPS_PRESSDOWN,TRICEPS_EXTENSION,2,10,50.28.00,45.15.00,2024-12-29T22:17:03.0,116,32,1538.06.00,3,2025-08-07T19:02:56.792Z
2831,17845440909,DUMBBELL_LATERAL_RAISE,LATERAL_RAISE,3,15,16.28,57.58.00,2024-12-27T00:20:50.0,146,45,714.6,3,2025-08-07T19:02:58.791Z
2832,17869028999,TRICEPS_PRESSDOWN,TRICEPS_EXTENSION,3,9,50.28.00,44.36.00,2024-12-29T22:21:36.0,116,32,1538.06.00,3,2025-08-07T19:02:56.792Z
2833,17845440909,EZ_BAR_PREACHER_CURL,CURL,1,12,36.31.00,48.59.00,2024-12-27T00:28:53.0,134,34,1234.54.00,3,2025-08-07T19:02:58.791Z
2834,17869028999,EZ_BAR_PREACHER_CURL,CURL,1,15,36.31.00,53.21.00,2024-12-29T22:26:45.0,134,37,1343.4700000000003,3,2025-08-07T19:02:56.792Z
2835,17845440909,EZ_BAR_PREACHER_CURL,CURL,2,12,36.31.00,53.59.00,2024-12-27T00:37:29.0,134,34,1234.54.00,3,2025-08-07T19:02:58.791Z
2836,17869028999,EZ_BAR_PREACHER_CURL,CURL,2,10,36.31.00,52.03.00,2024-12-29T22:33:20.0,134,37,1343.4700000000003,3,2025-08-07T19:02:56.792Z
2837,17845440909,EZ_BAR_PREACHER_CURL,CURL,3,10,36.31.00,56.54.00,2024-12-27T00:43:18.0,134,34,1234.54.00,3,2025-08-07T19:02:58.791Z
2838,17869028999,EZ_BAR_PREACHER_CURL,CURL,3,12,36.31.00,40.27.00,2024-12-29T22:40:06.0,134,37,1343.4700000000003,3,2025-08-07T19:02:56.792Z
2839,17845440909,STANDING_EZ_BAR_BICEPS_CURL,CURL,1,12,27.22.00,47.45.00,2024-12-27T00:48:55.0,120,39,1061.22.00,3,2025-08-07T19:02:58.791Z
2840,17869028999,DUMBBELL_LATERAL_RAISE,LATERAL_RAISE,1,15,16.28,48.59.00,2024-12-29T22:45:24.0,132,42,667.36.00,3,2025-08-07T19:02:56.792Z
2841,17845440909,STANDING_EZ_BAR_BICEPS_CURL,CURL,2,12,27.19.00,49.45.00,2024-12-27T00:51:40.0,120,39,1061.22.00,3,2025-08-07T19:02:58.791Z
2842,17869028999,DUMBBELL_LATERAL_RAISE,LATERAL_RAISE,2,15,16.28,47.11.00,2024-12-29T22:58:17.0,132,42,667.36.00,3,2025-08-07T19:02:56.792Z
2843,17845440909,STANDING_EZ_BAR_BICEPS_CURL,CURL,3,15,27.22.00,49.22.00,2024-12-27T00:59:21.0,120,39,1061.22.00,3,2025-08-07T19:02:58.791Z
2844,17869028999,DUMBBELL_LATERAL_RAISE,LATERAL_RAISE,3,12,16.28,41.52.00,2024-12-29T23:01:11.0,132,42,667.36.00,3,2025-08-07T19:02:56.792Z
2845,17845440909,BARBELL_UPRIGHT_ROW,SHRUG,1,10,27.19.00,54.52.00,2024-12-27T01:03:26.0,109,30,815.7,3,2025-08-07T19:02:58.791Z
2846,17869028999,LAT_PULLDOWN,PULL_UP,1,10,72.56.00,44.46.00,2024-12-29T23:06:54.0,104,34,2359.04.00,3,2025-08-07T19:02:56.792Z
2847,17845440909,BARBELL_UPRIGHT_ROW,SHRUG,2,10,27.19.00,34.43.00,2024-12-27T01:06:59.0,109,30,815.7,3,2025-08-07T19:02:58.791Z
2848,17869028999,LAT_PULLDOWN,PULL_UP,2,12,68.06.00,52.58.00,2024-12-29T23:12:52.0,104,34,2359.04.00,3,2025-08-07T19:02:56.792Z
2849,17845440909,BARBELL_UPRIGHT_ROW,SHRUG,3,10,27.19.00,49.58.00,2024-12-27T01:13:07.0,109,30,815.7,3,2025-08-07T19:02:58.791Z
2850,17869028999,LAT_PULLDOWN,PULL_UP,3,12,68.06.00,44.04.00,2024-12-29T23:17:07.0,104,34,2359.04.00,3,2025-08-07T19:02:56.792Z
2851,17845440909,WEIGHTED_CRUNCH,CRUNCH,1,12,57.09.00,57.39.00,2024-12-27T01:14:26.0,77,24,1360.56.00,2,2025-08-07T19:02:58.791Z
2852,17845440909,WEIGHTED_CRUNCH,CRUNCH,2,12,57.09.00,44.36.00,2024-12-27T01:19:25.0,77,24,1360.56.00,2,2025-08-07T19:02:58.791Z
2853,17818220945,BODY_WEIGHT_DIP,TRICEPS_EXTENSION,1,12,<null>,47.53.00,2024-12-23T01:06:05.0,129,34,0,3,2025-08-07T19:03:00.628Z
2854,17818220945,BODY_WEIGHT_DIP,TRICEPS_EXTENSION,2,12,<null>,51.15.00,2024-12-23T01:13:23.0,129,34,0,3,2025-08-07T19:03:00.628Z
2855,17818220945,BODY_WEIGHT_DIP,TRICEPS_EXTENSION,3,10,<null>,51.55.00,2024-12-23T01:20:34.0,129,34,0,3,2025-08-07T19:03:00.628Z
2856,17818220945,SMITH_MACHINE_BENCH_PRESS,BENCH_PRESS,1,10,61.25.00,204.28.00,2024-12-23T01:31:09.0,328,25,1531.25.00,3,2025-08-07T19:03:00.628Z
2857,17818220945,SMITH_MACHINE_BENCH_PRESS,BENCH_PRESS,2,8,61.25.00,49.26.00,2024-12-23T01:41:36.0,328,25,1531.25.00,3,2025-08-07T19:03:00.628Z
2858,17818220945,SMITH_MACHINE_BENCH_PRESS,BENCH_PRESS,3,7,61.25.00,115.44.00,2024-12-23T01:45:37.0,328,25,1531.25.00,3,2025-08-07T19:03:00.628Z
2859,17818220945,EZ_BAR_PREACHER_CURL,CURL,1,15,27.19.00,172.46.00,2024-12-23T01:48:18.0,242,31,916.25.00,3,2025-08-07T19:03:00.628Z
2860,17818220945,EZ_BAR_PREACHER_CURL,CURL,2,8,32.15.00,62.05.00,2024-12-23T01:53:37.0,242,31,916.25.00,3,2025-08-07T19:03:00.628Z
2861,17818220945,EZ_BAR_PREACHER_CURL,CURL,3,8,32.15.00,43.48.00,2024-12-23T01:56:44.0,242,31,916.25.00,3,2025-08-07T19:03:00.628Z
2862,17797013892,DUMBBELL_LATERAL_RAISE,LATERAL_RAISE,1,15,18.13,52.38.00,2024-12-19T19:46:03.0,118,39,707.0699999999999,3,2025-08-07T19:03:03.265Z
2863,17797013892,DUMBBELL_LATERAL_RAISE,LATERAL_RAISE,2,12,18.13,41.48.00,2024-12-19T19:52:41.0,118,39,707.0699999999999,3,2025-08-07T19:03:03.265Z
2864,17797013892,DUMBBELL_LATERAL_RAISE,LATERAL_RAISE,3,12,18.13,54.14.00,2024-12-19T20:02:21.0,118,39,707.0699999999999,3,2025-08-07T19:03:03.265Z
2865,17797013892,DUMBBELL_FRONT_RAISE,SHOULDER_PRESS,1,10,23.09,60.58.00,2024-12-19T19:47:30.0,151,30,680.6,3,2025-08-07T19:03:03.265Z
2866,17797013892,DUMBBELL_FRONT_RAISE,SHOULDER_PRESS,2,10,23.08,60.24.00,2024-12-19T19:57:16.0,151,30,680.6,3,2025-08-07T19:03:03.265Z
2867,17797013892,DUMBBELL_FRONT_RAISE,SHOULDER_PRESS,3,10,23.09,52.46.00,2024-12-19T20:06:14.0,151,30,680.6,3,2025-08-07T19:03:03.265Z
2868,17797013892,EZ_BAR_PREACHER_CURL,CURL,1,10,41.21.00,41.09.00,2024-12-19T20:13:43.0,143,32,1207.32.00,3,2025-08-07T19:03:03.265Z
2869,17797013892,EZ_BAR_PREACHER_CURL,CURL,2,10,36.31.00,67.53.00,2024-12-19T20:20:30.0,143,32,1207.32.00,3,2025-08-07T19:03:03.265Z
2870,17797013892,EZ_BAR_PREACHER_CURL,CURL,3,12,36.31.00,66.29.00,2024-12-19T20:26:26.0,143,32,1207.32.00,3,2025-08-07T19:03:03.265Z
2871,17797013892,BARBELL_UPRIGHT_ROW,SHRUG,1,15,23.09,68.01.00,2024-12-19T20:32:21.0,145,45,1021.0500000000001,3,2025-08-07T19:03:03.265Z
2872,17797013892,BARBELL_UPRIGHT_ROW,SHRUG,2,15,23.09,58.57.00,2024-12-19T20:38:09.0,145,45,1021.0500000000001,3,2025-08-07T19:03:03.265Z
2873,17797013892,BARBELL_UPRIGHT_ROW,SHRUG,3,15,23.09,51.25.00,2024-12-19T20:43:57.0,145,45,1021.0500000000001,3,2025-08-07T19:03:03.265Z
2874,17797013892,NEUTRAL_GRIP_DUMBBELL_INCLINE_BENCH_PRESS,BENCH_PRESS,1,10,36.31.00,70.42.00,2024-12-19T20:47:55.0,63,10,363.1,1,2025-08-07T19:03:03.265Z
2875,17797013892,TRICEPS_PRESSDOWN,TRICEPS_EXTENSION,1,15,50.28.00,59.57.00,2024-12-19T20:53:33.0,122,42,2157.33.00,3,2025-08-07T19:03:03.265Z
2876,17797013892,TRICEPS_PRESSDOWN,TRICEPS_EXTENSION,2,12,52.19.00,44.02.00,2024-12-19T20:58:21.0,122,42,2157.33.00,3,2025-08-07T19:03:03.265Z
2877,17797013892,TRICEPS_PRESSDOWN,TRICEPS_EXTENSION,3,15,52.19.00,41.13.00,2024-12-19T21:07:59.0,122,42,2157.33.00,3,2025-08-07T19:03:03.265Z
2878,17775266867,SMITH_MACHINE_BENCH_PRESS,BENCH_PRESS,1,12,66.15.00,64.56.00,2024-12-16T20:06:57.0,136,28,1841,3,2025-08-07T19:03:07.925Z
2879,17782985131,EZ_BAR_PREACHER_CURL,CURL,1,10,41.21.00,61.08.00,2024-12-17T20:21:57.0,141,32,1207.32.00,3,2025-08-07T19:03:05.933Z
2880,17775266867,SMITH_MACHINE_BENCH_PRESS,BENCH_PRESS,2,8,66.15.00,42.26.00,2024-12-16T20:10:32.0,136,28,1841,3,2025-08-07T19:03:07.925Z
2881,17782985131,EZ_BAR_PREACHER_CURL,CURL,2,12,36.31.00,44.35.00,2024-12-17T20:28:29.0,141,32,1207.32.00,3,2025-08-07T19:03:05.933Z
2882,17775266867,SMITH_MACHINE_BENCH_PRESS,BENCH_PRESS,3,8,66.15.00,50.54.00,2024-12-16T20:14:18.0,136,28,1841,3,2025-08-07T19:03:07.925Z
2883,17782985131,EZ_BAR_PREACHER_CURL,CURL,3,10,36.31.00,43.57.00,2024-12-17T20:31:48.0,141,32,1207.32.00,3,2025-08-07T19:03:05.933Z
2884,17775266867,BANDED_EXERCISES,BANDED_EXERCISES,1,10,22.15,50.31.00,2024-12-16T20:23:23.0,128,32,667.1800000000001,3,2025-08-07T19:03:07.925Z
2885,17782985131,SEATED_CABLE_ROW,ROW,1,10,68.06.00,51.11.00,2024-12-17T20:36:09.0,120,32,2123.2,3,2025-08-07T19:03:05.933Z
2886,17775266867,BANDED_EXERCISES,BANDED_EXERCISES,2,10,20.44,49.22.00,2024-12-16T20:26:01.0,128,32,667.1800000000001,3,2025-08-07T19:03:07.925Z
2887,17782985131,SEATED_CABLE_ROW,ROW,2,10,68.06.00,48.53.00,2024-12-17T20:40:12.0,120,32,2123.2,3,2025-08-07T19:03:05.933Z
2888,17775266867,BANDED_EXERCISES,BANDED_EXERCISES,3,12,20.44,56.44.00,2024-12-16T20:28:53.0,128,32,667.1800000000001,3,2025-08-07T19:03:07.925Z
2889,17782985131,SEATED_CABLE_ROW,ROW,3,12,63.5,43.59.00,2024-12-17T20:44:17.0,120,32,2123.2,3,2025-08-07T19:03:05.933Z
2890,17775266867,BODY_WEIGHT_DIP,TRICEPS_EXTENSION,1,8,<null>,39.09.00,2024-12-16T20:32:25.0,39,8,0,1,2025-08-07T19:03:07.925Z
2891,17782985131,CROSS_BODY_DUMBBELL_HAMMER_CURL,CURL,1,15,27.19.00,56.27.00,2024-12-17T20:50:51.0,138,42,1142.38.00,3,2025-08-07T19:03:05.933Z
2892,17775266867,TRICEPS_PRESSDOWN,TRICEPS_EXTENSION,1,12,50.28.00,38.53.00,2024-12-16T20:36:58.0,96,32,1596.16.00,3,2025-08-07T19:03:07.925Z
2893,17782985131,CROSS_BODY_DUMBBELL_HAMMER_CURL,CURL,2,15,27.19.00,57.09.00,2024-12-17T20:58:30.0,138,42,1142.38.00,3,2025-08-07T19:03:05.933Z
2894,17775266867,TRICEPS_PRESSDOWN,TRICEPS_EXTENSION,2,10,50.28.00,31.31.00,2024-12-16T20:40:49.0,96,32,1596.16.00,3,2025-08-07T19:03:07.925Z
2895,17782985131,CROSS_BODY_DUMBBELL_HAMMER_CURL,CURL,3,12,27.19.00,42.15.00,2024-12-17T21:02:54.0,138,42,1142.38.00,3,2025-08-07T19:03:05.933Z
2896,17775266867,TRICEPS_PRESSDOWN,TRICEPS_EXTENSION,3,10,50.28.00,47.11.00,2024-12-16T20:44:21.0,96,32,1596.16.00,3,2025-08-07T19:03:07.925Z
2897,17782985131,LAT_PULLDOWN,PULL_UP,1,10,68.06.00,47.29.00,2024-12-17T21:04:49.0,112,34,2314.04.00,3,2025-08-07T19:03:05.933Z
2898,17775266867,CALF_RAISE,CALF_RAISE,1,20,72.57.00,53.26.00,2024-12-16T20:51:14.0,127,62,4499.34.00,3,2025-08-07T19:03:07.925Z
2899,17782985131,LAT_PULLDOWN,PULL_UP,2,12,68.06.00,48.35.00,2024-12-17T21:08:28.0,112,34,2314.04.00,3,2025-08-07T19:03:05.933Z
2900,17775266867,CALF_RAISE,CALF_RAISE,2,20,72.57.00,42.17.00,2024-12-16T21:00:01.0,127,62,4499.34.00,3,2025-08-07T19:03:07.925Z
2901,17782985131,LAT_PULLDOWN,PULL_UP,3,12,68.06.00,48.08.00,2024-12-17T21:13:26.0,112,34,2314.04.00,3,2025-08-07T19:03:05.933Z
2902,17775266867,CALF_RAISE,CALF_RAISE,3,22,72.57.00,39.47.00,2024-12-16T21:03:08.0,127,62,4499.34.00,3,2025-08-07T19:03:07.925Z
2903,17775266867,DUMBBELL_LATERAL_RAISE,LATERAL_RAISE,1,15,18.13,64.23.00,2024-12-16T20:52:55.0,148,66,967.0799999999999,3,2025-08-07T19:03:07.925Z
2904,17775266867,DUMBBELL_LATERAL_RAISE,LATERAL_RAISE,2,26,14.03,56.12.00,2024-12-16T21:00:57.0,148,66,967.0799999999999,3,2025-08-07T19:03:07.925Z
2905,17775266867,DUMBBELL_LATERAL_RAISE,LATERAL_RAISE,3,25,14.03,48.56.00,2024-12-16T21:04:02.0,148,66,967.0799999999999,3,2025-08-07T19:03:07.925Z
2906,17747631573,BANDED_EXERCISES,BANDED_EXERCISES,1,12,0,45.59.00,2024-12-12T20:01:56.0,967,238,7788.039999999999,20,2025-08-07T19:03:12.114Z
2907,17761897153,BANDED_EXERCISES,BANDED_EXERCISES,1,6,50.28.00,36,2024-12-14T23:29:07.0,1068,273,11913.820000000002,25,2025-08-07T19:03:10.113Z
2908,17747631573,BANDED_EXERCISES,BANDED_EXERCISES,2,12,0,62.08.00,2024-12-12T20:05:27.0,967,238,7788.039999999999,20,2025-08-07T19:03:12.114Z
2909,17761897153,BANDED_EXERCISES,BANDED_EXERCISES,2,8,45.38.00,41.35.00,2024-12-14T23:35:22.0,1068,273,11913.820000000002,25,2025-08-07T19:03:10.113Z
2910,17747631573,BANDED_EXERCISES,BANDED_EXERCISES,3,10,0,53.57.00,2024-12-12T20:15:04.0,967,238,7788.039999999999,20,2025-08-07T19:03:12.114Z
2911,17761897153,BANDED_EXERCISES,BANDED_EXERCISES,3,9,41.21.00,45.33.00,2024-12-14T23:39:34.0,1068,273,11913.820000000002,25,2025-08-07T19:03:10.113Z
2912,17747631573,BANDED_EXERCISES,BANDED_EXERCISES,4,15,52.19.00,60.29.00,2024-12-12T20:22:46.0,967,238,7788.039999999999,20,2025-08-07T19:03:12.114Z
2913,17761897153,BANDED_EXERCISES,BANDED_EXERCISES,4,8,41.21.00,41.56.00,2024-12-14T23:46:27.0,1068,273,11913.820000000002,25,2025-08-07T19:03:10.113Z
2914,17747631573,BANDED_EXERCISES,BANDED_EXERCISES,5,12,54.44.00,67.28.00,2024-12-12T20:38:05.0,967,238,7788.039999999999,20,2025-08-07T19:03:12.114Z
2915,17761897153,BANDED_EXERCISES,BANDED_EXERCISES,5,12,72.56.00,43.41.00,2024-12-14T23:51:06.0,1068,273,11913.820000000002,25,2025-08-07T19:03:10.113Z
2916,17747631573,BANDED_EXERCISES,BANDED_EXERCISES,6,10,57.09.00,65.29.00,2024-12-12T20:45:00.0,967,238,7788.039999999999,20,2025-08-07T19:03:12.114Z
2917,17761897153,BANDED_EXERCISES,BANDED_EXERCISES,6,10,72.56.00,43.47.00,2024-12-14T23:56:14.0,1068,273,11913.820000000002,25,2025-08-07T19:03:10.113Z
2918,17747631573,BANDED_EXERCISES,BANDED_EXERCISES,7,10,27.19.00,58.22.00,2024-12-12T20:48:44.0,967,238,7788.039999999999,20,2025-08-07T19:03:12.114Z
2919,17761897153,BANDED_EXERCISES,BANDED_EXERCISES,7,12,68.06.00,52.14.00,2024-12-15T00:02:00.0,1068,273,11913.820000000002,25,2025-08-07T19:03:10.113Z
2920,17747631573,BANDED_EXERCISES,BANDED_EXERCISES,8,12,27.19.00,59.29.00,2024-12-12T21:00:05.0,967,238,7788.039999999999,20,2025-08-07T19:03:12.114Z
2921,17761897153,BANDED_EXERCISES,BANDED_EXERCISES,8,8,27.19.00,55.15.00,2024-12-15T00:08:47.0,1068,273,11913.820000000002,25,2025-08-07T19:03:10.113Z
2922,17747631573,BANDED_EXERCISES,BANDED_EXERCISES,9,12,27.19.00,46.56.00,2024-12-12T21:11:35.0,967,238,7788.039999999999,20,2025-08-07T19:03:12.114Z
2923,17761897153,BANDED_EXERCISES,BANDED_EXERCISES,9,10,23.09,78.08.00,2024-12-15T00:14:26.0,1068,273,11913.820000000002,25,2025-08-07T19:03:10.113Z
2924,17747631573,BANDED_EXERCISES,BANDED_EXERCISES,10,12,41.21.00,69.57.00,2024-12-12T21:14:52.0,967,238,7788.039999999999,20,2025-08-07T19:03:12.114Z
2925,17761897153,BANDED_EXERCISES,BANDED_EXERCISES,10,15,23.09,50.39.00,2024-12-15T00:25:18.0,1068,273,11913.820000000002,25,2025-08-07T19:03:10.113Z
2926,17747631573,BANDED_EXERCISES,BANDED_EXERCISES,11,15,41.21.00,54.47.00,2024-12-12T21:19:43.0,967,238,7788.039999999999,20,2025-08-07T19:03:12.114Z
2927,17761897153,BANDED_EXERCISES,BANDED_EXERCISES,11,12,23.09,108.25.00,2024-12-15T00:28:43.0,1068,273,11913.820000000002,25,2025-08-07T19:03:10.113Z
2928,17747631573,BANDED_EXERCISES,BANDED_EXERCISES,12,12,43.06.00,64.53.00,2024-12-12T21:24:24.0,967,238,7788.039999999999,20,2025-08-07T19:03:12.114Z
2929,17761897153,BANDED_EXERCISES,BANDED_EXERCISES,12,12,63.5,56.58.00,2024-12-15T00:33:08.0,1068,273,11913.820000000002,25,2025-08-07T19:03:10.113Z
2930,17747631573,BANDED_EXERCISES,BANDED_EXERCISES,13,10,32.15.00,46.59.00,2024-12-12T21:29:35.0,967,238,7788.039999999999,20,2025-08-07T19:03:12.114Z
2931,17761897153,BANDED_EXERCISES,BANDED_EXERCISES,13,12,63.5,50.28.00,2024-12-15T00:40:32.0,1068,273,11913.820000000002,25,2025-08-07T19:03:10.113Z
2932,17747631573,BANDED_EXERCISES,BANDED_EXERCISES,14,11,27.19.00,58.09.00,2024-12-12T21:34:26.0,967,238,7788.039999999999,20,2025-08-07T19:03:12.114Z
2933,17761897153,BANDED_EXERCISES,BANDED_EXERCISES,14,12,63.5,36.43.00,2024-12-15T00:44:17.0,1068,273,11913.820000000002,25,2025-08-07T19:03:10.113Z
2934,17747631573,BANDED_EXERCISES,BANDED_EXERCISES,15,12,27.19.00,54.48.00,2024-12-12T21:40:33.0,967,238,7788.039999999999,20,2025-08-07T19:03:12.114Z
2935,17761897153,BANDED_EXERCISES,BANDED_EXERCISES,15,15,45.38.00,44.39.00,2024-12-15T00:49:17.0,1068,273,11913.820000000002,25,2025-08-07T19:03:10.113Z
2936,17747631573,BANDED_EXERCISES,BANDED_EXERCISES,16,15,23.09,48.51.00,2024-12-12T21:44:15.0,967,238,7788.039999999999,20,2025-08-07T19:03:12.114Z
2937,17761897153,BANDED_EXERCISES,BANDED_EXERCISES,16,12,50.28.00,37.12.00,2024-12-15T00:52:06.0,1068,273,11913.820000000002,25,2025-08-07T19:03:10.113Z
2938,17747631573,BANDED_EXERCISES,BANDED_EXERCISES,17,10,27.19.00,45.09.00,2024-12-12T21:47:25.0,967,238,7788.039999999999,20,2025-08-07T19:03:12.114Z
2939,17761897153,BANDED_EXERCISES,BANDED_EXERCISES,17,12,50.28.00,40.15.00,2024-12-15T00:57:07.0,1068,273,11913.820000000002,25,2025-08-07T19:03:10.113Z
2940,17747631573,BANDED_EXERCISES,BANDED_EXERCISES,18,12,27.19.00,36.01.00,2024-12-12T21:54:17.0,967,238,7788.039999999999,20,2025-08-07T19:03:12.114Z
2941,17761897153,BANDED_EXERCISES,BANDED_EXERCISES,18,15,14.03,51.11.00,2024-12-15T01:01:25.0,1068,273,11913.820000000002,25,2025-08-07T19:03:10.113Z
2942,17747631573,BANDED_EXERCISES,BANDED_EXERCISES,19,12,57.09.00,52.18.00,2024-12-12T21:55:36.0,967,238,7788.039999999999,20,2025-08-07T19:03:12.114Z
2943,17761897153,BANDED_EXERCISES,BANDED_EXERCISES,19,20,14.03,56.12.00,2024-12-15T01:06:18.0,1068,273,11913.820000000002,25,2025-08-07T19:03:10.113Z
2944,17747631573,BANDED_EXERCISES,BANDED_EXERCISES,20,12,57.09.00,46.01.00,2024-12-12T22:01:22.0,967,238,7788.039999999999,20,2025-08-07T19:03:12.114Z
2945,17761897153,BANDED_EXERCISES,BANDED_EXERCISES,20,8,27.19.00,30.02.00,2024-12-15T01:08:56.0,1068,273,11913.820000000002,25,2025-08-07T19:03:10.113Z
2946,17761897153,BANDED_EXERCISES,BANDED_EXERCISES,21,10,18.13,50.48.00,2024-12-15T01:10:21.0,1068,273,11913.820000000002,25,2025-08-07T19:03:10.113Z
2947,17761897153,BANDED_EXERCISES,BANDED_EXERCISES,22,10,27.22.00,33.51.00,2024-12-15T01:13:53.0,1068,273,11913.820000000002,25,2025-08-07T19:03:10.113Z
2948,17761897153,BANDED_EXERCISES,BANDED_EXERCISES,23,8,72.56.00,51.52.00,2024-12-15T01:17:25.0,1068,273,11913.820000000002,25,2025-08-07T19:03:10.113Z
2949,17761897153,BANDED_EXERCISES,BANDED_EXERCISES,24,10,70.31.00,39.21.00,2024-12-15T01:21:49.0,1068,273,11913.820000000002,25,2025-08-07T19:03:10.113Z
2950,17761897153,BANDED_EXERCISES,BANDED_EXERCISES,25,7,70.31.00,38.33.00,2024-12-15T01:25:29.0,1068,273,11913.820000000002,25,2025-08-07T19:03:10.113Z
2951,17718305650,BANDED_EXERCISES,BANDED_EXERCISES,1,7,48.03.00,57.22.00,2024-12-08T19:32:39.0,786,189,8107.070000000001,18,2025-08-07T19:03:16.304Z
2952,17718305650,BANDED_EXERCISES,BANDED_EXERCISES,2,8,45.38.00,38.13.00,2024-12-08T19:35:57.0,786,189,8107.070000000001,18,2025-08-07T19:03:16.304Z
2953,17718305650,BANDED_EXERCISES,BANDED_EXERCISES,3,8,45.38.00,42.12.00,2024-12-08T19:41:35.0,786,189,8107.070000000001,18,2025-08-07T19:03:16.304Z
2954,17718305650,BANDED_EXERCISES,BANDED_EXERCISES,4,10,75.21.00,56.48.00,2024-12-08T19:49:05.0,786,189,8107.070000000001,18,2025-08-07T19:03:16.304Z
2955,17718305650,BANDED_EXERCISES,BANDED_EXERCISES,5,10,75.21.00,43.46.00,2024-12-08T19:54:17.0,786,189,8107.070000000001,18,2025-08-07T19:03:16.304Z
2956,17718305650,BANDED_EXERCISES,BANDED_EXERCISES,6,10,75.21.00,56.12.00,2024-12-08T20:02:48.0,786,189,8107.070000000001,18,2025-08-07T19:03:16.304Z
2957,17718305650,BANDED_EXERCISES,BANDED_EXERCISES,7,10,32.15.00,48.32.00,2024-12-08T20:10:23.0,786,189,8107.070000000001,18,2025-08-07T19:03:16.304Z
2958,17718305650,BANDED_EXERCISES,BANDED_EXERCISES,8,8,32.15.00,40.52.00,2024-12-08T20:14:20.0,786,189,8107.070000000001,18,2025-08-07T19:03:16.304Z
2959,17718305650,BANDED_EXERCISES,BANDED_EXERCISES,9,12,27.19.00,58.56.00,2024-12-08T20:17:40.0,786,189,8107.070000000001,18,2025-08-07T19:03:16.304Z
2960,17718305650,BANDED_EXERCISES,BANDED_EXERCISES,10,10,82.03.00,76.27.00,2024-12-08T20:22:23.0,786,189,8107.070000000001,18,2025-08-07T19:03:16.304Z
2961,17718305650,BANDED_EXERCISES,BANDED_EXERCISES,11,10,77.13.00,39.39.00,2024-12-08T20:30:34.0,786,189,8107.070000000001,18,2025-08-07T19:03:16.304Z
2962,17718305650,BANDED_EXERCISES,BANDED_EXERCISES,12,10,77.13.00,38.31.00,2024-12-08T20:45:03.0,786,189,8107.070000000001,18,2025-08-07T19:03:16.304Z
2963,17718305650,BANDED_EXERCISES,BANDED_EXERCISES,13,15,23.09,83.55.00,2024-12-08T21:01:29.0,786,189,8107.070000000001,18,2025-08-07T19:03:16.304Z
2964,17718305650,BANDED_EXERCISES,BANDED_EXERCISES,14,12,18.13,37.34.00,2024-12-08T21:06:37.0,786,189,8107.070000000001,18,2025-08-07T19:03:16.304Z
2965,17718305650,BANDED_EXERCISES,BANDED_EXERCISES,15,12,23.09,57.44.00,2024-12-08T21:09:19.0,786,189,8107.070000000001,18,2025-08-07T19:03:16.304Z
2966,17718305650,BANDED_EXERCISES,BANDED_EXERCISES,16,15,18.13,46.45.00,2024-12-08T21:24:54.0,786,189,8107.070000000001,18,2025-08-07T19:03:16.304Z
2967,17718305650,BANDED_EXERCISES,BANDED_EXERCISES,17,10,23.09,53.27.00,2024-12-08T21:26:19.0,786,189,8107.070000000001,18,2025-08-07T19:03:16.304Z
2968,17718305650,BANDED_EXERCISES,BANDED_EXERCISES,18,12,18.13,45.53.00,2024-12-08T21:31:16.0,786,189,8107.070000000001,18,2025-08-07T19:03:16.304Z
2969,17697020718,BANDED_EXERCISES,BANDED_EXERCISES,1,15,45.38.00,60.58.00,2024-12-05T19:30:34.0,749,172,7118.24.00,16,2025-08-07T19:03:19.938Z
2970,17697020718,BANDED_EXERCISES,BANDED_EXERCISES,2,8,66.15.00,53.59.00,2024-12-05T19:40:02.0,749,172,7118.24.00,16,2025-08-07T19:03:19.938Z
2971,17697020718,BANDED_EXERCISES,BANDED_EXERCISES,3,7,66.15.00,42.03.00,2024-12-05T19:43:30.0,749,172,7118.24.00,16,2025-08-07T19:03:19.938Z
2972,17697020718,BANDED_EXERCISES,BANDED_EXERCISES,4,5,66.15.00,40.09.00,2024-12-05T19:47:03.0,749,172,7118.24.00,16,2025-08-07T19:03:19.938Z
2973,17697020718,BANDED_EXERCISES,BANDED_EXERCISES,5,10,50.28.00,38.29.00,2024-12-05T19:50:18.0,749,172,7118.24.00,16,2025-08-07T19:03:19.938Z
2974,17697020718,BANDED_EXERCISES,BANDED_EXERCISES,6,10,50.28.00,37.23.00,2024-12-05T19:54:43.0,749,172,7118.24.00,16,2025-08-07T19:03:19.938Z
2975,17697020718,BANDED_EXERCISES,BANDED_EXERCISES,7,10,50.28.00,47.19.00,2024-12-05T19:58:14.0,749,172,7118.24.00,16,2025-08-07T19:03:19.938Z
2976,17697020718,BANDED_EXERCISES,BANDED_EXERCISES,8,8,68.06.00,53.26.00,2024-12-05T20:01:37.0,749,172,7118.24.00,16,2025-08-07T19:03:19.938Z
2977,17697020718,BANDED_EXERCISES,BANDED_EXERCISES,9,12,59.34.00,139.48.00,2024-12-05T20:07:33.0,749,172,7118.24.00,16,2025-08-07T19:03:19.938Z
2978,17697020718,BANDED_EXERCISES,BANDED_EXERCISES,10,12,59.34.00,35.45.00,2024-12-05T20:13:44.0,749,172,7118.24.00,16,2025-08-07T19:03:19.938Z
2979,17697020718,BANDED_EXERCISES,BANDED_EXERCISES,11,10,32.15.00,56.59.00,2024-12-05T20:19:43.0,749,172,7118.24.00,16,2025-08-07T19:03:19.938Z
2980,17697020718,BANDED_EXERCISES,BANDED_EXERCISES,12,10,32.15.00,52.37.00,2024-12-05T20:25:37.0,749,172,7118.24.00,16,2025-08-07T19:03:19.938Z
2981,17697020718,BANDED_EXERCISES,BANDED_EXERCISES,13,10,32.15.00,58.35.00,2024-12-05T20:35:22.0,749,172,7118.24.00,16,2025-08-07T19:03:19.938Z
2982,17697020718,BANDED_EXERCISES,BANDED_EXERCISES,14,15,16.28,51.28.00,2024-12-05T20:38:54.0,749,172,7118.24.00,16,2025-08-07T19:03:19.938Z
2983,17697020718,BANDED_EXERCISES,BANDED_EXERCISES,15,15,16.28,46.43.00,2024-12-05T20:46:54.0,749,172,7118.24.00,16,2025-08-07T19:03:19.938Z
2984,17697020718,BANDED_EXERCISES,BANDED_EXERCISES,16,15,16.28,45.19.00,2024-12-05T20:53:29.0,749,172,7118.24.00,16,2025-08-07T19:03:19.938Z
2985,17667988209,BANDED_EXERCISES,BANDED_EXERCISES,1,8,68.06.00,80.22.00,2024-12-01T23:56:47.0,726,159,6411.849999999999,15,2025-08-07T19:03:26.909Z
2986,17660195237,BANDED_EXERCISES,BANDED_EXERCISES,1,10,77.13.00,56.41.00,2024-12-01T01:13:13.0,363,88,4809.48.00,10,2025-08-07T19:03:28.840Z
2987,17667988209,BANDED_EXERCISES,BANDED_EXERCISES,2,6,68.06.00,46.02.00,2024-12-02T00:05:40.0,726,159,6411.849999999999,15,2025-08-07T19:03:26.909Z
2988,17660195237,BANDED_EXERCISES,BANDED_EXERCISES,2,10,77.13.00,34.52.00,2024-12-01T01:16:34.0,363,88,4809.48.00,10,2025-08-07T19:03:28.840Z
2989,17667988209,BANDED_EXERCISES,BANDED_EXERCISES,3,6,66.15.00,46.54.00,2024-12-02T00:09:10.0,726,159,6411.849999999999,15,2025-08-07T19:03:26.909Z
2990,17660195237,BANDED_EXERCISES,BANDED_EXERCISES,3,10,77.13.00,44.12.00,2024-12-01T01:22:00.0,363,88,4809.48.00,10,2025-08-07T19:03:28.840Z
2991,17667988209,BANDED_EXERCISES,BANDED_EXERCISES,4,12,66.15.00,56.32.00,2024-12-02T00:16:32.0,726,159,6411.849999999999,15,2025-08-07T19:03:26.909Z
2992,17660195237,BANDED_EXERCISES,BANDED_EXERCISES,4,8,36.31.00,52.43.00,2024-12-01T01:35:17.0,363,88,4809.48.00,10,2025-08-07T19:03:28.840Z
2993,17667988209,BANDED_EXERCISES,BANDED_EXERCISES,5,11,45.38.00,42.44.00,2024-12-02T00:17:50.0,726,159,6411.849999999999,15,2025-08-07T19:03:26.909Z
2994,17660195237,BANDED_EXERCISES,BANDED_EXERCISES,5,9,32.15.00,36.38.00,2024-12-01T01:38:44.0,363,88,4809.48.00,10,2025-08-07T19:03:28.840Z
2995,17667988209,BANDED_EXERCISES,BANDED_EXERCISES,6,10,66.15.00,57.38.00,2024-12-02T00:23:53.0,726,159,6411.849999999999,15,2025-08-07T19:03:26.909Z
2996,17660195237,BANDED_EXERCISES,BANDED_EXERCISES,6,9,32.15.00,48.35.00,2024-12-01T01:42:15.0,363,88,4809.48.00,10,2025-08-07T19:03:28.840Z
2997,17667988209,BANDED_EXERCISES,BANDED_EXERCISES,7,10,48.03.00,33.57.00,2024-12-02T00:25:18.0,726,159,6411.849999999999,15,2025-08-07T19:03:26.909Z
2998,17660195237,BANDED_EXERCISES,BANDED_EXERCISES,7,8,68.06.00,28.06.00,2024-12-01T01:43:21.0,363,88,4809.48.00,10,2025-08-07T19:03:28.840Z
2999,17667988209,BANDED_EXERCISES,BANDED_EXERCISES,8,10,66.15.00,48.17.00,2024-12-02T00:33:43.0,726,159,6411.849999999999,15,2025-08-07T19:03:26.909Z
3000,17660195237,BANDED_EXERCISES,BANDED_EXERCISES,8,9,45.38.00,53.31.00,2024-12-01T01:46:40.0,363,88,4809.48.00,10,2025-08-07T19:03:28.840Z
3001,17667988209,BANDED_EXERCISES,BANDED_EXERCISES,9,12,48.03.00,44.21.00,2024-12-02T00:37:22.0,726,159,6411.849999999999,15,2025-08-07T19:03:26.909Z
3002,17660195237,BANDED_EXERCISES,BANDED_EXERCISES,9,7,45.38.00,33.7,2024-12-01T01:50:04.0,363,88,4809.48.00,10,2025-08-07T19:03:28.840Z
3003,17667988209,BANDED_EXERCISES,BANDED_EXERCISES,10,10,16.28,52.7,2024-12-02T00:44:23.0,726,159,6411.849999999999,15,2025-08-07T19:03:26.909Z
3004,17660195237,BANDED_EXERCISES,BANDED_EXERCISES,10,8,45.38.00,42.33.00,2024-12-01T01:54:07.0,363,88,4809.48.00,10,2025-08-07T19:03:28.840Z
3005,17667988209,BANDED_EXERCISES,BANDED_EXERCISES,11,10,23.09,46.11.00,2024-12-02T00:45:46.0,726,159,6411.849999999999,15,2025-08-07T19:03:26.909Z
3006,17667988209,BANDED_EXERCISES,BANDED_EXERCISES,12,15,16.28,42.31.00,2024-12-02T00:51:43.0,726,159,6411.849999999999,15,2025-08-07T19:03:26.909Z
3007,17667988209,BANDED_EXERCISES,BANDED_EXERCISES,13,10,23.09,62.27.00,2024-12-02T00:55:43.0,726,159,6411.849999999999,15,2025-08-07T19:03:26.909Z
3008,17667988209,BANDED_EXERCISES,BANDED_EXERCISES,14,14,16.28,54.05.00,2024-12-02T01:03:38.0,726,159,6411.849999999999,15,2025-08-07T19:03:26.909Z
3009,17667988209,BANDED_EXERCISES,BANDED_EXERCISES,15,15,23.09,70.41.00,2024-12-02T01:14:46.0,726,159,6411.849999999999,15,2025-08-07T19:03:26.909Z
3010,17652783009,INCLINE_SMITH_MACHINE_BENCH_PRESS,BENCH_PRESS,1,10,54.44.00,68.32.00,2024-11-29T23:59:25.0,167,26,1451.44.00,3,2025-08-07T19:03:30.684Z
3011,17652783009,INCLINE_SMITH_MACHINE_BENCH_PRESS,BENCH_PRESS,2,8,57.09.00,59.29.00,2024-11-30T00:03:28.0,167,26,1451.44.00,3,2025-08-07T19:03:30.684Z
3012,17652783009,INCLINE_SMITH_MACHINE_BENCH_PRESS,BENCH_PRESS,3,8,57.09.00,58.57.00,2024-11-30T00:11:46.0,167,26,1451.44.00,3,2025-08-07T19:03:30.684Z
3013,17652783009,SMITH_MACHINE_BENCH_PRESS,BENCH_PRESS,1,7,66.15.00,55.02.00,2024-11-30T00:19:37.0,147,20,1299.25.00,3,2025-08-07T19:03:30.684Z
3014,17652783009,SMITH_MACHINE_BENCH_PRESS,BENCH_PRESS,2,6,66.15.00,60.39.00,2024-11-30T00:25:50.0,147,20,1299.25.00,3,2025-08-07T19:03:30.684Z
3015,17652783009,SMITH_MACHINE_BENCH_PRESS,BENCH_PRESS,3,7,63.5,63.24.00,2024-11-30T00:33:54.0,147,20,1299.25.00,3,2025-08-07T19:03:30.684Z
3016,17652783009,BANDED_EXERCISES,BANDED_EXERCISES,1,8,77.13.00,51.07.00,2024-11-30T00:39:01.0,834,163,6240.330000000001,16,2025-08-07T19:03:30.684Z
3017,17652783009,BANDED_EXERCISES,BANDED_EXERCISES,2,10,75.21.00,58.36.00,2024-11-30T00:47:16.0,834,163,6240.330000000001,16,2025-08-07T19:03:30.684Z
3018,17652783009,BANDED_EXERCISES,BANDED_EXERCISES,3,9,75.21.00,55.16.00,2024-11-30T00:56:34.0,834,163,6240.330000000001,16,2025-08-07T19:03:30.684Z
3019,17652783009,BANDED_EXERCISES,BANDED_EXERCISES,4,10,63.5,56.04.00,2024-11-30T01:01:20.0,834,163,6240.330000000001,16,2025-08-07T19:03:30.684Z
3020,17652783009,BANDED_EXERCISES,BANDED_EXERCISES,5,8,63.5,45.43.00,2024-11-30T01:05:05.0,834,163,6240.330000000001,16,2025-08-07T19:03:30.684Z
3021,17652783009,BANDED_EXERCISES,BANDED_EXERCISES,6,7,63.5,49.15.00,2024-11-30T01:08:35.0,834,163,6240.330000000001,16,2025-08-07T19:03:30.684Z
3022,17652783009,BANDED_EXERCISES,BANDED_EXERCISES,7,9,<null>,87.44.00,2024-11-30T01:11:24.0,834,163,6240.330000000001,16,2025-08-07T19:03:30.684Z
3023,17652783009,BANDED_EXERCISES,BANDED_EXERCISES,8,12,32.15.00,69.8,2024-11-30T01:16:19.0,834,163,6240.330000000001,16,2025-08-07T19:03:30.684Z
3024,17652783009,BANDED_EXERCISES,BANDED_EXERCISES,9,10,32.15.00,92.58.00,2024-11-30T01:23:08.0,834,163,6240.330000000001,16,2025-08-07T19:03:30.684Z
3025,17652783009,BANDED_EXERCISES,BANDED_EXERCISES,10,7,45.38.00,50.15.00,2024-11-30T01:28:44.0,834,163,6240.330000000001,16,2025-08-07T19:03:30.684Z
3026,17652783009,BANDED_EXERCISES,BANDED_EXERCISES,11,9,45.38.00,39.37.00,2024-11-30T01:33:34.0,834,163,6240.330000000001,16,2025-08-07T19:03:30.684Z
3027,17652783009,BANDED_EXERCISES,BANDED_EXERCISES,12,10,45.38.00,48.33.00,2024-11-30T01:37:17.0,834,163,6240.330000000001,16,2025-08-07T19:03:30.684Z
3028,17652783009,BANDED_EXERCISES,BANDED_EXERCISES,13,15,14.03,51.36.00,2024-11-30T01:44:28.0,834,163,6240.330000000001,16,2025-08-07T19:03:30.684Z
3029,17652783009,BANDED_EXERCISES,BANDED_EXERCISES,14,12,14.03,39.24.00,2024-11-30T01:46:20.0,834,163,6240.330000000001,16,2025-08-07T19:03:30.684Z
3030,17652783009,BANDED_EXERCISES,BANDED_EXERCISES,15,12,14.03,40.06.00,2024-11-30T01:48:23.0,834,163,6240.330000000001,16,2025-08-07T19:03:30.684Z
3031,17652783009,BANDED_EXERCISES,BANDED_EXERCISES,16,15,14.03,103.41.00,2024-11-30T01:56:03.0,834,163,6240.330000000001,16,2025-08-07T19:03:30.684Z
3032,17630345169,BANDED_EXERCISES,BANDED_EXERCISES,1,6,68.06.00,52.35.00,2024-11-26T20:20:22.0,474,80,5329.37.00,10,2025-08-07T19:03:40.522Z
3033,17638924664,BANDED_EXERCISES,BANDED_EXERCISES,1,10,75.21.00,51.09.00,2024-11-28T00:30:47.0,1004,233,8570.07.00,21,2025-08-07T19:03:34.518Z
3034,17630345169,BANDED_EXERCISES,BANDED_EXERCISES,2,8,59.34.00,95.44.00,2024-11-26T20:31:58.0,474,80,5329.37.00,10,2025-08-07T19:03:40.522Z
3035,17638924664,BANDED_EXERCISES,BANDED_EXERCISES,2,10,75.21.00,47.33.00,2024-11-28T00:34:07.0,1004,233,8570.07.00,21,2025-08-07T19:03:34.518Z
3036,17630345169,BANDED_EXERCISES,BANDED_EXERCISES,3,6,63.5,38.41.00,2024-11-26T20:40:45.0,474,80,5329.37.00,10,2025-08-07T19:03:40.522Z
3037,17638924664,BANDED_EXERCISES,BANDED_EXERCISES,3,12,75.21.00,41.07.00,2024-11-28T00:45:20.0,1004,233,8570.07.00,21,2025-08-07T19:03:34.518Z
3038,17630345169,BANDED_EXERCISES,BANDED_EXERCISES,4,12,75.21.00,69.07.00,2024-11-26T20:45:09.0,474,80,5329.37.00,10,2025-08-07T19:03:40.522Z
3039,17638924664,BANDED_EXERCISES,BANDED_EXERCISES,4,9,45.38.00,62.01.00,2024-11-28T00:52:39.0,1004,233,8570.07.00,21,2025-08-07T19:03:34.518Z
3040,17630345169,BANDED_EXERCISES,BANDED_EXERCISES,5,11,77.13.00,48.44.00,2024-11-26T20:57:08.0,474,80,5329.37.00,10,2025-08-07T19:03:40.522Z
3041,17638924664,BANDED_EXERCISES,BANDED_EXERCISES,5,8,45.38.00,43.4,2024-11-28T01:07:09.0,1004,233,8570.07.00,21,2025-08-07T19:03:34.518Z
3042,17630345169,BANDED_EXERCISES,BANDED_EXERCISES,6,8,77.13.00,44.29.00,2024-11-26T21:06:47.0,474,80,5329.37.00,10,2025-08-07T19:03:40.522Z
3043,17638924664,BANDED_EXERCISES,BANDED_EXERCISES,6,7,45.38.00,50.06.00,2024-11-28T01:14:48.0,1004,233,8570.07.00,21,2025-08-07T19:03:34.518Z
3044,17630345169,BANDED_EXERCISES,BANDED_EXERCISES,7,6,63.5,51.52.00,2024-11-26T21:12:02.0,474,80,5329.37.00,10,2025-08-07T19:03:40.522Z
3045,17638924664,BANDED_EXERCISES,BANDED_EXERCISES,7,12,32.15.00,63.36.00,2024-11-28T01:22:16.0,1004,233,8570.07.00,21,2025-08-07T19:03:34.518Z
3046,17630345169,BANDED_EXERCISES,BANDED_EXERCISES,8,5,63.5,28.17.00,2024-11-26T21:22:40.0,474,80,5329.37.00,10,2025-08-07T19:03:40.522Z
3047,17638924664,BANDED_EXERCISES,BANDED_EXERCISES,8,10,32.15.00,50.28.00,2024-11-28T01:28:55.0,1004,233,8570.07.00,21,2025-08-07T19:03:34.518Z
3048,17630345169,BANDED_EXERCISES,BANDED_EXERCISES,9,8,63.5,43.54.00,2024-11-26T21:40:56.0,474,80,5329.37.00,10,2025-08-07T19:03:40.522Z
3049,17638924664,BANDED_EXERCISES,BANDED_EXERCISES,9,10,32.15.00,45.47.00,2024-11-28T01:32:41.0,1004,233,8570.07.00,21,2025-08-07T19:03:34.518Z
3050,17630345169,BANDED_EXERCISES,BANDED_EXERCISES,10,10,50.28.00,59.43.00,2024-11-26T21:50:36.0,474,80,5329.37.00,10,2025-08-07T19:03:40.522Z
3051,17638924664,BANDED_EXERCISES,BANDED_EXERCISES,10,15,14.03,58.46.00,2024-11-28T01:39:23.0,1004,233,8570.07.00,21,2025-08-07T19:03:34.518Z
3052,17638924664,BANDED_EXERCISES,BANDED_EXERCISES,11,8,23.09,49.24.00,2024-11-28T01:40:44.0,1004,233,8570.07.00,21,2025-08-07T19:03:34.518Z
3053,17638924664,BANDED_EXERCISES,BANDED_EXERCISES,12,15,14.03,50.13.00,2024-11-28T01:45:43.0,1004,233,8570.07.00,21,2025-08-07T19:03:34.518Z
3054,17638924664,BANDED_EXERCISES,BANDED_EXERCISES,13,12,18.13,68.51.00,2024-11-28T01:53:01.0,1004,233,8570.07.00,21,2025-08-07T19:03:34.518Z
3055,17638924664,BANDED_EXERCISES,BANDED_EXERCISES,14,12,20.44,65.17.00,2024-11-28T01:57:09.0,1004,233,8570.07.00,21,2025-08-07T19:03:34.518Z
3056,17638924664,BANDED_EXERCISES,BANDED_EXERCISES,15,12,23.09,74.24.00,2024-11-28T01:59:19.0,1004,233,8570.07.00,21,2025-08-07T19:03:34.518Z
3057,17638924664,BANDED_EXERCISES,BANDED_EXERCISES,16,8,72.56.00,47.32.00,2024-11-28T02:09:45.0,1004,233,8570.07.00,21,2025-08-07T19:03:34.518Z
3058,17638924664,BANDED_EXERCISES,BANDED_EXERCISES,17,12,68.06.00,68.36.00,2024-11-28T02:16:30.0,1004,233,8570.07.00,21,2025-08-07T19:03:34.518Z
3059,17638924664,BANDED_EXERCISES,BANDED_EXERCISES,18,12,68.06.00,52.15.00,2024-11-28T02:24:51.0,1004,233,8570.07.00,21,2025-08-07T19:03:34.518Z
3060,17638924664,BANDED_EXERCISES,BANDED_EXERCISES,19,12,14.03,68.16.00,2024-11-28T02:29:20.0,1004,233,8570.07.00,21,2025-08-07T19:03:34.518Z
3061,17638924664,BANDED_EXERCISES,BANDED_EXERCISES,20,12,14.03,54.29.00,2024-11-28T02:33:24.0,1004,233,8570.07.00,21,2025-08-07T19:03:34.518Z
3062,17638924664,BANDED_EXERCISES,BANDED_EXERCISES,21,15,14.03,44.11.00,2024-11-28T02:38:13.0,1004,233,8570.07.00,21,2025-08-07T19:03:34.518Z
3063,17615728146,BANDED_EXERCISES,BANDED_EXERCISES,1,12,70.31.00,62.36.00,2024-11-24T22:55:30.0,911,190,8128.960000000002,19,2025-08-07T19:03:47.521Z
3064,17615728146,BANDED_EXERCISES,BANDED_EXERCISES,2,10,70.31.00,62.42.00,2024-11-24T23:02:39.0,911,190,8128.960000000002,19,2025-08-07T19:03:47.521Z
3065,17615728146,BANDED_EXERCISES,BANDED_EXERCISES,3,10,70.31.00,49.28.00,2024-11-24T23:11:03.0,911,190,8128.960000000002,19,2025-08-07T19:03:47.521Z
3066,17615728146,BANDED_EXERCISES,BANDED_EXERCISES,4,6,36.31.00,47.14.00,2024-11-24T23:17:12.0,911,190,8128.960000000002,19,2025-08-07T19:03:47.521Z
3067,17615728146,BANDED_EXERCISES,BANDED_EXERCISES,5,10,32.15.00,55.17.00,2024-11-24T23:21:47.0,911,190,8128.960000000002,19,2025-08-07T19:03:47.521Z
3068,17615728146,BANDED_EXERCISES,BANDED_EXERCISES,6,12,32.15.00,58.18.00,2024-11-24T23:28:58.0,911,190,8128.960000000002,19,2025-08-07T19:03:47.521Z
3069,17615728146,BANDED_EXERCISES,BANDED_EXERCISES,7,10,32.15.00,55.32.00,2024-11-24T23:32:13.0,911,190,8128.960000000002,19,2025-08-07T19:03:47.521Z
3070,17615728146,BANDED_EXERCISES,BANDED_EXERCISES,8,10,72.56.00,46.28.00,2024-11-24T23:35:02.0,911,190,8128.960000000002,19,2025-08-07T19:03:47.521Z
3071,17615728146,BANDED_EXERCISES,BANDED_EXERCISES,9,10,72.56.00,46.33.00,2024-11-24T23:41:32.0,911,190,8128.960000000002,19,2025-08-07T19:03:47.521Z
3072,17615728146,BANDED_EXERCISES,BANDED_EXERCISES,10,10,72.56.00,35.09.00,2024-11-24T23:48:40.0,911,190,8128.960000000002,19,2025-08-07T19:03:47.521Z
3073,17615728146,BANDED_EXERCISES,BANDED_EXERCISES,11,8,45.38.00,53.33.00,2024-11-24T23:57:28.0,911,190,8128.960000000002,19,2025-08-07T19:03:47.521Z
3074,17615728146,BANDED_EXERCISES,BANDED_EXERCISES,12,10,45.38.00,92.23.00,2024-11-25T00:08:59.0,911,190,8128.960000000002,19,2025-08-07T19:03:47.521Z
3075,17615728146,BANDED_EXERCISES,BANDED_EXERCISES,13,10,45.38.00,95.13.00,2024-11-25T00:20:16.0,911,190,8128.960000000002,19,2025-08-07T19:03:47.521Z
3076,17615728146,BANDED_EXERCISES,BANDED_EXERCISES,14,10,18.13,47.24.00,2024-11-25T00:25:05.0,911,190,8128.960000000002,19,2025-08-07T19:03:47.521Z
3077,17615728146,BANDED_EXERCISES,BANDED_EXERCISES,15,8,23.09,54.13.00,2024-11-25T00:26:22.0,911,190,8128.960000000002,19,2025-08-07T19:03:47.521Z
3078,17615728146,BANDED_EXERCISES,BANDED_EXERCISES,16,12,16.28,44.35.00,2024-11-25T00:33:56.0,911,190,8128.960000000002,19,2025-08-07T19:03:47.521Z
3079,17615728146,BANDED_EXERCISES,BANDED_EXERCISES,17,10,23.09,54.51.00,2024-11-25T00:38:12.0,911,190,8128.960000000002,19,2025-08-07T19:03:47.521Z
3080,17615728146,BANDED_EXERCISES,BANDED_EXERCISES,18,12,16.28,50.28.00,2024-11-25T00:44:49.0,911,190,8128.960000000002,19,2025-08-07T19:03:47.521Z
3081,17615728146,BANDED_EXERCISES,BANDED_EXERCISES,19,10,23.09,50.35.00,2024-11-25T00:46:24.0,911,190,8128.960000000002,19,2025-08-07T19:03:47.521Z
3082,17607984180,SMITH_MACHINE_BENCH_PRESS,BENCH_PRESS,1,8,63.5,48.49.00,2024-11-24T00:41:59.0,129,22,1397,3,2025-08-07T19:03:59.203Z
3083,17607984180,SMITH_MACHINE_BENCH_PRESS,BENCH_PRESS,2,8,63.5,59.26.00,2024-11-24T00:50:24.0,129,22,1397,3,2025-08-07T19:03:59.203Z
3084,17607984180,SMITH_MACHINE_BENCH_PRESS,BENCH_PRESS,3,6,63.5,46.23.00,2024-11-24T00:55:20.0,129,22,1397,3,2025-08-07T19:03:59.203Z
3085,17607984180,BANDED_EXERCISES,BANDED_EXERCISES,1,8,<null>,34.04.00,2024-11-24T01:03:22.0,375,75,2498.8399999999997,9,2025-08-07T19:03:59.203Z
3086,17607984180,BANDED_EXERCISES,BANDED_EXERCISES,2,8,<null>,34.23.00,2024-11-24T01:07:50.0,375,75,2498.8399999999997,9,2025-08-07T19:03:59.203Z
3087,17607984180,BANDED_EXERCISES,BANDED_EXERCISES,3,5,<null>,26.43.00,2024-11-24T01:17:51.0,375,75,2498.8399999999997,9,2025-08-07T19:03:59.203Z
3088,17607984180,BANDED_EXERCISES,BANDED_EXERCISES,4,6,54.44.00,60.12.00,2024-11-24T01:26:31.0,375,75,2498.8399999999997,9,2025-08-07T19:03:59.203Z
3089,17607984180,BANDED_EXERCISES,BANDED_EXERCISES,5,6,54.44.00,26.02.00,2024-11-24T01:30:23.0,375,75,2498.8399999999997,9,2025-08-07T19:03:59.203Z
3090,17607984180,BANDED_EXERCISES,BANDED_EXERCISES,6,8,54.44.00,40.37.00,2024-11-24T01:34:43.0,375,75,2498.8399999999997,9,2025-08-07T19:03:59.203Z
3091,17607984180,BANDED_EXERCISES,BANDED_EXERCISES,7,12,41.21.00,86.34.00,2024-11-24T01:38:28.0,375,75,2498.8399999999997,9,2025-08-07T19:03:59.203Z
3092,17607984180,BANDED_EXERCISES,BANDED_EXERCISES,8,12,41.21.00,55.57.00,2024-11-24T01:46:42.0,375,75,2498.8399999999997,9,2025-08-07T19:03:59.203Z
3093,17607984180,BANDED_EXERCISES,BANDED_EXERCISES,9,10,43.06.00,59.49.00,2024-11-24T01:50:21.0,375,75,2498.8399999999997,9,2025-08-07T19:03:59.203Z
3094,17578096024,BANDED_EXERCISES,BANDED_EXERCISES,1,8,68.06.00,55.54.00,2024-11-19T20:33:07.0,533,121,6462.4400000000005,12,2025-08-07T19:04:18.538Z
3095,17578096024,BANDED_EXERCISES,BANDED_EXERCISES,2,10,68.06.00,47.34.00,2024-11-19T20:39:56.0,533,121,6462.4400000000005,12,2025-08-07T19:04:18.538Z
3096,17578096024,BANDED_EXERCISES,BANDED_EXERCISES,3,12,68.06.00,48.39.00,2024-11-19T20:48:47.0,533,121,6462.4400000000005,12,2025-08-07T19:04:18.538Z
3097,17578096024,BANDED_EXERCISES,BANDED_EXERCISES,4,10,41.21.00,49.45.00,2024-11-19T21:00:38.0,533,121,6462.4400000000005,12,2025-08-07T19:04:18.538Z
3098,17578096024,BANDED_EXERCISES,BANDED_EXERCISES,5,10,41.21.00,48.05.00,2024-11-19T21:06:11.0,533,121,6462.4400000000005,12,2025-08-07T19:04:18.538Z
3099,17578096024,BANDED_EXERCISES,BANDED_EXERCISES,6,7,43.06.00,35.44.00,2024-11-19T21:13:20.0,533,121,6462.4400000000005,12,2025-08-07T19:04:18.538Z
3100,17578096024,BANDED_EXERCISES,BANDED_EXERCISES,7,12,68.06.00,43.05.00,2024-11-19T21:20:19.0,533,121,6462.4400000000005,12,2025-08-07T19:04:18.538Z
3101,17578096024,BANDED_EXERCISES,BANDED_EXERCISES,8,10,68.06.00,53.56.00,2024-11-19T21:24:30.0,533,121,6462.4400000000005,12,2025-08-07T19:04:18.538Z
3102,17578096024,BANDED_EXERCISES,BANDED_EXERCISES,9,12,68.06.00,49.17.00,2024-11-19T21:51:11.0,533,121,6462.4400000000005,12,2025-08-07T19:04:18.538Z
3103,17578096024,BANDED_EXERCISES,BANDED_EXERCISES,10,8,36.31.00,56.44.00,2024-11-19T21:56:25.0,533,121,6462.4400000000005,12,2025-08-07T19:04:18.538Z
3104,17578096024,BANDED_EXERCISES,BANDED_EXERCISES,11,10,32.15.00,46.07.00,2024-11-19T22:01:14.0,533,121,6462.4400000000005,12,2025-08-07T19:04:18.538Z
3105,17578096024,BANDED_EXERCISES,BANDED_EXERCISES,12,12,32.15.00,46.53.00,2024-11-19T22:07:06.0,533,121,6462.4400000000005,12,2025-08-07T19:04:18.538Z
3106,17563366040,BANDED_EXERCISES,BANDED_EXERCISES,1,8,<null>,36.11.00,2024-11-17T22:23:49.0,741,149,9226.38.00,16,2025-08-07T19:04:22.617Z
3107,17563366040,BANDED_EXERCISES,BANDED_EXERCISES,2,10,68.06.00,81.11.00,2024-11-17T22:28:48.0,741,149,9226.38.00,16,2025-08-07T19:04:22.617Z
3108,17563366040,BANDED_EXERCISES,BANDED_EXERCISES,3,9,68.06.00,67.36.00,2024-11-17T22:37:38.0,741,149,9226.38.00,16,2025-08-07T19:04:22.617Z
3109,17563366040,BANDED_EXERCISES,BANDED_EXERCISES,4,8,68.06.00,52.22.00,2024-11-17T22:41:44.0,741,149,9226.38.00,16,2025-08-07T19:04:22.617Z
3110,17563366040,BANDED_EXERCISES,BANDED_EXERCISES,5,8,68.06.00,50.18.00,2024-11-17T22:45:28.0,741,149,9226.38.00,16,2025-08-07T19:04:22.617Z
3111,17563366040,BANDED_EXERCISES,BANDED_EXERCISES,6,10,68.06.00,52.52.00,2024-11-17T22:50:28.0,741,149,9226.38.00,16,2025-08-07T19:04:22.617Z
3112,17563366040,BANDED_EXERCISES,BANDED_EXERCISES,7,8,68.06.00,65.52.00,2024-11-17T22:54:03.0,741,149,9226.38.00,16,2025-08-07T19:04:22.617Z
3113,17563366040,BANDED_EXERCISES,BANDED_EXERCISES,8,12,68.06.00,51.06.00,2024-11-17T23:00:19.0,741,149,9226.38.00,16,2025-08-07T19:04:22.617Z
3114,17563366040,BANDED_EXERCISES,BANDED_EXERCISES,9,10,48.03.00,50.44.00,2024-11-17T23:05:44.0,741,149,9226.38.00,16,2025-08-07T19:04:22.617Z
3115,17563366040,BANDED_EXERCISES,BANDED_EXERCISES,10,15,48.03.00,59.56.00,2024-11-17T23:14:12.0,741,149,9226.38.00,16,2025-08-07T19:04:22.617Z
3116,17563366040,BANDED_EXERCISES,BANDED_EXERCISES,11,6,68.06.00,51.31.00,2024-11-17T23:22:18.0,741,149,9226.38.00,16,2025-08-07T19:04:22.617Z
3117,17563366040,BANDED_EXERCISES,BANDED_EXERCISES,12,8,66.15.00,33.41.00,2024-11-17T23:25:43.0,741,149,9226.38.00,16,2025-08-07T19:04:22.617Z
3118,17563366040,BANDED_EXERCISES,BANDED_EXERCISES,13,10,66.15.00,51.38.00,2024-11-17T23:33:12.0,741,149,9226.38.00,16,2025-08-07T19:04:22.617Z
3119,17563366040,BANDED_EXERCISES,BANDED_EXERCISES,14,9,75.21.00,63.14.00,2024-11-17T23:40:59.0,741,149,9226.38.00,16,2025-08-07T19:04:22.617Z
3120,17563366040,BANDED_EXERCISES,BANDED_EXERCISES,15,8,75.21.00,37.01.00,2024-11-17T23:45:44.0,741,149,9226.38.00,16,2025-08-07T19:04:22.617Z
3121,17563366040,BANDED_EXERCISES,BANDED_EXERCISES,16,10,75.21.00,53.24.00,2024-11-17T23:53:28.0,741,149,9226.38.00,16,2025-08-07T19:04:22.617Z
3122,17554661340,BANDED_EXERCISES,BANDED_EXERCISES,1,8,68.06.00,44.13.00,2024-11-16T20:06:22.0,1228,265,9824.07.00,24,2025-08-07T19:04:26.433Z
3123,17546397677,BANDED_EXERCISES,BANDED_EXERCISES,1,11,<null>,42.16.00,2024-11-15T20:35:05.0,365,82,2965.03.00,9,2025-08-07T19:04:28.412Z
3124,17554661340,BANDED_EXERCISES,BANDED_EXERCISES,2,8,68.06.00,43.31.00,2024-11-16T20:10:11.0,1228,265,9824.07.00,24,2025-08-07T19:04:26.433Z
3125,17546397677,BANDED_EXERCISES,BANDED_EXERCISES,2,10,<null>,35.07.00,2024-11-15T20:39:19.0,365,82,2965.03.00,9,2025-08-07T19:04:28.412Z
3126,17554661340,BANDED_EXERCISES,BANDED_EXERCISES,3,8,68.06.00,57.46.00,2024-11-16T20:16:33.0,1228,265,9824.07.00,24,2025-08-07T19:04:26.433Z
3127,17546397677,BANDED_EXERCISES,BANDED_EXERCISES,3,10,<null>,63.14.00,2024-11-15T20:43:15.0,365,82,2965.03.00,9,2025-08-07T19:04:28.412Z
3128,17554661340,BANDED_EXERCISES,BANDED_EXERCISES,4,8,36.31.00,70.56.00,2024-11-16T20:26:59.0,1228,265,9824.07.00,24,2025-08-07T19:04:26.433Z
3129,17546397677,BANDED_EXERCISES,BANDED_EXERCISES,4,10,68.06.00,58.09.00,2024-11-15T20:48:36.0,365,82,2965.03.00,9,2025-08-07T19:04:28.412Z
3130,17554661340,BANDED_EXERCISES,BANDED_EXERCISES,5,10,32.15.00,75.46.00,2024-11-16T20:31:14.0,1228,265,9824.07.00,24,2025-08-07T19:04:26.433Z
3131,17546397677,BANDED_EXERCISES,BANDED_EXERCISES,5,10,63.5,43.31.00,2024-11-15T20:52:11.0,365,82,2965.03.00,9,2025-08-07T19:04:28.412Z
3132,17554661340,BANDED_EXERCISES,BANDED_EXERCISES,6,12,32.15.00,73.15.00,2024-11-16T20:34:41.0,1228,265,9824.07.00,24,2025-08-07T19:04:26.433Z
3133,17546397677,BANDED_EXERCISES,BANDED_EXERCISES,6,10,63.5,52.24.00,2024-11-15T20:57:17.0,365,82,2965.03.00,9,2025-08-07T19:04:28.412Z
3134,17554661340,BANDED_EXERCISES,BANDED_EXERCISES,7,10,18.13,47.28.00,2024-11-16T20:38:47.0,1228,265,9824.07.00,24,2025-08-07T19:04:26.433Z
3135,17546397677,BANDED_EXERCISES,BANDED_EXERCISES,7,5,52.19.00,27.14.00,2024-11-15T21:01:52.0,365,82,2965.03.00,9,2025-08-07T19:04:28.412Z
3136,17554661340,BANDED_EXERCISES,BANDED_EXERCISES,8,9,18.13,56.19.00,2024-11-16T20:43:48.0,1228,265,9824.07.00,24,2025-08-07T19:04:26.433Z
3137,17546397677,BANDED_EXERCISES,BANDED_EXERCISES,8,6,50.28.00,43.52.00,2024-11-15T21:04:41.0,365,82,2965.03.00,9,2025-08-07T19:04:28.412Z
3138,17554661340,BANDED_EXERCISES,BANDED_EXERCISES,9,8,18.13,39.55.00,2024-11-16T20:47:29.0,1228,265,9824.07.00,24,2025-08-07T19:04:26.433Z
3139,17546397677,BANDED_EXERCISES,BANDED_EXERCISES,9,10,45.38.00,47.32.00,2024-11-15T21:09:54.0,365,82,2965.03.00,9,2025-08-07T19:04:28.412Z
3140,17554661340,BANDED_EXERCISES,BANDED_EXERCISES,10,10,36.31.00,70.45.00,2024-11-16T20:53:23.0,1228,265,9824.07.00,24,2025-08-07T19:04:26.433Z
3141,17554661340,BANDED_EXERCISES,BANDED_EXERCISES,11,10,36.31.00,54.28.00,2024-11-16T20:57:18.0,1228,265,9824.07.00,24,2025-08-07T19:04:26.433Z
3142,17554661340,BANDED_EXERCISES,BANDED_EXERCISES,12,10,36.31.00,52.08.00,2024-11-16T21:04:35.0,1228,265,9824.07.00,24,2025-08-07T19:04:26.433Z
3143,17554661340,BANDED_EXERCISES,BANDED_EXERCISES,13,12,14.03,52.02.00,2024-11-16T21:08:28.0,1228,265,9824.07.00,24,2025-08-07T19:04:26.433Z
3144,17554661340,BANDED_EXERCISES,BANDED_EXERCISES,14,15,14.03,55.58.00,2024-11-16T21:13:03.0,1228,265,9824.07.00,24,2025-08-07T19:04:26.433Z
3145,17554661340,BANDED_EXERCISES,BANDED_EXERCISES,15,15,14.03,69.17.00,2024-11-16T21:21:06.0,1228,265,9824.07.00,24,2025-08-07T19:04:26.433Z
3146,17554661340,BANDED_EXERCISES,BANDED_EXERCISES,16,15,18.13,78.13.00,2024-11-16T21:27:35.0,1228,265,9824.07.00,24,2025-08-07T19:04:26.433Z
3147,17554661340,BANDED_EXERCISES,BANDED_EXERCISES,17,12,23.09,65.02.00,2024-11-16T21:37:25.0,1228,265,9824.07.00,24,2025-08-07T19:04:26.433Z
3148,17554661340,BANDED_EXERCISES,BANDED_EXERCISES,18,12,23.09,65.15.00,2024-11-16T21:45:14.0,1228,265,9824.07.00,24,2025-08-07T19:04:26.433Z
3149,17554661340,BANDED_EXERCISES,BANDED_EXERCISES,19,15,57.09.00,55.03.00,2024-11-16T21:49:21.0,1228,265,9824.07.00,24,2025-08-07T19:04:26.433Z
3150,17554661340,BANDED_EXERCISES,BANDED_EXERCISES,20,12,57.09.00,46.06.00,2024-11-16T21:52:53.0,1228,265,9824.07.00,24,2025-08-07T19:04:26.433Z
3151,17554661340,BANDED_EXERCISES,BANDED_EXERCISES,21,12,54.44.00,54.05.00,2024-11-16T21:58:59.0,1228,265,9824.07.00,24,2025-08-07T19:04:26.433Z
3152,17554661340,BANDED_EXERCISES,BANDED_EXERCISES,22,10,63.5,50.29.00,2024-11-16T22:00:49.0,1228,265,9824.07.00,24,2025-08-07T19:04:26.433Z
3153,17554661340,BANDED_EXERCISES,BANDED_EXERCISES,23,12,59.34.00,54.52.00,2024-11-16T22:07:12.0,1228,265,9824.07.00,24,2025-08-07T19:04:26.433Z
3154,17554661340,BANDED_EXERCISES,BANDED_EXERCISES,24,12,59.34.00,55.58.00,2024-11-16T22:11:33.0,1228,265,9824.07.00,24,2025-08-07T19:04:26.433Z
3155,17539021167,BANDED_EXERCISES,BANDED_EXERCISES,1,10,36.31.00,69.32.00,2024-11-14T19:37:54.0,857,159,3834.5099999999998,15,2025-08-07T19:04:41.201Z
3156,17539021167,BANDED_EXERCISES,BANDED_EXERCISES,2,8,36.31.00,51.46.00,2024-11-14T19:43:10.0,857,159,3834.5099999999998,15,2025-08-07T19:04:41.201Z
3157,17539021167,BANDED_EXERCISES,BANDED_EXERCISES,3,10,36.31.00,64.54.00,2024-11-14T19:47:31.0,857,159,3834.5099999999998,15,2025-08-07T19:04:41.201Z
3158,17539021167,BANDED_EXERCISES,BANDED_EXERCISES,4,12,16.28,59.51.00,2024-11-14T19:50:56.0,857,159,3834.5099999999998,15,2025-08-07T19:04:41.201Z
3159,17539021167,BANDED_EXERCISES,BANDED_EXERCISES,5,10,16.28,45.54.00,2024-11-14T19:54:50.0,857,159,3834.5099999999998,15,2025-08-07T19:04:41.201Z
3160,17539021167,BANDED_EXERCISES,BANDED_EXERCISES,6,8,16.28,48.41.00,2024-11-14T19:59:03.0,857,159,3834.5099999999998,15,2025-08-07T19:04:41.201Z
3161,17539021167,BANDED_EXERCISES,BANDED_EXERCISES,7,12,16.28,63.21.00,2024-11-14T20:04:38.0,857,159,3834.5099999999998,15,2025-08-07T19:04:41.201Z
3162,17539021167,BANDED_EXERCISES,BANDED_EXERCISES,8,10,18.13,46.54.00,2024-11-14T20:07:20.0,857,159,3834.5099999999998,15,2025-08-07T19:04:41.201Z
3163,17539021167,BANDED_EXERCISES,BANDED_EXERCISES,9,12,36.31.00,98.13.00,2024-11-14T20:09:28.0,857,159,3834.5099999999998,15,2025-08-07T19:04:41.201Z
3164,17539021167,BANDED_EXERCISES,BANDED_EXERCISES,10,12,18.13,100.27.00,2024-11-14T20:11:23.0,857,159,3834.5099999999998,15,2025-08-07T19:04:41.201Z
3165,17539021167,BANDED_EXERCISES,BANDED_EXERCISES,11,13,36.31.00,95.37.00,2024-11-14T20:17:19.0,857,159,3834.5099999999998,15,2025-08-07T19:04:41.201Z
3166,17539021167,BANDED_EXERCISES,BANDED_EXERCISES,12,10,41.21.00,93.22.00,2024-11-14T20:22:16.0,857,159,3834.5099999999998,15,2025-08-07T19:04:41.201Z
3167,17539021167,BANDED_EXERCISES,BANDED_EXERCISES,13,12,14.03,60.22.00,2024-11-14T20:25:10.0,857,159,3834.5099999999998,15,2025-08-07T19:04:41.201Z
3168,17539021167,BANDED_EXERCISES,BANDED_EXERCISES,14,12,14.03,41.05.00,2024-11-14T20:29:18.0,857,159,3834.5099999999998,15,2025-08-07T19:04:41.201Z
3169,17539021167,BANDED_EXERCISES,BANDED_EXERCISES,15,8,14.03,34.54.00,2024-11-14T20:31:10.0,857,159,3834.5099999999998,15,2025-08-07T19:04:41.201Z
3170,17537424551,BANDED_EXERCISES,BANDED_EXERCISES,1,8,72.56.00,46.14.00,2024-11-14T16:21:33.0,379,76,5670.36.00,9,2025-08-07T19:04:42.366Z
3171,17531321463,BANDED_EXERCISES,BANDED_EXERCISES,1,4,<null>,48.32.00,2024-11-13T20:10:47.0,247,52,2830.32.00,6,2025-08-07T19:04:46.408Z
3172,17537424551,BANDED_EXERCISES,BANDED_EXERCISES,2,10,72.56.00,44.21.00,2024-11-14T16:26:22.0,379,76,5670.36.00,9,2025-08-07T19:04:42.366Z
3173,17531321463,BANDED_EXERCISES,BANDED_EXERCISES,2,6,50.28.00,40.23.00,2024-11-13T20:12:30.0,247,52,2830.32.00,6,2025-08-07T19:04:46.408Z
3174,17537424551,BANDED_EXERCISES,BANDED_EXERCISES,3,8,72.56.00,42.53.00,2024-11-14T16:32:48.0,379,76,5670.36.00,9,2025-08-07T19:04:42.366Z
3175,17531321463,BANDED_EXERCISES,BANDED_EXERCISES,3,8,50.28.00,52.36.00,2024-11-13T20:15:53.0,247,52,2830.32.00,6,2025-08-07T19:04:46.408Z
3176,17537424551,BANDED_EXERCISES,BANDED_EXERCISES,4,8,79.38.00,59.28.00,2024-11-14T16:38:41.0,379,76,5670.36.00,9,2025-08-07T19:04:42.366Z
3177,17531321463,BANDED_EXERCISES,BANDED_EXERCISES,4,12,61.25.00,58.24.00,2024-11-13T20:20:56.0,247,52,2830.32.00,6,2025-08-07T19:04:46.408Z
3178,17537424551,BANDED_EXERCISES,BANDED_EXERCISES,5,8,77.13.00,47.16.00,2024-11-14T16:42:16.0,379,76,5670.36.00,9,2025-08-07T19:04:42.366Z
3179,17531321463,BANDED_EXERCISES,BANDED_EXERCISES,5,10,63.5,45.03.00,2024-11-13T20:26:06.0,247,52,2830.32.00,6,2025-08-07T19:04:46.408Z
3180,17531321463,BANDED_EXERCISES,BANDED_EXERCISES,6,12,63.5,40.19.00,2024-11-13T20:30:09.0,247,52,2830.32.00,6,2025-08-07T19:04:46.408Z
3181,17537424551,BANDED_EXERCISES,BANDED_EXERCISES,6,10,68.06.00,51.42.00,2024-11-14T16:46:05.0,379,76,5670.36.00,9,2025-08-07T19:04:42.366Z
3182,17537424551,BANDED_EXERCISES,BANDED_EXERCISES,7,8,77.13.00,47.16.00,2024-11-14T16:50:04.0,379,76,5670.36.00,9,2025-08-07T19:04:42.366Z
3183,17537424551,BANDED_EXERCISES,BANDED_EXERCISES,8,8,77.13.00,46.59.00,2024-11-14T16:54:14.0,379,76,5670.36.00,9,2025-08-07T19:04:42.366Z
3184,17537424551,BANDED_EXERCISES,BANDED_EXERCISES,9,8,77.13.00,36.08.00,2024-11-14T16:58:54.0,379,76,5670.36.00,9,2025-08-07T19:04:42.366Z
3185,17523317625,BANDED_EXERCISES,BANDED_EXERCISES,1,10,72.56.00,81.22.00,2024-11-12T20:03:25.0,460,94,5369.4800000000005,9,2025-08-07T19:04:49.189Z
3186,17523317625,BANDED_EXERCISES,BANDED_EXERCISES,2,10,72.56.00,62.04.00,2024-11-12T20:07:28.0,460,94,5369.4800000000005,9,2025-08-07T19:04:49.189Z
3187,17523317625,BANDED_EXERCISES,BANDED_EXERCISES,3,12,72.56.00,53.26.00,2024-11-12T20:11:06.0,460,94,5369.4800000000005,9,2025-08-07T19:04:49.189Z
3188,17523317625,BANDED_EXERCISES,BANDED_EXERCISES,4,8,75.21.00,53.22.00,2024-11-12T20:18:28.0,460,94,5369.4800000000005,9,2025-08-07T19:04:49.189Z
3189,17523317625,BANDED_EXERCISES,BANDED_EXERCISES,5,8,72.56.00,57.36.00,2024-11-12T20:20:45.0,460,94,5369.4800000000005,9,2025-08-07T19:04:49.189Z
3190,17523317625,BANDED_EXERCISES,BANDED_EXERCISES,6,10,72.56.00,51.41.00,2024-11-12T20:25:26.0,460,94,5369.4800000000005,9,2025-08-07T19:04:49.189Z
3191,17523317625,BANDED_EXERCISES,BANDED_EXERCISES,7,12,32.15.00,63.06.00,2024-11-12T20:29:21.0,460,94,5369.4800000000005,9,2025-08-07T19:04:49.189Z
3192,17523317625,BANDED_EXERCISES,BANDED_EXERCISES,8,12,32.15.00,61.54.00,2024-11-12T20:32:49.0,460,94,5369.4800000000005,9,2025-08-07T19:04:49.189Z
3193,17523317625,BANDED_EXERCISES,BANDED_EXERCISES,9,12,32.15.00,71.11.00,2024-11-12T20:36:56.0,460,94,5369.4800000000005,9,2025-08-07T19:04:49.189Z
3194,17508333931,BANDED_EXERCISES,BANDED_EXERCISES,1,10,68.06.00,53.38.00,2024-11-10T23:45:31.0,627,131,5666.55.00,12,2025-08-07T19:05:00.517Z
3195,17500073598,BANDED_EXERCISES,BANDED_EXERCISES,1,15,50.28.00,81.12.00,2024-11-10T01:04:24.0,270,66,3805.5,6,2025-08-07T19:05:05.526Z
3196,17508333931,BANDED_EXERCISES,BANDED_EXERCISES,2,10,68.06.00,54.38.00,2024-11-10T23:51:38.0,627,131,5666.55.00,12,2025-08-07T19:05:00.517Z
3197,17500073598,BANDED_EXERCISES,BANDED_EXERCISES,2,10,54.44.00,47.16.00,2024-11-10T01:07:56.0,270,66,3805.5,6,2025-08-07T19:05:05.526Z
3198,17508333931,BANDED_EXERCISES,BANDED_EXERCISES,3,10,68.06.00,51.31.00,2024-11-10T23:55:50.0,627,131,5666.55.00,12,2025-08-07T19:05:00.517Z
3199,17500073598,BANDED_EXERCISES,BANDED_EXERCISES,3,10,54.44.00,43.55.00,2024-11-10T01:11:20.0,270,66,3805.5,6,2025-08-07T19:05:05.526Z
3200,17508333931,BANDED_EXERCISES,BANDED_EXERCISES,4,10,72.56.00,64.42.00,2024-11-11T00:00:27.0,627,131,5666.55.00,12,2025-08-07T19:05:00.517Z
3201,17500073598,BANDED_EXERCISES,BANDED_EXERCISES,4,12,63.5,50.29.00,2024-11-10T01:14:27.0,270,66,3805.5,6,2025-08-07T19:05:05.526Z
3202,17508333931,BANDED_EXERCISES,BANDED_EXERCISES,5,10,72.56.00,50.29.00,2024-11-11T00:04:49.0,627,131,5666.55.00,12,2025-08-07T19:05:00.517Z
3203,17500073598,BANDED_EXERCISES,BANDED_EXERCISES,5,9,63.5,41.12.00,2024-11-10T01:17:50.0,270,66,3805.5,6,2025-08-07T19:05:05.526Z
3204,17508333931,BANDED_EXERCISES,BANDED_EXERCISES,6,8,70.31.00,55.13.00,2024-11-11T00:08:11.0,627,131,5666.55.00,12,2025-08-07T19:05:00.517Z
3205,17500073598,BANDED_EXERCISES,BANDED_EXERCISES,6,10,63.5,38.48.00,2024-11-10T01:24:20.0,270,66,3805.5,6,2025-08-07T19:05:05.526Z
3206,17508333931,BANDED_EXERCISES,BANDED_EXERCISES,7,12,32.15.00,68.35.00,2024-11-11T00:14:32.0,627,131,5666.55.00,12,2025-08-07T19:05:00.517Z
3207,17508333931,BANDED_EXERCISES,BANDED_EXERCISES,8,12,14.03,86.57.00,2024-11-11T00:17:29.0,627,131,5666.55.00,12,2025-08-07T19:05:00.517Z
3208,17508333931,BANDED_EXERCISES,BANDED_EXERCISES,9,12,32.15.00,56.19.00,2024-11-11T00:21:05.0,627,131,5666.55.00,12,2025-08-07T19:05:00.517Z
3209,17508333931,BANDED_EXERCISES,BANDED_EXERCISES,10,12,14.03,57.58.00,2024-11-11T00:23:21.0,627,131,5666.55.00,12,2025-08-07T19:05:00.517Z
3210,17508333931,BANDED_EXERCISES,BANDED_EXERCISES,11,10,32.15.00,59.19.00,2024-11-11T00:28:15.0,627,131,5666.55.00,12,2025-08-07T19:05:00.517Z
3211,17508333931,BANDED_EXERCISES,BANDED_EXERCISES,12,15,14.03,61.55.00,2024-11-11T00:31:40.0,627,131,5666.55.00,12,2025-08-07T19:05:00.517Z
3212,17492130913,BANDED_EXERCISES,BANDED_EXERCISES,1,8,59.34.00,46.46.00,2024-11-09T00:43:41.0,660,100,3712.01.00,12,2025-08-07T19:05:26.536Z
3213,17499257516,BANDED_EXERCISES,BANDED_EXERCISES,1,8,43.06.00,75.07.00,2024-11-09T21:25:53.0,262,36,1760.08.00,4,2025-08-07T19:05:19.522Z
3214,17492130913,BANDED_EXERCISES,BANDED_EXERCISES,2,8,57.09.00,32.02.00,2024-11-09T00:50:10.0,660,100,3712.01.00,12,2025-08-07T19:05:26.536Z
3215,17499257516,BANDED_EXERCISES,BANDED_EXERCISES,2,12,45.38.00,58.23.00,2024-11-09T21:38:09.0,262,36,1760.08.00,4,2025-08-07T19:05:19.522Z
3216,17492130913,BANDED_EXERCISES,BANDED_EXERCISES,3,8,54.44.00,38.13.00,2024-11-09T00:57:50.0,660,100,3712.01.00,12,2025-08-07T19:05:26.536Z
3217,17499257516,BANDED_EXERCISES,BANDED_EXERCISES,3,8,54.44.00,111.17.00,2024-11-09T21:43:30.0,262,36,1760.08.00,4,2025-08-07T19:05:19.522Z
3218,17492130913,BANDED_EXERCISES,BANDED_EXERCISES,4,6,36.31.00,69.18.00,2024-11-09T01:01:42.0,660,100,3712.01.00,12,2025-08-07T19:05:26.536Z
3219,17499257516,BANDED_EXERCISES,BANDED_EXERCISES,4,8,54.44.00,48.44.00,2024-11-09T21:47:52.0,262,36,1760.08.00,4,2025-08-07T19:05:19.522Z
3220,17492130913,BANDED_EXERCISES,BANDED_EXERCISES,5,9,32.15.00,50.36.00,2024-11-09T01:05:27.0,660,100,3712.01.00,12,2025-08-07T19:05:26.536Z
3221,17492130913,BANDED_EXERCISES,BANDED_EXERCISES,6,10,32.15.00,66.27.00,2024-11-09T01:10:24.0,660,100,3712.01.00,12,2025-08-07T19:05:26.536Z
3222,17492130913,BANDED_EXERCISES,BANDED_EXERCISES,7,8,27.19.00,71.45.00,2024-11-09T01:28:14.0,660,100,3712.01.00,12,2025-08-07T19:05:26.536Z
3223,17492130913,BANDED_EXERCISES,BANDED_EXERCISES,8,8,27.19.00,47.43.00,2024-11-09T01:32:44.0,660,100,3712.01.00,12,2025-08-07T19:05:26.536Z
3224,17492130913,BANDED_EXERCISES,BANDED_EXERCISES,9,10,27.19.00,60.51.00,2024-11-09T01:38:26.0,660,100,3712.01.00,12,2025-08-07T19:05:26.536Z
3225,17492130913,BANDED_EXERCISES,BANDED_EXERCISES,10,12,32.15.00,108.56.00,2024-11-09T01:42:34.0,660,100,3712.01.00,12,2025-08-07T19:05:26.536Z
3226,17492130913,BANDED_EXERCISES,BANDED_EXERCISES,11,13,34,101.37.00,2024-11-09T01:52:13.0,660,100,3712.01.00,12,2025-08-07T19:05:26.536Z
3227,17492130913,BANDED_EXERCISES,BANDED_EXERCISES,12,0,34,37.43.00,2024-11-09T02:08:22.0,660,100,3712.01.00,12,2025-08-07T19:05:26.536Z
3228,17483797326,BANDED_EXERCISES,BANDED_EXERCISES,1,12,61.25.00,60.09.00,2024-11-07T19:49:28.0,1031,198,10912.200000000003,22,2025-08-07T19:05:34.526Z
3229,17483797326,BANDED_EXERCISES,BANDED_EXERCISES,2,12,61.25.00,40.01.00,2024-11-07T19:56:49.0,1031,198,10912.200000000003,22,2025-08-07T19:05:34.526Z
3230,17483797326,BANDED_EXERCISES,BANDED_EXERCISES,3,10,63.5,43.44.00,2024-11-07T19:59:37.0,1031,198,10912.200000000003,22,2025-08-07T19:05:34.526Z
3231,17483797326,BANDED_EXERCISES,BANDED_EXERCISES,4,7,63.5,61.01.00,2024-11-07T20:06:09.0,1031,198,10912.200000000003,22,2025-08-07T19:05:34.526Z
3232,17483797326,BANDED_EXERCISES,BANDED_EXERCISES,5,6,63.5,44.43.00,2024-11-07T20:11:27.0,1031,198,10912.200000000003,22,2025-08-07T19:05:34.526Z
3233,17483797326,BANDED_EXERCISES,BANDED_EXERCISES,6,8,59.34.00,56.12.00,2024-11-07T20:17:00.0,1031,198,10912.200000000003,22,2025-08-07T19:05:34.526Z
3234,17483797326,BANDED_EXERCISES,BANDED_EXERCISES,7,10,61.25.00,66.31.00,2024-11-07T20:20:56.0,1031,198,10912.200000000003,22,2025-08-07T19:05:34.526Z
3235,17483797326,BANDED_EXERCISES,BANDED_EXERCISES,8,12,59.34.00,47.27.00,2024-11-07T20:29:00.0,1031,198,10912.200000000003,22,2025-08-07T19:05:34.526Z
3236,17483797326,BANDED_EXERCISES,BANDED_EXERCISES,9,12,61.25.00,58.06.00,2024-11-07T20:36:24.0,1031,198,10912.200000000003,22,2025-08-07T19:05:34.526Z
3237,17483797326,BANDED_EXERCISES,BANDED_EXERCISES,10,8,36.31.00,102.37.00,2024-11-07T20:40:47.0,1031,198,10912.200000000003,22,2025-08-07T19:05:34.526Z
3238,17483797326,BANDED_EXERCISES,BANDED_EXERCISES,11,6,54.44.00,48.14.00,2024-11-07T20:46:23.0,1031,198,10912.200000000003,22,2025-08-07T19:05:34.526Z
3239,17483797326,BANDED_EXERCISES,BANDED_EXERCISES,12,6,54.44.00,44.05.00,2024-11-07T20:51:28.0,1031,198,10912.200000000003,22,2025-08-07T19:05:34.526Z
3240,17483797326,BANDED_EXERCISES,BANDED_EXERCISES,13,7,54.44.00,63.08.00,2024-11-07T20:56:45.0,1031,198,10912.200000000003,22,2025-08-07T19:05:34.526Z
3241,17483797326,BANDED_EXERCISES,BANDED_EXERCISES,14,11,36.31.00,62.54.00,2024-11-07T21:01:43.0,1031,198,10912.200000000003,22,2025-08-07T19:05:34.526Z
3242,17483797326,BANDED_EXERCISES,BANDED_EXERCISES,15,10,38.56.00,36.32.00,2024-11-07T21:06:57.0,1031,198,10912.200000000003,22,2025-08-07T19:05:34.526Z
3243,17483797326,BANDED_EXERCISES,BANDED_EXERCISES,16,10,38.56.00,57.34.00,2024-11-07T21:15:34.0,1031,198,10912.200000000003,22,2025-08-07T19:05:34.526Z
3244,17483797326,BANDED_EXERCISES,BANDED_EXERCISES,17,10,50.28.00,57.35.00,2024-11-07T21:22:20.0,1031,198,10912.200000000003,22,2025-08-07T19:05:34.526Z
3245,17483797326,BANDED_EXERCISES,BANDED_EXERCISES,18,8,50.28.00,57.55.00,2024-11-07T21:25:45.0,1031,198,10912.200000000003,22,2025-08-07T19:05:34.526Z
3246,17483797326,BANDED_EXERCISES,BANDED_EXERCISES,19,9,48.03.00,53.49.00,2024-11-07T21:30:01.0,1031,198,10912.200000000003,22,2025-08-07T19:05:34.526Z
3247,17483797326,BANDED_EXERCISES,BANDED_EXERCISES,20,9,68.06.00,51.39.00,2024-11-07T21:34:45.0,1031,198,10912.200000000003,22,2025-08-07T19:05:34.526Z
3248,17483797326,BANDED_EXERCISES,BANDED_EXERCISES,21,7,68.06.00,44.08.00,2024-11-07T21:40:50.0,1031,198,10912.200000000003,22,2025-08-07T19:05:34.526Z
3249,17483797326,BANDED_EXERCISES,BANDED_EXERCISES,22,8,68.06.00,49.06.00,2024-11-07T21:46:07.0,1031,198,10912.200000000003,22,2025-08-07T19:05:34.526Z
3250,17473392808,BANDED_EXERCISES,BANDED_EXERCISES,1,8,75.21.00,40.55.00,2024-11-06T16:02:19.0,266,56,3886.54.00,6,2025-08-07T19:05:45.326Z
3251,17475648946,BANDED_EXERCISES,BANDED_EXERCISES,1,10,32.15.00,53.21.00,2024-11-06T20:09:40.0,785,152,2753.32.00,13,2025-08-07T19:05:40.522Z
3252,17473392808,BANDED_EXERCISES,BANDED_EXERCISES,2,8,75.21.00,50.04.00,2024-11-06T16:06:09.0,266,56,3886.54.00,6,2025-08-07T19:05:45.326Z
3253,17475648946,BANDED_EXERCISES,BANDED_EXERCISES,2,8,32.15.00,52.31.00,2024-11-06T20:12:55.0,785,152,2753.32.00,13,2025-08-07T19:05:40.522Z
3254,17473392808,BANDED_EXERCISES,BANDED_EXERCISES,3,10,75.21.00,41.06.00,2024-11-06T16:09:08.0,266,56,3886.54.00,6,2025-08-07T19:05:45.326Z
3255,17475648946,BANDED_EXERCISES,BANDED_EXERCISES,3,10,32.15.00,59.46.00,2024-11-06T20:16:48.0,785,152,2753.32.00,13,2025-08-07T19:05:40.522Z
3256,17473392808,BANDED_EXERCISES,BANDED_EXERCISES,4,8,68.06.00,43.25.00,2024-11-06T16:13:31.0,266,56,3886.54.00,6,2025-08-07T19:05:45.326Z
3257,17475648946,BANDED_EXERCISES,BANDED_EXERCISES,4,12,18.13,50.02.00,2024-11-06T20:19:26.0,785,152,2753.32.00,13,2025-08-07T19:05:40.522Z
3258,17473392808,BANDED_EXERCISES,BANDED_EXERCISES,5,10,63.5,69.55.00,2024-11-06T16:16:22.0,266,56,3886.54.00,6,2025-08-07T19:05:45.326Z
3259,17475648946,BANDED_EXERCISES,BANDED_EXERCISES,5,15,14.03,56.12.00,2024-11-06T20:21:18.0,785,152,2753.32.00,13,2025-08-07T19:05:40.522Z
3260,17473392808,BANDED_EXERCISES,BANDED_EXERCISES,6,12,63.5,62.46.00,2024-11-06T16:20:14.0,266,56,3886.54.00,6,2025-08-07T19:05:45.326Z
3261,17475648946,BANDED_EXERCISES,BANDED_EXERCISES,6,10,18.13,51.05.00,2024-11-06T20:24:06.0,785,152,2753.32.00,13,2025-08-07T19:05:40.522Z
3262,17475648946,BANDED_EXERCISES,BANDED_EXERCISES,7,15,14.03,58.47.00,2024-11-06T20:26:26.0,785,152,2753.32.00,13,2025-08-07T19:05:40.522Z
3263,17475648946,BANDED_EXERCISES,BANDED_EXERCISES,8,12,18.13,49.14.00,2024-11-06T20:29:23.0,785,152,2753.32.00,13,2025-08-07T19:05:40.522Z
3264,17475648946,BANDED_EXERCISES,BANDED_EXERCISES,9,15,14.03,67.39.00,2024-11-06T20:32:04.0,785,152,2753.32.00,13,2025-08-07T19:05:40.522Z
3265,17475648946,BANDED_EXERCISES,BANDED_EXERCISES,10,15,18.13,66.53.00,2024-11-06T20:34:33.0,785,152,2753.32.00,13,2025-08-07T19:05:40.522Z
3266,17475648946,BANDED_EXERCISES,BANDED_EXERCISES,11,10,18.13,137.56.00,2024-11-06T20:41:01.0,785,152,2753.32.00,13,2025-08-07T19:05:40.522Z
3267,17475648946,BANDED_EXERCISES,BANDED_EXERCISES,12,10,18.13,97.35.00,2024-11-06T20:47:16.0,785,152,2753.32.00,13,2025-08-07T19:05:40.522Z
3268,17475648946,BANDED_EXERCISES,BANDED_EXERCISES,13,10,<null>,45.02.00,2024-11-06T20:55:18.0,785,152,2753.32.00,13,2025-08-07T19:05:40.522Z
3269,17451819394,BANDED_EXERCISES,BANDED_EXERCISES,1,6,66.15.00,59.04.00,2024-11-03T21:07:05.0,1173,252,10761.900000000001,25,2025-08-07T19:05:51.637Z
3270,17451819394,BANDED_EXERCISES,BANDED_EXERCISES,2,8,63.5,71.13.00,2024-11-03T21:10:38.0,1173,252,10761.900000000001,25,2025-08-07T19:05:51.637Z
3271,17451819394,BANDED_EXERCISES,BANDED_EXERCISES,3,6,63.5,56.19.00,2024-11-03T21:18:07.0,1173,252,10761.900000000001,25,2025-08-07T19:05:51.637Z
3272,17451819394,BANDED_EXERCISES,BANDED_EXERCISES,4,8,50.28.00,55.22.00,2024-11-03T21:23:25.0,1173,252,10761.900000000001,25,2025-08-07T19:05:51.637Z
3273,17451819394,BANDED_EXERCISES,BANDED_EXERCISES,5,6,50.28.00,38.47.00,2024-11-03T21:27:17.0,1173,252,10761.900000000001,25,2025-08-07T19:05:51.637Z
3274,17451819394,BANDED_EXERCISES,BANDED_EXERCISES,6,7,50.28.00,49.03.00,2024-11-03T21:32:32.0,1173,252,10761.900000000001,25,2025-08-07T19:05:51.637Z
3275,17451819394,BANDED_EXERCISES,BANDED_EXERCISES,7,6,52.19.00,74.05.00,2024-11-03T21:38:38.0,1173,252,10761.900000000001,25,2025-08-07T19:05:51.637Z
3276,17451819394,BANDED_EXERCISES,BANDED_EXERCISES,8,12,48.03.00,52.25.00,2024-11-03T21:41:21.0,1173,252,10761.900000000001,25,2025-08-07T19:05:51.637Z
3277,17451819394,BANDED_EXERCISES,BANDED_EXERCISES,9,12,48.03.00,42.08.00,2024-11-03T21:45:24.0,1173,252,10761.900000000001,25,2025-08-07T19:05:51.637Z
3278,17451819394,BANDED_EXERCISES,BANDED_EXERCISES,10,10,48.03.00,49.21.00,2024-11-03T21:50:07.0,1173,252,10761.900000000001,25,2025-08-07T19:05:51.637Z
3279,17451819394,BANDED_EXERCISES,BANDED_EXERCISES,11,8,61.25.00,62.13.00,2024-11-03T21:59:36.0,1173,252,10761.900000000001,25,2025-08-07T19:05:51.637Z
3280,17451819394,BANDED_EXERCISES,BANDED_EXERCISES,12,6,61.25.00,43.57.00,2024-11-03T22:06:25.0,1173,252,10761.900000000001,25,2025-08-07T19:05:51.637Z
3281,17451819394,BANDED_EXERCISES,BANDED_EXERCISES,13,7,52.19.00,56.19.00,2024-11-03T22:13:49.0,1173,252,10761.900000000001,25,2025-08-07T19:05:51.637Z
3282,17451819394,BANDED_EXERCISES,BANDED_EXERCISES,14,12,61.25.00,41.12.00,2024-11-03T22:17:47.0,1173,252,10761.900000000001,25,2025-08-07T19:05:51.637Z
3283,17451819394,BANDED_EXERCISES,BANDED_EXERCISES,15,11,68.06.00,57.24.00,2024-11-03T22:26:24.0,1173,252,10761.900000000001,25,2025-08-07T19:05:51.637Z
3284,17451819394,BANDED_EXERCISES,BANDED_EXERCISES,16,8,68.06.00,42.59.00,2024-11-03T22:29:51.0,1173,252,10761.900000000001,25,2025-08-07T19:05:51.637Z
3285,17451819394,BANDED_EXERCISES,BANDED_EXERCISES,17,12,52.19.00,44.26.00,2024-11-03T22:33:20.0,1173,252,10761.900000000001,25,2025-08-07T19:05:51.637Z
3286,17451819394,BANDED_EXERCISES,BANDED_EXERCISES,18,10,52.19.00,74.57.00,2024-11-03T22:38:11.0,1173,252,10761.900000000001,25,2025-08-07T19:05:51.637Z
3287,17451819394,BANDED_EXERCISES,BANDED_EXERCISES,19,10,52.19.00,47.21.00,2024-11-03T22:45:12.0,1173,252,10761.900000000001,25,2025-08-07T19:05:51.637Z
3288,17451819394,BANDED_EXERCISES,BANDED_EXERCISES,20,20,18.13,56.41.00,2024-11-03T22:48:00.0,1173,252,10761.900000000001,25,2025-08-07T19:05:51.637Z
3289,17451819394,BANDED_EXERCISES,BANDED_EXERCISES,21,9,18.13,45.14.00,2024-11-03T22:49:17.0,1173,252,10761.900000000001,25,2025-08-07T19:05:51.637Z
3290,17451819394,BANDED_EXERCISES,BANDED_EXERCISES,22,20,18.13,70.11.00,2024-11-03T22:55:21.0,1173,252,10761.900000000001,25,2025-08-07T19:05:51.637Z
3291,17451819394,BANDED_EXERCISES,BANDED_EXERCISES,23,8,18.13,42.02.00,2024-11-03T22:56:41.0,1173,252,10761.900000000001,25,2025-08-07T19:05:51.637Z
3292,17451819394,BANDED_EXERCISES,BANDED_EXERCISES,24,20,18.13,51.43.00,2024-11-03T23:00:55.0,1173,252,10761.900000000001,25,2025-08-07T19:05:51.637Z
3293,17451819394,BANDED_EXERCISES,BANDED_EXERCISES,25,10,18.13,48.03.00,2024-11-03T23:04:20.0,1173,252,10761.900000000001,25,2025-08-07T19:05:51.637Z
3294,17434550773,BANDED_EXERCISES,BANDED_EXERCISES,1,8,50.28.00,67.25.00,2024-11-01T21:05:59.0,800,185,5532.080000000001,19,2025-08-07T19:05:55.370Z
3295,17434550773,BANDED_EXERCISES,BANDED_EXERCISES,2,10,0,49.38.00,2024-11-01T21:11:05.0,800,185,5532.080000000001,19,2025-08-07T19:05:55.370Z
3296,17434550773,BANDED_EXERCISES,BANDED_EXERCISES,3,8,45.38.00,48.24.00,2024-11-01T21:14:19.0,800,185,5532.080000000001,19,2025-08-07T19:05:55.370Z
3297,17434550773,BANDED_EXERCISES,BANDED_EXERCISES,4,8,45.38.00,37.19.00,2024-11-01T21:17:10.0,800,185,5532.080000000001,19,2025-08-07T19:05:55.370Z
3298,17434550773,BANDED_EXERCISES,BANDED_EXERCISES,5,6,63.5,35.34.00,2024-11-01T21:21:23.0,800,185,5532.080000000001,19,2025-08-07T19:05:55.370Z
3299,17434550773,BANDED_EXERCISES,BANDED_EXERCISES,6,12,59.34.00,40.37.00,2024-11-01T21:25:31.0,800,185,5532.080000000001,19,2025-08-07T19:05:55.370Z
3300,17434550773,BANDED_EXERCISES,BANDED_EXERCISES,7,10,59.34.00,53.09.00,2024-11-01T21:28:48.0,800,185,5532.080000000001,19,2025-08-07T19:05:55.370Z
3301,17434550773,BANDED_EXERCISES,BANDED_EXERCISES,8,8,34,35.48.00,2024-11-01T21:32:34.0,800,185,5532.080000000001,19,2025-08-07T19:05:55.370Z
3302,17434550773,BANDED_EXERCISES,BANDED_EXERCISES,9,10,34,61.25.00,2024-11-01T21:35:45.0,800,185,5532.080000000001,19,2025-08-07T19:05:55.370Z
3303,17434550773,BANDED_EXERCISES,BANDED_EXERCISES,10,8,34,37.03.00,2024-11-01T21:39:25.0,800,185,5532.080000000001,19,2025-08-07T19:05:55.370Z
3304,17434550773,BANDED_EXERCISES,BANDED_EXERCISES,11,10,18.13,56.48.00,2024-11-01T21:42:36.0,800,185,5532.080000000001,19,2025-08-07T19:05:55.370Z
3305,17434550773,BANDED_EXERCISES,BANDED_EXERCISES,12,15,14.03,16.06,2024-11-01T21:44:02.0,800,185,5532.080000000001,19,2025-08-07T19:05:55.370Z
3306,17434550773,BANDED_EXERCISES,BANDED_EXERCISES,13,10,32.15.00,40.52.00,2024-11-01T21:50:15.0,800,185,5532.080000000001,19,2025-08-07T19:05:55.370Z
3307,17434550773,BANDED_EXERCISES,BANDED_EXERCISES,14,15,14.03,44.29.00,2024-11-01T21:52:26.0,800,185,5532.080000000001,19,2025-08-07T19:05:55.370Z
3308,17434550773,BANDED_EXERCISES,BANDED_EXERCISES,15,10,32.15.00,48.49.00,2024-11-01T21:55:32.0,800,185,5532.080000000001,19,2025-08-07T19:05:55.370Z
3309,17434550773,BANDED_EXERCISES,BANDED_EXERCISES,16,10,14.03,43.51.00,2024-11-01T21:56:24.0,800,185,5532.080000000001,19,2025-08-07T19:05:55.370Z
3310,17434550773,BANDED_EXERCISES,BANDED_EXERCISES,17,10,14.03,82.04.00,2024-11-01T22:01:19.0,800,185,5532.080000000001,19,2025-08-07T19:05:55.370Z
3311,17434550773,BANDED_EXERCISES,BANDED_EXERCISES,18,9,20.44,75.06.00,2024-11-01T22:08:18.0,800,185,5532.080000000001,19,2025-08-07T19:05:55.370Z
3312,17434550773,BANDED_EXERCISES,BANDED_EXERCISES,19,8,20.44,59.11.00,2024-11-01T22:12:26.0,800,185,5532.080000000001,19,2025-08-07T19:05:55.370Z
3313,17426210746,BANDED_EXERCISES,BANDED_EXERCISES,1,3,<null>,61.33.00,2024-10-31T18:46:25.0,656,124,5237.790000000001,15,2025-08-07T19:05:57.323Z
3314,17426210746,BANDED_EXERCISES,BANDED_EXERCISES,2,9,61.25.00,58.06.00,2024-10-31T18:52:45.0,656,124,5237.790000000001,15,2025-08-07T19:05:57.323Z
3315,17426210746,BANDED_EXERCISES,BANDED_EXERCISES,3,10,61.25.00,51.17.00,2024-10-31T18:59:34.0,656,124,5237.790000000001,15,2025-08-07T19:05:57.323Z
3316,17426210746,BANDED_EXERCISES,BANDED_EXERCISES,4,10,50.28.00,52.11.00,2024-10-31T19:06:33.0,656,124,5237.790000000001,15,2025-08-07T19:05:57.323Z
3317,17426210746,BANDED_EXERCISES,BANDED_EXERCISES,5,6,50.28.00,41.18.00,2024-10-31T19:11:07.0,656,124,5237.790000000001,15,2025-08-07T19:05:57.323Z
3318,17426210746,BANDED_EXERCISES,BANDED_EXERCISES,6,9,50.28.00,60.02.00,2024-10-31T19:17:48.0,656,124,5237.790000000001,15,2025-08-07T19:05:57.323Z
3319,17426210746,BANDED_EXERCISES,BANDED_EXERCISES,7,8,61.25.00,50.37.00,2024-10-31T19:24:20.0,656,124,5237.790000000001,15,2025-08-07T19:05:57.323Z
3320,17426210746,BANDED_EXERCISES,BANDED_EXERCISES,8,10,61.25.00,47.53.00,2024-10-31T19:28:01.0,656,124,5237.790000000001,15,2025-08-07T19:05:57.323Z
3321,17426210746,BANDED_EXERCISES,BANDED_EXERCISES,9,8,61.25.00,41.54.00,2024-10-31T19:33:19.0,656,124,5237.790000000001,15,2025-08-07T19:05:57.323Z
3322,17426210746,BANDED_EXERCISES,BANDED_EXERCISES,10,5,<null>,40.43.00,2024-10-31T19:39:03.0,656,124,5237.790000000001,15,2025-08-07T19:05:57.323Z
3323,17426210746,BANDED_EXERCISES,BANDED_EXERCISES,11,6,<null>,32.47.00,2024-10-31T19:44:01.0,656,124,5237.790000000001,15,2025-08-07T19:05:57.323Z
3324,17426210746,BANDED_EXERCISES,BANDED_EXERCISES,12,6,<null>,38.48.00,2024-10-31T19:48:00.0,656,124,5237.790000000001,15,2025-08-07T19:05:57.323Z
3325,17426210746,BANDED_EXERCISES,BANDED_EXERCISES,13,10,36.31.00,83.36.00,2024-10-31T19:51:02.0,656,124,5237.790000000001,15,2025-08-07T19:05:57.323Z
3326,17426210746,BANDED_EXERCISES,BANDED_EXERCISES,14,12,36.31.00,50.34.00,2024-10-31T19:57:36.0,656,124,5237.790000000001,15,2025-08-07T19:05:57.323Z
3327,17426210746,BANDED_EXERCISES,BANDED_EXERCISES,15,12,36.31.00,44.29.00,2024-10-31T20:01:07.0,656,124,5237.790000000001,15,2025-08-07T19:05:57.323Z
3328,17408142163,BANDED_EXERCISES,BANDED_EXERCISES,1,10,59.34.00,55.01.00,2024-10-29T16:28:05.0,227,52,2948.28.00,6,2025-08-07T19:06:01.079Z
3329,17409910736,BANDED_EXERCISES,BANDED_EXERCISES,1,7,<null>,43.57.00,2024-10-29T19:06:53.0,713,148,3229.7999999999997,15,2025-08-07T19:05:59.920Z
3330,17408142163,BANDED_EXERCISES,BANDED_EXERCISES,2,8,59.34.00,45.31.00,2024-10-29T16:30:29.0,227,52,2948.28.00,6,2025-08-07T19:06:01.079Z
3331,17409910736,BANDED_EXERCISES,BANDED_EXERCISES,2,4,<null>,38.34.00,2024-10-29T19:10:55.0,713,148,3229.7999999999997,15,2025-08-07T19:05:59.920Z
3332,17408142163,BANDED_EXERCISES,BANDED_EXERCISES,3,10,54.44.00,61.04.00,2024-10-29T16:33:13.0,227,52,2948.28.00,6,2025-08-07T19:06:01.079Z
3333,17409910736,BANDED_EXERCISES,BANDED_EXERCISES,3,5,<null>,21.04,2024-10-29T19:13:07.0,713,148,3229.7999999999997,15,2025-08-07T19:05:59.920Z
3334,17408142163,BANDED_EXERCISES,BANDED_EXERCISES,4,8,59.34.00,34.54.00,2024-10-29T16:35:05.0,227,52,2948.28.00,6,2025-08-07T19:06:01.079Z
3335,17409910736,BANDED_EXERCISES,BANDED_EXERCISES,4,10,32.15.00,52.37.00,2024-10-29T19:18:31.0,713,148,3229.7999999999997,15,2025-08-07T19:05:59.920Z
3336,17408142163,BANDED_EXERCISES,BANDED_EXERCISES,5,8,54.44.00,38.42.00,2024-10-29T16:37:00.0,227,52,2948.28.00,6,2025-08-07T19:06:01.079Z
3337,17409910736,BANDED_EXERCISES,BANDED_EXERCISES,5,12,18.13,51.31.00,2024-10-29T19:20:38.0,713,148,3229.7999999999997,15,2025-08-07T19:05:59.920Z
3338,17408142163,BANDED_EXERCISES,BANDED_EXERCISES,6,8,54.44.00,32.04.00,2024-10-29T16:38:46.0,227,52,2948.28.00,6,2025-08-07T19:06:01.079Z
3339,17409910736,BANDED_EXERCISES,BANDED_EXERCISES,6,14,32.15.00,40.42.00,2024-10-29T19:23:42.0,713,148,3229.7999999999997,15,2025-08-07T19:05:59.920Z
3340,17409910736,BANDED_EXERCISES,BANDED_EXERCISES,7,15,18.13,59.37.00,2024-10-29T19:28:00.0,713,148,3229.7999999999997,15,2025-08-07T19:05:59.920Z
3341,17409910736,BANDED_EXERCISES,BANDED_EXERCISES,8,9,32.15.00,51.41.00,2024-10-29T19:30:46.0,713,148,3229.7999999999997,15,2025-08-07T19:05:59.920Z
3342,17409910736,BANDED_EXERCISES,BANDED_EXERCISES,9,12,18.13,95.11.00,2024-10-29T19:37:10.0,713,148,3229.7999999999997,15,2025-08-07T19:05:59.920Z
3343,17409910736,BANDED_EXERCISES,BANDED_EXERCISES,10,7,18.13,44.51.00,2024-10-29T19:40:56.0,713,148,3229.7999999999997,15,2025-08-07T19:05:59.920Z
3344,17409910736,BANDED_EXERCISES,BANDED_EXERCISES,11,15,14.03,43.06.00,2024-10-29T19:42:40.0,713,148,3229.7999999999997,15,2025-08-07T19:05:59.920Z
3345,17409910736,BANDED_EXERCISES,BANDED_EXERCISES,12,12,14.03,50.32.00,2024-10-29T19:44:52.0,713,148,3229.7999999999997,15,2025-08-07T19:05:59.920Z
3346,17409910736,BANDED_EXERCISES,BANDED_EXERCISES,13,8,41.21.00,66.56.00,2024-10-29T19:50:26.0,713,148,3229.7999999999997,15,2025-08-07T19:05:59.920Z
3347,17409910736,BANDED_EXERCISES,BANDED_EXERCISES,14,10,36.31.00,72.08.00,2024-10-29T19:54:06.0,713,148,3229.7999999999997,15,2025-08-07T19:05:59.920Z
3348,17409910736,BANDED_EXERCISES,BANDED_EXERCISES,15,8,36.31.00,55.12.00,2024-10-29T19:58:16.0,713,148,3229.7999999999997,15,2025-08-07T19:05:59.920Z
3349,17385567197,SMITH_MACHINE_BENCH_PRESS,BENCH_PRESS,1,8,63.5,63.12.00,2024-10-26T23:18:39.0,162,21,1333.5,3,2025-08-07T19:06:03.865Z
3350,17385567197,SMITH_MACHINE_BENCH_PRESS,BENCH_PRESS,2,7,63.5,60.35.00,2024-10-26T23:23:21.0,162,21,1333.5,3,2025-08-07T19:06:03.865Z
3351,17385567197,SMITH_MACHINE_BENCH_PRESS,BENCH_PRESS,3,6,63.5,46.32.00,2024-10-26T23:30:59.0,162,21,1333.5,3,2025-08-07T19:06:03.865Z
3352,17385567197,BANDED_EXERCISES,BANDED_EXERCISES,1,15,45.38.00,65.17.00,2024-10-26T23:34:32.0,697,164,9330.639999999998,15,2025-08-07T19:06:03.865Z
3353,17385567197,BANDED_EXERCISES,BANDED_EXERCISES,2,10,54.44.00,45.03.00,2024-10-26T23:38:52.0,697,164,9330.639999999998,15,2025-08-07T19:06:03.865Z
3354,17385567197,BANDED_EXERCISES,BANDED_EXERCISES,3,10,50.28.00,71.08.00,2024-10-26T23:45:17.0,697,164,9330.639999999998,15,2025-08-07T19:06:03.865Z
3355,17385567197,BANDED_EXERCISES,BANDED_EXERCISES,4,10,54.44.00,59,2024-10-26T23:53:19.0,697,164,9330.639999999998,15,2025-08-07T19:06:03.865Z
3356,17385567197,BANDED_EXERCISES,BANDED_EXERCISES,5,10,54.44.00,36.15.00,2024-10-26T23:58:24.0,697,164,9330.639999999998,15,2025-08-07T19:06:03.865Z
3357,17385567197,BANDED_EXERCISES,BANDED_EXERCISES,6,8,63.5,67.24.00,2024-10-27T00:05:14.0,697,164,9330.639999999998,15,2025-08-07T19:06:03.865Z
3358,17385567197,BANDED_EXERCISES,BANDED_EXERCISES,7,12,66.15.00,83.45.00,2024-10-27T00:10:53.0,697,164,9330.639999999998,15,2025-08-07T19:06:03.865Z
3359,17385567197,BANDED_EXERCISES,BANDED_EXERCISES,8,12,68.06.00,56.41.00,2024-10-27T00:16:16.0,697,164,9330.639999999998,15,2025-08-07T19:06:03.865Z
3360,17385567197,BANDED_EXERCISES,BANDED_EXERCISES,9,12,68.06.00,43.22.00,2024-10-27T00:21:01.0,697,164,9330.639999999998,15,2025-08-07T19:06:03.865Z
3361,17385567197,BANDED_EXERCISES,BANDED_EXERCISES,10,15,59.34.00,22.08,2024-10-27T00:38:50.0,697,164,9330.639999999998,15,2025-08-07T19:06:03.865Z
3362,17385567197,BANDED_EXERCISES,BANDED_EXERCISES,11,12,59.34.00,39.37.00,2024-10-27T00:42:11.0,697,164,9330.639999999998,15,2025-08-07T19:06:03.865Z
3363,17385567197,BANDED_EXERCISES,BANDED_EXERCISES,12,10,61.25.00,49.48.00,2024-10-27T00:45:49.0,697,164,9330.639999999998,15,2025-08-07T19:06:03.865Z
3364,17385567197,BANDED_EXERCISES,BANDED_EXERCISES,13,8,57.09.00,46.39.00,2024-10-27T00:48:39.0,697,164,9330.639999999998,15,2025-08-07T19:06:03.865Z
3365,17385567197,BANDED_EXERCISES,BANDED_EXERCISES,14,10,45.38.00,47.29.00,2024-10-27T00:52:09.0,697,164,9330.639999999998,15,2025-08-07T19:06:03.865Z
3366,17385567197,BANDED_EXERCISES,BANDED_EXERCISES,15,10,48.03.00,34.01.00,2024-10-27T00:56:57.0,697,164,9330.639999999998,15,2025-08-07T19:06:03.865Z
3367,17376410356,BANDED_EXERCISES,BANDED_EXERCISES,1,4,<null>,39.23.00,2024-10-25T19:02:08.0,1332,233,7466.930000000001,24,2025-08-07T19:06:06.330Z
3368,17376410356,BANDED_EXERCISES,BANDED_EXERCISES,2,8,09.06,52.21.00,2024-10-25T19:06:18.0,1332,233,7466.930000000001,24,2025-08-07T19:06:06.330Z
3369,17376410356,BANDED_EXERCISES,BANDED_EXERCISES,3,8,09.06,257.08.00,2024-10-25T19:10:59.0,1332,233,7466.930000000001,24,2025-08-07T19:06:06.330Z
3370,17376410356,BANDED_EXERCISES,BANDED_EXERCISES,4,12,50.28.00,53.49.00,2024-10-25T19:15:29.0,1332,233,7466.930000000001,24,2025-08-07T19:06:06.330Z
3371,17376410356,BANDED_EXERCISES,BANDED_EXERCISES,5,10,54.44.00,52.02.00,2024-10-25T19:19:47.0,1332,233,7466.930000000001,24,2025-08-07T19:06:06.330Z
3372,17376410356,BANDED_EXERCISES,BANDED_EXERCISES,6,8,54.44.00,50.06.00,2024-10-25T19:25:57.0,1332,233,7466.930000000001,24,2025-08-07T19:06:06.330Z
3373,17376410356,BANDED_EXERCISES,BANDED_EXERCISES,7,12,63.5,49.41.00,2024-10-25T19:39:37.0,1332,233,7466.930000000001,24,2025-08-07T19:06:06.330Z
3374,17376410356,BANDED_EXERCISES,BANDED_EXERCISES,8,10,63.5,52.18.00,2024-10-25T19:47:10.0,1332,233,7466.930000000001,24,2025-08-07T19:06:06.330Z
3375,17376410356,BANDED_EXERCISES,BANDED_EXERCISES,9,10,63.5,62.21.00,2024-10-25T19:51:40.0,1332,233,7466.930000000001,24,2025-08-07T19:06:06.330Z
3376,17376410356,BANDED_EXERCISES,BANDED_EXERCISES,10,8,36.31.00,40.54.00,2024-10-25T19:57:01.0,1332,233,7466.930000000001,24,2025-08-07T19:06:06.330Z
3377,17376410356,BANDED_EXERCISES,BANDED_EXERCISES,11,10,32.15.00,49.56.00,2024-10-25T19:59:04.0,1332,233,7466.930000000001,24,2025-08-07T19:06:06.330Z
3378,17376410356,BANDED_EXERCISES,BANDED_EXERCISES,12,8,32.15.00,34.56.00,2024-10-25T20:03:11.0,1332,233,7466.930000000001,24,2025-08-07T19:06:06.330Z
3379,17376410356,BANDED_EXERCISES,BANDED_EXERCISES,13,10,32.15.00,63.49.00,2024-10-25T20:06:41.0,1332,233,7466.930000000001,24,2025-08-07T19:06:06.330Z
3380,17376410356,BANDED_EXERCISES,BANDED_EXERCISES,14,10,18.13,43.45.00,2024-10-25T20:10:01.0,1332,233,7466.930000000001,24,2025-08-07T19:06:06.330Z
3381,17376410356,BANDED_EXERCISES,BANDED_EXERCISES,15,9,32.15.00,62.02.00,2024-10-25T20:12:57.0,1332,233,7466.930000000001,24,2025-08-07T19:06:06.330Z
3382,17376410356,BANDED_EXERCISES,BANDED_EXERCISES,16,10,18.13,45.13.00,2024-10-25T20:16:56.0,1332,233,7466.930000000001,24,2025-08-07T19:06:06.330Z
3383,17376410356,BANDED_EXERCISES,BANDED_EXERCISES,17,10,32.15.00,57.38.00,2024-10-25T20:22:29.0,1332,233,7466.930000000001,24,2025-08-07T19:06:06.330Z
3384,17376410356,BANDED_EXERCISES,BANDED_EXERCISES,18,12,18.13,89.18.00,2024-10-25T20:26:14.0,1332,233,7466.930000000001,24,2025-08-07T19:06:06.330Z
3385,17376410356,BANDED_EXERCISES,BANDED_EXERCISES,19,15,14.03,61.16.00,2024-10-25T20:28:59.0,1332,233,7466.930000000001,24,2025-08-07T19:06:06.330Z
3386,17376410356,BANDED_EXERCISES,BANDED_EXERCISES,20,20,14.03,54.17.00,2024-10-25T20:37:55.0,1332,233,7466.930000000001,24,2025-08-07T19:06:06.330Z
3387,17376410356,BANDED_EXERCISES,BANDED_EXERCISES,21,8,14.03,28.29.00,2024-10-25T20:45:46.0,1332,233,7466.930000000001,24,2025-08-07T19:06:06.330Z
3388,17376410356,BANDED_EXERCISES,BANDED_EXERCISES,22,8,36.31.00,70.28.00,2024-10-25T20:54:55.0,1332,233,7466.930000000001,24,2025-08-07T19:06:06.330Z
3389,17376410356,BANDED_EXERCISES,BANDED_EXERCISES,23,6,36.31.00,57.41.00,2024-10-25T21:00:03.0,1332,233,7466.930000000001,24,2025-08-07T19:06:06.330Z
3390,17376410356,BANDED_EXERCISES,BANDED_EXERCISES,24,7,36.31.00,52.51.00,2024-10-25T21:07:46.0,1332,233,7466.930000000001,24,2025-08-07T19:06:06.330Z
3391,17368608284,SMITH_MACHINE_BENCH_PRESS,BENCH_PRESS,1,8,63.5,83.46.00,2024-10-24T19:10:07.0,178,22,1365.5,3,2025-08-07T19:06:19.515Z
3392,17368608284,SMITH_MACHINE_BENCH_PRESS,BENCH_PRESS,2,8,61.25.00,65.49.00,2024-10-24T19:14:53.0,178,22,1365.5,3,2025-08-07T19:06:19.515Z
3393,17368608284,SMITH_MACHINE_BENCH_PRESS,BENCH_PRESS,3,6,61.25.00,57.42.00,2024-10-24T19:18:58.0,178,22,1365.5,3,2025-08-07T19:06:19.515Z
3394,17368608284,BANDED_EXERCISES,BANDED_EXERCISES,1,10,45.38.00,43.36.00,2024-10-24T19:22:48.0,235,60,3266.16.00,6,2025-08-07T19:06:19.515Z
3395,17368608284,BANDED_EXERCISES,BANDED_EXERCISES,2,10,50.28.00,39.03.00,2024-10-24T19:26:01.0,235,60,3266.16.00,6,2025-08-07T19:06:19.515Z
3396,17368608284,BANDED_EXERCISES,BANDED_EXERCISES,3,12,50.28.00,56.06.00,2024-10-24T19:29:52.0,235,60,3266.16.00,6,2025-08-07T19:06:19.515Z
3397,17368608284,BANDED_EXERCISES,BANDED_EXERCISES,4,10,61.25.00,43.05.00,2024-10-24T19:36:43.0,235,60,3266.16.00,6,2025-08-07T19:06:19.515Z
3398,17368608284,BANDED_EXERCISES,BANDED_EXERCISES,5,8,61.25.00,37.01.00,2024-10-24T19:40:46.0,235,60,3266.16.00,6,2025-08-07T19:06:19.515Z
3399,17368608284,BANDED_EXERCISES,BANDED_EXERCISES,6,10,61.25.00,45.07.00,2024-10-24T19:44:27.0,235,60,3266.16.00,6,2025-08-07T19:06:19.515Z
3400,17351995522,BANDED_EXERCISES,BANDED_EXERCISES,1,6,<null>,31.02.00,2024-10-22T19:12:43.0,906,182,4137.18.00,18,2025-08-07T19:06:40.522Z
3401,17351995522,BANDED_EXERCISES,BANDED_EXERCISES,2,6,04.56,39.57.00,2024-10-22T19:13:26.0,906,182,4137.18.00,18,2025-08-07T19:06:40.522Z
3402,17351995522,BANDED_EXERCISES,BANDED_EXERCISES,3,8,09.06,42.49.00,2024-10-22T19:16:08.0,906,182,4137.18.00,18,2025-08-07T19:06:40.522Z
3403,17351995522,BANDED_EXERCISES,BANDED_EXERCISES,4,12,45.38.00,67.26.00,2024-10-22T19:20:23.0,906,182,4137.18.00,18,2025-08-07T19:06:40.522Z
3404,17351995522,BANDED_EXERCISES,BANDED_EXERCISES,5,12,50.28.00,65.45.00,2024-10-22T19:25:14.0,906,182,4137.18.00,18,2025-08-07T19:06:40.522Z
3405,17351995522,BANDED_EXERCISES,BANDED_EXERCISES,6,12,52.19.00,55.28.00,2024-10-22T19:28:58.0,906,182,4137.18.00,18,2025-08-07T19:06:40.522Z
3406,17351995522,BANDED_EXERCISES,BANDED_EXERCISES,7,13,27.19.00,55.31.00,2024-10-22T19:32:22.0,906,182,4137.18.00,18,2025-08-07T19:06:40.522Z
3407,17351995522,BANDED_EXERCISES,BANDED_EXERCISES,8,12,14.03,57.55.00,2024-10-22T19:34:36.0,906,182,4137.18.00,18,2025-08-07T19:06:40.522Z
3408,17351995522,BANDED_EXERCISES,BANDED_EXERCISES,9,12,14.03,50.29.00,2024-10-22T19:39:23.0,906,182,4137.18.00,18,2025-08-07T19:06:40.522Z
3409,17351995522,BANDED_EXERCISES,BANDED_EXERCISES,10,10,14.03,51.21.00,2024-10-22T19:42:43.0,906,182,4137.18.00,18,2025-08-07T19:06:40.522Z
3410,17351995522,BANDED_EXERCISES,BANDED_EXERCISES,11,13,27.19.00,58.03.00,2024-10-22T19:46:48.0,906,182,4137.18.00,18,2025-08-07T19:06:40.522Z
3411,17351995522,BANDED_EXERCISES,BANDED_EXERCISES,12,10,14.03,106.22.00,2024-10-22T19:48:37.0,906,182,4137.18.00,18,2025-08-07T19:06:40.522Z
3412,17351995522,BANDED_EXERCISES,BANDED_EXERCISES,13,8,16.28,76.37.00,2024-10-22T19:52:12.0,906,182,4137.18.00,18,2025-08-07T19:06:40.522Z
3413,17351995522,BANDED_EXERCISES,BANDED_EXERCISES,14,8,16.28,81.29.00,2024-10-22T19:55:50.0,906,182,4137.18.00,18,2025-08-07T19:06:40.522Z
3414,17351995522,BANDED_EXERCISES,BANDED_EXERCISES,15,8,16.28,68.36.00,2024-10-22T20:01:17.0,906,182,4137.18.00,18,2025-08-07T19:06:40.522Z
3415,17351995522,BANDED_EXERCISES,BANDED_EXERCISES,16,12,18.13,56.09.00,2024-10-22T20:04:48.0,906,182,4137.18.00,18,2025-08-07T19:06:40.522Z
3416,17351995522,BANDED_EXERCISES,BANDED_EXERCISES,17,10,18.13,40.05.00,2024-10-22T20:08:10.0,906,182,4137.18.00,18,2025-08-07T19:06:40.522Z
3417,17351995522,BANDED_EXERCISES,BANDED_EXERCISES,18,10,18.13,52.48.00,2024-10-22T20:10:52.0,906,182,4137.18.00,18,2025-08-07T19:06:40.522Z
3418,17335616506,BANDED_EXERCISES,BANDED_EXERCISES,1,4,<null>,31.43.00,2024-10-20T19:00:16.0,1088,205,7398.53.00,21,2025-08-07T19:06:55.526Z
3419,17335616506,BANDED_EXERCISES,BANDED_EXERCISES,2,8,09.06,42.25.00,2024-10-20T19:04:04.0,1088,205,7398.53.00,21,2025-08-07T19:06:55.526Z
3420,17335616506,BANDED_EXERCISES,BANDED_EXERCISES,3,6,04.56,48.34.00,2024-10-20T19:07:28.0,1088,205,7398.53.00,21,2025-08-07T19:06:55.526Z
3421,17335616506,BANDED_EXERCISES,BANDED_EXERCISES,4,12,54.44.00,83.27.00,2024-10-20T19:12:36.0,1088,205,7398.53.00,21,2025-08-07T19:06:55.526Z
3422,17335616506,BANDED_EXERCISES,BANDED_EXERCISES,5,12,54.44.00,69.36.00,2024-10-20T19:18:06.0,1088,205,7398.53.00,21,2025-08-07T19:06:55.526Z
3423,17335616506,BANDED_EXERCISES,BANDED_EXERCISES,6,12,54.44.00,51.28.00,2024-10-20T19:22:50.0,1088,205,7398.53.00,21,2025-08-07T19:06:55.526Z
3424,17335616506,BANDED_EXERCISES,BANDED_EXERCISES,7,10,68.06.00,56.18.00,2024-10-20T19:27:52.0,1088,205,7398.53.00,21,2025-08-07T19:06:55.526Z
3425,17335616506,BANDED_EXERCISES,BANDED_EXERCISES,8,8,68.06.00,44.01.00,2024-10-20T19:34:58.0,1088,205,7398.53.00,21,2025-08-07T19:06:55.526Z
3426,17335616506,BANDED_EXERCISES,BANDED_EXERCISES,9,8,68.06.00,53.24.00,2024-10-20T19:40:00.0,1088,205,7398.53.00,21,2025-08-07T19:06:55.526Z
3427,17335616506,BANDED_EXERCISES,BANDED_EXERCISES,10,8,32.15.00,85.52.00,2024-10-20T19:47:27.0,1088,205,7398.53.00,21,2025-08-07T19:06:55.526Z
3428,17335616506,BANDED_EXERCISES,BANDED_EXERCISES,11,8,32.15.00,66.34.00,2024-10-20T19:55:23.0,1088,205,7398.53.00,21,2025-08-07T19:06:55.526Z
3429,17335616506,BANDED_EXERCISES,BANDED_EXERCISES,12,8,32.15.00,70.14.00,2024-10-20T20:01:26.0,1088,205,7398.53.00,21,2025-08-07T19:06:55.526Z
3430,17335616506,BANDED_EXERCISES,BANDED_EXERCISES,13,8,50.28.00,50.45.00,2024-10-20T20:07:39.0,1088,205,7398.53.00,21,2025-08-07T19:06:55.526Z
3431,17335616506,BANDED_EXERCISES,BANDED_EXERCISES,14,8,50.28.00,56.47.00,2024-10-20T20:13:31.0,1088,205,7398.53.00,21,2025-08-07T19:06:55.526Z
3432,17335616506,BANDED_EXERCISES,BANDED_EXERCISES,15,10,50.28.00,58.26.00,2024-10-20T20:20:26.0,1088,205,7398.53.00,21,2025-08-07T19:06:55.526Z
3433,17335616506,BANDED_EXERCISES,BANDED_EXERCISES,16,12,27.19.00,57.46.00,2024-10-20T20:25:04.0,1088,205,7398.53.00,21,2025-08-07T19:06:55.526Z
3434,17335616506,BANDED_EXERCISES,BANDED_EXERCISES,17,12,14.03,62.34.00,2024-10-20T20:27:47.0,1088,205,7398.53.00,21,2025-08-07T19:06:55.526Z
3435,17335616506,BANDED_EXERCISES,BANDED_EXERCISES,18,12,27.19.00,68.34.00,2024-10-20T20:32:51.0,1088,205,7398.53.00,21,2025-08-07T19:06:55.526Z
3436,17335616506,BANDED_EXERCISES,BANDED_EXERCISES,19,15,14.03,57.49.00,2024-10-20T20:36:04.0,1088,205,7398.53.00,21,2025-08-07T19:06:55.526Z
3437,17335616506,BANDED_EXERCISES,BANDED_EXERCISES,20,12,27.19.00,45.19.00,2024-10-20T20:39:48.0,1088,205,7398.53.00,21,2025-08-07T19:06:55.526Z
3438,17335616506,BANDED_EXERCISES,BANDED_EXERCISES,21,12,14.03,59.38.00,2024-10-20T20:43:04.0,1088,205,7398.53.00,21,2025-08-07T19:06:55.526Z
3439,17318060722,BANDED_EXERCISES,BANDED_EXERCISES,1,10,50.28.00,68.05.00,2024-10-18T17:10:35.0,1960,276,10482.770000000002,24,2025-08-07T19:07:05.891Z
3440,17318060722,BANDED_EXERCISES,BANDED_EXERCISES,2,10,50.28.00,53.27.00,2024-10-18T17:16:28.0,1960,276,10482.770000000002,24,2025-08-07T19:07:05.891Z
3441,17318060722,BANDED_EXERCISES,BANDED_EXERCISES,3,8,50.28.00,50.35.00,2024-10-18T17:23:10.0,1960,276,10482.770000000002,24,2025-08-07T19:07:05.891Z
3442,17318060722,BANDED_EXERCISES,BANDED_EXERCISES,4,7,61.25.00,48.49.00,2024-10-18T17:37:32.0,1960,276,10482.770000000002,24,2025-08-07T19:07:05.891Z
3443,17318060722,BANDED_EXERCISES,BANDED_EXERCISES,5,7,61.25.00,109.47.00,2024-10-18T17:40:26.0,1960,276,10482.770000000002,24,2025-08-07T19:07:05.891Z
3444,17318060722,BANDED_EXERCISES,BANDED_EXERCISES,6,7,61.25.00,303.57.00,2024-10-18T17:45:32.0,1960,276,10482.770000000002,24,2025-08-07T19:07:05.891Z
3445,17318060722,BANDED_EXERCISES,BANDED_EXERCISES,7,10,61.25.00,77.16.00,2024-10-18T17:50:53.0,1960,276,10482.770000000002,24,2025-08-07T19:07:05.891Z
3446,17318060722,BANDED_EXERCISES,BANDED_EXERCISES,8,10,61.25.00,66.47.00,2024-10-18T17:55:31.0,1960,276,10482.770000000002,24,2025-08-07T19:07:05.891Z
3447,17318060722,BANDED_EXERCISES,BANDED_EXERCISES,9,8,59.34.00,49.23.00,2024-10-18T17:59:31.0,1960,276,10482.770000000002,24,2025-08-07T19:07:05.891Z
3448,17318060722,BANDED_EXERCISES,BANDED_EXERCISES,10,8,41.21.00,81.51.00,2024-10-18T18:03:30.0,1960,276,10482.770000000002,24,2025-08-07T19:07:05.891Z
3449,17318060722,BANDED_EXERCISES,BANDED_EXERCISES,11,8,41.21.00,41.15.00,2024-10-18T18:08:46.0,1960,276,10482.770000000002,24,2025-08-07T19:07:05.891Z
3450,17318060722,BANDED_EXERCISES,BANDED_EXERCISES,12,12,41.21.00,364.07.00,2024-10-18T18:13:31.0,1960,276,10482.770000000002,24,2025-08-07T19:07:05.891Z
3451,17318060722,BANDED_EXERCISES,BANDED_EXERCISES,13,12,41.21.00,66.11.00,2024-10-18T18:19:58.0,1960,276,10482.770000000002,24,2025-08-07T19:07:05.891Z
3452,17318060722,BANDED_EXERCISES,BANDED_EXERCISES,14,15,<null>,63.08.00,2024-10-18T18:25:31.0,1960,276,10482.770000000002,24,2025-08-07T19:07:05.891Z
3453,17318060722,BANDED_EXERCISES,BANDED_EXERCISES,15,13,41.21.00,61.07.00,2024-10-18T18:31:24.0,1960,276,10482.770000000002,24,2025-08-07T19:07:05.891Z
3454,17318060722,BANDED_EXERCISES,BANDED_EXERCISES,16,12,18.13,51.21.00,2024-10-18T18:36:12.0,1960,276,10482.770000000002,24,2025-08-07T19:07:05.891Z
3455,17318060722,BANDED_EXERCISES,BANDED_EXERCISES,17,20,18.13,45.44.00,2024-10-18T18:38:46.0,1960,276,10482.770000000002,24,2025-08-07T19:07:05.891Z
3456,17318060722,BANDED_EXERCISES,BANDED_EXERCISES,18,12,18.13,45.27.00,2024-10-18T18:43:49.0,1960,276,10482.770000000002,24,2025-08-07T19:07:05.891Z
3457,17318060722,BANDED_EXERCISES,BANDED_EXERCISES,19,25,18.13,46.03.00,2024-10-18T18:46:13.0,1960,276,10482.770000000002,24,2025-08-07T19:07:05.891Z
3458,17318060722,BANDED_EXERCISES,BANDED_EXERCISES,20,12,18.13,59.13.00,2024-10-18T18:49:38.0,1960,276,10482.770000000002,24,2025-08-07T19:07:05.891Z
3459,17318060722,BANDED_EXERCISES,BANDED_EXERCISES,21,20,18.13,214.46.00,2024-10-18T18:51:04.0,1960,276,10482.770000000002,24,2025-08-07T19:07:05.891Z
3460,17318060722,BANDED_EXERCISES,BANDED_EXERCISES,22,10,70.31.00,52.04.00,2024-10-18T18:55:10.0,1960,276,10482.770000000002,24,2025-08-07T19:07:05.891Z
3461,17318060722,BANDED_EXERCISES,BANDED_EXERCISES,23,10,70.31.00,43.31.00,2024-10-18T19:01:02.0,1960,276,10482.770000000002,24,2025-08-07T19:07:05.891Z
3462,17318060722,BANDED_EXERCISES,BANDED_EXERCISES,24,10,70.31.00,47.21.00,2024-10-18T19:04:39.0,1960,276,10482.770000000002,24,2025-08-07T19:07:05.891Z
3463,17294539926,BANDED_EXERCISES,BANDED_EXERCISES,1,10,63.5,53.22.00,2024-10-15T19:02:49.0,1040,220,8039.340000000001,22,2025-08-07T19:07:19.566Z
3464,17303423703,BANDED_EXERCISES,BANDED_EXERCISES,1,8,59.34.00,43.37.00,2024-10-16T20:53:39.0,1017,144,7727.44.00,15,2025-08-07T19:07:14.523Z
3465,17294539926,BANDED_EXERCISES,BANDED_EXERCISES,2,10,63.5,50.36.00,2024-10-15T19:06:24.0,1040,220,8039.340000000001,22,2025-08-07T19:07:19.566Z
3466,17303423703,BANDED_EXERCISES,BANDED_EXERCISES,2,8,59.34.00,45.48.00,2024-10-16T20:57:34.0,1017,144,7727.44.00,15,2025-08-07T19:07:14.523Z
3467,17294539926,BANDED_EXERCISES,BANDED_EXERCISES,3,10,63.5,42.18.00,2024-10-15T19:09:10.0,1040,220,8039.340000000001,22,2025-08-07T19:07:19.566Z
3468,17303423703,BANDED_EXERCISES,BANDED_EXERCISES,3,8,59.34.00,174.51.00,2024-10-16T21:01:50.0,1017,144,7727.44.00,15,2025-08-07T19:07:14.523Z
3469,17294539926,BANDED_EXERCISES,BANDED_EXERCISES,4,10,18.13,35.16.00,2024-10-15T19:12:25.0,1040,220,8039.340000000001,22,2025-08-07T19:07:19.566Z
3470,17303423703,BANDED_EXERCISES,BANDED_EXERCISES,4,8,50.28.00,151.08.00,2024-10-16T21:06:08.0,1017,144,7727.44.00,15,2025-08-07T19:07:14.523Z
3471,17294539926,BANDED_EXERCISES,BANDED_EXERCISES,5,6,36.31.00,42.59.00,2024-10-15T19:15:13.0,1040,220,8039.340000000001,22,2025-08-07T19:07:19.566Z
3472,17303423703,BANDED_EXERCISES,BANDED_EXERCISES,5,8,59.34.00,58.17.00,2024-10-16T21:10:34.0,1017,144,7727.44.00,15,2025-08-07T19:07:14.523Z
3473,17294539926,BANDED_EXERCISES,BANDED_EXERCISES,6,8,34,45.21.00,2024-10-15T19:19:29.0,1040,220,8039.340000000001,22,2025-08-07T19:07:19.566Z
3474,17303423703,BANDED_EXERCISES,BANDED_EXERCISES,6,8,59.34.00,53.41.00,2024-10-16T21:16:08.0,1017,144,7727.44.00,15,2025-08-07T19:07:14.523Z
3475,17294539926,BANDED_EXERCISES,BANDED_EXERCISES,7,8,34,32.28.00,2024-10-15T19:23:17.0,1040,220,8039.340000000001,22,2025-08-07T19:07:19.566Z
3476,17303423703,BANDED_EXERCISES,BANDED_EXERCISES,7,10,61.25.00,46.34.00,2024-10-16T21:20:51.0,1017,144,7727.44.00,15,2025-08-07T19:07:14.523Z
3477,17294539926,BANDED_EXERCISES,BANDED_EXERCISES,8,10,<null>,43.18.00,2024-10-15T19:26:36.0,1040,220,8039.340000000001,22,2025-08-07T19:07:19.566Z
3478,17303423703,BANDED_EXERCISES,BANDED_EXERCISES,8,10,59.34.00,49.04.00,2024-10-16T21:25:02.0,1017,144,7727.44.00,15,2025-08-07T19:07:14.523Z
3479,17294539926,BANDED_EXERCISES,BANDED_EXERCISES,9,12,18.13,53.49.00,2024-10-15T19:29:19.0,1040,220,8039.340000000001,22,2025-08-07T19:07:19.566Z
3480,17303423703,BANDED_EXERCISES,BANDED_EXERCISES,9,10,59.34.00,72.49.00,2024-10-16T21:31:57.0,1017,144,7727.44.00,15,2025-08-07T19:07:14.523Z
3481,17294539926,BANDED_EXERCISES,BANDED_EXERCISES,10,6,27.19.00,80.59.00,2024-10-15T19:32:53.0,1040,220,8039.340000000001,22,2025-08-07T19:07:19.566Z
3482,17303423703,BANDED_EXERCISES,BANDED_EXERCISES,10,10,29.5,106.25.00,2024-10-16T21:35:32.0,1017,144,7727.44.00,15,2025-08-07T19:07:14.523Z
3483,17294539926,BANDED_EXERCISES,BANDED_EXERCISES,11,11,27.19.00,45.14.00,2024-10-15T19:34:31.0,1040,220,8039.340000000001,22,2025-08-07T19:07:19.566Z
3484,17303423703,BANDED_EXERCISES,BANDED_EXERCISES,11,10,32.15.00,43.26.00,2024-10-16T21:40:36.0,1017,144,7727.44.00,15,2025-08-07T19:07:14.523Z
3485,17294539926,BANDED_EXERCISES,BANDED_EXERCISES,12,12,27.19.00,139.17.00,2024-10-15T19:38:11.0,1040,220,8039.340000000001,22,2025-08-07T19:07:19.566Z
3486,17303423703,BANDED_EXERCISES,BANDED_EXERCISES,12,12,34,39.05.00,2024-10-16T21:46:16.0,1017,144,7727.44.00,15,2025-08-07T19:07:14.523Z
3487,17294539926,BANDED_EXERCISES,BANDED_EXERCISES,13,10,72.56.00,63.23.00,2024-10-15T19:43:51.0,1040,220,8039.340000000001,22,2025-08-07T19:07:19.566Z
3488,17303423703,BANDED_EXERCISES,BANDED_EXERCISES,13,12,63.5,78.53.00,2024-10-16T21:50:35.0,1017,144,7727.44.00,15,2025-08-07T19:07:14.523Z
3489,17294539926,BANDED_EXERCISES,BANDED_EXERCISES,14,10,72.56.00,50.54.00,2024-10-15T19:48:58.0,1040,220,8039.340000000001,22,2025-08-07T19:07:19.566Z
3490,17303423703,BANDED_EXERCISES,BANDED_EXERCISES,14,10,63.5,55.51.00,2024-10-16T21:55:28.0,1017,144,7727.44.00,15,2025-08-07T19:07:14.523Z
3491,17294539926,BANDED_EXERCISES,BANDED_EXERCISES,15,10,34,43.54.00,2024-10-15T19:52:00.0,1040,220,8039.340000000001,22,2025-08-07T19:07:19.566Z
3492,17303423703,BANDED_EXERCISES,BANDED_EXERCISES,15,12,63.5,69.17.00,2024-10-16T22:02:57.0,1017,144,7727.44.00,15,2025-08-07T19:07:14.523Z
3493,17294539926,BANDED_EXERCISES,BANDED_EXERCISES,16,10,34,44.2,2024-10-15T20:01:41.0,1040,220,8039.340000000001,22,2025-08-07T19:07:19.566Z
3494,17294539926,BANDED_EXERCISES,BANDED_EXERCISES,17,10,75.21.00,51.02.00,2024-10-15T20:07:02.0,1040,220,8039.340000000001,22,2025-08-07T19:07:19.566Z
3495,17294539926,BANDED_EXERCISES,BANDED_EXERCISES,18,10,34,40.08.00,2024-10-15T20:13:22.0,1040,220,8039.340000000001,22,2025-08-07T19:07:19.566Z
3496,17294539926,BANDED_EXERCISES,BANDED_EXERCISES,19,10,27.19.00,55.18.00,2024-10-15T20:16:26.0,1040,220,8039.340000000001,22,2025-08-07T19:07:19.566Z
3497,17294539926,BANDED_EXERCISES,BANDED_EXERCISES,20,10,27.19.00,56.46.00,2024-10-15T20:19:48.0,1040,220,8039.340000000001,22,2025-08-07T19:07:19.566Z
3498,17294539926,BANDED_EXERCISES,BANDED_EXERCISES,21,15,14.03,64.01.00,2024-10-15T20:23:32.0,1040,220,8039.340000000001,22,2025-08-07T19:07:19.566Z
3499,17294539926,BANDED_EXERCISES,BANDED_EXERCISES,22,12,18.13,69.33.00,2024-10-15T20:28:05.0,1040,220,8039.340000000001,22,2025-08-07T19:07:19.566Z
3500,17278338437,SMITH_MACHINE_BENCH_PRESS,BENCH_PRESS,1,8,57.09.00,63.16.00,2024-10-13T20:05:47.0,154,24,1360.56.00,3,2025-08-07T19:07:30.524Z
3501,17278338437,SMITH_MACHINE_BENCH_PRESS,BENCH_PRESS,2,8,57.09.00,52.15.00,2024-10-13T20:10:11.0,154,24,1360.56.00,3,2025-08-07T19:07:30.524Z
3502,17278338437,SMITH_MACHINE_BENCH_PRESS,BENCH_PRESS,3,8,57.09.00,46.42.00,2024-10-13T20:18:17.0,154,24,1360.56.00,3,2025-08-07T19:07:30.524Z
3503,17278338437,BANDED_EXERCISES,BANDED_EXERCISES,1,10,57.09.00,66.51.00,2024-10-13T20:22:22.0,468,64,3945.08.00,6,2025-08-07T19:07:30.524Z
3504,17278338437,BANDED_EXERCISES,BANDED_EXERCISES,2,10,57.09.00,36.11.00,2024-10-13T20:26:23.0,468,64,3945.08.00,6,2025-08-07T19:07:30.524Z
3505,17278338437,BANDED_EXERCISES,BANDED_EXERCISES,3,12,59.34.00,239.46.00,2024-10-13T20:30:06.0,468,64,3945.08.00,6,2025-08-07T19:07:30.524Z
3506,17278338437,BANDED_EXERCISES,BANDED_EXERCISES,4,12,66.15.00,49.56.00,2024-10-13T20:34:58.0,468,64,3945.08.00,6,2025-08-07T19:07:30.524Z
3507,17278338437,BANDED_EXERCISES,BANDED_EXERCISES,5,10,66.15.00,65.02.00,2024-10-13T20:38:34.0,468,64,3945.08.00,6,2025-08-07T19:07:30.524Z
3508,17278338437,BANDED_EXERCISES,BANDED_EXERCISES,6,10,66.15.00,49.57.00,2024-10-13T20:43:51.0,468,64,3945.08.00,6,2025-08-07T19:07:30.524Z
3509,17261065654,BANDED_EXERCISES,BANDED_EXERCISES,1,10,77.13.00,53.19.00,2024-10-11T19:12:46.0,758,165,7457.910000000001,16,2025-08-07T19:07:44.521Z
3510,17261065654,BANDED_EXERCISES,BANDED_EXERCISES,2,12,68.06.00,50.23.00,2024-10-11T19:16:05.0,758,165,7457.910000000001,16,2025-08-07T19:07:44.521Z
3511,17261065654,BANDED_EXERCISES,BANDED_EXERCISES,3,10,68.06.00,51.37.00,2024-10-11T19:23:33.0,758,165,7457.910000000001,16,2025-08-07T19:07:44.521Z
3512,17261065654,BANDED_EXERCISES,BANDED_EXERCISES,4,12,45.38.00,69.11.00,2024-10-11T19:31:30.0,758,165,7457.910000000001,16,2025-08-07T19:07:44.521Z
3513,17261065654,BANDED_EXERCISES,BANDED_EXERCISES,5,12,48.03.00,44.51.00,2024-10-11T19:38:48.0,758,165,7457.910000000001,16,2025-08-07T19:07:44.521Z
3514,17261065654,BANDED_EXERCISES,BANDED_EXERCISES,6,10,48.03.00,36.33.00,2024-10-11T19:48:07.0,758,165,7457.910000000001,16,2025-08-07T19:07:44.521Z
3515,17261065654,BANDED_EXERCISES,BANDED_EXERCISES,7,10,72.58.00,53.44.00,2024-10-11T18:03:04.9,758,165,7457.910000000001,16,2025-08-07T19:07:44.521Z
3516,17261065654,BANDED_EXERCISES,BANDED_EXERCISES,8,8,72.58.00,52.39.00,2024-10-11T18:03:04.9,758,165,7457.910000000001,16,2025-08-07T19:07:44.521Z
3517,17261065654,BANDED_EXERCISES,BANDED_EXERCISES,9,8,72.58.00,41.15.00,2024-10-11T18:03:04.9,758,165,7457.910000000001,16,2025-08-07T19:07:44.521Z
3518,17261065654,BANDED_EXERCISES,BANDED_EXERCISES,10,10,32.15.00,41.43.00,2024-10-11T20:07:51.0,758,165,7457.910000000001,16,2025-08-07T19:07:44.521Z
3519,17261065654,BANDED_EXERCISES,BANDED_EXERCISES,11,15,14.03,59.56.00,2024-10-11T20:09:35.0,758,165,7457.910000000001,16,2025-08-07T19:07:44.521Z
3520,17261065654,BANDED_EXERCISES,BANDED_EXERCISES,12,10,34,49.36.00,2024-10-11T20:11:32.0,758,165,7457.910000000001,16,2025-08-07T19:07:44.521Z
3521,17261065654,BANDED_EXERCISES,BANDED_EXERCISES,13,8,18.13,63.26.00,2024-10-11T20:14:39.0,758,165,7457.910000000001,16,2025-08-07T19:07:44.521Z
3522,17261065654,BANDED_EXERCISES,BANDED_EXERCISES,14,10,34.02.00,41.57.00,2024-10-11T18:03:25.4,758,165,7457.910000000001,16,2025-08-07T19:07:44.521Z
3523,17261065654,BANDED_EXERCISES,BANDED_EXERCISES,15,8,18.13,60.42.00,2024-10-11T20:20:18.0,758,165,7457.910000000001,16,2025-08-07T19:07:44.521Z
3524,17261065654,BANDED_EXERCISES,BANDED_EXERCISES,16,12,18.13,111.42.00,2024-10-11T20:22:48.0,758,165,7457.910000000001,16,2025-08-07T19:07:44.521Z
3525,17253396458,BANDED_EXERCISES,BANDED_EXERCISES,1,10,57.09.00,37,2024-10-10T18:37:22.0,784,198,9306.939999999999,21,2025-08-07T19:07:54.774Z
3526,17253396458,BANDED_EXERCISES,BANDED_EXERCISES,2,6,57.09.00,36.07.00,2024-10-10T18:41:49.0,784,198,9306.939999999999,21,2025-08-07T19:07:54.774Z
3527,17253396458,BANDED_EXERCISES,BANDED_EXERCISES,3,6,57.09.00,34.23.00,2024-10-10T18:45:09.0,784,198,9306.939999999999,21,2025-08-07T19:07:54.774Z
3528,17253396458,BANDED_EXERCISES,BANDED_EXERCISES,4,8,61.25.00,31.56.00,2024-10-10T18:48:45.0,784,198,9306.939999999999,21,2025-08-07T19:07:54.774Z
3529,17253396458,BANDED_EXERCISES,BANDED_EXERCISES,5,6,61.25.00,31.16.00,2024-10-10T18:52:08.0,784,198,9306.939999999999,21,2025-08-07T19:07:54.774Z
3530,17253396458,BANDED_EXERCISES,BANDED_EXERCISES,6,6,61.25.00,29.56.00,2024-10-10T18:55:08.0,784,198,9306.939999999999,21,2025-08-07T19:07:54.774Z
3531,17253396458,BANDED_EXERCISES,BANDED_EXERCISES,7,12,27.19.00,60.49.00,2024-10-10T18:58:05.0,784,198,9306.939999999999,21,2025-08-07T19:07:54.774Z
3532,17253396458,BANDED_EXERCISES,BANDED_EXERCISES,8,12,18.13,50.33.00,2024-10-10T18:59:50.0,784,198,9306.939999999999,21,2025-08-07T19:07:54.774Z
3533,17253396458,BANDED_EXERCISES,BANDED_EXERCISES,9,10,27.19.00,17.38,2024-10-10T19:03:52.0,784,198,9306.939999999999,21,2025-08-07T19:07:54.774Z
3534,17253396458,BANDED_EXERCISES,BANDED_EXERCISES,10,8,18.13,28.01.00,2024-10-10T19:05:39.0,784,198,9306.939999999999,21,2025-08-07T19:07:54.774Z
3535,17253396458,BANDED_EXERCISES,BANDED_EXERCISES,11,12,27.19.00,48.49.00,2024-10-10T19:09:00.0,784,198,9306.939999999999,21,2025-08-07T19:07:54.774Z
3536,17253396458,BANDED_EXERCISES,BANDED_EXERCISES,12,8,18.13,33.43.00,2024-10-10T19:09:54.0,784,198,9306.939999999999,21,2025-08-07T19:07:54.774Z
3537,17253396458,BANDED_EXERCISES,BANDED_EXERCISES,13,10,57.09.00,56.55.00,2024-10-10T19:13:05.0,784,198,9306.939999999999,21,2025-08-07T19:07:54.774Z
3538,17253396458,BANDED_EXERCISES,BANDED_EXERCISES,14,10,57.09.00,43.6,2024-10-10T19:19:27.0,784,198,9306.939999999999,21,2025-08-07T19:07:54.774Z
3539,17253396458,BANDED_EXERCISES,BANDED_EXERCISES,15,10,57.09.00,54.57.00,2024-10-10T19:26:57.0,784,198,9306.939999999999,21,2025-08-07T19:07:54.774Z
3540,17253396458,BANDED_EXERCISES,BANDED_EXERCISES,16,10,61.25.00,33.09.00,2024-10-10T19:32:53.0,784,198,9306.939999999999,21,2025-08-07T19:07:54.774Z
3541,17253396458,BANDED_EXERCISES,BANDED_EXERCISES,17,10,61.25.00,39.02.00,2024-10-10T19:37:57.0,784,198,9306.939999999999,21,2025-08-07T19:07:54.774Z
3542,17253396458,BANDED_EXERCISES,BANDED_EXERCISES,18,12,61.25.00,47.39.00,2024-10-10T19:41:30.0,784,198,9306.939999999999,21,2025-08-07T19:07:54.774Z
3543,17253396458,BANDED_EXERCISES,BANDED_EXERCISES,19,10,54.44.00,66.13.00,2024-10-10T16:18:47.6,784,198,9306.939999999999,21,2025-08-07T19:07:54.774Z
3544,17253396458,BANDED_EXERCISES,BANDED_EXERCISES,20,10,54.44.00,50.12.00,2024-10-10T16:18:47.6,784,198,9306.939999999999,21,2025-08-07T19:07:54.774Z
3545,17253396458,BANDED_EXERCISES,BANDED_EXERCISES,21,12,54.43.00,64.42.00,2024-10-10T16:18:47.6,784,198,9306.939999999999,21,2025-08-07T19:07:54.774Z
3546,17212147932,SMITH_MACHINE_BENCH_PRESS,BENCH_PRESS,1,9,57.09.00,52.14.00,2024-10-05T18:37:17.0,137,23,1304.27.00,3,2025-08-07T19:08:06.333Z
3547,17221148745,BANDED_EXERCISES,BANDED_EXERCISES,1,10,72.56.00,59.46.00,2024-10-06T20:03:26.0,423,112,6667.880000000001,12,2025-08-07T19:08:04.429Z
3548,17212147932,SMITH_MACHINE_BENCH_PRESS,BENCH_PRESS,2,8,57.09.00,57.34.00,2024-10-05T18:43:04.0,137,23,1304.27.00,3,2025-08-07T19:08:06.333Z
3549,17221148745,BANDED_EXERCISES,BANDED_EXERCISES,2,10,68.06.00,35.37.00,2024-10-06T20:07:47.0,423,112,6667.880000000001,12,2025-08-07T19:08:04.429Z
3550,17212147932,SMITH_MACHINE_BENCH_PRESS,BENCH_PRESS,3,6,57.09.00,46.22.00,2024-10-05T18:47:37.0,137,23,1304.27.00,3,2025-08-07T19:08:06.333Z
3551,17221148745,BANDED_EXERCISES,BANDED_EXERCISES,3,12,68.06.00,46.13.00,2024-10-06T20:12:23.0,423,112,6667.880000000001,12,2025-08-07T19:08:04.429Z
3552,17212147932,BANDED_EXERCISES,BANDED_EXERCISES,1,10,59.34.00,69.09.00,2024-10-05T18:51:37.0,1187,236,9846.830000000004,21,2025-08-07T19:08:06.333Z
3553,17221148745,BANDED_EXERCISES,BANDED_EXERCISES,4,12,59.34.00,52.38.00,2024-10-06T20:15:38.0,423,112,6667.880000000001,12,2025-08-07T19:08:04.429Z
3554,17212147932,BANDED_EXERCISES,BANDED_EXERCISES,2,8,59.34.00,51.48.00,2024-10-05T18:55:50.0,1187,236,9846.830000000004,21,2025-08-07T19:08:06.333Z
3555,17221148745,BANDED_EXERCISES,BANDED_EXERCISES,5,8,61.25.00,38.03.00,2024-10-06T20:18:54.0,423,112,6667.880000000001,12,2025-08-07T19:08:04.429Z
3556,17212147932,BANDED_EXERCISES,BANDED_EXERCISES,3,10,59.34.00,62.49.00,2024-10-05T19:01:19.0,1187,236,9846.830000000004,21,2025-08-07T19:08:06.333Z
3557,17221148745,BANDED_EXERCISES,BANDED_EXERCISES,6,8,61.25.00,39.11.00,2024-10-06T20:22:42.0,423,112,6667.880000000001,12,2025-08-07T19:08:04.429Z
3558,17212147932,BANDED_EXERCISES,BANDED_EXERCISES,4,11,34,56.27.00,2024-10-05T19:12:21.0,1187,236,9846.830000000004,21,2025-08-07T19:08:06.333Z
3559,17221148745,BANDED_EXERCISES,BANDED_EXERCISES,7,10,72.56.00,42.21.00,2024-10-06T20:25:22.0,423,112,6667.880000000001,12,2025-08-07T19:08:04.429Z
3560,17212147932,BANDED_EXERCISES,BANDED_EXERCISES,5,8,34,70.45.00,2024-10-05T19:18:15.0,1187,236,9846.830000000004,21,2025-08-07T19:08:06.333Z
3561,17221148745,BANDED_EXERCISES,BANDED_EXERCISES,8,10,72.56.00,48.37.00,2024-10-06T20:29:02.0,423,112,6667.880000000001,12,2025-08-07T19:08:04.429Z
3562,17212147932,BANDED_EXERCISES,BANDED_EXERCISES,6,10,34,45.11.00,2024-10-05T19:26:06.0,1187,236,9846.830000000004,21,2025-08-07T19:08:06.333Z
3563,17221148745,BANDED_EXERCISES,BANDED_EXERCISES,9,8,72.56.00,37.56.00,2024-10-06T20:32:12.0,423,112,6667.880000000001,12,2025-08-07T19:08:04.429Z
3564,17212147932,BANDED_EXERCISES,BANDED_EXERCISES,7,10,50.28.00,70.02.00,2024-10-05T19:33:02.0,1187,236,9846.830000000004,21,2025-08-07T19:08:06.333Z
3565,17221148745,BANDED_EXERCISES,BANDED_EXERCISES,10,8,32.15.00,42.17.00,2024-10-06T20:34:44.0,423,112,6667.880000000001,12,2025-08-07T19:08:04.429Z
3566,17212147932,BANDED_EXERCISES,BANDED_EXERCISES,8,12,50.28.00,75.07.00,2024-10-05T19:39:37.0,1187,236,9846.830000000004,21,2025-08-07T19:08:06.333Z
3567,17221148745,BANDED_EXERCISES,BANDED_EXERCISES,11,8,29.5,38.21.00,2024-10-06T20:37:06.0,423,112,6667.880000000001,12,2025-08-07T19:08:04.429Z
3568,17212147932,BANDED_EXERCISES,BANDED_EXERCISES,9,8,59.34.00,55.19.00,2024-10-05T19:45:53.0,1187,236,9846.830000000004,21,2025-08-07T19:08:06.333Z
3569,17221148745,BANDED_EXERCISES,BANDED_EXERCISES,12,8,29.5,46.02.00,2024-10-06T20:40:29.0,423,112,6667.880000000001,12,2025-08-07T19:08:04.429Z
3570,17212147932,BANDED_EXERCISES,BANDED_EXERCISES,10,12,23.09,78.28.00,2024-10-05T19:51:39.0,1187,236,9846.830000000004,21,2025-08-07T19:08:06.333Z
3571,17212147932,BANDED_EXERCISES,BANDED_EXERCISES,11,10,18.13,37.34.00,2024-10-05T19:55:01.0,1187,236,9846.830000000004,21,2025-08-07T19:08:06.333Z
3572,17212147932,BANDED_EXERCISES,BANDED_EXERCISES,12,15,23.09,110.05.00,2024-10-05T19:59:20.0,1187,236,9846.830000000004,21,2025-08-07T19:08:06.333Z
3573,17212147932,BANDED_EXERCISES,BANDED_EXERCISES,13,10,18.13,38.54.00,2024-10-05T20:02:46.0,1187,236,9846.830000000004,21,2025-08-07T19:08:06.333Z
3574,17212147932,BANDED_EXERCISES,BANDED_EXERCISES,14,16,23.09,65.37.00,2024-10-05T20:08:20.0,1187,236,9846.830000000004,21,2025-08-07T19:08:06.333Z
3575,17212147932,BANDED_EXERCISES,BANDED_EXERCISES,15,12,18.13,48.36.00,2024-10-05T20:12:18.0,1187,236,9846.830000000004,21,2025-08-07T19:08:06.333Z
3576,17212147932,BANDED_EXERCISES,BANDED_EXERCISES,16,15,63.5,70.21.00,2024-10-05T20:16:51.0,1187,236,9846.830000000004,21,2025-08-07T19:08:06.333Z
3577,17212147932,BANDED_EXERCISES,BANDED_EXERCISES,17,15,63.5,67.53.00,2024-10-05T20:22:42.0,1187,236,9846.830000000004,21,2025-08-07T19:08:06.333Z
3578,17212147932,BANDED_EXERCISES,BANDED_EXERCISES,18,14,63.5,74.15.00,2024-10-05T20:27:17.0,1187,236,9846.830000000004,21,2025-08-07T19:08:06.333Z
3579,17212147932,BANDED_EXERCISES,BANDED_EXERCISES,19,10,43.06.00,80.32.00,2024-10-05T20:32:03.0,1187,236,9846.830000000004,21,2025-08-07T19:08:06.333Z
3580,17212147932,BANDED_EXERCISES,BANDED_EXERCISES,20,10,43.06.00,56.09.00,2024-10-05T20:36:55.0,1187,236,9846.830000000004,21,2025-08-07T19:08:06.333Z
3581,17212147932,BANDED_EXERCISES,BANDED_EXERCISES,21,10,43.06.00,48.22.00,2024-10-05T20:40:47.0,1187,236,9846.830000000004,21,2025-08-07T19:08:06.333Z
3582,17179373236,BANDED_EXERCISES,BANDED_EXERCISES,1,12,77.13.00,42.55.00,2024-10-01T19:50:24.0,441,118,7544.01.00,12,2025-08-07T19:08:13.558Z
3583,17193524554,SMITH_MACHINE_BENCH_PRESS,BENCH_PRESS,1,10,54.44.00,73.43.00,2024-10-03T15:09:08.0,140,22,1197.6799999999998,3,2025-08-07T19:08:10.913Z
3584,17179373236,BANDED_EXERCISES,BANDED_EXERCISES,2,10,77.13.00,38.38.00,2024-10-01T19:55:58.0,441,118,7544.01.00,12,2025-08-07T19:08:13.558Z
3585,17193524554,SMITH_MACHINE_BENCH_PRESS,BENCH_PRESS,2,6,54.44.00,49.01.00,2024-10-03T15:12:19.0,140,22,1197.6799999999998,3,2025-08-07T19:08:10.913Z
3586,17179373236,BANDED_EXERCISES,BANDED_EXERCISES,3,8,77.13.00,27.45.00,2024-10-01T20:03:51.0,441,118,7544.01.00,12,2025-08-07T19:08:13.558Z
3587,17193524554,SMITH_MACHINE_BENCH_PRESS,BENCH_PRESS,3,6,54.44.00,35.12.00,2024-10-03T15:15:36.0,140,22,1197.6799999999998,3,2025-08-07T19:08:10.913Z
3588,17179373236,BANDED_EXERCISES,BANDED_EXERCISES,4,10,61.25.00,61.19.00,2024-10-01T20:14:42.0,441,118,7544.01.00,12,2025-08-07T19:08:13.558Z
3589,17193524554,BANDED_EXERCISES,BANDED_EXERCISES,1,12,59.34.00,49.23.00,2024-10-03T15:18:43.0,289,62,3528.28.00,6,2025-08-07T19:08:10.913Z
3590,17179373236,BANDED_EXERCISES,BANDED_EXERCISES,5,8,61.25.00,43.16.00,2024-10-01T20:19:06.0,441,118,7544.01.00,12,2025-08-07T19:08:13.558Z
3591,17193524554,BANDED_EXERCISES,BANDED_EXERCISES,2,12,59.34.00,68.58.00,2024-10-03T15:22:17.0,289,62,3528.28.00,6,2025-08-07T19:08:10.913Z
3592,17179373236,BANDED_EXERCISES,BANDED_EXERCISES,6,8,61.25.00,47.59.00,2024-10-01T20:23:33.0,441,118,7544.01.00,12,2025-08-07T19:08:13.558Z
3593,17193524554,BANDED_EXERCISES,BANDED_EXERCISES,3,10,59.34.00,77.19.00,2024-10-03T15:25:32.0,289,62,3528.28.00,6,2025-08-07T19:08:10.913Z
3594,17179373236,BANDED_EXERCISES,BANDED_EXERCISES,7,10,75.21.00,39.07.00,2024-10-01T20:30:56.0,441,118,7544.01.00,12,2025-08-07T19:08:13.558Z
3595,17193524554,BANDED_EXERCISES,BANDED_EXERCISES,4,10,54.44.00,62.34.00,2024-10-03T15:28:48.0,289,62,3528.28.00,6,2025-08-07T19:08:10.913Z
3596,17179373236,BANDED_EXERCISES,BANDED_EXERCISES,8,10,75.21.00,39.55.00,2024-10-01T20:34:49.0,441,118,7544.01.00,12,2025-08-07T19:08:13.558Z
3597,17193524554,BANDED_EXERCISES,BANDED_EXERCISES,5,8,54.44.00,41.35.00,2024-10-03T15:32:25.0,289,62,3528.28.00,6,2025-08-07T19:08:10.913Z
3598,17179373236,BANDED_EXERCISES,BANDED_EXERCISES,9,8,75.21.00,37.13.00,2024-10-01T20:40:47.0,441,118,7544.01.00,12,2025-08-07T19:08:13.558Z
3599,17193524554,BANDED_EXERCISES,BANDED_EXERCISES,6,10,54.44.00,42.53.00,2024-10-03T15:34:29.0,289,62,3528.28.00,6,2025-08-07T19:08:10.913Z
3600,17179373236,BANDED_EXERCISES,BANDED_EXERCISES,10,12,45.38.00,58.11.00,2024-10-01T20:43:21.0,441,118,7544.01.00,12,2025-08-07T19:08:13.558Z
3601,17179373236,BANDED_EXERCISES,BANDED_EXERCISES,11,10,45.38.00,53.16.00,2024-10-01T20:48:04.0,441,118,7544.01.00,12,2025-08-07T19:08:13.558Z
3602,17179373236,BANDED_EXERCISES,BANDED_EXERCISES,12,12,45.38.00,46.28.00,2024-10-01T20:54:37.0,441,118,7544.01.00,12,2025-08-07T19:08:13.558Z
3603,17163648832,BANDED_EXERCISES,BANDED_EXERCISES,1,6,57.09.00,46.56.00,2024-09-29T21:09:55.0,1079,227,9150.660000000002,24,2025-08-07T19:08:17.102Z
3604,17163648832,BANDED_EXERCISES,BANDED_EXERCISES,2,8,54.44.00,44.29.00,2024-09-29T21:16:43.0,1079,227,9150.660000000002,24,2025-08-07T19:08:17.102Z
3605,17163648832,BANDED_EXERCISES,BANDED_EXERCISES,3,6,54.44.00,48.36.00,2024-09-29T21:22:04.0,1079,227,9150.660000000002,24,2025-08-07T19:08:17.102Z
3606,17163648832,BANDED_EXERCISES,BANDED_EXERCISES,4,12,57.09.00,50.46.00,2024-09-29T21:25:33.0,1079,227,9150.660000000002,24,2025-08-07T19:08:17.102Z
3607,17163648832,BANDED_EXERCISES,BANDED_EXERCISES,5,10,57.09.00,46.25.00,2024-09-29T21:31:29.0,1079,227,9150.660000000002,24,2025-08-07T19:08:17.102Z
3608,17163648832,BANDED_EXERCISES,BANDED_EXERCISES,6,10,57.09.00,55.34.00,2024-09-29T21:35:36.0,1079,227,9150.660000000002,24,2025-08-07T19:08:17.102Z
3609,17163648832,BANDED_EXERCISES,BANDED_EXERCISES,7,8,50.28.00,62.31.00,2024-09-29T21:40:45.0,1079,227,9150.660000000002,24,2025-08-07T19:08:17.102Z
3610,17163648832,BANDED_EXERCISES,BANDED_EXERCISES,8,10,50.28.00,52.15.00,2024-09-29T21:50:43.0,1079,227,9150.660000000002,24,2025-08-07T19:08:17.102Z
3611,17163648832,BANDED_EXERCISES,BANDED_EXERCISES,9,10,50.28.00,47.24.00,2024-09-29T21:59:59.0,1079,227,9150.660000000002,24,2025-08-07T19:08:17.102Z
3612,17163648832,BANDED_EXERCISES,BANDED_EXERCISES,10,10,27.19.00,62.18.00,2024-09-29T22:07:02.0,1079,227,9150.660000000002,24,2025-08-07T19:08:17.102Z
3613,17163648832,BANDED_EXERCISES,BANDED_EXERCISES,11,12,18.13,35,2024-09-29T22:08:34.0,1079,227,9150.660000000002,24,2025-08-07T19:08:17.102Z
3614,17163648832,BANDED_EXERCISES,BANDED_EXERCISES,12,10,27.19.00,53.37.00,2024-09-29T22:13:50.0,1079,227,9150.660000000002,24,2025-08-07T19:08:17.102Z
3615,17163648832,BANDED_EXERCISES,BANDED_EXERCISES,13,10,18.13,35.08.00,2024-09-29T22:16:12.0,1079,227,9150.660000000002,24,2025-08-07T19:08:17.102Z
3616,17163648832,BANDED_EXERCISES,BANDED_EXERCISES,14,10,27.19.00,47.13.00,2024-09-29T22:26:38.0,1079,227,9150.660000000002,24,2025-08-07T19:08:17.102Z
3617,17163648832,BANDED_EXERCISES,BANDED_EXERCISES,15,10,18.13,41.21.00,2024-09-29T22:32:49.0,1079,227,9150.660000000002,24,2025-08-07T19:08:17.102Z
3618,17163648832,BANDED_EXERCISES,BANDED_EXERCISES,16,7,38.56.00,38.28.00,2024-09-29T22:35:55.0,1079,227,9150.660000000002,24,2025-08-07T19:08:17.102Z
3619,17163648832,BANDED_EXERCISES,BANDED_EXERCISES,17,10,36.31.00,45.35.00,2024-09-29T22:39:47.0,1079,227,9150.660000000002,24,2025-08-07T19:08:17.102Z
3620,17163648832,BANDED_EXERCISES,BANDED_EXERCISES,18,10,36.31.00,50.35.00,2024-09-29T22:46:18.0,1079,227,9150.660000000002,24,2025-08-07T19:08:17.102Z
3621,17163648832,BANDED_EXERCISES,BANDED_EXERCISES,19,12,36.31.00,61.06.00,2024-09-29T22:53:31.0,1079,227,9150.660000000002,24,2025-08-07T19:08:17.102Z
3622,17163648832,BANDED_EXERCISES,BANDED_EXERCISES,20,10,36.31.00,49.53.00,2024-09-29T23:00:08.0,1079,227,9150.660000000002,24,2025-08-07T19:08:17.102Z
3623,17163648832,BANDED_EXERCISES,BANDED_EXERCISES,21,10,27.19.00,53.52.00,2024-09-29T23:10:07.0,1079,227,9150.660000000002,24,2025-08-07T19:08:17.102Z
3624,17163648832,BANDED_EXERCISES,BANDED_EXERCISES,22,8,54.44.00,70.45.00,2024-09-29T23:18:42.0,1079,227,9150.660000000002,24,2025-08-07T19:08:17.102Z
3625,17163648832,BANDED_EXERCISES,BANDED_EXERCISES,23,10,52.19.00,56.46.00,2024-09-29T23:26:03.0,1079,227,9150.660000000002,24,2025-08-07T19:08:17.102Z
3626,17163648832,BANDED_EXERCISES,BANDED_EXERCISES,24,8,52.19.00,41.37.00,2024-09-29T23:33:48.0,1079,227,9150.660000000002,24,2025-08-07T19:08:17.102Z
3627,17136027871,SEATED_CABLE_ROW,ROW,1,12,77.13.00,40.42.00,2024-09-26T14:54:39.5,90,30,2313.8999999999996,3,2025-08-07T19:08:31.521Z
3628,17136027871,SEATED_CABLE_ROW,ROW,2,10,77.13.00,40.07.00,2024-09-26T14:54:39.5,90,30,2313.8999999999996,3,2025-08-07T19:08:31.521Z
3629,17136027871,SEATED_CABLE_ROW,ROW,3,8,77.13.00,32.47.00,2024-09-26T14:54:39.5,90,30,2313.8999999999996,3,2025-08-07T19:08:31.521Z
3630,17136027871,LAT_PULLDOWN,PULL_UP,1,10,72.56.00,42.58.00,2024-09-26T14:54:57.6,89,26,1887.12.00,3,2025-08-07T19:08:31.521Z
3631,17136027871,LAT_PULLDOWN,PULL_UP,2,8,72.58.00,37.23.00,2024-09-26T14:54:57.6,89,26,1887.12.00,3,2025-08-07T19:08:31.521Z
3632,17136027871,LAT_PULLDOWN,PULL_UP,3,8,72.56.00,38.49.00,2024-09-26T14:54:57.6,89,26,1887.12.00,3,2025-08-07T19:08:31.521Z
3633,17128152837,BANDED_EXERCISES,BANDED_EXERCISES,1,8,54.44.00,29.22.00,2024-09-25T15:12:20.0,495,118,5578.02.00,12,2025-08-07T19:08:36.514Z
3634,17128152837,BANDED_EXERCISES,BANDED_EXERCISES,2,10,54.44.00,54.57.00,2024-09-25T15:16:34.0,495,118,5578.02.00,12,2025-08-07T19:08:36.514Z
3635,17128152837,BANDED_EXERCISES,BANDED_EXERCISES,3,8,54.44.00,45.39.00,2024-09-25T15:20:23.0,495,118,5578.02.00,12,2025-08-07T19:08:36.514Z
3636,17128152837,BANDED_EXERCISES,BANDED_EXERCISES,4,8,54.44.00,48.36.00,2024-09-25T15:25:10.0,495,118,5578.02.00,12,2025-08-07T19:08:36.514Z
3637,17128152837,BANDED_EXERCISES,BANDED_EXERCISES,5,10,59.34.00,64.29.00,2024-09-25T15:28:43.0,495,118,5578.02.00,12,2025-08-07T19:08:36.514Z
3638,17128152837,BANDED_EXERCISES,BANDED_EXERCISES,6,10,59.34.00,52.42.00,2024-09-25T15:34:07.0,495,118,5578.02.00,12,2025-08-07T19:08:36.514Z
3639,17128152837,BANDED_EXERCISES,BANDED_EXERCISES,7,12,59.34.00,49.41.00,2024-09-25T15:39:04.0,495,118,5578.02.00,12,2025-08-07T19:08:36.514Z
3640,17128152837,BANDED_EXERCISES,BANDED_EXERCISES,8,12,59.34.00,37.34.00,2024-09-25T15:43:11.0,495,118,5578.02.00,12,2025-08-07T19:08:36.514Z
3641,17128152837,BANDED_EXERCISES,BANDED_EXERCISES,9,10,59.34.00,46.31.00,2024-09-25T15:46:26.0,495,118,5578.02.00,12,2025-08-07T19:08:36.514Z
3642,17128152837,BANDED_EXERCISES,BANDED_EXERCISES,10,10,18.13,47.19.00,2024-09-25T15:49:15.0,495,118,5578.02.00,12,2025-08-07T19:08:36.514Z
3643,17128152837,BANDED_EXERCISES,BANDED_EXERCISES,11,10,18.13,37.22.00,2024-09-25T15:53:24.0,495,118,5578.02.00,12,2025-08-07T19:08:36.514Z
3644,17128152837,BANDED_EXERCISES,BANDED_EXERCISES,12,10,18.13,51.01.00,2024-09-25T15:56:58.0,495,118,5578.02.00,12,2025-08-07T19:08:36.514Z
3645,17104526695,SMITH_MACHINE_BENCH_PRESS,BENCH_PRESS,1,10,50.28.00,61.53.00,2024-09-22T15:48:35.0,142,28,1397.04.00,3,2025-08-07T19:08:47.512Z
3646,17104526695,SMITH_MACHINE_BENCH_PRESS,BENCH_PRESS,2,10,50.28.00,49.49.00,2024-09-22T15:51:33.0,142,28,1397.04.00,3,2025-08-07T19:08:47.512Z
3647,17104526695,SMITH_MACHINE_BENCH_PRESS,BENCH_PRESS,3,8,50.28.00,37.23.00,2024-09-22T15:54:25.0,142,28,1397.04.00,3,2025-08-07T19:08:47.512Z
3648,17104526695,BANDED_EXERCISES,BANDED_EXERCISES,1,10,59.34.00,54.07.00,2024-09-22T15:59:03.0,1551,366,14382.480000000001,37,2025-08-07T19:08:47.512Z
3649,17104526695,BANDED_EXERCISES,BANDED_EXERCISES,2,8,57.09.00,46.02.00,2024-09-22T16:01:21.0,1551,366,14382.480000000001,37,2025-08-07T19:08:47.512Z
3650,17104526695,BANDED_EXERCISES,BANDED_EXERCISES,3,8,57.09.00,36.29.00,2024-09-22T16:03:12.0,1551,366,14382.480000000001,37,2025-08-07T19:08:47.512Z
3651,17104526695,BANDED_EXERCISES,BANDED_EXERCISES,4,12,41.21.00,70.58.00,2024-09-22T16:09:01.0,1551,366,14382.480000000001,37,2025-08-07T19:08:47.512Z
3652,17104526695,BANDED_EXERCISES,BANDED_EXERCISES,5,8,38.56.00,54.02.00,2024-09-22T16:13:46.0,1551,366,14382.480000000001,37,2025-08-07T19:08:47.512Z
3653,17104526695,BANDED_EXERCISES,BANDED_EXERCISES,6,8,38.56.00,44.22.00,2024-09-22T16:16:56.0,1551,366,14382.480000000001,37,2025-08-07T19:08:47.512Z
3654,17104526695,BANDED_EXERCISES,BANDED_EXERCISES,7,12,27.19.00,56.53.00,2024-09-22T16:22:43.0,1551,366,14382.480000000001,37,2025-08-07T19:08:47.512Z
3655,17104526695,BANDED_EXERCISES,BANDED_EXERCISES,8,10,27.19.00,42.19.00,2024-09-22T16:26:29.0,1551,366,14382.480000000001,37,2025-08-07T19:08:47.512Z
3656,17104526695,BANDED_EXERCISES,BANDED_EXERCISES,9,10,27.19.00,48.15.00,2024-09-22T16:29:59.0,1551,366,14382.480000000001,37,2025-08-07T19:08:47.512Z
3657,17104526695,BANDED_EXERCISES,BANDED_EXERCISES,10,10,27.19.00,45.51.00,2024-09-22T16:36:15.0,1551,366,14382.480000000001,37,2025-08-07T19:08:47.512Z
3658,17104526695,BANDED_EXERCISES,BANDED_EXERCISES,11,12,27.19.00,54.11.00,2024-09-22T16:41:23.0,1551,366,14382.480000000001,37,2025-08-07T19:08:47.512Z
3659,17104526695,BANDED_EXERCISES,BANDED_EXERCISES,12,8,27.19.00,65.23.00,2024-09-22T16:45:25.0,1551,366,14382.480000000001,37,2025-08-07T19:08:47.512Z
3660,17104526695,BANDED_EXERCISES,BANDED_EXERCISES,13,10,23.09,50.33.00,2024-09-22T16:48:37.0,1551,366,14382.480000000001,37,2025-08-07T19:08:47.512Z
3661,17104526695,BANDED_EXERCISES,BANDED_EXERCISES,14,12,23.09,55.19.00,2024-09-22T16:52:00.0,1551,366,14382.480000000001,37,2025-08-07T19:08:47.512Z
3662,17104526695,BANDED_EXERCISES,BANDED_EXERCISES,15,12,23.09,51.44.00,2024-09-22T17:01:34.0,1551,366,14382.480000000001,37,2025-08-07T19:08:47.512Z
3663,17104526695,BANDED_EXERCISES,BANDED_EXERCISES,16,12,50.28.00,52.57.00,2024-09-22T17:07:33.0,1551,366,14382.480000000001,37,2025-08-07T19:08:47.512Z
3664,17104526695,BANDED_EXERCISES,BANDED_EXERCISES,17,8,59.34.00,52.13.00,2024-09-22T17:13:23.0,1551,366,14382.480000000001,37,2025-08-07T19:08:47.512Z
3665,17104526695,BANDED_EXERCISES,BANDED_EXERCISES,18,8,59.34.00,46.04.00,2024-09-22T17:20:22.0,1551,366,14382.480000000001,37,2025-08-07T19:08:47.512Z
3666,17104526695,BANDED_EXERCISES,BANDED_EXERCISES,19,8,34,43.02.00,2024-09-22T17:27:17.0,1551,366,14382.480000000001,37,2025-08-07T19:08:47.512Z
3667,17104526695,BANDED_EXERCISES,BANDED_EXERCISES,20,8,34,34.13.00,2024-09-22T17:31:38.0,1551,366,14382.480000000001,37,2025-08-07T19:08:47.512Z
3668,17104526695,BANDED_EXERCISES,BANDED_EXERCISES,21,8,34,41.05.00,2024-09-22T17:34:56.0,1551,366,14382.480000000001,37,2025-08-07T19:08:47.512Z
3669,17104526695,BANDED_EXERCISES,BANDED_EXERCISES,22,15,57.09.00,61.23.00,2024-09-22T17:37:27.0,1551,366,14382.480000000001,37,2025-08-07T19:08:47.512Z
3670,17104526695,BANDED_EXERCISES,BANDED_EXERCISES,23,12,52.19.00,36.52.00,2024-09-22T17:40:18.0,1551,366,14382.480000000001,37,2025-08-07T19:08:47.512Z
3671,17104526695,BANDED_EXERCISES,BANDED_EXERCISES,24,12,57.09.00,36.38.00,2024-09-22T17:43:47.0,1551,366,14382.480000000001,37,2025-08-07T19:08:47.512Z
3672,17104526695,BANDED_EXERCISES,BANDED_EXERCISES,25,10,18.13,45.19.00,2024-09-22T17:46:43.0,1551,366,14382.480000000001,37,2025-08-07T19:08:47.512Z
3673,17104526695,BANDED_EXERCISES,BANDED_EXERCISES,26,8,18.13,42.56.00,2024-09-22T17:49:44.0,1551,366,14382.480000000001,37,2025-08-07T19:08:47.512Z
3674,17104526695,BANDED_EXERCISES,BANDED_EXERCISES,27,10,18.13,34.16.00,2024-09-22T17:56:18.0,1551,366,14382.480000000001,37,2025-08-07T19:08:47.512Z
3675,17104526695,BANDED_EXERCISES,BANDED_EXERCISES,28,12,52.19.00,52.09.00,2024-09-22T18:02:28.0,1551,366,14382.480000000001,37,2025-08-07T19:08:47.512Z
3676,17104526695,BANDED_EXERCISES,BANDED_EXERCISES,29,10,52.19.00,49.26.00,2024-09-22T18:07:03.0,1551,366,14382.480000000001,37,2025-08-07T19:08:47.512Z
3677,17104526695,BANDED_EXERCISES,BANDED_EXERCISES,30,8,52.19.00,48.17.00,2024-09-22T18:11:37.0,1551,366,14382.480000000001,37,2025-08-07T19:08:47.512Z
3678,17104526695,BANDED_EXERCISES,BANDED_EXERCISES,31,12,41.21.00,53.09.00,2024-09-22T18:14:16.0,1551,366,14382.480000000001,37,2025-08-07T19:08:47.512Z
3679,17104526695,BANDED_EXERCISES,BANDED_EXERCISES,32,12,41.21.00,60.28.00,2024-09-22T18:18:43.0,1551,366,14382.480000000001,37,2025-08-07T19:08:47.512Z
3680,17104526695,BANDED_EXERCISES,BANDED_EXERCISES,33,10,41.21.00,56.19.00,2024-09-22T18:23:35.0,1551,366,14382.480000000001,37,2025-08-07T19:08:47.512Z
3681,17104526695,BANDED_EXERCISES,BANDED_EXERCISES,34,10,41.21.00,109.02.00,2024-09-22T18:27:14.0,1551,366,14382.480000000001,37,2025-08-07T19:08:47.512Z
3682,17104526695,BANDED_EXERCISES,BANDED_EXERCISES,35,8,41.21.00,46.48.00,2024-09-22T18:32:15.0,1551,366,14382.480000000001,37,2025-08-07T19:08:47.512Z
3683,17104526695,BANDED_EXERCISES,BANDED_EXERCISES,36,8,41.21.00,47.51.00,2024-09-22T18:36:11.0,1551,366,14382.480000000001,37,2025-08-07T19:08:47.512Z
3684,17104526695,BANDED_EXERCISES,BANDED_EXERCISES,37,7,41.21.00,43.23.00,2024-09-22T18:40:11.0,1551,366,14382.480000000001,37,2025-08-07T19:08:47.512Z
3685,17076735942,BANDED_EXERCISES,BANDED_EXERCISES,1,10,50.28.00,51.59.00,2024-09-19T15:07:10.0,685,167,6012.660000000001,18,2025-08-07T19:08:56.536Z
3686,17076735942,BANDED_EXERCISES,BANDED_EXERCISES,2,5,54.44.00,37.28.00,2024-09-19T15:09:52.0,685,167,6012.660000000001,18,2025-08-07T19:08:56.536Z
3687,17076735942,BANDED_EXERCISES,BANDED_EXERCISES,3,8,50.28.00,42.49.00,2024-09-19T15:12:25.0,685,167,6012.660000000001,18,2025-08-07T19:08:56.536Z
3688,17076735942,BANDED_EXERCISES,BANDED_EXERCISES,4,12,16.28,43.46.00,2024-09-19T15:15:10.0,685,167,6012.660000000001,18,2025-08-07T19:08:56.536Z
3689,17076735942,BANDED_EXERCISES,BANDED_EXERCISES,5,10,16.28,45.29.00,2024-09-19T15:17:45.0,685,167,6012.660000000001,18,2025-08-07T19:08:56.536Z
3690,17076735942,BANDED_EXERCISES,BANDED_EXERCISES,6,12,16.28,50.22.00,2024-09-19T15:20:20.0,685,167,6012.660000000001,18,2025-08-07T19:08:56.536Z
3691,17076735942,BANDED_EXERCISES,BANDED_EXERCISES,7,10,41.21.00,52.36.00,2024-09-19T15:22:33.0,685,167,6012.660000000001,18,2025-08-07T19:08:56.536Z
3692,17076735942,BANDED_EXERCISES,BANDED_EXERCISES,8,8,41.21.00,40.43.00,2024-09-19T15:25:14.0,685,167,6012.660000000001,18,2025-08-07T19:08:56.536Z
3693,17076735942,BANDED_EXERCISES,BANDED_EXERCISES,9,8,41.21.00,33.49.00,2024-09-19T15:28:18.0,685,167,6012.660000000001,18,2025-08-07T19:08:56.536Z
3694,17076735942,BANDED_EXERCISES,BANDED_EXERCISES,10,12,34,59.15.00,2024-09-19T15:30:57.0,685,167,6012.660000000001,18,2025-08-07T19:08:56.536Z
3695,17076735942,BANDED_EXERCISES,BANDED_EXERCISES,11,8,34,30.37.00,2024-09-19T15:34:50.0,685,167,6012.660000000001,18,2025-08-07T19:08:56.536Z
3696,17076735942,BANDED_EXERCISES,BANDED_EXERCISES,12,8,34,33.54.00,2024-09-19T15:37:28.0,685,167,6012.660000000001,18,2025-08-07T19:08:56.536Z
3697,17076735942,BANDED_EXERCISES,BANDED_EXERCISES,13,10,57.09.00,69.05.00,2024-09-19T15:40:18.0,685,167,6012.660000000001,18,2025-08-07T19:08:56.536Z
3698,17076735942,BANDED_EXERCISES,BANDED_EXERCISES,14,8,57.09.00,45.56.00,2024-09-19T15:44:59.0,685,167,6012.660000000001,18,2025-08-07T19:08:56.536Z
3699,17076735942,BANDED_EXERCISES,BANDED_EXERCISES,15,8,57.09.00,55.39.00,2024-09-19T15:48:03.0,685,167,6012.660000000001,18,2025-08-07T19:08:56.536Z
3700,17076735942,BANDED_EXERCISES,BANDED_EXERCISES,16,12,27.19.00,51.15.00,2024-09-19T15:50:12.0,685,167,6012.660000000001,18,2025-08-07T19:08:56.536Z
3701,17076735942,BANDED_EXERCISES,BANDED_EXERCISES,17,10,27.19.00,42.32.00,2024-09-19T15:53:26.0,685,167,6012.660000000001,18,2025-08-07T19:08:56.536Z
3702,17076735942,BANDED_EXERCISES,BANDED_EXERCISES,18,8,27.19.00,39.31.00,2024-09-19T15:56:40.0,685,167,6012.660000000001,18,2025-08-07T19:08:56.536Z
3703,17061215054,BANDED_EXERCISES,BANDED_EXERCISES,1,8,32.15.00,36.17.00,2024-09-17T19:10:41.0,604,132,7766.36.00,15,2025-08-07T19:09:02.732Z
3704,17061215054,BANDED_EXERCISES,BANDED_EXERCISES,2,8,32.15.00,29.49.00,2024-09-17T19:13:58.0,604,132,7766.36.00,15,2025-08-07T19:09:02.732Z
3705,17061215054,BANDED_EXERCISES,BANDED_EXERCISES,3,8,32.15.00,38,2024-09-17T19:16:52.0,604,132,7766.36.00,15,2025-08-07T19:09:02.732Z
3706,17061215054,BANDED_EXERCISES,BANDED_EXERCISES,4,8,72.56.00,46.22.00,2024-09-17T19:19:08.0,604,132,7766.36.00,15,2025-08-07T19:09:02.732Z
3707,17061215054,BANDED_EXERCISES,BANDED_EXERCISES,5,8,72.56.00,41.54.00,2024-09-17T19:24:18.0,604,132,7766.36.00,15,2025-08-07T19:09:02.732Z
3708,17061215054,BANDED_EXERCISES,BANDED_EXERCISES,6,10,68.06.00,61.31.00,2024-09-17T19:27:07.0,604,132,7766.36.00,15,2025-08-07T19:09:02.732Z
3709,17061215054,BANDED_EXERCISES,BANDED_EXERCISES,7,10,57.09.00,66.44.00,2024-09-17T19:32:53.0,604,132,7766.36.00,15,2025-08-07T19:09:02.732Z
3710,17061215054,BANDED_EXERCISES,BANDED_EXERCISES,8,10,57.09.00,53.14.00,2024-09-17T19:37:19.0,604,132,7766.36.00,15,2025-08-07T19:09:02.732Z
3711,17061215054,BANDED_EXERCISES,BANDED_EXERCISES,9,8,57.09.00,44.13.00,2024-09-17T19:42:39.0,604,132,7766.36.00,15,2025-08-07T19:09:02.732Z
3712,17061215054,BANDED_EXERCISES,BANDED_EXERCISES,10,8,54.44.00,53.45.00,2024-09-17T19:44:59.0,604,132,7766.36.00,15,2025-08-07T19:09:02.732Z
3713,17061215054,BANDED_EXERCISES,BANDED_EXERCISES,11,8,54.44.00,36.03.00,2024-09-17T19:49:09.0,604,132,7766.36.00,15,2025-08-07T19:09:02.732Z
3714,17061215054,BANDED_EXERCISES,BANDED_EXERCISES,12,10,54.44.00,52.12.00,2024-09-17T19:54:04.0,604,132,7766.36.00,15,2025-08-07T19:09:02.732Z
3715,17061215054,BANDED_EXERCISES,BANDED_EXERCISES,13,8,77.13.00,48.18.00,2024-09-17T19:58:24.0,604,132,7766.36.00,15,2025-08-07T19:09:02.732Z
3716,17061215054,BANDED_EXERCISES,BANDED_EXERCISES,14,10,77.13.00,64.03.00,2024-09-17T20:03:34.0,604,132,7766.36.00,15,2025-08-07T19:09:02.732Z
3717,17061215054,BANDED_EXERCISES,BANDED_EXERCISES,15,10,77.13.00,33.27.00,2024-09-17T20:09:31.0,604,132,7766.36.00,15,2025-08-07T19:09:02.732Z
3718,17044184018,BANDED_EXERCISES,BANDED_EXERCISES,1,8,57.09.00,92.09.00,2024-09-15T17:49:43.0,1503,296,10573.880000000001,30,2025-08-07T19:09:07.513Z
3719,17044184018,BANDED_EXERCISES,BANDED_EXERCISES,2,10,59.34.00,69.05.00,2024-09-15T17:54:46.0,1503,296,10573.880000000001,30,2025-08-07T19:09:07.513Z
3720,17044184018,BANDED_EXERCISES,BANDED_EXERCISES,3,10,61.25.00,54.18.00,2024-09-15T17:59:46.0,1503,296,10573.880000000001,30,2025-08-07T19:09:07.513Z
3721,17044184018,BANDED_EXERCISES,BANDED_EXERCISES,4,8,61.25.00,47.06.00,2024-09-15T18:03:28.0,1503,296,10573.880000000001,30,2025-08-07T19:09:07.513Z
3722,17044184018,BANDED_EXERCISES,BANDED_EXERCISES,5,10,41.21.00,53.13.00,2024-09-15T18:06:52.0,1503,296,10573.880000000001,30,2025-08-07T19:09:07.513Z
3723,17044184018,BANDED_EXERCISES,BANDED_EXERCISES,6,10,38.56.00,45.18.00,2024-09-15T18:10:42.0,1503,296,10573.880000000001,30,2025-08-07T19:09:07.513Z
3724,17044184018,BANDED_EXERCISES,BANDED_EXERCISES,7,8,38.56.00,41.43.00,2024-09-15T18:17:28.0,1503,296,10573.880000000001,30,2025-08-07T19:09:07.513Z
3725,17044184018,BANDED_EXERCISES,BANDED_EXERCISES,8,15,16.28,65.46.00,2024-09-15T18:19:58.0,1503,296,10573.880000000001,30,2025-08-07T19:09:07.513Z
3726,17044184018,BANDED_EXERCISES,BANDED_EXERCISES,9,12,16.28,57.08.00,2024-09-15T18:24:56.0,1503,296,10573.880000000001,30,2025-08-07T19:09:07.513Z
3727,17044184018,BANDED_EXERCISES,BANDED_EXERCISES,10,12,16.28,46.01.00,2024-09-15T18:30:57.0,1503,296,10573.880000000001,30,2025-08-07T19:09:07.513Z
3728,17044184018,BANDED_EXERCISES,BANDED_EXERCISES,11,12,16.28,54.02.00,2024-09-15T18:39:42.0,1503,296,10573.880000000001,30,2025-08-07T19:09:07.513Z
3729,17044184018,BANDED_EXERCISES,BANDED_EXERCISES,12,12,34,47.53.00,2024-09-15T18:45:23.0,1503,296,10573.880000000001,30,2025-08-07T19:09:07.513Z
3730,17044184018,BANDED_EXERCISES,BANDED_EXERCISES,13,10,34,37.45.00,2024-09-15T18:50:45.0,1503,296,10573.880000000001,30,2025-08-07T19:09:07.513Z
3731,17044184018,BANDED_EXERCISES,BANDED_EXERCISES,14,8,34,45.22.00,2024-09-15T18:54:56.0,1503,296,10573.880000000001,30,2025-08-07T19:09:07.513Z
3732,17044184018,BANDED_EXERCISES,BANDED_EXERCISES,15,10,57.09.00,61.33.00,2024-09-15T19:01:15.0,1503,296,10573.880000000001,30,2025-08-07T19:09:07.513Z
3733,17044184018,BANDED_EXERCISES,BANDED_EXERCISES,16,10,57.09.00,61.08.00,2024-09-15T19:08:15.0,1503,296,10573.880000000001,30,2025-08-07T19:09:07.513Z
3734,17044184018,BANDED_EXERCISES,BANDED_EXERCISES,17,8,57.09.00,61.29.00,2024-09-15T19:13:14.0,1503,296,10573.880000000001,30,2025-08-07T19:09:07.513Z
3735,17044184018,BANDED_EXERCISES,BANDED_EXERCISES,18,8,27.19.00,64.24.00,2024-09-15T19:21:16.0,1503,296,10573.880000000001,30,2025-08-07T19:09:07.513Z
3736,17044184018,BANDED_EXERCISES,BANDED_EXERCISES,19,8,27.19.00,65.04.00,2024-09-15T19:25:52.0,1503,296,10573.880000000001,30,2025-08-07T19:09:07.513Z
3737,17044184018,BANDED_EXERCISES,BANDED_EXERCISES,20,10,27.19.00,57.2,2024-09-15T19:32:15.0,1503,296,10573.880000000001,30,2025-08-07T19:09:07.513Z
3738,17044184018,BANDED_EXERCISES,BANDED_EXERCISES,21,10,41.21.00,67.28.00,2024-09-15T19:40:42.0,1503,296,10573.880000000001,30,2025-08-07T19:09:07.513Z
3739,17044184018,BANDED_EXERCISES,BANDED_EXERCISES,22,9,45.38.00,49.38.00,2024-09-15T19:44:40.0,1503,296,10573.880000000001,30,2025-08-07T19:09:07.513Z
3740,17044184018,BANDED_EXERCISES,BANDED_EXERCISES,23,10,45.38.00,49.16.00,2024-09-15T19:48:43.0,1503,296,10573.880000000001,30,2025-08-07T19:09:07.513Z
3741,17044184018,BANDED_EXERCISES,BANDED_EXERCISES,24,10,45.38.00,52.28.00,2024-09-15T19:54:41.0,1503,296,10573.880000000001,30,2025-08-07T19:09:07.513Z
3742,17044184018,BANDED_EXERCISES,BANDED_EXERCISES,25,12,27.19.00,57.22.00,2024-09-15T20:00:31.0,1503,296,10573.880000000001,30,2025-08-07T19:09:07.513Z
3743,17044184018,BANDED_EXERCISES,BANDED_EXERCISES,26,8,27.19.00,49.37.00,2024-09-15T20:03:59.0,1503,296,10573.880000000001,30,2025-08-07T19:09:07.513Z
3744,17044184018,BANDED_EXERCISES,BANDED_EXERCISES,27,8,27.19.00,51.34.00,2024-09-15T20:08:19.0,1503,296,10573.880000000001,30,2025-08-07T19:09:07.513Z
3745,17044184018,BANDED_EXERCISES,BANDED_EXERCISES,28,8,27.19.00,59.03.00,2024-09-15T20:13:40.0,1503,296,10573.880000000001,30,2025-08-07T19:09:07.513Z
3746,17044184018,BANDED_EXERCISES,BANDED_EXERCISES,29,10,23.09,63.34.00,2024-09-15T20:19:02.0,1503,296,10573.880000000001,30,2025-08-07T19:09:07.513Z
3747,17044184018,BANDED_EXERCISES,BANDED_EXERCISES,30,12,23.09,65.14.00,2024-09-15T20:22:50.0,1503,296,10573.880000000001,30,2025-08-07T19:09:07.513Z
3748,17026469386,BANDED_EXERCISES,BANDED_EXERCISES,1,12,14.03,52.12.00,2024-09-13T18:57:07.0,622,161,5811.28.00,15,2025-08-07T19:09:12.420Z
3749,17035137799,BANDED_EXERCISES,BANDED_EXERCISES,1,8,32.15.00,55.06.00,2024-09-14T19:08:17.0,552,138,7947.039999999999,15,2025-08-07T19:09:09.643Z
3750,17026469386,BANDED_EXERCISES,BANDED_EXERCISES,2,12,14.03,53.32.00,2024-09-13T18:59:49.0,622,161,5811.28.00,15,2025-08-07T19:09:12.420Z
3751,17035137799,BANDED_EXERCISES,BANDED_EXERCISES,2,8,32.15.00,37.35.00,2024-09-14T19:11:08.0,552,138,7947.039999999999,15,2025-08-07T19:09:09.643Z
3752,17026469386,BANDED_EXERCISES,BANDED_EXERCISES,3,12,14.03,55.19.00,2024-09-13T19:07:09.0,622,161,5811.28.00,15,2025-08-07T19:09:12.420Z
3753,17035137799,BANDED_EXERCISES,BANDED_EXERCISES,3,10,32.15.00,37.57.00,2024-09-14T19:17:19.0,552,138,7947.039999999999,15,2025-08-07T19:09:09.643Z
3754,17026469386,BANDED_EXERCISES,BANDED_EXERCISES,4,12,52.19.00,33.38.00,2024-09-13T19:29:29.0,622,161,5811.28.00,15,2025-08-07T19:09:12.420Z
3755,17035137799,BANDED_EXERCISES,BANDED_EXERCISES,4,8,75.21.00,47.09.00,2024-09-14T19:23:31.0,552,138,7947.039999999999,15,2025-08-07T19:09:09.643Z
3756,17026469386,BANDED_EXERCISES,BANDED_EXERCISES,5,10,52.19.00,32.05.00,2024-09-13T19:33:55.0,622,161,5811.28.00,15,2025-08-07T19:09:12.420Z
3757,17035137799,BANDED_EXERCISES,BANDED_EXERCISES,5,10,75.21.00,37.23.00,2024-09-14T19:29:16.0,552,138,7947.039999999999,15,2025-08-07T19:09:09.643Z
3758,17026469386,BANDED_EXERCISES,BANDED_EXERCISES,6,15,45.38.00,51.27.00,2024-09-13T19:38:38.0,622,161,5811.28.00,15,2025-08-07T19:09:12.420Z
3759,17035137799,BANDED_EXERCISES,BANDED_EXERCISES,6,8,72.56.00,37.41.00,2024-09-14T19:33:50.0,552,138,7947.039999999999,15,2025-08-07T19:09:09.643Z
3760,17026469386,BANDED_EXERCISES,BANDED_EXERCISES,7,10,0,39.28.00,2024-09-13T19:39:45.0,622,161,5811.28.00,15,2025-08-07T19:09:12.420Z
3761,17035137799,BANDED_EXERCISES,BANDED_EXERCISES,7,10,77.13.00,58.05.00,2024-09-14T19:44:25.0,552,138,7947.039999999999,15,2025-08-07T19:09:09.643Z
3762,17026469386,BANDED_EXERCISES,BANDED_EXERCISES,8,8,54.44.00,77.03.00,2024-09-13T19:42:11.0,622,161,5811.28.00,15,2025-08-07T19:09:12.420Z
3763,17035137799,BANDED_EXERCISES,BANDED_EXERCISES,8,10,77.13.00,34.27.00,2024-09-14T19:52:10.0,552,138,7947.039999999999,15,2025-08-07T19:09:09.643Z
3764,17026469386,BANDED_EXERCISES,BANDED_EXERCISES,9,12,54.44.00,45.19.00,2024-09-13T19:47:30.0,622,161,5811.28.00,15,2025-08-07T19:09:12.420Z
3765,17035137799,BANDED_EXERCISES,BANDED_EXERCISES,9,10,77.13.00,28.41.00,2024-09-14T19:56:25.0,552,138,7947.039999999999,15,2025-08-07T19:09:09.643Z
3766,17026469386,BANDED_EXERCISES,BANDED_EXERCISES,10,8,59.34.00,55.22.00,2024-09-13T19:51:46.0,622,161,5811.28.00,15,2025-08-07T19:09:12.420Z
3767,17035137799,BANDED_EXERCISES,BANDED_EXERCISES,10,12,45.38.00,58.52.00,2024-09-14T20:06:08.0,552,138,7947.039999999999,15,2025-08-07T19:09:09.643Z
3768,17026469386,BANDED_EXERCISES,BANDED_EXERCISES,11,10,59.34.00,52.21.00,2024-09-13T19:57:56.0,622,161,5811.28.00,15,2025-08-07T19:09:12.420Z
3769,17035137799,BANDED_EXERCISES,BANDED_EXERCISES,11,8,45.38.00,46.13.00,2024-09-14T20:11:33.0,552,138,7947.039999999999,15,2025-08-07T19:09:09.643Z
3770,17026469386,BANDED_EXERCISES,BANDED_EXERCISES,12,8,59.34.00,62.23.00,2024-09-13T20:01:12.0,622,161,5811.28.00,15,2025-08-07T19:09:12.420Z
3771,17035137799,BANDED_EXERCISES,BANDED_EXERCISES,12,6,45.38.00,45.32.00,2024-09-14T20:16:37.0,552,138,7947.039999999999,15,2025-08-07T19:09:09.643Z
3772,17026469386,BANDED_EXERCISES,BANDED_EXERCISES,13,12,27.19.00,53.57.00,2024-09-13T20:06:00.0,622,161,5811.28.00,15,2025-08-07T19:09:12.420Z
3773,17035137799,BANDED_EXERCISES,BANDED_EXERCISES,13,10,57.09.00,42.57.00,2024-09-14T20:20:14.0,552,138,7947.039999999999,15,2025-08-07T19:09:09.643Z
3774,17026469386,BANDED_EXERCISES,BANDED_EXERCISES,14,10,27.19.00,40.57.00,2024-09-13T20:10:04.0,622,161,5811.28.00,15,2025-08-07T19:09:12.420Z
3775,17035137799,BANDED_EXERCISES,BANDED_EXERCISES,14,10,57.09.00,36.31.00,2024-09-14T20:29:18.0,552,138,7947.039999999999,15,2025-08-07T19:09:09.643Z
3776,17026469386,BANDED_EXERCISES,BANDED_EXERCISES,15,10,27.19.00,50.43.00,2024-09-13T20:16:54.0,622,161,5811.28.00,15,2025-08-07T19:09:12.420Z
3777,17035137799,BANDED_EXERCISES,BANDED_EXERCISES,15,10,57.09.00,48.28.00,2024-09-14T20:33:46.0,552,138,7947.039999999999,15,2025-08-07T19:09:09.643Z
3778,17026469386,BARBELL_BACK_SQUAT,SQUAT,1,10,49.9,52.26.00,2024-09-13T17:45:28.4,182,27,1347.1200000000001,3,2025-08-07T19:09:12.420Z
3779,17026469386,BARBELL_BACK_SQUAT,SQUAT,2,8,49.9,41,2024-09-13T17:45:36.6,182,27,1347.1200000000001,3,2025-08-07T19:09:12.420Z
3780,17026469386,BARBELL_BACK_SQUAT,SQUAT,3,9,50.28.00,94.29.00,2024-09-13T19:23:39.0,182,27,1347.1200000000001,3,2025-08-07T19:09:12.420Z
3781,17011728387,BANDED_EXERCISES,BANDED_EXERCISES,1,10,63.5,73.25.00,2024-09-11T23:34:12.0,669,169,5576.530000000001,15,2025-08-07T19:09:14.651Z
3782,17011728387,BANDED_EXERCISES,BANDED_EXERCISES,2,10,63.5,55.32.00,2024-09-11T23:40:07.0,669,169,5576.530000000001,15,2025-08-07T19:09:14.651Z
3783,17011728387,BANDED_EXERCISES,BANDED_EXERCISES,3,10,63.5,50.43.00,2024-09-11T23:46:03.0,669,169,5576.530000000001,15,2025-08-07T19:09:14.651Z
3784,17011728387,BANDED_EXERCISES,BANDED_EXERCISES,4,10,41.21.00,42.03.00,2024-09-11T23:50:01.0,669,169,5576.530000000001,15,2025-08-07T19:09:14.651Z
3785,17011728387,BANDED_EXERCISES,BANDED_EXERCISES,5,10,36.31.00,50.09.00,2024-09-11T23:54:48.0,669,169,5576.530000000001,15,2025-08-07T19:09:14.651Z
3786,17011728387,BANDED_EXERCISES,BANDED_EXERCISES,6,10,36.31.00,46.01.00,2024-09-12T00:00:05.0,669,169,5576.530000000001,15,2025-08-07T19:09:14.651Z
3787,17011728387,BANDED_EXERCISES,BANDED_EXERCISES,7,8,41.21.00,49.06.00,2024-09-12T00:04:40.0,669,169,5576.530000000001,15,2025-08-07T19:09:14.651Z
3788,17011728387,BANDED_EXERCISES,BANDED_EXERCISES,8,10,36.31.00,46.16.00,2024-09-12T00:12:15.0,669,169,5576.530000000001,15,2025-08-07T19:09:14.651Z
3789,17011728387,BANDED_EXERCISES,BANDED_EXERCISES,9,10,36.31.00,30.22.00,2024-09-12T00:18:28.0,669,169,5576.530000000001,15,2025-08-07T19:09:14.651Z
3790,17011728387,BANDED_EXERCISES,BANDED_EXERCISES,10,12,14.03,52.36.00,2024-09-12T00:21:03.0,669,169,5576.530000000001,15,2025-08-07T19:09:14.651Z
3791,17011728387,BANDED_EXERCISES,BANDED_EXERCISES,11,12,23.09,40.44.00,2024-09-12T00:23:32.0,669,169,5576.530000000001,15,2025-08-07T19:09:14.651Z
3792,17011728387,BANDED_EXERCISES,BANDED_EXERCISES,12,12,14.03,40.12.00,2024-09-12T00:28:51.0,669,169,5576.530000000001,15,2025-08-07T19:09:14.651Z
3793,17011728387,BANDED_EXERCISES,BANDED_EXERCISES,13,15,23.09,48.45.00,2024-09-12T00:31:23.0,669,169,5576.530000000001,15,2025-08-07T19:09:14.651Z
3794,17011728387,BANDED_EXERCISES,BANDED_EXERCISES,14,15,14.03,60.04.00,2024-09-12T00:35:12.0,669,169,5576.530000000001,15,2025-08-07T19:09:14.651Z
3795,17011728387,BANDED_EXERCISES,BANDED_EXERCISES,15,15,23.09,67.39.00,2024-09-12T00:37:46.0,669,169,5576.530000000001,15,2025-08-07T19:09:14.651Z
3796,16985032081,BANDED_EXERCISES,BANDED_EXERCISES,1,12,57.09.00,50.02.00,2024-09-08T20:42:02.0,545,118,4743.900000000001,12,2025-08-07T19:09:19.696Z
3797,16985032081,BANDED_EXERCISES,BANDED_EXERCISES,2,10,57.09.00,69.02.00,2024-09-08T20:45:57.0,545,118,4743.900000000001,12,2025-08-07T19:09:19.696Z
3798,16985032081,BANDED_EXERCISES,BANDED_EXERCISES,3,10,57.09.00,52.27.00,2024-09-08T20:50:42.0,545,118,4743.900000000001,12,2025-08-07T19:09:19.696Z
3799,16985032081,BANDED_EXERCISES,BANDED_EXERCISES,4,10,27.19.00,62,2024-09-08T20:53:49.0,545,118,4743.900000000001,12,2025-08-07T19:09:19.696Z
3800,16985032081,BANDED_EXERCISES,BANDED_EXERCISES,5,12,27.19.00,41.9,2024-09-08T20:58:30.0,545,118,4743.900000000001,12,2025-08-07T19:09:19.696Z
3801,16985032081,BANDED_EXERCISES,BANDED_EXERCISES,6,10,27.19.00,49.11.00,2024-09-08T21:03:19.0,545,118,4743.900000000001,12,2025-08-07T19:09:19.696Z
3802,16985032081,BANDED_EXERCISES,BANDED_EXERCISES,7,8,38.56.00,58.11.00,2024-09-08T21:21:45.0,545,118,4743.900000000001,12,2025-08-07T19:09:19.696Z
3803,16985032081,BANDED_EXERCISES,BANDED_EXERCISES,8,8,41.21.00,39.15.00,2024-09-08T21:24:18.0,545,118,4743.900000000001,12,2025-08-07T19:09:19.696Z
3804,16985032081,BANDED_EXERCISES,BANDED_EXERCISES,9,9,36.31.00,44.01.00,2024-09-08T21:26:40.0,545,118,4743.900000000001,12,2025-08-07T19:09:19.696Z
3805,16985032081,BANDED_EXERCISES,BANDED_EXERCISES,10,10,38.56.00,47.41.00,2024-09-08T21:28:59.0,545,118,4743.900000000001,12,2025-08-07T19:09:19.696Z
3806,16985032081,BANDED_EXERCISES,BANDED_EXERCISES,11,9,36.31.00,43.24.00,2024-09-08T21:32:51.0,545,118,4743.900000000001,12,2025-08-07T19:09:19.696Z
3807,16985032081,BANDED_EXERCISES,BANDED_EXERCISES,12,10,38.56.00,51.46.00,2024-09-08T21:39:42.0,545,118,4743.900000000001,12,2025-08-07T19:09:19.696Z
3808,16985032081,BARBELL_BACK_SQUAT,SQUAT,1,12,45.38.00,60.45.00,2024-09-08T21:09:21.0,139,30,1442.4,3,2025-08-07T19:09:19.696Z
3809,16985032081,BARBELL_BACK_SQUAT,SQUAT,2,10,50.28.00,59.15.00,2024-09-08T21:13:15.0,139,30,1442.4,3,2025-08-07T19:09:19.696Z
3810,16985032081,BARBELL_BACK_SQUAT,SQUAT,3,8,50.28.00,42.05.00,2024-09-08T21:18:53.0,139,30,1442.4,3,2025-08-07T19:09:19.696Z
3811,16975646180,BANDED_EXERCISES,BANDED_EXERCISES,1,6,34,43.44.00,2024-09-07T20:13:20.0,616,156,4394.469999999999,15,2025-08-07T19:09:22.323Z
3812,16975646180,BANDED_EXERCISES,BANDED_EXERCISES,2,10,0,43.47.00,2024-09-07T20:17:08.0,616,156,4394.469999999999,15,2025-08-07T19:09:22.323Z
3813,16975646180,BANDED_EXERCISES,BANDED_EXERCISES,3,10,29.5,40.35.00,2024-09-07T20:21:07.0,616,156,4394.469999999999,15,2025-08-07T19:09:22.323Z
3814,16975646180,BANDED_EXERCISES,BANDED_EXERCISES,4,10,68.06.00,64.44.00,2024-09-07T20:24:46.0,616,156,4394.469999999999,15,2025-08-07T19:09:22.323Z
3815,16975646180,BANDED_EXERCISES,BANDED_EXERCISES,5,10,0,53.58.00,2024-09-07T20:29:54.0,616,156,4394.469999999999,15,2025-08-07T19:09:22.323Z
3816,16975646180,BANDED_EXERCISES,BANDED_EXERCISES,6,8,0,53.34.00,2024-09-07T20:34:28.0,616,156,4394.469999999999,15,2025-08-07T19:09:22.323Z
3817,16975646180,BANDED_EXERCISES,BANDED_EXERCISES,7,10,23.09,37.44.00,2024-09-07T20:37:18.0,616,156,4394.469999999999,15,2025-08-07T19:09:22.323Z
3818,16975646180,BANDED_EXERCISES,BANDED_EXERCISES,8,12,11.28,49.18.00,2024-09-07T20:39:32.0,616,156,4394.469999999999,15,2025-08-07T19:09:22.323Z
3819,16975646180,BANDED_EXERCISES,BANDED_EXERCISES,9,10,23.09,41.28.00,2024-09-07T20:41:54.0,616,156,4394.469999999999,15,2025-08-07T19:09:22.323Z
3820,16975646180,BANDED_EXERCISES,BANDED_EXERCISES,10,15,11.29,57.56.00,2024-09-07T20:46:56.0,616,156,4394.469999999999,15,2025-08-07T19:09:22.323Z
3821,16975646180,BANDED_EXERCISES,BANDED_EXERCISES,11,12,23.09,60.44.00,2024-09-07T20:50:47.0,616,156,4394.469999999999,15,2025-08-07T19:09:22.323Z
3822,16975646180,BANDED_EXERCISES,BANDED_EXERCISES,12,15,11.28,66.53.00,2024-09-07T20:56:51.0,616,156,4394.469999999999,15,2025-08-07T19:09:22.323Z
3823,16975646180,BANDED_EXERCISES,BANDED_EXERCISES,13,10,72.56.00,40.59.00,2024-09-07T21:04:23.0,616,156,4394.469999999999,15,2025-08-07T19:09:22.323Z
3824,16975646180,BANDED_EXERCISES,BANDED_EXERCISES,14,10,72.56.00,34.38.00,2024-09-07T21:08:41.0,616,156,4394.469999999999,15,2025-08-07T19:09:22.323Z
3825,16975646180,BANDED_EXERCISES,BANDED_EXERCISES,15,8,72.56.00,27.11.00,2024-09-07T21:11:28.0,616,156,4394.469999999999,15,2025-08-07T19:09:22.323Z
3826,16966273339,BANDED_EXERCISES,BANDED_EXERCISES,1,8,43.06.00,50,2024-09-06T19:12:39.0,853,204,8577.1,22,2025-08-07T19:09:24.280Z
3827,16966273339,BANDED_EXERCISES,BANDED_EXERCISES,2,7,43.06.00,39.27.00,2024-09-06T19:16:31.0,853,204,8577.1,22,2025-08-07T19:09:24.280Z
3828,16966273339,BANDED_EXERCISES,BANDED_EXERCISES,3,6,43.06.00,35.37.00,2024-09-06T19:21:54.0,853,204,8577.1,22,2025-08-07T19:09:24.280Z
3829,16966273339,BANDED_EXERCISES,BANDED_EXERCISES,4,10,77.13.00,52.44.00,2024-09-06T19:24:24.0,853,204,8577.1,22,2025-08-07T19:09:24.280Z
3830,16966273339,BANDED_EXERCISES,BANDED_EXERCISES,5,10,77.13.00,34.19.00,2024-09-06T19:28:38.0,853,204,8577.1,22,2025-08-07T19:09:24.280Z
3831,16966273339,BANDED_EXERCISES,BANDED_EXERCISES,6,10,77.13.00,34.58.00,2024-09-06T19:33:03.0,853,204,8577.1,22,2025-08-07T19:09:24.280Z
3832,16966273339,BANDED_EXERCISES,BANDED_EXERCISES,7,10,59.34.00,82.02.00,2024-09-06T19:34:45.0,853,204,8577.1,22,2025-08-07T19:09:24.280Z
3833,16966273339,BANDED_EXERCISES,BANDED_EXERCISES,8,10,59.34.00,46.26.00,2024-09-06T19:39:58.0,853,204,8577.1,22,2025-08-07T19:09:24.280Z
3834,16966273339,BANDED_EXERCISES,BANDED_EXERCISES,9,8,59.34.00,45.01.00,2024-09-06T19:43:05.0,853,204,8577.1,22,2025-08-07T19:09:24.280Z
3835,16966273339,BANDED_EXERCISES,BANDED_EXERCISES,10,8,43.06.00,41.38.00,2024-09-06T19:46:26.0,853,204,8577.1,22,2025-08-07T19:09:24.280Z
3836,16966273339,BANDED_EXERCISES,BANDED_EXERCISES,11,6,43.06.00,38.15.00,2024-09-06T19:48:58.0,853,204,8577.1,22,2025-08-07T19:09:24.280Z
3837,16966273339,BANDED_EXERCISES,BANDED_EXERCISES,12,8,43.06.00,33.36.00,2024-09-06T19:52:29.0,853,204,8577.1,22,2025-08-07T19:09:24.280Z
3838,16966273339,BANDED_EXERCISES,BANDED_EXERCISES,13,8,66.15.00,73.49.00,2024-09-06T19:57:00.0,853,204,8577.1,22,2025-08-07T19:09:24.280Z
3839,16966273339,BANDED_EXERCISES,BANDED_EXERCISES,14,6,66.15.00,43.17.00,2024-09-06T20:03:08.0,853,204,8577.1,22,2025-08-07T19:09:24.280Z
3840,16966273339,BANDED_EXERCISES,BANDED_EXERCISES,15,6,66.15.00,40.09.00,2024-09-06T20:07:58.0,853,204,8577.1,22,2025-08-07T19:09:24.280Z
3841,16966273339,BANDED_EXERCISES,BANDED_EXERCISES,16,10,11.28,43.16.00,2024-09-06T20:10:26.0,853,204,8577.1,22,2025-08-07T19:09:24.280Z
3842,16966273339,BANDED_EXERCISES,BANDED_EXERCISES,17,12,11.28,55.45.00,2024-09-06T20:12:17.0,853,204,8577.1,22,2025-08-07T19:09:24.280Z
3843,16966273339,BANDED_EXERCISES,BANDED_EXERCISES,18,15,11.28,62.11.00,2024-09-06T20:22:50.0,853,204,8577.1,22,2025-08-07T19:09:24.280Z
3844,16966273339,BANDED_EXERCISES,BANDED_EXERCISES,19,15,23.09,55.34.00,2024-09-06T20:25:23.0,853,204,8577.1,22,2025-08-07T19:09:24.280Z
3845,16966273339,BANDED_EXERCISES,BANDED_EXERCISES,20,15,23.09,42.42.00,2024-09-06T20:32:50.0,853,204,8577.1,22,2025-08-07T19:09:24.280Z
3846,16966273339,BANDED_EXERCISES,BANDED_EXERCISES,21,16,23.09,62.13.00,2024-09-06T20:37:07.0,853,204,8577.1,22,2025-08-07T19:09:24.280Z
3847,16966273339,BANDED_EXERCISES,BANDED_EXERCISES,22,0,<null>,01.47,2024-09-06T20:38:31.0,853,204,8577.1,22,2025-08-07T19:09:24.280Z
3848,16931478728,BANDED_EXERCISES,BANDED_EXERCISES,1,8,75.21.00,43.13.00,2024-09-02T21:52:12.0,394,119,5070.36.00,12,2025-08-07T19:09:31.876Z
3849,16940200186,BANDED_EXERCISES,BANDED_EXERCISES,1,15,23.09,74.57.00,2024-09-03T19:49:24.0,489,144,5397.160000000001,12,2025-08-07T19:09:28.225Z
3850,16931478728,BANDED_EXERCISES,BANDED_EXERCISES,2,10,70.31.00,33.09.00,2024-09-02T21:54:54.0,394,119,5070.36.00,12,2025-08-07T19:09:31.876Z
3851,16940200186,BANDED_EXERCISES,BANDED_EXERCISES,2,15,23.09,49.23.00,2024-09-03T19:53:05.0,489,144,5397.160000000001,12,2025-08-07T19:09:28.225Z
3852,16931478728,BANDED_EXERCISES,BANDED_EXERCISES,3,8,70.31.00,41.18.00,2024-09-02T21:58:21.0,394,119,5070.36.00,12,2025-08-07T19:09:31.876Z
3853,16940200186,BANDED_EXERCISES,BANDED_EXERCISES,3,15,23.09,68.13.00,2024-09-03T19:58:02.0,489,144,5397.160000000001,12,2025-08-07T19:09:28.225Z
3854,16931478728,BANDED_EXERCISES,BANDED_EXERCISES,4,8,34,25.45.00,2024-09-02T22:01:21.0,394,119,5070.36.00,12,2025-08-07T19:09:31.876Z
3855,16940200186,BANDED_EXERCISES,BANDED_EXERCISES,4,15,23.09,31.12.00,2024-09-03T20:01:50.0,489,144,5397.160000000001,12,2025-08-07T19:09:28.225Z
3856,16931478728,BANDED_EXERCISES,BANDED_EXERCISES,5,10,29.5,45.25.00,2024-09-02T22:05:53.0,394,119,5070.36.00,12,2025-08-07T19:09:31.876Z
3857,16940200186,BANDED_EXERCISES,BANDED_EXERCISES,5,10,59.34.00,49.56.00,2024-09-03T20:04:42.0,489,144,5397.160000000001,12,2025-08-07T19:09:28.225Z
3858,16931478728,BANDED_EXERCISES,BANDED_EXERCISES,6,8,29.5,37.04.00,2024-09-02T22:09:58.0,394,119,5070.36.00,12,2025-08-07T19:09:31.876Z
3859,16940200186,BANDED_EXERCISES,BANDED_EXERCISES,6,8,59.34.00,46.28.00,2024-09-03T20:08:24.0,489,144,5397.160000000001,12,2025-08-07T19:09:28.225Z
3860,16931478728,BANDED_EXERCISES,BANDED_EXERCISES,7,10,09.06,41.18.00,2024-09-02T22:12:06.0,394,119,5070.36.00,12,2025-08-07T19:09:31.876Z
3861,16940200186,BANDED_EXERCISES,BANDED_EXERCISES,7,10,43.06.00,49.41.00,2024-09-03T20:18:43.0,489,144,5397.160000000001,12,2025-08-07T19:09:28.225Z
3862,16931478728,BANDED_EXERCISES,BANDED_EXERCISES,8,15,09.06,59.33.00,2024-09-02T22:17:59.0,394,119,5070.36.00,12,2025-08-07T19:09:31.876Z
3863,16940200186,BANDED_EXERCISES,BANDED_EXERCISES,8,10,38.56.00,36.54.00,2024-09-03T20:21:57.0,489,144,5397.160000000001,12,2025-08-07T19:09:28.225Z
3864,16931478728,BANDED_EXERCISES,BANDED_EXERCISES,9,12,09.06,48.57.00,2024-09-02T22:21:11.0,394,119,5070.36.00,12,2025-08-07T19:09:31.876Z
3865,16940200186,BANDED_EXERCISES,BANDED_EXERCISES,9,12,38.56.00,49.59.00,2024-09-03T20:25:37.0,489,144,5397.160000000001,12,2025-08-07T19:09:28.225Z
3866,16931478728,BANDED_EXERCISES,BANDED_EXERCISES,10,10,72.56.00,45.33.00,2024-09-02T22:25:27.0,394,119,5070.36.00,12,2025-08-07T19:09:31.876Z
3867,16940200186,BANDED_EXERCISES,BANDED_EXERCISES,10,12,50.28.00,38.27.00,2024-09-03T20:33:39.0,489,144,5397.160000000001,12,2025-08-07T19:09:28.225Z
3868,16931478728,BANDED_EXERCISES,BANDED_EXERCISES,11,8,72.56.00,35.22.00,2024-09-02T22:28:12.0,394,119,5070.36.00,12,2025-08-07T19:09:31.876Z
3869,16940200186,BANDED_EXERCISES,BANDED_EXERCISES,11,12,50.28.00,53.32.00,2024-09-03T20:38:54.0,489,144,5397.160000000001,12,2025-08-07T19:09:28.225Z
3870,16931478728,BANDED_EXERCISES,BANDED_EXERCISES,12,12,63.5,54.38.00,2024-09-02T22:31:28.0,394,119,5070.36.00,12,2025-08-07T19:09:31.876Z
3871,16940200186,BANDED_EXERCISES,BANDED_EXERCISES,12,10,50.28.00,37.54.00,2024-09-03T20:42:47.0,489,144,5397.160000000001,12,2025-08-07T19:09:28.225Z
3872,16923338567,BANDED_EXERCISES,BANDED_EXERCISES,1,12,50.28.00,75.58.00,2024-09-01T23:41:24.0,825,198,7761.040000000003,19,2025-08-07T19:09:36.515Z
3873,16923338567,BANDED_EXERCISES,BANDED_EXERCISES,2,12,54.44.00,72.56.00,2024-09-01T23:45:09.0,825,198,7761.040000000003,19,2025-08-07T19:09:36.515Z
3874,16923338567,BANDED_EXERCISES,BANDED_EXERCISES,3,12,54.44.00,44.19.00,2024-09-01T23:50:22.0,825,198,7761.040000000003,19,2025-08-07T19:09:36.515Z
3875,16923338567,BANDED_EXERCISES,BANDED_EXERCISES,4,10,54.44.00,55.29.00,2024-09-01T23:53:56.0,825,198,7761.040000000003,19,2025-08-07T19:09:36.515Z
3876,16923338567,BANDED_EXERCISES,BANDED_EXERCISES,5,15,23.09,79.19.00,2024-09-01T23:59:55.0,825,198,7761.040000000003,19,2025-08-07T19:09:36.515Z
3877,16923338567,BANDED_EXERCISES,BANDED_EXERCISES,6,12,23.09,55.14.00,2024-09-02T00:06:21.0,825,198,7761.040000000003,19,2025-08-07T19:09:36.515Z
3878,16923338567,BANDED_EXERCISES,BANDED_EXERCISES,7,10,23.09,65.36.00,2024-09-02T00:10:22.0,825,198,7761.040000000003,19,2025-08-07T19:09:36.515Z
3879,16923338567,BANDED_EXERCISES,BANDED_EXERCISES,8,15,32.15.00,57.01.00,2024-09-02T00:15:09.0,825,198,7761.040000000003,19,2025-08-07T19:09:36.515Z
3880,16923338567,BANDED_EXERCISES,BANDED_EXERCISES,9,10,41.21.00,45.52.00,2024-09-02T00:17:47.0,825,198,7761.040000000003,19,2025-08-07T19:09:36.515Z
3881,16923338567,BANDED_EXERCISES,BANDED_EXERCISES,10,15,41.21.00,70.39.00,2024-09-02T00:21:26.0,825,198,7761.040000000003,19,2025-08-07T19:09:36.515Z
3882,16923338567,BANDED_EXERCISES,BANDED_EXERCISES,11,8,61.25.00,35.22.00,2024-09-02T00:28:59.0,825,198,7761.040000000003,19,2025-08-07T19:09:36.515Z
3883,16923338567,BANDED_EXERCISES,BANDED_EXERCISES,12,8,59.34.00,30.21.00,2024-09-02T00:32:49.0,825,198,7761.040000000003,19,2025-08-07T19:09:36.515Z
3884,16923338567,BANDED_EXERCISES,BANDED_EXERCISES,13,6,59.34.00,24.22.00,2024-09-02T00:36:56.0,825,198,7761.040000000003,19,2025-08-07T19:09:36.515Z
3885,16923338567,BANDED_EXERCISES,BANDED_EXERCISES,14,8,38.56.00,32.42.00,2024-09-02T00:38:56.0,825,198,7761.040000000003,19,2025-08-07T19:09:36.515Z
3886,16923338567,BANDED_EXERCISES,BANDED_EXERCISES,15,8,36.31.00,32.49.00,2024-09-02T00:43:23.0,825,198,7761.040000000003,19,2025-08-07T19:09:36.515Z
3887,16923338567,BANDED_EXERCISES,BANDED_EXERCISES,16,10,41.21.00,45.03.00,2024-09-02T00:44:31.0,825,198,7761.040000000003,19,2025-08-07T19:09:36.515Z
3888,16923338567,BANDED_EXERCISES,BANDED_EXERCISES,17,9,36.31.00,38.42.00,2024-09-02T00:47:35.0,825,198,7761.040000000003,19,2025-08-07T19:09:36.515Z
3889,16923338567,BANDED_EXERCISES,BANDED_EXERCISES,18,10,<null>,44.14.00,2024-09-01T23:34:23.1,825,198,7761.040000000003,19,2025-08-07T19:09:36.515Z
3890,16923338567,BANDED_EXERCISES,BANDED_EXERCISES,19,8,41.21.00,41.13.00,2024-09-02T00:53:32.0,825,198,7761.040000000003,19,2025-08-07T19:09:36.515Z
3891,16904889633,BANDED_EXERCISES,BANDED_EXERCISES,1,8,59.34.00,60.37.00,2024-08-30T21:49:12.0,607,108,5384.34.00,13,2025-08-07T19:09:49.908Z
3892,16904889633,BANDED_EXERCISES,BANDED_EXERCISES,2,8,61.25.00,38.29.00,2024-08-30T21:52:25.0,607,108,5384.34.00,13,2025-08-07T19:09:49.908Z
3893,16904889633,BANDED_EXERCISES,BANDED_EXERCISES,3,8,61.25.00,40.41.00,2024-08-30T21:56:06.0,607,108,5384.34.00,13,2025-08-07T19:09:49.908Z
3894,16904889633,BANDED_EXERCISES,BANDED_EXERCISES,4,10,50.28.00,48.05.00,2024-08-30T22:00:53.0,607,108,5384.34.00,13,2025-08-07T19:09:49.908Z
3895,16904889633,BANDED_EXERCISES,BANDED_EXERCISES,5,10,52.19.00,49.23.00,2024-08-30T22:06:18.0,607,108,5384.34.00,13,2025-08-07T19:09:49.908Z
3896,16904889633,BANDED_EXERCISES,BANDED_EXERCISES,6,10,52.19.00,47.33.00,2024-08-30T22:09:50.0,607,108,5384.34.00,13,2025-08-07T19:09:49.908Z
3897,16904889633,BANDED_EXERCISES,BANDED_EXERCISES,7,8,66.15.00,50.22.00,2024-08-30T22:13:30.0,607,108,5384.34.00,13,2025-08-07T19:09:49.908Z
3898,16904889633,BANDED_EXERCISES,BANDED_EXERCISES,8,8,61.25.00,37.47.00,2024-08-30T22:16:45.0,607,108,5384.34.00,13,2025-08-07T19:09:49.908Z
3899,16904889633,BANDED_EXERCISES,BANDED_EXERCISES,9,10,61.25.00,51.56.00,2024-08-30T22:20:39.0,607,108,5384.34.00,13,2025-08-07T19:09:49.908Z
3900,16904889633,BANDED_EXERCISES,BANDED_EXERCISES,10,10,27.19.00,111.39.00,2024-08-30T22:25:39.0,607,108,5384.34.00,13,2025-08-07T19:09:49.908Z
3901,16904889633,BANDED_EXERCISES,BANDED_EXERCISES,11,10,27.19.00,69.03.00,2024-08-30T22:31:24.0,607,108,5384.34.00,13,2025-08-07T19:09:49.908Z
3902,16904889633,BANDED_EXERCISES,BANDED_EXERCISES,12,8,27.19.00,47.57.00,2024-08-30T22:37:47.0,607,108,5384.34.00,13,2025-08-07T19:09:49.908Z
3903,16904889633,BANDED_EXERCISES,BANDED_EXERCISES,13,0,<null>,34.02.00,2024-08-30T22:44:36.0,607,108,5384.34.00,13,2025-08-07T19:09:49.908Z
3904,16888941513,BANDED_EXERCISES,BANDED_EXERCISES,1,8,57.09.00,74.04.00,2024-08-28T23:26:47.0,1158,229,8247.25.00,24,2025-08-07T19:09:53.475Z
3905,16888941513,BANDED_EXERCISES,BANDED_EXERCISES,2,10,57.09.00,51.25.00,2024-08-28T23:31:58.0,1158,229,8247.25.00,24,2025-08-07T19:09:53.475Z
3906,16888941513,BANDED_EXERCISES,BANDED_EXERCISES,3,6,57.09.00,44.49.00,2024-08-28T23:34:04.0,1158,229,8247.25.00,24,2025-08-07T19:09:53.475Z
3907,16888941513,BANDED_EXERCISES,BANDED_EXERCISES,4,12,32.15.00,62.05.00,2024-08-28T23:39:53.0,1158,229,8247.25.00,24,2025-08-07T19:09:53.475Z
3908,16888941513,BANDED_EXERCISES,BANDED_EXERCISES,5,12,32.15.00,56.18.00,2024-08-28T23:43:26.0,1158,229,8247.25.00,24,2025-08-07T19:09:53.475Z
3909,16888941513,BANDED_EXERCISES,BANDED_EXERCISES,6,12,32.15.00,57.21.00,2024-08-28T23:48:09.0,1158,229,8247.25.00,24,2025-08-07T19:09:53.475Z
3910,16888941513,BANDED_EXERCISES,BANDED_EXERCISES,7,10,23.09,51.1,2024-08-28T23:52:44.0,1158,229,8247.25.00,24,2025-08-07T19:09:53.475Z
3911,16888941513,BANDED_EXERCISES,BANDED_EXERCISES,8,10,23.09,53.53.00,2024-08-28T23:55:00.0,1158,229,8247.25.00,24,2025-08-07T19:09:53.475Z
3912,16888941513,BANDED_EXERCISES,BANDED_EXERCISES,9,12,23.09,53.36.00,2024-08-29T00:02:59.0,1158,229,8247.25.00,24,2025-08-07T19:09:53.475Z
3913,16888941513,BANDED_EXERCISES,BANDED_EXERCISES,10,8,25.34.00,97.59.00,2024-08-29T00:07:48.0,1158,229,8247.25.00,24,2025-08-07T19:09:53.475Z
3914,16888941513,BANDED_EXERCISES,BANDED_EXERCISES,11,8,25.34.00,39.54.00,2024-08-29T00:12:23.0,1158,229,8247.25.00,24,2025-08-07T19:09:53.475Z
3915,16888941513,BANDED_EXERCISES,BANDED_EXERCISES,12,8,25.34.00,45.05.00,2024-08-29T00:15:56.0,1158,229,8247.25.00,24,2025-08-07T19:09:53.475Z
3916,16888941513,BANDED_EXERCISES,BANDED_EXERCISES,13,6,38.56.00,44.43.00,2024-08-29T00:21:14.0,1158,229,8247.25.00,24,2025-08-07T19:09:53.475Z
3917,16888941513,BANDED_EXERCISES,BANDED_EXERCISES,14,8,38.56.00,46.42.00,2024-08-29T00:30:11.0,1158,229,8247.25.00,24,2025-08-07T19:09:53.475Z
3918,16888941513,BANDED_EXERCISES,BANDED_EXERCISES,15,6,38.56.00,39.53.00,2024-08-29T00:32:34.0,1158,229,8247.25.00,24,2025-08-07T19:09:53.475Z
3919,16888941513,BANDED_EXERCISES,BANDED_EXERCISES,16,12,61.25.00,58.16.00,2024-08-29T00:36:04.0,1158,229,8247.25.00,24,2025-08-07T19:09:53.475Z
3920,16888941513,BANDED_EXERCISES,BANDED_EXERCISES,17,10,61.25.00,45.27.00,2024-08-29T00:41:27.0,1158,229,8247.25.00,24,2025-08-07T19:09:53.475Z
3921,16888941513,BANDED_EXERCISES,BANDED_EXERCISES,18,8,61.25.00,56.29.00,2024-08-29T00:44:32.0,1158,229,8247.25.00,24,2025-08-07T19:09:53.475Z
3922,16888941513,BANDED_EXERCISES,BANDED_EXERCISES,19,8,38.56.00,55.52.00,2024-08-29T00:49:01.0,1158,229,8247.25.00,24,2025-08-07T19:09:53.475Z
3923,16888941513,BANDED_EXERCISES,BANDED_EXERCISES,20,8,38.56.00,42.51.00,2024-08-29T00:52:10.0,1158,229,8247.25.00,24,2025-08-07T19:09:53.475Z
3924,16888941513,BANDED_EXERCISES,BANDED_EXERCISES,21,8,38.56.00,47.45.00,2024-08-29T00:55:14.0,1158,229,8247.25.00,24,2025-08-07T19:09:53.475Z
3925,16888941513,BANDED_EXERCISES,BANDED_EXERCISES,22,12,23.09,60.13.00,2024-08-29T01:05:20.0,1158,229,8247.25.00,24,2025-08-07T19:09:53.475Z
3926,16888941513,BANDED_EXERCISES,BANDED_EXERCISES,23,15,23.09,73.48.00,2024-08-29T01:11:53.0,1158,229,8247.25.00,24,2025-08-07T19:09:53.475Z
3927,16888941513,BANDED_EXERCISES,BANDED_EXERCISES,24,12,23.09,66.49.00,2024-08-29T01:15:57.0,1158,229,8247.25.00,24,2025-08-07T19:09:53.475Z
3928,16861265499,BANDED_EXERCISES,BANDED_EXERCISES,1,12,57.09.00,37.44.00,2024-08-25T20:45:25.0,939,199,8163.17.00,22,2025-08-07T19:10:02.480Z
3929,16869664202,LAT_PULLDOWN,PULL_UP,1,8,68.06.00,43.39.00,2024-08-26T21:56:12.0,100,24,1633.44.00,3,2025-08-07T19:09:58.294Z
3930,16861265499,BANDED_EXERCISES,BANDED_EXERCISES,2,10,61.25.00,38.33.00,2024-08-25T20:49:31.0,939,199,8163.17.00,22,2025-08-07T19:10:02.480Z
3931,16869664202,LAT_PULLDOWN,PULL_UP,2,8,68.06.00,29.48.00,2024-08-26T21:57:53.0,100,24,1633.44.00,3,2025-08-07T19:09:58.294Z
3932,16861265499,BANDED_EXERCISES,BANDED_EXERCISES,3,12,61.25.00,45.52.00,2024-08-25T20:52:46.0,939,199,8163.17.00,22,2025-08-07T19:10:02.480Z
3933,16869664202,LAT_PULLDOWN,PULL_UP,3,8,68.06.00,34.11.00,2024-08-26T22:01:33.0,100,24,1633.44.00,3,2025-08-07T19:09:58.294Z
3934,16861265499,BANDED_EXERCISES,BANDED_EXERCISES,4,12,61.24.00,50.43.00,2024-08-25T20:55:53.0,939,199,8163.17.00,22,2025-08-07T19:10:02.480Z
3935,16869664202,EZ_BAR_PREACHER_CURL,CURL,1,6,34,61.45.00,2024-08-26T22:03:50.0,112,18,585,3,2025-08-07T19:09:58.294Z
3936,16861265499,BANDED_EXERCISES,BANDED_EXERCISES,5,10,38.56.00,46.56.00,2024-08-25T20:58:37.0,939,199,8163.17.00,22,2025-08-07T19:10:02.480Z
3937,16869664202,EZ_BAR_PREACHER_CURL,CURL,2,6,32.15.00,51.58.00,2024-08-26T22:06:02.0,112,18,585,3,2025-08-07T19:09:58.294Z
3938,16861265499,BANDED_EXERCISES,BANDED_EXERCISES,6,8,38.56.00,49.43.00,2024-08-25T21:01:30.0,939,199,8163.17.00,22,2025-08-07T19:10:02.480Z
3939,16869664202,EZ_BAR_PREACHER_CURL,CURL,3,6,32.15.00,38.15.00,2024-08-26T22:09:52.0,112,18,585,3,2025-08-07T19:09:58.294Z
3940,16861265499,BANDED_EXERCISES,BANDED_EXERCISES,7,8,38.56.00,46.42.00,2024-08-25T21:06:00.0,939,199,8163.17.00,22,2025-08-07T19:10:02.480Z
3941,16869664202,BANDED_EXERCISES,BANDED_EXERCISES,1,8,57.09.00,41.32.00,2024-08-26T22:12:05.0,98,22,1247.1799999999998,3,2025-08-07T19:09:58.294Z
3942,16861265499,BANDED_EXERCISES,BANDED_EXERCISES,8,8,41.21.00,68.32.00,2024-08-25T21:11:50.0,939,199,8163.17.00,22,2025-08-07T19:10:02.480Z
3943,16869664202,BANDED_EXERCISES,BANDED_EXERCISES,2,8,57.09.00,47.43.00,2024-08-26T22:16:34.0,98,22,1247.1799999999998,3,2025-08-07T19:09:58.294Z
3944,16861265499,BANDED_EXERCISES,BANDED_EXERCISES,9,8,38.56.00,51.39.00,2024-08-25T21:15:59.0,939,199,8163.17.00,22,2025-08-07T19:10:02.480Z
3945,16869664202,BANDED_EXERCISES,BANDED_EXERCISES,3,6,57.09.00,26.17.00,2024-08-26T22:18:24.0,98,22,1247.1799999999998,3,2025-08-07T19:09:58.294Z
3946,16861265499,BANDED_EXERCISES,BANDED_EXERCISES,10,8,36.31.00,34.37.00,2024-08-25T21:19:49.0,939,199,8163.17.00,22,2025-08-07T19:10:02.480Z
3947,16861265499,BANDED_EXERCISES,BANDED_EXERCISES,11,10,36.29.00,29.11.00,2024-08-25T21:25:14.0,939,199,8163.17.00,22,2025-08-07T19:10:02.480Z
3948,16861265499,BANDED_EXERCISES,BANDED_EXERCISES,12,6,54.44.00,55.06.00,2024-08-25T21:30:46.0,939,199,8163.17.00,22,2025-08-07T19:10:02.480Z
3949,16861265499,BANDED_EXERCISES,BANDED_EXERCISES,13,8,54.44.00,49.16.00,2024-08-25T21:34:46.0,939,199,8163.17.00,22,2025-08-07T19:10:02.480Z
3950,16861265499,BANDED_EXERCISES,BANDED_EXERCISES,14,12,23.09,52.52.00,2024-08-25T21:37:34.0,939,199,8163.17.00,22,2025-08-07T19:10:02.480Z
3951,16861265499,BANDED_EXERCISES,BANDED_EXERCISES,15,10,23.09,73.48.00,2024-08-25T21:40:46.0,939,199,8163.17.00,22,2025-08-07T19:10:02.480Z
3952,16861265499,BANDED_EXERCISES,BANDED_EXERCISES,16,8,23.09,47.46.00,2024-08-25T21:43:39.0,939,199,8163.17.00,22,2025-08-07T19:10:02.480Z
3953,16861265499,BANDED_EXERCISES,BANDED_EXERCISES,17,8,25.34.00,88.14.00,2024-08-25T21:50:29.0,939,199,8163.17.00,22,2025-08-07T19:10:02.480Z
3954,16861265499,BANDED_EXERCISES,BANDED_EXERCISES,18,8,25.34.00,43.02.00,2024-08-25T21:56:15.0,939,199,8163.17.00,22,2025-08-07T19:10:02.480Z
3955,16861265499,BANDED_EXERCISES,BANDED_EXERCISES,19,5,25.35.00,55.42.00,2024-08-25T21:58:51.0,939,199,8163.17.00,22,2025-08-07T19:10:02.480Z
3956,16861265499,BANDED_EXERCISES,BANDED_EXERCISES,20,10,41.22.00,54.41.00,2024-08-25T22:03:41.0,939,199,8163.17.00,22,2025-08-07T19:10:02.480Z
3957,16861265499,BANDED_EXERCISES,BANDED_EXERCISES,21,8,41.22.00,52.53.00,2024-08-25T22:07:06.0,939,199,8163.17.00,22,2025-08-07T19:10:02.480Z
3958,16861265499,BANDED_EXERCISES,BANDED_EXERCISES,22,10,41.22.00,52.27.00,2024-08-25T22:12:17.0,939,199,8163.17.00,22,2025-08-07T19:10:02.480Z
3959,16852102396,BANDED_EXERCISES,BANDED_EXERCISES,1,10,36.31.00,43.22.00,2024-08-24T21:10:41.0,339,86,4432.120000000001,9,2025-08-07T19:10:07.582Z
3960,16852102396,BANDED_EXERCISES,BANDED_EXERCISES,2,10,36.31.00,37.01.00,2024-08-24T21:14:09.0,339,86,4432.120000000001,9,2025-08-07T19:10:07.582Z
3961,16852102396,BANDED_EXERCISES,BANDED_EXERCISES,3,10,36.31.00,37.01.00,2024-08-24T21:17:40.0,339,86,4432.120000000001,9,2025-08-07T19:10:07.582Z
3962,16852102396,BANDED_EXERCISES,BANDED_EXERCISES,4,10,52.19.00,120.58.00,2024-08-24T21:21:45.0,339,86,4432.120000000001,9,2025-08-07T19:10:07.582Z
3963,16852102396,BANDED_EXERCISES,BANDED_EXERCISES,5,8,54.44.00,44.12.00,2024-08-24T21:26:06.0,339,86,4432.120000000001,9,2025-08-07T19:10:07.582Z
3964,16852102396,BANDED_EXERCISES,BANDED_EXERCISES,6,10,54.44.00,46.15.00,2024-08-24T21:35:08.0,339,86,4432.120000000001,9,2025-08-07T19:10:07.582Z
3965,16852102396,BANDED_EXERCISES,BANDED_EXERCISES,7,10,66.15.00,39.04.00,2024-08-24T21:43:13.0,339,86,4432.120000000001,9,2025-08-07T19:10:07.582Z
3966,16852102396,BANDED_EXERCISES,BANDED_EXERCISES,8,10,66.15.00,27.32.00,2024-08-24T21:47:00.0,339,86,4432.120000000001,9,2025-08-07T19:10:07.582Z
3967,16852102396,BANDED_EXERCISES,BANDED_EXERCISES,9,8,66.15.00,31.03.00,2024-08-24T21:48:57.0,339,86,4432.120000000001,9,2025-08-07T19:10:07.582Z
3968,16836411356,BANDED_EXERCISES,BANDED_EXERCISES,1,15,11.31,52.35.00,2024-08-23T01:42:48.0,760,163,6058.170000000001,15,2025-08-07T19:10:14.726Z
3969,16836411356,BANDED_EXERCISES,BANDED_EXERCISES,2,8,14.03,58.03.00,2024-08-23T01:47:38.0,760,163,6058.170000000001,15,2025-08-07T19:10:14.726Z
3970,16836411356,BANDED_EXERCISES,BANDED_EXERCISES,3,8,14.03,161.05.00,2024-08-23T01:51:27.0,760,163,6058.170000000001,15,2025-08-07T19:10:14.726Z
3971,16836411356,BANDED_EXERCISES,BANDED_EXERCISES,4,12,61.25.00,63.28.00,2024-08-23T01:54:07.0,760,163,6058.170000000001,15,2025-08-07T19:10:14.726Z
3972,16836411356,BANDED_EXERCISES,BANDED_EXERCISES,5,12,66.15.00,55.57.00,2024-08-23T01:57:47.0,760,163,6058.170000000001,15,2025-08-07T19:10:14.726Z
3973,16836411356,BANDED_EXERCISES,BANDED_EXERCISES,6,10,66.15.00,50.38.00,2024-08-23T02:01:03.0,760,163,6058.170000000001,15,2025-08-07T19:10:14.726Z
3974,16836411356,BANDED_EXERCISES,BANDED_EXERCISES,7,10,38.56.00,50.54.00,2024-08-23T02:04:36.0,760,163,6058.170000000001,15,2025-08-07T19:10:14.726Z
3975,16836411356,BANDED_EXERCISES,BANDED_EXERCISES,8,10,38.56.00,31.04.00,2024-08-23T02:09:05.0,760,163,6058.170000000001,15,2025-08-07T19:10:14.726Z
3976,16836411356,BANDED_EXERCISES,BANDED_EXERCISES,9,8,38.56.00,35.58.00,2024-08-23T02:12:22.0,760,163,6058.170000000001,15,2025-08-07T19:10:14.726Z
3977,16836411356,BANDED_EXERCISES,BANDED_EXERCISES,10,12,23.09,61.11.00,2024-08-23T02:13:55.0,760,163,6058.170000000001,15,2025-08-07T19:10:14.726Z
3978,16836411356,BANDED_EXERCISES,BANDED_EXERCISES,11,12,23.09,56.48.00,2024-08-23T02:16:12.0,760,163,6058.170000000001,15,2025-08-07T19:10:14.726Z
3979,16836411356,BANDED_EXERCISES,BANDED_EXERCISES,12,12,23.09,47.13.00,2024-08-23T02:20:09.0,760,163,6058.170000000001,15,2025-08-07T19:10:14.726Z
3980,16836411356,BANDED_EXERCISES,BANDED_EXERCISES,13,12,45.38.00,61.24.00,2024-08-23T02:28:03.0,760,163,6058.170000000001,15,2025-08-07T19:10:14.726Z
3981,16836411356,BANDED_EXERCISES,BANDED_EXERCISES,14,10,48.03.00,44.32.00,2024-08-23T02:31:58.0,760,163,6058.170000000001,15,2025-08-07T19:10:14.726Z
3982,16836411356,BANDED_EXERCISES,BANDED_EXERCISES,15,12,48.03.00,61.44.00,2024-08-23T02:37:34.0,760,163,6058.170000000001,15,2025-08-07T19:10:14.726Z
3983,16827117931,BANDED_EXERCISES,BANDED_EXERCISES,1,8,34,67.51.00,2024-08-21T23:09:10.0,573,134,6134.14.00,17,2025-08-07T19:10:20.216Z
3984,16818002314,CURL,CURL,1,15,11.34,68.36.00,2024-08-20T22:41:28.0,284,71,700.9599999999999,6,2025-08-07T19:10:23.524Z
3985,16827117931,BANDED_EXERCISES,BANDED_EXERCISES,2,10,29.5,44.24.00,2024-08-21T23:13:42.0,573,134,6134.14.00,17,2025-08-07T19:10:20.216Z
3986,16818002314,CURL,CURL,2,10,11.34,50.15.00,2024-08-20T22:46:20.0,284,71,700.9599999999999,6,2025-08-07T19:10:23.524Z
3987,16827117931,BANDED_EXERCISES,BANDED_EXERCISES,3,10,29.5,43.01.00,2024-08-21T23:16:59.0,573,134,6134.14.00,17,2025-08-07T19:10:20.216Z
3988,16818002314,CURL,CURL,3,10,05.39,48.46.00,2024-08-20T22:48:54.0,284,71,700.9599999999999,6,2025-08-07T19:10:23.524Z
3989,16827117931,BANDED_EXERCISES,BANDED_EXERCISES,4,8,29.5,36.48.00,2024-08-21T23:20:09.0,573,134,6134.14.00,17,2025-08-07T19:10:20.216Z
3990,16818002314,CURL,CURL,4,12,10.21,62.16.00,2024-08-20T23:04:27.0,284,71,700.9599999999999,6,2025-08-07T19:10:23.524Z
3991,16827117931,BANDED_EXERCISES,BANDED_EXERCISES,5,8,36.31.00,40.32.00,2024-08-21T23:24:57.0,573,134,6134.14.00,17,2025-08-07T19:10:20.216Z
3992,16818002314,CURL,CURL,5,12,10.21,55.01.00,2024-08-20T23:07:10.0,284,71,700.9599999999999,6,2025-08-07T19:10:23.524Z
3993,16827117931,BANDED_EXERCISES,BANDED_EXERCISES,6,10,36.31.00,38.18.00,2024-08-21T23:28:24.0,573,134,6134.14.00,17,2025-08-07T19:10:20.216Z
3994,16818002314,CURL,CURL,6,12,10.21,53.41.00,2024-08-20T23:10:41.0,284,71,700.9599999999999,6,2025-08-07T19:10:23.524Z
3995,16827117931,BANDED_EXERCISES,BANDED_EXERCISES,7,8,36.31.00,37.42.00,2024-08-21T23:34:05.0,573,134,6134.14.00,17,2025-08-07T19:10:20.216Z
3996,16818002314,BENCH_PRESS,BENCH_PRESS,1,12,16.28,68.51.00,2024-08-20T22:51:21.0,173,36,625.9200000000001,3,2025-08-07T19:10:23.524Z
3997,16827117931,BANDED_EXERCISES,BANDED_EXERCISES,8,8,36.31.00,30.25.00,2024-08-21T23:37:09.0,573,134,6134.14.00,17,2025-08-07T19:10:20.216Z
3998,16818002314,BENCH_PRESS,BENCH_PRESS,2,12,18.14,69.16.00,2024-08-20T22:56:08.0,173,36,625.9200000000001,3,2025-08-07T19:10:23.524Z
3999,16827117931,BANDED_EXERCISES,BANDED_EXERCISES,9,10,66.15.00,56.26.00,2024-08-21T23:39:49.0,573,134,6134.14.00,17,2025-08-07T19:10:20.216Z
4000,16818002314,BENCH_PRESS,BENCH_PRESS,3,12,18.14,69.47.00,2024-08-20T23:00:37.0,173,36,625.9200000000001,3,2025-08-07T19:10:23.524Z
4001,16827117931,BANDED_EXERCISES,BANDED_EXERCISES,10,8,66.15.00,41.28.00,2024-08-21T23:43:29.0,573,134,6134.14.00,17,2025-08-07T19:10:20.216Z
4002,16818002314,FLYE,FLYE,1,15,54.43.00,50.49.00,2024-08-20T23:12:34.0,139,42,2347.3500000000004,3,2025-08-07T19:10:23.524Z
4003,16827117931,BANDED_EXERCISES,BANDED_EXERCISES,11,8,66.15.00,33.28.00,2024-08-21T23:47:52.0,573,134,6134.14.00,17,2025-08-07T19:10:20.216Z
4004,16818002314,FLYE,FLYE,2,12,56.7,47.05.00,2024-08-20T23:18:19.0,139,42,2347.3500000000004,3,2025-08-07T19:10:23.524Z
4005,16827117931,BANDED_EXERCISES,BANDED_EXERCISES,12,0,<null>,01.17,2024-08-21T23:51:27.0,573,134,6134.14.00,17,2025-08-07T19:10:20.216Z
4006,16818002314,FLYE,FLYE,3,15,56.7,55.56.00,2024-08-20T23:21:55.0,139,42,2347.3500000000004,3,2025-08-07T19:10:23.524Z
4007,16827117931,BANDED_EXERCISES,BANDED_EXERCISES,13,8,66.15.00,31.06.00,2024-08-21T23:51:34.0,573,134,6134.14.00,17,2025-08-07T19:10:20.216Z
4008,16818002314,TRICEPS_EXTENSION,TRICEPS_EXTENSION,1,10,36.29.00,54.37.00,2024-08-20T23:26:58.0,107,26,943.54.00,3,2025-08-07T19:10:23.524Z
4009,16827117931,BANDED_EXERCISES,BANDED_EXERCISES,14,0,<null>,40.11.00,2024-08-21T23:54:30.0,573,134,6134.14.00,17,2025-08-07T19:10:20.216Z
4010,16818002314,TRICEPS_EXTENSION,TRICEPS_EXTENSION,2,8,36.29.00,33.06.00,2024-08-20T23:30:08.0,107,26,943.54.00,3,2025-08-07T19:10:23.524Z
4011,16827117931,BANDED_EXERCISES,BANDED_EXERCISES,15,12,52.19.00,42.19.00,2024-08-21T23:57:23.0,573,134,6134.14.00,17,2025-08-07T19:10:20.216Z
4012,16818002314,TRICEPS_EXTENSION,TRICEPS_EXTENSION,3,8,36.29.00,35.08.00,2024-08-20T23:34:17.0,107,26,943.54.00,3,2025-08-07T19:10:23.524Z
4013,16827117931,BANDED_EXERCISES,BANDED_EXERCISES,16,10,52.19.00,35.17.00,2024-08-22T00:01:09.0,573,134,6134.14.00,17,2025-08-07T19:10:20.216Z
4014,16818002314,CHEST_PRESS,SLED,1,8,20.44,101.37.00,2024-08-20T23:39:35.0,192,32,610.22.00,3,2025-08-07T19:10:23.524Z
4015,16827117931,BANDED_EXERCISES,BANDED_EXERCISES,17,8,52.19.00,29.15.00,2024-08-22T00:03:20.0,573,134,6134.14.00,17,2025-08-07T19:10:20.216Z
4016,16818002314,CHEST_PRESS,SLED,2,10,19.03,43.31.00,2024-08-20T23:43:12.0,192,32,610.22.00,3,2025-08-07T19:10:23.524Z
4017,16818002314,CHEST_PRESS,SLED,3,14,18.6,52.25.00,2024-08-20T23:47:27.0,192,32,610.22.00,3,2025-08-07T19:10:23.524Z
4018,16818002314,EZ_BAR_PREACHER_CURL,CURL,1,12,31.24.00,44.55.00,2024-08-20T23:52:14.0,109,32,987.28.00,3,2025-08-07T19:10:23.524Z
4019,16818002314,EZ_BAR_PREACHER_CURL,CURL,2,12,31.24.00,47.42.00,2024-08-20T23:59:12.0,109,32,987.28.00,3,2025-08-07T19:10:23.524Z
4020,16818002314,EZ_BAR_PREACHER_CURL,CURL,3,8,31.24.00,39.59.00,2024-08-21T00:01:57.0,109,32,987.28.00,3,2025-08-07T19:10:23.524Z
4021,16800042415,LAT_PULLDOWN,PULL_UP,1,12,66.15.00,44.21.00,2024-08-18T22:43:30.0,94,32,2104.2,3,2025-08-07T19:10:27.886Z
4022,16800042415,LAT_PULLDOWN,PULL_UP,2,10,66.17.00,39.54.00,2024-08-18T22:47:08.0,94,32,2104.2,3,2025-08-07T19:10:27.886Z
4023,16800042415,LAT_PULLDOWN,PULL_UP,3,10,66.15.00,32.36.00,2024-08-18T22:49:15.0,94,32,2104.2,3,2025-08-07T19:10:27.886Z
4024,16800042415,SEATED_BARBELL_SHOULDER_PRESS,SHOULDER_PRESS,1,8,56.7,32.15.00,2024-08-18T22:52:28.0,87,22,1247.4,3,2025-08-07T19:10:27.886Z
4025,16800042415,SEATED_BARBELL_SHOULDER_PRESS,SHOULDER_PRESS,2,8,56.7,39.02.00,2024-08-18T22:58:27.0,87,22,1247.4,3,2025-08-07T19:10:27.886Z
4026,16800042415,SEATED_BARBELL_SHOULDER_PRESS,SHOULDER_PRESS,3,6,56.7,40.35.00,2024-08-18T23:01:52.0,87,22,1247.4,3,2025-08-07T19:10:27.886Z
4027,16800042415,WEIGHTED_CRUNCH,CRUNCH,1,15,43.09.00,61.15.00,2024-08-18T23:03:37.0,127,35,1508.15.00,3,2025-08-07T19:10:27.886Z
4028,16800042415,WEIGHTED_CRUNCH,CRUNCH,2,10,43.09.00,42.57.00,2024-08-18T23:10:05.0,127,35,1508.15.00,3,2025-08-07T19:10:27.886Z
4029,16800042415,WEIGHTED_CRUNCH,CRUNCH,3,10,43.09.00,49.15.00,2024-08-18T23:18:22.0,127,35,1508.15.00,3,2025-08-07T19:10:27.886Z
4030,16800042415,SEATED_CABLE_ROW,ROW,1,15,29.48.00,51.56.00,2024-08-18T23:21:59.0,94,35,1122.6000000000001,3,2025-08-07T19:10:27.886Z
4031,16800042415,SEATED_CABLE_ROW,ROW,2,10,34.02.00,37.23.00,2024-08-18T23:25:30.0,94,35,1122.6000000000001,3,2025-08-07T19:10:27.886Z
4032,16800042415,SEATED_CABLE_ROW,ROW,3,10,34.02.00,41.15.00,2024-08-18T23:29:16.0,94,35,1122.6000000000001,3,2025-08-07T19:10:27.886Z
4033,16800042415,CHEST_PRESS,SLED,1,12,23.08,52.17.00,2024-08-18T23:33:57.0,118,28,635.04.00,3,2025-08-07T19:10:27.886Z
4034,16800042415,CHEST_PRESS,SLED,2,8,23.08,47.01.00,2024-08-18T23:36:49.0,118,28,635.04.00,3,2025-08-07T19:10:27.886Z
4035,16800042415,CHEST_PRESS,SLED,3,8,23.08,49.47.00,2024-08-18T23:39:53.0,118,28,635.04.00,3,2025-08-07T19:10:27.886Z
4036,16782933684,UNKNOWN,UNKNOWN,1,15,49.9,88.58.00,2024-08-16T23:48:06.0,176,43,2317.16.00,3,2025-08-07T19:10:30.701Z
4037,16782933684,UNKNOWN,UNKNOWN,2,13,56.02.00,55.22.00,2024-08-16T23:50:22.0,176,43,2317.16.00,3,2025-08-07T19:10:30.701Z
4038,16782933684,UNKNOWN,UNKNOWN,3,15,56,44.52.00,2024-08-16T23:53:41.0,176,43,2317.16.00,3,2025-08-07T19:10:30.701Z
4039,16782933684,CURL,CURL,1,15,11.34,55.57.00,2024-08-16T23:57:34.0,127,33,374.22.00,3,2025-08-07T19:10:30.701Z
4040,16782933684,CURL,CURL,2,8,11.34,47.45.00,2024-08-17T00:01:28.0,127,33,374.22.00,3,2025-08-07T19:10:30.701Z
4041,16782933684,CURL,CURL,3,10,11.34,52.17.00,2024-08-17T00:07:11.0,127,33,374.22.00,3,2025-08-07T19:10:30.701Z
4042,16782933684,BENCH_PRESS,BENCH_PRESS,1,15,32.15.00,66.55.00,2024-08-17T00:11:49.0,137,40,1270,3,2025-08-07T19:10:30.701Z
4043,16782933684,BENCH_PRESS,BENCH_PRESS,2,15,32.15.00,47.53.00,2024-08-17T00:17:23.0,137,40,1270,3,2025-08-07T19:10:30.701Z
4044,16782933684,BENCH_PRESS,BENCH_PRESS,3,10,32.15.00,50.53.00,2024-08-17T00:23:08.0,137,40,1270,3,2025-08-07T19:10:30.701Z
4045,16782933684,EZ_BAR_PREACHER_CURL,CURL,1,10,36.06.00,51.42.00,2024-08-17T00:26:02.0,100,29,1044.6,3,2025-08-07T19:10:30.701Z
4046,16782933684,EZ_BAR_PREACHER_CURL,CURL,2,9,36,43.04.00,2024-08-17T00:31:42.0,100,29,1044.6,3,2025-08-07T19:10:30.701Z
4047,16782933684,EZ_BAR_PREACHER_CURL,CURL,3,10,36,41.23.00,2024-08-17T00:40:24.0,100,29,1044.6,3,2025-08-07T19:10:30.701Z
4048,16782933684,CHEST_PRESS,SLED,1,10,20.41,67.26.00,2024-08-17T00:45:26.0,130,26,531.06.00,3,2025-08-07T19:10:30.701Z
4049,16782933684,CHEST_PRESS,SLED,2,8,20.41,37.17.00,2024-08-17T00:48:56.0,130,26,531.06.00,3,2025-08-07T19:10:30.701Z
4050,16782933684,CHEST_PRESS,SLED,3,8,20.41,39.44.00,2024-08-17T00:52:21.0,130,26,531.06.00,3,2025-08-07T19:10:30.701Z
4051,16782933684,TRICEPS_EXTENSION,TRICEPS_EXTENSION,1,6,43,32.23.00,2024-08-17T00:56:24.0,78,20,790,3,2025-08-07T19:10:30.701Z
4052,16782933684,TRICEPS_EXTENSION,TRICEPS_EXTENSION,2,8,38,38.31.00,2024-08-17T00:59:26.0,78,20,790,3,2025-08-07T19:10:30.701Z
4053,16782933684,TRICEPS_EXTENSION,TRICEPS_EXTENSION,3,6,38,27.32.00,2024-08-17T01:01:37.0,78,20,790,3,2025-08-07T19:10:30.701Z
4054,16729606248,BANDED_EXERCISES,BANDED_EXERCISES,1,8,73,26.44.00,2024-08-11T00:18:52.0,251,78,4536,9,2025-08-07T19:10:45.270Z
4055,16729606248,BANDED_EXERCISES,BANDED_EXERCISES,2,8,73,23.25,2024-08-11T00:21:03.0,251,78,4536,9,2025-08-07T19:10:45.270Z
4056,16729606248,BANDED_EXERCISES,BANDED_EXERCISES,3,8,73,22.15,2024-08-11T00:23:11.0,251,78,4536,9,2025-08-07T19:10:45.270Z
4057,16729606248,BANDED_EXERCISES,BANDED_EXERCISES,4,10,53,56.59.00,2024-08-11T00:24:59.0,251,78,4536,9,2025-08-07T19:10:45.270Z
4058,16729606248,BANDED_EXERCISES,BANDED_EXERCISES,5,10,53,55.46.00,2024-08-11T00:29:11.0,251,78,4536,9,2025-08-07T19:10:45.270Z
4059,16729606248,BANDED_EXERCISES,BANDED_EXERCISES,6,8,53,36.55.00,2024-08-11T00:31:22.0,251,78,4536,9,2025-08-07T19:10:45.270Z
4060,16729606248,BANDED_EXERCISES,BANDED_EXERCISES,7,8,50,36.02.00,2024-08-11T00:39:53.0,251,78,4536,9,2025-08-07T19:10:45.270Z
4061,16729606248,BANDED_EXERCISES,BANDED_EXERCISES,8,8,50,28.17.00,2024-08-11T00:42:02.0,251,78,4536,9,2025-08-07T19:10:45.270Z
4062,16729606248,BANDED_EXERCISES,BANDED_EXERCISES,9,10,50,18.24,2024-08-11T00:44:11.0,251,78,4536,9,2025-08-07T19:10:45.270Z
4063,16719985025,BANDED_EXERCISES,BANDED_EXERCISES,1,15,8,58.43.00,2024-08-09T20:48:43.0,289,95,640,6,2025-08-07T19:10:50.120Z
4064,16713194264,BANDED_EXERCISES,BANDED_EXERCISES,1,18,8,76.12.00,2024-08-09T01:24:38.0,503,145,1160,10,2025-08-07T19:10:51.246Z
4065,16719985025,BANDED_EXERCISES,BANDED_EXERCISES,2,20,8,73.07.00,2024-08-09T20:51:22.0,289,95,640,6,2025-08-07T19:10:50.120Z
4066,16713194264,BANDED_EXERCISES,BANDED_EXERCISES,2,10,8,58.49.00,2024-08-09T01:27:36.0,503,145,1160,10,2025-08-07T19:10:51.246Z
4067,16719985025,BANDED_EXERCISES,BANDED_EXERCISES,3,15,<null>,45.47.00,2024-08-09T20:54:10.0,289,95,640,6,2025-08-07T19:10:50.120Z
4068,16713194264,BANDED_EXERCISES,BANDED_EXERCISES,3,15,8,42.03.00,2024-08-09T01:30:17.0,503,145,1160,10,2025-08-07T19:10:51.246Z
4069,16719985025,BANDED_EXERCISES,BANDED_EXERCISES,4,15,8,41.51.00,2024-08-09T20:57:05.0,289,95,640,6,2025-08-07T19:10:50.120Z
4070,16713194264,BANDED_EXERCISES,BANDED_EXERCISES,4,15,8,50.32.00,2024-08-09T01:32:13.0,503,145,1160,10,2025-08-07T19:10:51.246Z
4071,16719985025,BANDED_EXERCISES,BANDED_EXERCISES,5,15,8,48.14.00,2024-08-09T21:01:40.0,289,95,640,6,2025-08-07T19:10:50.120Z
4072,16713194264,BANDED_EXERCISES,BANDED_EXERCISES,5,15,8,52.45.00,2024-08-09T01:34:00.0,503,145,1160,10,2025-08-07T19:10:51.246Z
4073,16719985025,BANDED_EXERCISES,BANDED_EXERCISES,6,15,8,66.22.00,2024-08-09T21:04:32.0,289,95,640,6,2025-08-07T19:10:50.120Z
4074,16713194264,BANDED_EXERCISES,BANDED_EXERCISES,6,15,8,49.59.00,2024-08-09T01:36:25.0,503,145,1160,10,2025-08-07T19:10:51.246Z
4075,16713194264,BANDED_EXERCISES,BANDED_EXERCISES,7,12,8,99.52.00,2024-08-09T01:38:56.0,503,145,1160,10,2025-08-07T19:10:51.246Z
4076,16713194264,BANDED_EXERCISES,BANDED_EXERCISES,8,15,8,55.53.00,2024-08-09T01:42:25.0,503,145,1160,10,2025-08-07T19:10:51.246Z
4077,16713194264,BANDED_EXERCISES,BANDED_EXERCISES,9,15,8,57.51.00,2024-08-09T01:45:51.0,503,145,1160,10,2025-08-07T19:10:51.246Z
4078,16713194264,BANDED_EXERCISES,BANDED_EXERCISES,10,15,8,32.02.00,2024-08-09T01:47:46.0,503,145,1160,10,2025-08-07T19:10:51.246Z
4079,16703768348,BANDED_EXERCISES,BANDED_EXERCISES,1,12,34,148.44.00,2024-08-07T22:25:29.0,509,99,2958,7,2025-08-07T19:10:52.398Z
4080,16703768348,BANDED_EXERCISES,BANDED_EXERCISES,2,15,34,52.12.00,2024-08-07T22:34:18.0,509,99,2958,7,2025-08-07T19:10:52.398Z
4081,16703768348,BANDED_EXERCISES,BANDED_EXERCISES,3,15,34,50.58.00,2024-08-07T22:39:25.0,509,99,2958,7,2025-08-07T19:10:52.398Z
4082,16703768348,BANDED_EXERCISES,BANDED_EXERCISES,4,15,34,52.48.00,2024-08-07T22:54:30.0,509,99,2958,7,2025-08-07T19:10:52.398Z
4083,16703768348,BANDED_EXERCISES,BANDED_EXERCISES,5,15,34,37.15.00,2024-08-07T22:59:48.0,509,99,2958,7,2025-08-07T19:10:52.398Z
4084,16703768348,BANDED_EXERCISES,BANDED_EXERCISES,6,15,34,70.27.00,2024-08-07T23:02:35.0,509,99,2958,7,2025-08-07T19:10:52.398Z
4085,16703768348,BANDED_EXERCISES,BANDED_EXERCISES,7,12,<null>,147.9,2024-08-07T23:09:51.0,509,99,2958,7,2025-08-07T19:10:52.398Z
4086,16676783236,BANDED_EXERCISES,BANDED_EXERCISES,1,10,18,59.07.00,2024-08-04T23:31:52.0,249,47,756,5,2025-08-07T19:10:57.563Z
4087,16676783236,BANDED_EXERCISES,BANDED_EXERCISES,2,12,18,59.52.00,2024-08-04T23:35:52.0,249,47,756,5,2025-08-07T19:10:57.563Z
4088,16676783236,BANDED_EXERCISES,BANDED_EXERCISES,3,10,18,57.12.00,2024-08-04T23:38:06.0,249,47,756,5,2025-08-07T19:10:57.563Z
4089,16676783236,BANDED_EXERCISES,BANDED_EXERCISES,4,10,18,34.13.00,2024-08-04T23:40:19.0,249,47,756,5,2025-08-07T19:10:57.563Z
4090,16676783236,BANDED_EXERCISES,BANDED_EXERCISES,5,5,<null>,78.36.00,2024-08-04T23:42:48.0,249,47,756,5,2025-08-07T19:10:57.563Z
4091,16641968968,BANDED_EXERCISES,BANDED_EXERCISES,1,12,36,32.08.00,2024-07-31T19:35:09.0,958,208,6064,20,2025-08-07T19:11:15.272Z
4092,16623942425,BANDED_EXERCISES,BANDED_EXERCISES,1,15,27,93.06.00,2024-07-29T19:57:03.0,365,118,3812,9,2025-08-07T19:11:26.515Z
4093,16641968968,BANDED_EXERCISES,BANDED_EXERCISES,2,12,36,34.13.00,2024-07-31T19:37:15.0,958,208,6064,20,2025-08-07T19:11:15.272Z
4094,16623942425,BANDED_EXERCISES,BANDED_EXERCISES,2,15,27,43.21.00,2024-07-29T20:00:37.0,365,118,3812,9,2025-08-07T19:11:26.515Z
4095,16641968968,BANDED_EXERCISES,BANDED_EXERCISES,3,12,36,34.31.00,2024-07-31T19:39:19.0,958,208,6064,20,2025-08-07T19:11:15.272Z
4096,16623942425,BANDED_EXERCISES,BANDED_EXERCISES,3,15,27,44.43.00,2024-07-29T20:05:41.0,365,118,3812,9,2025-08-07T19:11:26.515Z
4097,16641968968,BANDED_EXERCISES,BANDED_EXERCISES,4,12,50,64.23.00,2024-07-31T19:42:31.0,958,208,6064,20,2025-08-07T19:11:15.272Z
4098,16623942425,BANDED_EXERCISES,BANDED_EXERCISES,4,12,23,49.12.00,2024-07-29T20:09:37.0,365,118,3812,9,2025-08-07T19:11:26.515Z
4099,16641968968,BANDED_EXERCISES,BANDED_EXERCISES,5,10,50,45.09.00,2024-07-31T19:45:41.0,958,208,6064,20,2025-08-07T19:11:15.272Z
4100,16623942425,BANDED_EXERCISES,BANDED_EXERCISES,5,15,23,50.33.00,2024-07-29T20:15:08.0,365,118,3812,9,2025-08-07T19:11:26.515Z
4101,16641968968,BANDED_EXERCISES,BANDED_EXERCISES,6,10,50,51.54.00,2024-07-31T19:50:00.0,958,208,6064,20,2025-08-07T19:11:15.272Z
4102,16623942425,BANDED_EXERCISES,BANDED_EXERCISES,6,12,23,49.42.00,2024-07-29T20:19:15.0,365,118,3812,9,2025-08-07T19:11:26.515Z
4103,16641968968,BANDED_EXERCISES,BANDED_EXERCISES,7,10,14,55.05.00,2024-07-31T19:53:51.0,958,208,6064,20,2025-08-07T19:11:15.272Z
4104,16623942425,BANDED_EXERCISES,BANDED_EXERCISES,7,12,50,51.47.00,2024-07-29T20:23:42.0,365,118,3812,9,2025-08-07T19:11:26.515Z
4105,16641968968,BANDED_EXERCISES,BANDED_EXERCISES,8,10,14,43.09.00,2024-07-31T19:57:39.0,958,208,6064,20,2025-08-07T19:11:15.272Z
4106,16623942425,BANDED_EXERCISES,BANDED_EXERCISES,8,12,50,48.04.00,2024-07-29T20:27:48.0,365,118,3812,9,2025-08-07T19:11:26.515Z
4107,16641968968,BANDED_EXERCISES,BANDED_EXERCISES,9,8,14,93.37.00,2024-07-31T20:00:08.0,958,208,6064,20,2025-08-07T19:11:15.272Z
4108,16623942425,BANDED_EXERCISES,BANDED_EXERCISES,9,10,50,38.53.00,2024-07-29T20:31:40.0,365,118,3812,9,2025-08-07T19:11:26.515Z
4109,16641968968,BANDED_EXERCISES,BANDED_EXERCISES,10,8,18,43.22.00,2024-07-31T20:03:19.0,958,208,6064,20,2025-08-07T19:11:15.272Z
4110,16641968968,BANDED_EXERCISES,BANDED_EXERCISES,11,6,18,38.48.00,2024-07-31T20:07:04.0,958,208,6064,20,2025-08-07T19:11:15.272Z
4111,16641968968,BANDED_EXERCISES,BANDED_EXERCISES,12,10,18,58.13.00,2024-07-31T20:10:28.0,958,208,6064,20,2025-08-07T19:11:15.272Z
4112,16641968968,BANDED_EXERCISES,BANDED_EXERCISES,13,8,18,52.21.00,2024-07-31T20:13:05.0,958,208,6064,20,2025-08-07T19:11:15.272Z
4113,16641968968,BANDED_EXERCISES,BANDED_EXERCISES,14,10,18,50.04.00,2024-07-31T20:21:17.0,958,208,6064,20,2025-08-07T19:11:15.272Z
4114,16641968968,BANDED_EXERCISES,BANDED_EXERCISES,15,15,22,59.59.00,2024-07-31T20:24:44.0,958,208,6064,20,2025-08-07T19:11:15.272Z
4115,16641968968,BANDED_EXERCISES,BANDED_EXERCISES,16,15,22,53.39.00,2024-07-31T20:28:45.0,958,208,6064,20,2025-08-07T19:11:15.272Z
4116,16641968968,BANDED_EXERCISES,BANDED_EXERCISES,17,10,22,136.35.00,2024-07-31T20:30:08.0,958,208,6064,20,2025-08-07T19:11:15.272Z
4117,16641968968,BANDED_EXERCISES,BANDED_EXERCISES,18,12,38,45.29.00,2024-07-31T20:35:19.0,958,208,6064,20,2025-08-07T19:11:15.272Z
4118,16641968968,BANDED_EXERCISES,BANDED_EXERCISES,19,10,38,49.13.00,2024-07-31T20:38:48.0,958,208,6064,20,2025-08-07T19:11:15.272Z
4119,16641968968,BANDED_EXERCISES,BANDED_EXERCISES,20,8,38,30.24.00,2024-07-31T20:41:31.0,958,208,6064,20,2025-08-07T19:11:15.272Z
4120,16607000794,BANDED_EXERCISES,BANDED_EXERCISES,1,10,14,54.13.00,2024-07-27T20:02:41.0,823,203,6146,18,2025-08-07T19:11:38.530Z
4121,16615670972,BANDED_EXERCISES,BANDED_EXERCISES,1,8,29,75.13.00,2024-07-28T19:27:32.0,611,196,8592,15,2025-08-07T19:11:33.524Z
4122,16607000794,BANDED_EXERCISES,BANDED_EXERCISES,2,10,14,55.07.00,2024-07-27T20:05:15.0,823,203,6146,18,2025-08-07T19:11:38.530Z
4123,16615670972,BANDED_EXERCISES,BANDED_EXERCISES,2,10,27,52.05.00,2024-07-28T19:31:00.0,611,196,8592,15,2025-08-07T19:11:33.524Z
4124,16607000794,BANDED_EXERCISES,BANDED_EXERCISES,3,10,14,57.39.00,2024-07-27T20:12:02.0,823,203,6146,18,2025-08-07T19:11:38.530Z
4125,16615670972,BANDED_EXERCISES,BANDED_EXERCISES,3,12,27,50.15.00,2024-07-28T19:33:36.0,611,196,8592,15,2025-08-07T19:11:33.524Z
4126,16607000794,BANDED_EXERCISES,BANDED_EXERCISES,4,10,18,67.26.00,2024-07-27T20:14:26.0,823,203,6146,18,2025-08-07T19:11:38.530Z
4127,16615670972,BANDED_EXERCISES,BANDED_EXERCISES,4,10,68,38.38.00,2024-07-28T19:36:02.0,611,196,8592,15,2025-08-07T19:11:33.524Z
4128,16607000794,BANDED_EXERCISES,BANDED_EXERCISES,5,12,18,52.19.00,2024-07-27T20:18:25.0,823,203,6146,18,2025-08-07T19:11:38.530Z
4129,16615670972,BANDED_EXERCISES,BANDED_EXERCISES,5,12,68,39.35.00,2024-07-28T19:40:51.0,611,196,8592,15,2025-08-07T19:11:33.524Z
4130,16607000794,BANDED_EXERCISES,BANDED_EXERCISES,6,10,18,74.14.00,2024-07-27T20:20:18.0,823,203,6146,18,2025-08-07T19:11:38.530Z
4131,16615670972,BANDED_EXERCISES,BANDED_EXERCISES,6,12,68,71.42.00,2024-07-28T19:43:50.0,611,196,8592,15,2025-08-07T19:11:33.524Z
4132,16607000794,BANDED_EXERCISES,BANDED_EXERCISES,7,12,11,61.59.00,2024-07-27T20:22:44.0,823,203,6146,18,2025-08-07T19:11:38.530Z
4133,16615670972,BANDED_EXERCISES,BANDED_EXERCISES,7,15,29.5,45.28.00,2024-07-28T19:47:58.0,611,196,8592,15,2025-08-07T19:11:33.524Z
4134,16607000794,BANDED_EXERCISES,BANDED_EXERCISES,8,12,11,61.22.00,2024-07-27T20:25:47.0,823,203,6146,18,2025-08-07T19:11:38.530Z
4135,16615670972,BANDED_EXERCISES,BANDED_EXERCISES,8,12,29.5,35.09.00,2024-07-28T19:52:22.0,611,196,8592,15,2025-08-07T19:11:33.524Z
4136,16607000794,BANDED_EXERCISES,BANDED_EXERCISES,9,12,11,53.24.00,2024-07-27T20:28:10.0,823,203,6146,18,2025-08-07T19:11:38.530Z
4137,16615670972,BANDED_EXERCISES,BANDED_EXERCISES,9,15,29.5,35.19.00,2024-07-28T19:57:43.0,611,196,8592,15,2025-08-07T19:11:33.524Z
4138,16607000794,BANDED_EXERCISES,BANDED_EXERCISES,10,10,52,57.29.00,2024-07-27T20:32:40.0,823,203,6146,18,2025-08-07T19:11:38.530Z
4139,16615670972,BANDED_EXERCISES,BANDED_EXERCISES,10,15,45,64.08.00,2024-07-28T20:01:27.0,611,196,8592,15,2025-08-07T19:11:33.524Z
4140,16607000794,BANDED_EXERCISES,BANDED_EXERCISES,11,8,52,30.28.00,2024-07-27T20:36:29.0,823,203,6146,18,2025-08-07T19:11:38.530Z
4141,16615670972,BANDED_EXERCISES,BANDED_EXERCISES,11,15,43,45.54.00,2024-07-28T20:05:56.0,611,196,8592,15,2025-08-07T19:11:33.524Z
4142,16607000794,BANDED_EXERCISES,BANDED_EXERCISES,12,8,52,30.02.00,2024-07-27T20:38:42.0,823,203,6146,18,2025-08-07T19:11:38.530Z
4143,16615670972,BANDED_EXERCISES,BANDED_EXERCISES,12,15,43,56.21.00,2024-07-28T20:11:29.0,611,196,8592,15,2025-08-07T19:11:33.524Z
4144,16607000794,BANDED_EXERCISES,BANDED_EXERCISES,13,15,50,49.43.00,2024-07-27T20:41:16.0,823,203,6146,18,2025-08-07T19:11:38.530Z
4145,16615670972,BANDED_EXERCISES,BANDED_EXERCISES,13,15,50,33.38.00,2024-07-28T20:14:38.0,611,196,8592,15,2025-08-07T19:11:33.524Z
4146,16607000794,BANDED_EXERCISES,BANDED_EXERCISES,14,15,50,55.56.00,2024-07-27T20:45:45.0,823,203,6146,18,2025-08-07T19:11:38.530Z
4147,16615670972,BANDED_EXERCISES,BANDED_EXERCISES,14,15,50,37.01.00,2024-07-28T20:17:45.0,611,196,8592,15,2025-08-07T19:11:33.524Z
4148,16607000794,BANDED_EXERCISES,BANDED_EXERCISES,15,12,50,57.38.00,2024-07-27T20:47:32.0,823,203,6146,18,2025-08-07T19:11:38.530Z
4149,16615670972,BANDED_EXERCISES,BANDED_EXERCISES,15,15,50,38.43.00,2024-07-28T20:20:18.0,611,196,8592,15,2025-08-07T19:11:33.524Z
4150,16607000794,BANDED_EXERCISES,BANDED_EXERCISES,16,15,34,41.24.00,2024-07-27T20:52:26.0,823,203,6146,18,2025-08-07T19:11:38.530Z
4151,16607000794,BANDED_EXERCISES,BANDED_EXERCISES,17,12,36,35.15.00,2024-07-27T20:55:38.0,823,203,6146,18,2025-08-07T19:11:38.530Z
4152,16607000794,BANDED_EXERCISES,BANDED_EXERCISES,18,10,36,50.21.00,2024-07-27T20:57:26.0,823,203,6146,18,2025-08-07T19:11:38.530Z
4153,16581846364,BANDED_EXERCISES,BANDED_EXERCISES,1,15,45,46.04.00,2024-07-24T19:58:06.0,720,195,4699,16,2025-08-07T19:11:45.555Z
4154,16581846364,BANDED_EXERCISES,BANDED_EXERCISES,2,15,45,42.53.00,2024-07-24T20:01:54.0,720,195,4699,16,2025-08-07T19:11:45.555Z
4155,16581846364,BANDED_EXERCISES,BANDED_EXERCISES,3,12,45,30.46.00,2024-07-24T20:06:10.0,720,195,4699,16,2025-08-07T19:11:45.555Z
4156,16581846364,BANDED_EXERCISES,BANDED_EXERCISES,4,12,14,47.21.00,2024-07-24T20:08:35.0,720,195,4699,16,2025-08-07T19:11:45.555Z
4157,16581846364,BANDED_EXERCISES,BANDED_EXERCISES,5,10,14,44.57.00,2024-07-24T20:12:57.0,720,195,4699,16,2025-08-07T19:11:45.555Z
4158,16581846364,BANDED_EXERCISES,BANDED_EXERCISES,6,8,14,35.26.00,2024-07-24T20:15:02.0,720,195,4699,16,2025-08-07T19:11:45.555Z
4159,16581846364,BANDED_EXERCISES,BANDED_EXERCISES,7,10,14,59.37.00,2024-07-24T20:18:29.0,720,195,4699,16,2025-08-07T19:11:45.555Z
4160,16581846364,BANDED_EXERCISES,BANDED_EXERCISES,8,10,19,42.31.00,2024-07-24T20:20:57.0,720,195,4699,16,2025-08-07T19:11:45.555Z
4161,16581846364,BANDED_EXERCISES,BANDED_EXERCISES,9,10,19,63.37.00,2024-07-24T20:24:39.0,720,195,4699,16,2025-08-07T19:11:45.555Z
4162,16581846364,BANDED_EXERCISES,BANDED_EXERCISES,10,15,19,56.28.00,2024-07-24T20:27:30.0,720,195,4699,16,2025-08-07T19:11:45.555Z
4163,16581846364,BANDED_EXERCISES,BANDED_EXERCISES,11,12,23,43.55.00,2024-07-24T20:40:54.0,720,195,4699,16,2025-08-07T19:11:45.555Z
4164,16581846364,BANDED_EXERCISES,BANDED_EXERCISES,12,12,23,48.41.00,2024-07-24T20:42:38.0,720,195,4699,16,2025-08-07T19:11:45.555Z
4165,16581846364,BANDED_EXERCISES,BANDED_EXERCISES,13,12,23,53.37.00,2024-07-24T20:48:14.0,720,195,4699,16,2025-08-07T19:11:45.555Z
4166,16581846364,BANDED_EXERCISES,BANDED_EXERCISES,14,15,18,62.39.00,2024-07-24T20:50:40.0,720,195,4699,16,2025-08-07T19:11:45.555Z
4167,16581846364,BANDED_EXERCISES,BANDED_EXERCISES,15,12,18,51.18.00,2024-07-24T20:52:26.0,720,195,4699,16,2025-08-07T19:11:45.555Z
4168,16581846364,BANDED_EXERCISES,BANDED_EXERCISES,16,15,18,74.17.00,2024-07-24T20:54:33.0,720,195,4699,16,2025-08-07T19:11:45.555Z
4169,16549496263,BANDED_EXERCISES,BANDED_EXERCISES,1,15,14,64.28.00,2024-07-22T20:33:27.0,843,164,4153,15,2025-08-07T19:11:55.517Z
4170,16566237818,BANDED_EXERCISES,BANDED_EXERCISES,1,12,31,48.31.00,2024-07-23T18:41:33.0,563,146,6376,15,2025-08-07T19:11:50.526Z
4171,16549496263,BANDED_EXERCISES,BANDED_EXERCISES,2,15,14,72.52.00,2024-07-22T20:36:26.0,843,164,4153,15,2025-08-07T19:11:55.517Z
4172,16566237818,BANDED_EXERCISES,BANDED_EXERCISES,2,10,32,35.29.00,2024-07-23T18:45:15.0,563,146,6376,15,2025-08-07T19:11:50.526Z
4173,16549496263,BANDED_EXERCISES,BANDED_EXERCISES,3,10,14,236.28.00,2024-07-22T20:38:37.0,843,164,4153,15,2025-08-07T19:11:55.517Z
4174,16566237818,BANDED_EXERCISES,BANDED_EXERCISES,3,10,32,37.15.00,2024-07-23T18:47:30.0,563,146,6376,15,2025-08-07T19:11:50.526Z
4175,16549496263,BANDED_EXERCISES,BANDED_EXERCISES,4,10,14,86.48.00,2024-07-22T20:42:30.0,843,164,4153,15,2025-08-07T19:11:55.517Z
4176,16566237818,BANDED_EXERCISES,BANDED_EXERCISES,4,8,68,40.06.00,2024-07-23T18:49:50.0,563,146,6376,15,2025-08-07T19:11:50.526Z
4177,16549496263,BANDED_EXERCISES,BANDED_EXERCISES,5,10,14,47.1,2024-07-22T20:46:50.0,843,164,4153,15,2025-08-07T19:11:55.517Z
4178,16566237818,BANDED_EXERCISES,BANDED_EXERCISES,5,10,64,47.27.00,2024-07-23T18:52:05.0,563,146,6376,15,2025-08-07T19:11:50.526Z
4179,16549496263,BANDED_EXERCISES,BANDED_EXERCISES,6,10,14,44.35.00,2024-07-22T20:49:20.0,843,164,4153,15,2025-08-07T19:11:55.517Z
4180,16566237818,BANDED_EXERCISES,BANDED_EXERCISES,6,8,64,33.04.00,2024-07-23T18:54:32.0,563,146,6376,15,2025-08-07T19:11:50.526Z
4181,16549496263,BANDED_EXERCISES,BANDED_EXERCISES,7,10,14,36.19.00,2024-07-22T20:52:54.0,843,164,4153,15,2025-08-07T19:11:55.517Z
4182,16566237818,BANDED_EXERCISES,BANDED_EXERCISES,7,12,50,49.06.00,2024-07-23T18:58:41.0,563,146,6376,15,2025-08-07T19:11:50.526Z
4183,16549496263,BANDED_EXERCISES,BANDED_EXERCISES,8,10,23,54.11.00,2024-07-22T20:55:12.0,843,164,4153,15,2025-08-07T19:11:55.517Z
4184,16566237818,BANDED_EXERCISES,BANDED_EXERCISES,8,8,50,18.45,2024-07-23T19:01:06.0,563,146,6376,15,2025-08-07T19:11:50.526Z
4185,16549496263,BANDED_EXERCISES,BANDED_EXERCISES,9,8,23,46.01.00,2024-07-22T20:56:51.0,843,164,4153,15,2025-08-07T19:11:55.517Z
4186,16566237818,BANDED_EXERCISES,BANDED_EXERCISES,9,8,50,34.16.00,2024-07-23T19:03:33.0,563,146,6376,15,2025-08-07T19:11:50.526Z
4187,16549496263,BANDED_EXERCISES,BANDED_EXERCISES,10,15,36,43.25.00,2024-07-22T21:00:42.0,843,164,4153,15,2025-08-07T19:11:55.517Z
4188,16566237818,BANDED_EXERCISES,BANDED_EXERCISES,10,10,27,65.34.00,2024-07-23T19:05:52.0,563,146,6376,15,2025-08-07T19:11:50.526Z
4189,16549496263,BANDED_EXERCISES,BANDED_EXERCISES,11,12,36,27.28.00,2024-07-22T21:03:33.0,843,164,4153,15,2025-08-07T19:11:55.517Z
4190,16566237818,BANDED_EXERCISES,BANDED_EXERCISES,11,8,27,44.22.00,2024-07-23T19:09:33.0,563,146,6376,15,2025-08-07T19:11:50.526Z
4191,16549496263,BANDED_EXERCISES,BANDED_EXERCISES,12,12,36,47.03.00,2024-07-22T21:06:05.0,843,164,4153,15,2025-08-07T19:11:55.517Z
4192,16566237818,BANDED_EXERCISES,BANDED_EXERCISES,12,6,27,50.58.00,2024-07-23T19:11:38.0,563,146,6376,15,2025-08-07T19:11:50.526Z
4193,16549496263,BANDED_EXERCISES,BANDED_EXERCISES,13,8,45,35.08.00,2024-07-22T21:08:15.0,843,164,4153,15,2025-08-07T19:11:55.517Z
4194,16566237818,BANDED_EXERCISES,BANDED_EXERCISES,13,12,45,63.17.00,2024-07-23T19:14:49.0,563,146,6376,15,2025-08-07T19:11:50.526Z
4195,16549496263,BANDED_EXERCISES,BANDED_EXERCISES,14,10,45,36.53.00,2024-07-22T21:11:41.0,843,164,4153,15,2025-08-07T19:11:55.517Z
4196,16566237818,BANDED_EXERCISES,BANDED_EXERCISES,14,12,45,49.42.00,2024-07-23T19:19:11.0,563,146,6376,15,2025-08-07T19:11:50.526Z
4197,16549496263,BANDED_EXERCISES,BANDED_EXERCISES,15,9,45,43.16.00,2024-07-22T21:13:25.0,843,164,4153,15,2025-08-07T19:11:55.517Z
4198,16566237818,BANDED_EXERCISES,BANDED_EXERCISES,15,12,45,62.31.00,2024-07-23T19:21:21.0,563,146,6376,15,2025-08-07T19:11:50.526Z
4199,16529024072,BANDED_EXERCISES,BANDED_EXERCISES,1,10,29.5,46.04.00,2024-07-21T15:14:45.0,809,202,3487,19,2025-08-07T19:12:03.523Z
4200,16529024072,BANDED_EXERCISES,BANDED_EXERCISES,2,10,29.5,46.31.00,2024-07-21T15:16:38.0,809,202,3487,19,2025-08-07T19:12:03.523Z
4201,16529024072,BANDED_EXERCISES,BANDED_EXERCISES,3,10,29.5,43.11.00,2024-07-21T15:18:12.0,809,202,3487,19,2025-08-07T19:12:03.523Z
4202,16529024072,BANDED_EXERCISES,BANDED_EXERCISES,4,8,0,48.37.00,2024-07-21T15:20:25.0,809,202,3487,19,2025-08-07T19:12:03.523Z
4203,16529024072,BANDED_EXERCISES,BANDED_EXERCISES,5,8,0,34.06.00,2024-07-21T15:22:31.0,809,202,3487,19,2025-08-07T19:12:03.523Z
4204,16529024072,BANDED_EXERCISES,BANDED_EXERCISES,6,8,64,45.29.00,2024-07-21T15:24:43.0,809,202,3487,19,2025-08-07T19:12:03.523Z
4205,16529024072,BANDED_EXERCISES,BANDED_EXERCISES,7,8,0,63.28.00,2024-07-21T15:27:01.0,809,202,3487,19,2025-08-07T19:12:03.523Z
4206,16529024072,BANDED_EXERCISES,BANDED_EXERCISES,8,10,27,54.17.00,2024-07-21T15:29:50.0,809,202,3487,19,2025-08-07T19:12:03.523Z
4207,16529024072,BANDED_EXERCISES,BANDED_EXERCISES,9,8,27,43.28.00,2024-07-21T15:31:59.0,809,202,3487,19,2025-08-07T19:12:03.523Z
4208,16529024072,BANDED_EXERCISES,BANDED_EXERCISES,10,10,14,60.51.00,2024-07-21T15:35:05.0,809,202,3487,19,2025-08-07T19:12:03.523Z
4209,16529024072,BANDED_EXERCISES,BANDED_EXERCISES,11,12,14,34.16.00,2024-07-21T15:38:37.0,809,202,3487,19,2025-08-07T19:12:03.523Z
4210,16529024072,BANDED_EXERCISES,BANDED_EXERCISES,12,12,14,43.06.00,2024-07-21T15:40:17.0,809,202,3487,19,2025-08-07T19:12:03.523Z
4211,16529024072,BANDED_EXERCISES,BANDED_EXERCISES,13,15,14,57.14.00,2024-07-21T15:43:46.0,809,202,3487,19,2025-08-07T19:12:03.523Z
4212,16529024072,BANDED_EXERCISES,BANDED_EXERCISES,14,15,0,61.14.00,2024-07-21T15:47:27.0,809,202,3487,19,2025-08-07T19:12:03.523Z
4213,16529024072,BANDED_EXERCISES,BANDED_EXERCISES,15,12,0,67.21.00,2024-07-21T15:51:28.0,809,202,3487,19,2025-08-07T19:12:03.523Z
4214,16529024072,BANDED_EXERCISES,BANDED_EXERCISES,16,12,0,67.52.00,2024-07-21T15:55:00.0,809,202,3487,19,2025-08-07T19:12:03.523Z
4215,16529024072,BANDED_EXERCISES,BANDED_EXERCISES,17,10,27,81.03.00,2024-07-21T15:58:25.0,809,202,3487,19,2025-08-07T19:12:03.523Z
4216,16529024072,BANDED_EXERCISES,BANDED_EXERCISES,18,12,27,37.46.00,2024-07-21T16:01:06.0,809,202,3487,19,2025-08-07T19:12:03.523Z
4217,16529024072,BANDED_EXERCISES,BANDED_EXERCISES,19,12,27,41.08.00,2024-07-21T16:02:46.0,809,202,3487,19,2025-08-07T19:12:03.523Z
4218,16515477216,BANDED_EXERCISES,BANDED_EXERCISES,1,8,32,104.07.00,2024-07-20T20:21:07.0,444,91,2832,10,2025-08-07T19:12:08.516Z
4219,16515477216,BANDED_EXERCISES,BANDED_EXERCISES,2,10,32,43.45.00,2024-07-20T20:24:18.0,444,91,2832,10,2025-08-07T19:12:08.516Z
4220,16515477216,BANDED_EXERCISES,BANDED_EXERCISES,3,8,32,45.33.00,2024-07-20T20:26:27.0,444,91,2832,10,2025-08-07T19:12:08.516Z
4221,16515477216,BANDED_EXERCISES,BANDED_EXERCISES,4,5,50,45.42.00,2024-07-20T20:29:05.0,444,91,2832,10,2025-08-07T19:12:08.516Z
4222,16515477216,BANDED_EXERCISES,BANDED_EXERCISES,5,10,45,42.18.00,2024-07-20T20:30:39.0,444,91,2832,10,2025-08-07T19:12:08.516Z
4223,16515477216,BANDED_EXERCISES,BANDED_EXERCISES,6,10,45,36.06.00,2024-07-20T20:33:25.0,444,91,2832,10,2025-08-07T19:12:08.516Z
4224,16515477216,BANDED_EXERCISES,BANDED_EXERCISES,7,10,45,43.49.00,2024-07-20T20:39:08.0,444,91,2832,10,2025-08-07T19:12:08.516Z
4225,16515477216,BANDED_EXERCISES,BANDED_EXERCISES,8,10,13,67.09.00,2024-07-20T20:42:48.0,444,91,2832,10,2025-08-07T19:12:08.516Z
4226,16515477216,BANDED_EXERCISES,BANDED_EXERCISES,9,10,13.5,44.55.00,2024-07-20T20:46:17.0,444,91,2832,10,2025-08-07T19:12:08.516Z
4227,16515477216,BANDED_EXERCISES,BANDED_EXERCISES,10,10,13.5,53.28.00,2024-07-20T20:49:03.0,444,91,2832,10,2025-08-07T19:12:08.516Z
4228,16481324859,BANDED_EXERCISES,BANDED_EXERCISES,1,12,30,76.12.00,2024-07-18T18:42:59.0,670,170,7448,18,2025-08-07T19:12:16.299Z
4229,16498163755,BANDED_EXERCISES,BANDED_EXERCISES,1,12,21,74.38.00,2024-07-19T19:33:19.0,959,222,7469,20,2025-08-07T19:12:14.380Z
4230,16481324859,BANDED_EXERCISES,BANDED_EXERCISES,2,10,30,30.9,2024-07-18T18:46:09.0,670,170,7448,18,2025-08-07T19:12:16.299Z
4231,16498163755,BANDED_EXERCISES,BANDED_EXERCISES,2,10,29,43.24.00,2024-07-19T19:36:34.0,959,222,7469,20,2025-08-07T19:12:14.380Z
4232,16481324859,BANDED_EXERCISES,BANDED_EXERCISES,3,10,30,24.16.00,2024-07-18T18:48:16.0,670,170,7448,18,2025-08-07T19:12:16.299Z
4233,16498163755,BANDED_EXERCISES,BANDED_EXERCISES,3,10,29,38.36.00,2024-07-19T19:38:43.0,959,222,7469,20,2025-08-07T19:12:14.380Z
4234,16481324859,BANDED_EXERCISES,BANDED_EXERCISES,4,8,47,51.51.00,2024-07-18T18:53:31.0,670,170,7448,18,2025-08-07T19:12:16.299Z
4235,16498163755,BANDED_EXERCISES,BANDED_EXERCISES,4,15,54,62.36.00,2024-07-19T19:41:17.0,959,222,7469,20,2025-08-07T19:12:14.380Z
4236,16481324859,BANDED_EXERCISES,BANDED_EXERCISES,5,8,47,50.47.00,2024-07-18T18:56:28.0,670,170,7448,18,2025-08-07T19:12:16.299Z
4237,16498163755,BANDED_EXERCISES,BANDED_EXERCISES,5,15,61,52.23.00,2024-07-19T19:43:10.0,959,222,7469,20,2025-08-07T19:12:14.380Z
4238,16481324859,BANDED_EXERCISES,BANDED_EXERCISES,6,12,47,56.08.00,2024-07-18T18:59:11.0,670,170,7448,18,2025-08-07T19:12:16.299Z
4239,16498163755,BANDED_EXERCISES,BANDED_EXERCISES,6,20,61,51.41.00,2024-07-19T19:49:17.0,959,222,7469,20,2025-08-07T19:12:14.380Z
4240,16481324859,BANDED_EXERCISES,BANDED_EXERCISES,7,8,50,38.54.00,2024-07-18T19:02:20.0,670,170,7448,18,2025-08-07T19:12:16.299Z
4241,16498163755,BANDED_EXERCISES,BANDED_EXERCISES,7,10,66,47.54.00,2024-07-19T19:50:53.0,959,222,7469,20,2025-08-07T19:12:14.380Z
4242,16481324859,BANDED_EXERCISES,BANDED_EXERCISES,8,10,50,29.55.00,2024-07-18T19:04:56.0,670,170,7448,18,2025-08-07T19:12:16.299Z
4243,16498163755,BANDED_EXERCISES,BANDED_EXERCISES,8,10,45,48.24.00,2024-07-19T19:53:14.0,959,222,7469,20,2025-08-07T19:12:14.380Z
4244,16481324859,BANDED_EXERCISES,BANDED_EXERCISES,9,8,50,41.18.00,2024-07-18T19:06:59.0,670,170,7448,18,2025-08-07T19:12:16.299Z
4245,16498163755,BANDED_EXERCISES,BANDED_EXERCISES,9,12,45,66.06.00,2024-07-19T19:55:51.0,959,222,7469,20,2025-08-07T19:12:14.380Z
4246,16481324859,BANDED_EXERCISES,BANDED_EXERCISES,10,10,21,46.17.00,2024-07-18T19:10:12.0,670,170,7448,18,2025-08-07T19:12:16.299Z
4247,16498163755,BANDED_EXERCISES,BANDED_EXERCISES,10,11,<null>,44.43.00,2024-07-19T19:58:22.0,959,222,7469,20,2025-08-07T19:12:14.380Z
4248,16481324859,BANDED_EXERCISES,BANDED_EXERCISES,11,8,21,52.26.00,2024-07-18T19:12:55.0,670,170,7448,18,2025-08-07T19:12:16.299Z
4249,16498163755,BANDED_EXERCISES,BANDED_EXERCISES,11,6,13,60.31.00,2024-07-19T20:03:26.0,959,222,7469,20,2025-08-07T19:12:14.380Z
4250,16481324859,BANDED_EXERCISES,BANDED_EXERCISES,12,10,21,38.17.00,2024-07-18T19:15:21.0,670,170,7448,18,2025-08-07T19:12:16.299Z
4251,16498163755,BANDED_EXERCISES,BANDED_EXERCISES,12,10,13,57.44.00,2024-07-19T20:06:22.0,959,222,7469,20,2025-08-07T19:12:14.380Z
4252,16481324859,BANDED_EXERCISES,BANDED_EXERCISES,13,10,64,37.14.00,2024-07-18T19:17:27.0,670,170,7448,18,2025-08-07T19:12:16.299Z
4253,16498163755,BANDED_EXERCISES,BANDED_EXERCISES,13,8,13,62.03.00,2024-07-19T20:11:58.0,959,222,7469,20,2025-08-07T19:12:14.380Z
4254,16481324859,BANDED_EXERCISES,BANDED_EXERCISES,14,8,64,30.08.00,2024-07-18T19:19:05.0,670,170,7448,18,2025-08-07T19:12:16.299Z
4255,16498163755,BANDED_EXERCISES,BANDED_EXERCISES,14,10,11,63.57.00,2024-07-19T20:13:55.0,959,222,7469,20,2025-08-07T19:12:14.380Z
4256,16481324859,BANDED_EXERCISES,BANDED_EXERCISES,15,8,64,42.25.00,2024-07-18T19:20:41.0,670,170,7448,18,2025-08-07T19:12:16.299Z
4257,16498163755,BANDED_EXERCISES,BANDED_EXERCISES,15,10,18,66.57.00,2024-07-19T20:16:18.0,959,222,7469,20,2025-08-07T19:12:14.380Z
4258,16481324859,BANDED_EXERCISES,BANDED_EXERCISES,16,10,54,53.58.00,2024-07-18T19:22:39.0,670,170,7448,18,2025-08-07T19:12:16.299Z
4259,16498163755,BANDED_EXERCISES,BANDED_EXERCISES,16,10,18,78.53.00,2024-07-19T20:18:43.0,959,222,7469,20,2025-08-07T19:12:14.380Z
4260,16481324859,BANDED_EXERCISES,BANDED_EXERCISES,17,10,54,44.2,2024-07-18T19:25:12.0,670,170,7448,18,2025-08-07T19:12:16.299Z
4261,16498163755,BANDED_EXERCISES,BANDED_EXERCISES,17,8,50,37.59.00,2024-07-19T20:23:50.0,959,222,7469,20,2025-08-07T19:12:14.380Z
4262,16481324859,BANDED_EXERCISES,BANDED_EXERCISES,18,10,54,53.49.00,2024-07-18T19:27:06.0,670,170,7448,18,2025-08-07T19:12:16.299Z
4263,16498163755,BANDED_EXERCISES,BANDED_EXERCISES,18,17,<null>,57.09.00,2024-07-19T20:28:21.0,959,222,7469,20,2025-08-07T19:12:14.380Z
4264,16498163755,BANDED_EXERCISES,BANDED_EXERCISES,19,10,50,43.38.00,2024-07-19T20:30:21.0,959,222,7469,20,2025-08-07T19:12:14.380Z
4265,16498163755,BANDED_EXERCISES,BANDED_EXERCISES,20,8,45,41.54.00,2024-07-19T20:32:14.0,959,222,7469,20,2025-08-07T19:12:14.380Z
4266,16449270847,BANDED_EXERCISES,BANDED_EXERCISES,1,12,29.5,42.07.00,2024-07-17T00:10:14.0,651,187,6442,18,2025-08-07T19:12:18.987Z
4267,16449270847,BANDED_EXERCISES,BANDED_EXERCISES,2,10,29.4,44.54.00,2024-07-17T00:11:55.0,651,187,6442,18,2025-08-07T19:12:18.987Z
4268,16449270847,BANDED_EXERCISES,BANDED_EXERCISES,3,10,29.5,42.47.00,2024-07-17T00:13:30.0,651,187,6442,18,2025-08-07T19:12:18.987Z
4269,16449270847,BANDED_EXERCISES,BANDED_EXERCISES,4,10,43,45.17.00,2024-07-17T00:16:25.0,651,187,6442,18,2025-08-07T19:12:18.987Z
4270,16449270847,BANDED_EXERCISES,BANDED_EXERCISES,5,12,43,37.41.00,2024-07-17T00:18:30.0,651,187,6442,18,2025-08-07T19:12:18.987Z
4271,16449270847,BANDED_EXERCISES,BANDED_EXERCISES,6,12,43,40.23.00,2024-07-17T00:20:33.0,651,187,6442,18,2025-08-07T19:12:18.987Z
4272,16449270847,BANDED_EXERCISES,BANDED_EXERCISES,7,12,47,49.54.00,2024-07-17T00:23:38.0,651,187,6442,18,2025-08-07T19:12:18.987Z
4273,16449270847,BANDED_EXERCISES,BANDED_EXERCISES,8,10,47,24.45.00,2024-07-17T00:29:13.0,651,187,6442,18,2025-08-07T19:12:18.987Z
4274,16449270847,BANDED_EXERCISES,BANDED_EXERCISES,9,12,47,47.15.00,2024-07-17T00:30:36.0,651,187,6442,18,2025-08-07T19:12:18.987Z
4275,16449270847,BANDED_EXERCISES,BANDED_EXERCISES,10,12,41,54.22.00,2024-07-17T00:35:12.0,651,187,6442,18,2025-08-07T19:12:18.987Z
4276,16449270847,BANDED_EXERCISES,BANDED_EXERCISES,11,12,41,44.54.00,2024-07-17T00:38:06.0,651,187,6442,18,2025-08-07T19:12:18.987Z
4277,16449270847,BANDED_EXERCISES,BANDED_EXERCISES,12,15,41,41.23.00,2024-07-17T00:40:50.0,651,187,6442,18,2025-08-07T19:12:18.987Z
4278,16449270847,BANDED_EXERCISES,BANDED_EXERCISES,13,8,22,41.27.00,2024-07-17T00:45:30.0,651,187,6442,18,2025-08-07T19:12:18.987Z
4279,16449270847,BANDED_EXERCISES,BANDED_EXERCISES,14,8,22,33.24.00,2024-07-17T00:46:51.0,651,187,6442,18,2025-08-07T19:12:18.987Z
4280,16449270847,BANDED_EXERCISES,BANDED_EXERCISES,15,8,22,56.11.00,2024-07-17T00:48:36.0,651,187,6442,18,2025-08-07T19:12:18.987Z
4281,16449270847,BANDED_EXERCISES,BANDED_EXERCISES,16,8,13,48.33.00,2024-07-17T00:50:28.0,651,187,6442,18,2025-08-07T19:12:18.987Z
4282,16449270847,BANDED_EXERCISES,BANDED_EXERCISES,17,8,13,34.53.00,2024-07-17T00:53:24.0,651,187,6442,18,2025-08-07T19:12:18.987Z
4283,16449270847,BANDED_EXERCISES,BANDED_EXERCISES,18,8,13,41.37.00,2024-07-17T00:55:06.0,651,187,6442,18,2025-08-07T19:12:18.987Z
4284,16430365340,BANDED_EXERCISES,BANDED_EXERCISES,1,12,18,40.43.00,2024-07-15T21:48:21.0,512,183,5945,15,2025-08-07T19:12:21.137Z
4285,16414998170,BANDED_EXERCISES,BANDED_EXERCISES,1,14,8,54.59.00,2024-07-14T23:23:59.0,689,252,7514,19,2025-08-07T19:12:22.993Z
4286,16430365340,BANDED_EXERCISES,BANDED_EXERCISES,2,15,18,07.51,2024-07-15T21:56:40.0,512,183,5945,15,2025-08-07T19:12:21.137Z
4287,16414998170,BANDED_EXERCISES,BANDED_EXERCISES,2,15,8,45.25.00,2024-07-14T23:25:57.0,689,252,7514,19,2025-08-07T19:12:22.993Z
4288,16430365340,BANDED_EXERCISES,BANDED_EXERCISES,3,15,18,42.59.00,2024-07-15T21:57:14.0,512,183,5945,15,2025-08-07T19:12:21.137Z
4289,16414998170,BANDED_EXERCISES,BANDED_EXERCISES,3,15,8,51.03.00,2024-07-14T23:27:49.0,689,252,7514,19,2025-08-07T19:12:22.993Z
4290,16430365340,BANDED_EXERCISES,BANDED_EXERCISES,4,8,18,44.13.00,2024-07-15T22:00:04.0,512,183,5945,15,2025-08-07T19:12:21.137Z
4291,16414998170,BANDED_EXERCISES,BANDED_EXERCISES,4,6,8,40.28.00,2024-07-14T23:29:38.0,689,252,7514,19,2025-08-07T19:12:22.993Z
4292,16430365340,BANDED_EXERCISES,BANDED_EXERCISES,5,10,18,44.07.00,2024-07-15T22:01:39.0,512,183,5945,15,2025-08-07T19:12:21.137Z
4293,16414998170,BANDED_EXERCISES,BANDED_EXERCISES,5,15,11,48.39.00,2024-07-14T23:31:16.0,689,252,7514,19,2025-08-07T19:12:22.993Z
4294,16430365340,BANDED_EXERCISES,BANDED_EXERCISES,6,8,18,36.26.00,2024-07-15T22:03:29.0,512,183,5945,15,2025-08-07T19:12:21.137Z
4295,16414998170,BANDED_EXERCISES,BANDED_EXERCISES,6,15,11,50.51.00,2024-07-14T23:33:26.0,689,252,7514,19,2025-08-07T19:12:22.993Z
4296,16430365340,BANDED_EXERCISES,BANDED_EXERCISES,7,12,44,55.33.00,2024-07-15T22:05:32.0,512,183,5945,15,2025-08-07T19:12:21.137Z
4297,16414998170,BANDED_EXERCISES,BANDED_EXERCISES,7,16,11,53.05.00,2024-07-14T23:35:37.0,689,252,7514,19,2025-08-07T19:12:22.993Z
4298,16430365340,BANDED_EXERCISES,BANDED_EXERCISES,8,10,44,43.09.00,2024-07-15T22:07:36.0,512,183,5945,15,2025-08-07T19:12:21.137Z
4299,16414998170,BANDED_EXERCISES,BANDED_EXERCISES,8,16,36,56.11.00,2024-07-14T23:37:45.0,689,252,7514,19,2025-08-07T19:12:22.993Z
4300,16430365340,BANDED_EXERCISES,BANDED_EXERCISES,9,12,41,46.05.00,2024-07-15T22:10:43.0,512,183,5945,15,2025-08-07T19:12:21.137Z
4301,16414998170,BANDED_EXERCISES,BANDED_EXERCISES,9,15,36,77.25.00,2024-07-14T23:40:44.0,689,252,7514,19,2025-08-07T19:12:22.993Z
4302,16430365340,BANDED_EXERCISES,BANDED_EXERCISES,10,15,41,42.18.00,2024-07-15T22:13:53.0,512,183,5945,15,2025-08-07T19:12:21.137Z
4303,16414998170,BANDED_EXERCISES,BANDED_EXERCISES,10,16,36,35.56.00,2024-07-14T23:42:48.0,689,252,7514,19,2025-08-07T19:12:22.993Z
4304,16430365340,BANDED_EXERCISES,BANDED_EXERCISES,11,15,41,35.23.00,2024-07-15T22:16:16.0,512,183,5945,15,2025-08-07T19:12:21.137Z
4305,16414998170,BANDED_EXERCISES,BANDED_EXERCISES,11,8,54,38.59.00,2024-07-14T23:45:14.0,689,252,7514,19,2025-08-07T19:12:22.993Z
4306,16430365340,BANDED_EXERCISES,BANDED_EXERCISES,12,12,41,34.35.00,2024-07-15T22:17:49.0,512,183,5945,15,2025-08-07T19:12:21.137Z
4307,16414998170,BANDED_EXERCISES,BANDED_EXERCISES,12,8,54,32.47.00,2024-07-14T23:48:00.0,689,252,7514,19,2025-08-07T19:12:22.993Z
4308,16430365340,BANDED_EXERCISES,BANDED_EXERCISES,13,12,41,43.04.00,2024-07-15T22:19:37.0,512,183,5945,15,2025-08-07T19:12:21.137Z
4309,16414998170,BANDED_EXERCISES,BANDED_EXERCISES,13,8,54,24.26.00,2024-07-14T23:49:20.0,689,252,7514,19,2025-08-07T19:12:22.993Z
4310,16430365340,BANDED_EXERCISES,BANDED_EXERCISES,14,15,41,56.58.00,2024-07-15T22:22:23.0,512,183,5945,15,2025-08-07T19:12:21.137Z
4311,16414998170,BANDED_EXERCISES,BANDED_EXERCISES,14,20,50,58.52.00,2024-07-14T23:51:15.0,689,252,7514,19,2025-08-07T19:12:22.993Z
4312,16430365340,BANDED_EXERCISES,BANDED_EXERCISES,15,12,36,44.47.00,2024-07-15T22:25:16.0,512,183,5945,15,2025-08-07T19:12:21.137Z
4313,16414998170,BANDED_EXERCISES,BANDED_EXERCISES,15,15,50,52.17.00,2024-07-14T23:54:04.0,689,252,7514,19,2025-08-07T19:12:22.993Z
4314,16414998170,BANDED_EXERCISES,BANDED_EXERCISES,16,20,50,52.54.00,2024-07-14T23:55:41.0,689,252,7514,19,2025-08-07T19:12:22.993Z
4315,16414998170,BANDED_EXERCISES,BANDED_EXERCISES,17,12,29,45.03.00,2024-07-15T00:02:24.0,689,252,7514,19,2025-08-07T19:12:22.993Z
4316,16414998170,BANDED_EXERCISES,BANDED_EXERCISES,18,10,29,29.54.00,2024-07-15T00:04:19.0,689,252,7514,19,2025-08-07T19:12:22.993Z
4317,16414998170,BANDED_EXERCISES,BANDED_EXERCISES,19,8,29,03.35,2024-07-15T00:05:31.0,689,252,7514,19,2025-08-07T19:12:22.993Z
4318,16379318582,BANDED_EXERCISES,BANDED_EXERCISES,1,10,32,107.54.00,2024-07-12T21:26:15.0,626,173,5401,15,2025-08-07T19:12:26.502Z
4319,16379318582,BANDED_EXERCISES,BANDED_EXERCISES,2,8,32,33.49.00,2024-07-12T21:29:27.0,626,173,5401,15,2025-08-07T19:12:26.502Z
4320,16379318582,BANDED_EXERCISES,BANDED_EXERCISES,3,15,32,49.54.00,2024-07-12T21:31:08.0,626,173,5401,15,2025-08-07T19:12:26.502Z
4321,16379318582,BANDED_EXERCISES,BANDED_EXERCISES,4,15,45,36.19.00,2024-07-12T21:33:48.0,626,173,5401,15,2025-08-07T19:12:26.502Z
4322,16379318582,BANDED_EXERCISES,BANDED_EXERCISES,5,12,45,38.11.00,2024-07-12T21:35:35.0,626,173,5401,15,2025-08-07T19:12:26.502Z
4323,16379318582,BANDED_EXERCISES,BANDED_EXERCISES,6,15,45,53.49.00,2024-07-12T21:37:00.0,626,173,5401,15,2025-08-07T19:12:26.502Z
4324,16379318582,BANDED_EXERCISES,BANDED_EXERCISES,7,10,23,44.04.00,2024-07-12T21:39:02.0,626,173,5401,15,2025-08-07T19:12:26.502Z
4325,16379318582,BANDED_EXERCISES,BANDED_EXERCISES,8,13,23,56.06.00,2024-07-12T21:40:45.0,626,173,5401,15,2025-08-07T19:12:26.502Z
4326,16379318582,BANDED_EXERCISES,BANDED_EXERCISES,9,8,23,57.19.00,2024-07-12T21:45:19.0,626,173,5401,15,2025-08-07T19:12:26.502Z
4327,16379318582,BANDED_EXERCISES,BANDED_EXERCISES,10,12,26,64.41.00,2024-07-12T21:48:15.0,626,173,5401,15,2025-08-07T19:12:26.502Z
4328,16379318582,BANDED_EXERCISES,BANDED_EXERCISES,11,10,26,34.51.00,2024-07-12T21:51:31.0,626,173,5401,15,2025-08-07T19:12:26.502Z
4329,16379318582,BANDED_EXERCISES,BANDED_EXERCISES,12,12,26,25.22.00,2024-07-12T21:53:11.0,626,173,5401,15,2025-08-07T19:12:26.502Z
4330,16379318582,BANDED_EXERCISES,BANDED_EXERCISES,13,15,26,42.49.00,2024-07-12T21:55:10.0,626,173,5401,15,2025-08-07T19:12:26.502Z
4331,16379318582,BANDED_EXERCISES,BANDED_EXERCISES,14,10,26,37.42.00,2024-07-12T21:56:13.0,626,173,5401,15,2025-08-07T19:12:26.502Z
4332,16379318582,BANDED_EXERCISES,BANDED_EXERCISES,15,8,26,48.21.00,2024-07-12T21:57:38.0,626,173,5401,15,2025-08-07T19:12:26.502Z
4333,16364847900,BANDED_EXERCISES,BANDED_EXERCISES,1,12,41,93.05.00,2024-07-11T22:13:56.0,942,274,10782,30,2025-08-07T19:12:28.697Z
4334,16364847900,BANDED_EXERCISES,BANDED_EXERCISES,2,10,41,38.48.00,2024-07-11T22:16:37.0,942,274,10782,30,2025-08-07T19:12:28.697Z
4335,16364847900,BANDED_EXERCISES,BANDED_EXERCISES,3,8,41,35.52.00,2024-07-11T22:18:08.0,942,274,10782,30,2025-08-07T19:12:28.697Z
4336,16364847900,BANDED_EXERCISES,BANDED_EXERCISES,4,8,36,27.01.00,2024-07-11T22:20:20.0,942,274,10782,30,2025-08-07T19:12:28.697Z
4337,16364847900,BANDED_EXERCISES,BANDED_EXERCISES,5,8,36,44.45.00,2024-07-11T22:22:07.0,942,274,10782,30,2025-08-07T19:12:28.697Z
4338,16364847900,BANDED_EXERCISES,BANDED_EXERCISES,6,8,36,26.12.00,2024-07-11T22:23:24.0,942,274,10782,30,2025-08-07T19:12:28.697Z
4339,16364847900,BANDED_EXERCISES,BANDED_EXERCISES,7,14,54,51.14.00,2024-07-11T22:25:07.0,942,274,10782,30,2025-08-07T19:12:28.697Z
4340,16364847900,BANDED_EXERCISES,BANDED_EXERCISES,8,10,54,33.24.00,2024-07-11T22:26:50.0,942,274,10782,30,2025-08-07T19:12:28.697Z
4341,16364847900,BANDED_EXERCISES,BANDED_EXERCISES,9,10,54,35.51.00,2024-07-11T22:28:40.0,942,274,10782,30,2025-08-07T19:12:28.697Z
4342,16364847900,BANDED_EXERCISES,BANDED_EXERCISES,10,10,23,33.13.00,2024-07-11T22:30:56.0,942,274,10782,30,2025-08-07T19:12:28.697Z
4343,16364847900,BANDED_EXERCISES,BANDED_EXERCISES,11,8,23,23.33,2024-07-11T22:32:12.0,942,274,10782,30,2025-08-07T19:12:28.697Z
4344,16364847900,BANDED_EXERCISES,BANDED_EXERCISES,12,8,23,19.07,2024-07-11T22:33:07.0,942,274,10782,30,2025-08-07T19:12:28.697Z
4345,16364847900,BANDED_EXERCISES,BANDED_EXERCISES,13,10,23,55.12.00,2024-07-11T22:35:05.0,942,274,10782,30,2025-08-07T19:12:28.697Z
4346,16364847900,BANDED_EXERCISES,BANDED_EXERCISES,14,8,23,34.58.00,2024-07-11T22:36:15.0,942,274,10782,30,2025-08-07T19:12:28.697Z
4347,16364847900,BANDED_EXERCISES,BANDED_EXERCISES,15,8,23,47.11.00,2024-07-11T22:37:23.0,942,274,10782,30,2025-08-07T19:12:28.697Z
4348,16364847900,BANDED_EXERCISES,BANDED_EXERCISES,16,8,36,46.41.00,2024-07-11T22:39:08.0,942,274,10782,30,2025-08-07T19:12:28.697Z
4349,16364847900,BANDED_EXERCISES,BANDED_EXERCISES,17,12,36,51.12.00,2024-07-11T22:40:23.0,942,274,10782,30,2025-08-07T19:12:28.697Z
4350,16364847900,BANDED_EXERCISES,BANDED_EXERCISES,18,8,36,24.34.00,2024-07-11T22:42:26.0,942,274,10782,30,2025-08-07T19:12:28.697Z
4351,16364847900,BANDED_EXERCISES,BANDED_EXERCISES,19,12,41,44.47.00,2024-07-11T22:44:13.0,942,274,10782,30,2025-08-07T19:12:28.697Z
4352,16364847900,BANDED_EXERCISES,BANDED_EXERCISES,20,12,41,56.45.00,2024-07-11T22:45:55.0,942,274,10782,30,2025-08-07T19:12:28.697Z
4353,16364847900,BANDED_EXERCISES,BANDED_EXERCISES,21,12,41,41.22.00,2024-07-11T22:47:44.0,942,274,10782,30,2025-08-07T19:12:28.697Z
4354,16364847900,BANDED_EXERCISES,BANDED_EXERCISES,22,8,50,41.09.00,2024-07-11T22:49:52.0,942,274,10782,30,2025-08-07T19:12:28.697Z
4355,16364847900,BANDED_EXERCISES,BANDED_EXERCISES,23,8,50,25.37.00,2024-07-11T22:51:14.0,942,274,10782,30,2025-08-07T19:12:28.697Z
4356,16364847900,BANDED_EXERCISES,BANDED_EXERCISES,24,8,50,22.05,2024-07-11T22:52:05.0,942,274,10782,30,2025-08-07T19:12:28.697Z
4357,16364847900,BANDED_EXERCISES,BANDED_EXERCISES,25,8,50,52.38.00,2024-07-11T22:53:50.0,942,274,10782,30,2025-08-07T19:12:28.697Z
4358,16364847900,BANDED_EXERCISES,BANDED_EXERCISES,26,6,50,24.15.00,2024-07-11T22:55:22.0,942,274,10782,30,2025-08-07T19:12:28.697Z
4359,16364847900,BANDED_EXERCISES,BANDED_EXERCISES,27,6,50,28.24.00,2024-07-11T22:57:00.0,942,274,10782,30,2025-08-07T19:12:28.697Z
4360,16364847900,BANDED_EXERCISES,BANDED_EXERCISES,28,10,54,41.14.00,2024-07-11T23:01:52.0,942,274,10782,30,2025-08-07T19:12:28.697Z
4361,16364847900,BANDED_EXERCISES,BANDED_EXERCISES,29,8,54,23.18,2024-07-11T23:03:06.0,942,274,10782,30,2025-08-07T19:12:28.697Z
4362,16364847900,BANDED_EXERCISES,BANDED_EXERCISES,30,8,<null>,26.42.00,2024-07-11T23:04:25.0,942,274,10782,30,2025-08-07T19:12:28.697Z
4363,16255942806,BANDED_EXERCISES,BANDED_EXERCISES,1,20,<null>,40.13.00,2024-07-04T17:56:11.0,97,43,0,3,2025-08-07T19:12:31.439Z
4364,16255942806,BANDED_EXERCISES,BANDED_EXERCISES,2,5,<null>,20.23,2024-07-04T17:57:19.0,97,43,0,3,2025-08-07T19:12:31.439Z
4365,16255942806,BANDED_EXERCISES,BANDED_EXERCISES,3,18,<null>,49.36.00,2024-07-04T17:58:02.0,97,43,0,3,2025-08-07T19:12:31.439Z
4366,16143856234,BANDED_EXERCISES,BANDED_EXERCISES,1,17,18,59.01.00,2024-06-28T16:16:39.0,831,280,8518,20,2025-08-07T19:12:50.524Z
4367,16143856234,BANDED_EXERCISES,BANDED_EXERCISES,2,20,18,51.19.00,2024-06-28T16:18:26.0,831,280,8518,20,2025-08-07T19:12:50.524Z
4368,16143856234,BANDED_EXERCISES,BANDED_EXERCISES,3,15,18,152.08.00,2024-06-28T16:20:50.0,831,280,8518,20,2025-08-07T19:12:50.524Z
4369,16143856234,BANDED_EXERCISES,BANDED_EXERCISES,4,15,18,41.57.00,2024-06-28T16:23:24.0,831,280,8518,20,2025-08-07T19:12:50.524Z
4370,16143856234,BANDED_EXERCISES,BANDED_EXERCISES,5,15,18,40.27.00,2024-06-28T16:25:33.0,831,280,8518,20,2025-08-07T19:12:50.524Z
4371,16143856234,BANDED_EXERCISES,BANDED_EXERCISES,6,15,18,60.56.00,2024-06-28T16:26:57.0,831,280,8518,20,2025-08-07T19:12:50.524Z
4372,16143856234,BANDED_EXERCISES,BANDED_EXERCISES,7,15,18,54.42.00,2024-06-28T16:31:34.0,831,280,8518,20,2025-08-07T19:12:50.524Z
4373,16143856234,BANDED_EXERCISES,BANDED_EXERCISES,8,12,18,38.25.00,2024-06-28T16:34:32.0,831,280,8518,20,2025-08-07T19:12:50.524Z
4374,16143856234,BANDED_EXERCISES,BANDED_EXERCISES,9,12,18,32.13.00,2024-06-28T16:37:14.0,831,280,8518,20,2025-08-07T19:12:50.524Z
4375,16143856234,BANDED_EXERCISES,BANDED_EXERCISES,10,15,50,32.51.00,2024-06-28T16:39:48.0,831,280,8518,20,2025-08-07T19:12:50.524Z
4376,16143856234,BANDED_EXERCISES,BANDED_EXERCISES,11,10,50,29.01.00,2024-06-28T16:41:24.0,831,280,8518,20,2025-08-07T19:12:50.524Z
4377,16143856234,BANDED_EXERCISES,BANDED_EXERCISES,12,10,54,25.16.00,2024-06-28T16:42:50.0,831,280,8518,20,2025-08-07T19:12:50.524Z
4378,16143856234,BANDED_EXERCISES,BANDED_EXERCISES,13,15,50,49.22.00,2024-06-28T16:46:48.0,831,280,8518,20,2025-08-07T19:12:50.524Z
4379,16143856234,BANDED_EXERCISES,BANDED_EXERCISES,14,15,50,37.33.00,2024-06-28T16:48:23.0,831,280,8518,20,2025-08-07T19:12:50.524Z
4380,16143856234,BANDED_EXERCISES,BANDED_EXERCISES,15,15,50,44.18.00,2024-06-28T16:50:31.0,831,280,8518,20,2025-08-07T19:12:50.524Z
4381,16143856234,BANDED_EXERCISES,BANDED_EXERCISES,16,15,27,53.21.00,2024-06-28T16:52:16.0,831,280,8518,20,2025-08-07T19:12:50.524Z
4382,16143856234,BANDED_EXERCISES,BANDED_EXERCISES,17,12,27,38.13.00,2024-06-28T16:54:09.0,831,280,8518,20,2025-08-07T19:12:50.524Z
4383,16143856234,BANDED_EXERCISES,BANDED_EXERCISES,18,12,23,35.51.00,2024-06-28T16:55:42.0,831,280,8518,20,2025-08-07T19:12:50.524Z
4384,16143856234,BANDED_EXERCISES,BANDED_EXERCISES,19,15,41,31.58.00,2024-06-28T16:57:34.0,831,280,8518,20,2025-08-07T19:12:50.524Z
4385,16143856234,BANDED_EXERCISES,BANDED_EXERCISES,20,10,41,46.09.00,2024-06-28T16:59:05.0,831,280,8518,20,2025-08-07T19:12:50.524Z
4386,16129069784,BANDED_EXERCISES,BANDED_EXERCISES,1,15,45,60.34.00,2024-06-27T17:28:30.0,716,245,8823,18,2025-08-07T19:12:55.528Z
4387,16129069784,BANDED_EXERCISES,BANDED_EXERCISES,2,15,45,45.42.00,2024-06-27T17:31:20.0,716,245,8823,18,2025-08-07T19:12:55.528Z
4388,16129069784,BANDED_EXERCISES,BANDED_EXERCISES,3,15,45,47.07.00,2024-06-27T17:34:23.0,716,245,8823,18,2025-08-07T19:12:55.528Z
4389,16129069784,BANDED_EXERCISES,BANDED_EXERCISES,4,15,45,37.59.00,2024-06-27T17:37:07.0,716,245,8823,18,2025-08-07T19:12:55.528Z
4390,16129069784,BANDED_EXERCISES,BANDED_EXERCISES,5,12,36,83.33.00,2024-06-27T17:39:10.0,716,245,8823,18,2025-08-07T19:12:55.528Z
4391,16129069784,BANDED_EXERCISES,BANDED_EXERCISES,6,10,36,44.52.00,2024-06-27T17:42:20.0,716,245,8823,18,2025-08-07T19:12:55.528Z
4392,16129069784,BANDED_EXERCISES,BANDED_EXERCISES,7,10,36,28.44.00,2024-06-27T17:44:28.0,716,245,8823,18,2025-08-07T19:12:55.528Z
4393,16129069784,BANDED_EXERCISES,BANDED_EXERCISES,8,15,27,63.54.00,2024-06-27T17:46:19.0,716,245,8823,18,2025-08-07T19:12:55.528Z
4394,16129069784,BANDED_EXERCISES,BANDED_EXERCISES,9,15,27,40.27.00,2024-06-27T17:48:20.0,716,245,8823,18,2025-08-07T19:12:55.528Z
4395,16129069784,BANDED_EXERCISES,BANDED_EXERCISES,10,15,27,46.04.00,2024-06-27T17:51:01.0,716,245,8823,18,2025-08-07T19:12:55.528Z
4396,16129069784,BANDED_EXERCISES,BANDED_EXERCISES,11,15,23,42.19.00,2024-06-27T17:52:40.0,716,245,8823,18,2025-08-07T19:12:55.528Z
4397,16129069784,BANDED_EXERCISES,BANDED_EXERCISES,12,15,23,33.06.00,2024-06-27T17:54:47.0,716,245,8823,18,2025-08-07T19:12:55.528Z
4398,16129069784,BANDED_EXERCISES,BANDED_EXERCISES,13,12,23,28.42.00,2024-06-27T17:57:12.0,716,245,8823,18,2025-08-07T19:12:55.528Z
4399,16129069784,BANDED_EXERCISES,BANDED_EXERCISES,14,15,38,56.55.00,2024-06-27T18:00:49.0,716,245,8823,18,2025-08-07T19:12:55.528Z
4400,16129069784,BANDED_EXERCISES,BANDED_EXERCISES,15,12,34,60.18.00,2024-06-27T18:02:51.0,716,245,8823,18,2025-08-07T19:12:55.528Z
4401,16129069784,BANDED_EXERCISES,BANDED_EXERCISES,16,12,34,34.25.00,2024-06-27T18:05:45.0,716,245,8823,18,2025-08-07T19:12:55.528Z
4402,16129069784,BANDED_EXERCISES,BANDED_EXERCISES,17,15,52,46.35.00,2024-06-27T18:08:49.0,716,245,8823,18,2025-08-07T19:12:55.528Z
4403,16129069784,BANDED_EXERCISES,BANDED_EXERCISES,18,12,52,30.29.00,2024-06-27T18:11:28.0,716,245,8823,18,2025-08-07T19:12:55.528Z
4404,16047329144,BANDED_EXERCISES,BANDED_EXERCISES,1,15,41,63.23.00,2024-06-22T23:40:29.0,733,263,10648,18,2025-08-07T19:27:52.088Z
4405,16063560033,BANDED_EXERCISES,BANDED_EXERCISES,1,15,54,43.55.00,2024-06-23T20:33:11.0,658,245,8321,17,2025-08-07T19:27:49.326Z
4406,16047329144,BANDED_EXERCISES,BANDED_EXERCISES,2,15,41,38.53.00,2024-06-22T23:42:08.0,733,263,10648,18,2025-08-07T19:27:52.088Z
4407,16063560033,BANDED_EXERCISES,BANDED_EXERCISES,2,15,54,46.39.00,2024-06-23T20:35:01.0,658,245,8321,17,2025-08-07T19:27:49.326Z
4408,16047329144,BANDED_EXERCISES,BANDED_EXERCISES,3,15,41,46.09.00,2024-06-22T23:45:36.0,733,263,10648,18,2025-08-07T19:27:52.088Z
4409,16063560033,BANDED_EXERCISES,BANDED_EXERCISES,3,10,54,27.32.00,2024-06-23T20:36:44.0,658,245,8321,17,2025-08-07T19:27:49.326Z
4410,16047329144,BANDED_EXERCISES,BANDED_EXERCISES,4,15,41,63.7,2024-06-22T23:47:56.0,733,263,10648,18,2025-08-07T19:27:52.088Z
4411,16063560033,BANDED_EXERCISES,BANDED_EXERCISES,4,15,0,59.03.00,2024-06-23T20:38:35.0,658,245,8321,17,2025-08-07T19:27:49.326Z
4412,16047329144,BANDED_EXERCISES,BANDED_EXERCISES,5,15,36,56.24.00,2024-06-22T23:50:01.0,733,263,10648,18,2025-08-07T19:27:52.088Z
4413,16063560033,BANDED_EXERCISES,BANDED_EXERCISES,5,7,0,31.19.00,2024-06-23T20:42:05.0,658,245,8321,17,2025-08-07T19:27:49.326Z
4414,16047329144,BANDED_EXERCISES,BANDED_EXERCISES,6,15,36,53.27.00,2024-06-22T23:52:04.0,733,263,10648,18,2025-08-07T19:27:52.088Z
4415,16063560033,BANDED_EXERCISES,BANDED_EXERCISES,6,17,0,48.49.00,2024-06-23T20:43:10.0,658,245,8321,17,2025-08-07T19:27:49.326Z
4416,16047329144,BANDED_EXERCISES,BANDED_EXERCISES,7,15,56,44.21.00,2024-06-22T23:56:08.0,733,263,10648,18,2025-08-07T19:27:52.088Z
4417,16063560033,BANDED_EXERCISES,BANDED_EXERCISES,7,15,41,71.38.00,2024-06-23T20:45:04.0,658,245,8321,17,2025-08-07T19:27:49.326Z
4418,16047329144,BANDED_EXERCISES,BANDED_EXERCISES,8,12,56,39.45.00,2024-06-22T23:58:32.0,733,263,10648,18,2025-08-07T19:27:52.088Z
4419,16063560033,BANDED_EXERCISES,BANDED_EXERCISES,8,15,41,58.07.00,2024-06-23T20:47:16.0,658,245,8321,17,2025-08-07T19:27:49.326Z
4420,16047329144,BANDED_EXERCISES,BANDED_EXERCISES,9,10,56,36.51.00,2024-06-23T00:00:50.0,733,263,10648,18,2025-08-07T19:27:52.088Z
4421,16063560033,BANDED_EXERCISES,BANDED_EXERCISES,9,16,41,11.1,2024-06-23T20:51:22.0,658,245,8321,17,2025-08-07T19:27:49.326Z
4422,16047329144,BANDED_EXERCISES,BANDED_EXERCISES,10,16,41,48.29.00,2024-06-23T00:03:47.0,733,263,10648,18,2025-08-07T19:27:52.088Z
4423,16063560033,BANDED_EXERCISES,BANDED_EXERCISES,10,15,34,45.42.00,2024-06-23T20:52:53.0,658,245,8321,17,2025-08-07T19:27:49.326Z
4424,16047329144,BANDED_EXERCISES,BANDED_EXERCISES,11,15,41,39.21.00,2024-06-23T00:04:56.0,733,263,10648,18,2025-08-07T19:27:52.088Z
4425,16063560033,BANDED_EXERCISES,BANDED_EXERCISES,11,15,32,42.55.00,2024-06-23T20:54:46.0,658,245,8321,17,2025-08-07T19:27:49.326Z
4426,16047329144,BANDED_EXERCISES,BANDED_EXERCISES,12,15,36,42.07.00,2024-06-23T00:07:18.0,733,263,10648,18,2025-08-07T19:27:52.088Z
4427,16063560033,BANDED_EXERCISES,BANDED_EXERCISES,12,15,32,68.22.00,2024-06-23T20:57:14.0,658,245,8321,17,2025-08-07T19:27:49.326Z
4428,16047329144,BANDED_EXERCISES,BANDED_EXERCISES,13,15,43,62.49.00,2024-06-23T00:10:13.0,733,263,10648,18,2025-08-07T19:27:52.088Z
4429,16063560033,BANDED_EXERCISES,BANDED_EXERCISES,13,15,41,45.26.00,2024-06-23T21:00:09.0,658,245,8321,17,2025-08-07T19:27:49.326Z
4430,16047329144,BANDED_EXERCISES,BANDED_EXERCISES,14,15,43,49.47.00,2024-06-23T00:12:15.0,733,263,10648,18,2025-08-07T19:27:52.088Z
4431,16063560033,BANDED_EXERCISES,BANDED_EXERCISES,14,15,41,42.36.00,2024-06-23T21:02:12.0,658,245,8321,17,2025-08-07T19:27:49.326Z
4432,16063560033,BANDED_EXERCISES,BANDED_EXERCISES,15,15,41,28.11.00,2024-06-23T21:04:09.0,658,245,8321,17,2025-08-07T19:27:49.326Z
4433,16047329144,BANDED_EXERCISES,BANDED_EXERCISES,15,15,43,46.49.00,2024-06-23T00:13:50.0,733,263,10648,18,2025-08-07T19:27:52.088Z
4434,16063560033,BANDED_EXERCISES,BANDED_EXERCISES,16,15,32,56.05.00,2024-06-23T21:05:58.0,658,245,8321,17,2025-08-07T19:27:49.326Z
4435,16047329144,BANDED_EXERCISES,BANDED_EXERCISES,16,15,32,52.58.00,2024-06-23T00:15:52.0,733,263,10648,18,2025-08-07T19:27:52.088Z
4436,16063560033,BANDED_EXERCISES,BANDED_EXERCISES,17,15,32,38.03.00,2024-06-23T21:08:01.0,658,245,8321,17,2025-08-07T19:27:49.326Z
4437,16047329144,BANDED_EXERCISES,BANDED_EXERCISES,17,15,27,59.07.00,2024-06-23T00:17:43.0,733,263,10648,18,2025-08-07T19:27:52.088Z
4438,16047329144,BANDED_EXERCISES,BANDED_EXERCISES,18,15,27,33.59.00,2024-06-23T00:20:28.0,733,263,10648,18,2025-08-07T19:27:52.088Z
4439,16017349706,SIT_UP,SIT_UP,1,10,0,28.45.00,2024-06-20T23:20:08.0,349,89,0,7,2025-08-07T19:27:55.048Z
4440,16030764167,BANDED_EXERCISES,BANDED_EXERCISES,1,15,56,49.41.00,2024-06-21T23:37:36.0,674,249,9415,18,2025-08-07T19:27:53.976Z
4441,16017349706,SIT_UP,SIT_UP,2,10,0,26.25.00,2024-06-20T23:21:21.0,349,89,0,7,2025-08-07T19:27:55.048Z
4442,16030764167,BANDED_EXERCISES,BANDED_EXERCISES,2,15,56,50.26.00,2024-06-21T23:39:09.0,674,249,9415,18,2025-08-07T19:27:53.976Z
4443,16017349706,SIT_UP,SIT_UP,3,15,0,48.48.00,2024-06-20T23:24:15.0,349,89,0,7,2025-08-07T19:27:55.048Z
4444,16030764167,BANDED_EXERCISES,BANDED_EXERCISES,3,12,56,33.21.00,2024-06-21T23:40:47.0,674,249,9415,18,2025-08-07T19:27:53.976Z
4445,16017349706,SIT_UP,SIT_UP,4,15,0,51.42.00,2024-06-21T00:56:13.0,349,89,0,7,2025-08-07T19:27:55.048Z
4446,16030764167,BANDED_EXERCISES,BANDED_EXERCISES,4,12,18,57.36.00,2024-06-21T23:44:17.0,674,249,9415,18,2025-08-07T19:27:53.976Z
4447,16017349706,SIT_UP,SIT_UP,5,15,0,42.26.00,2024-06-21T00:57:21.0,349,89,0,7,2025-08-07T19:27:55.048Z
4448,16030764167,BANDED_EXERCISES,BANDED_EXERCISES,5,12,14,35.03.00,2024-06-21T23:46:04.0,674,249,9415,18,2025-08-07T19:27:53.976Z
4449,16017349706,SIT_UP,SIT_UP,6,4,0,94.17.00,2024-06-21T01:06:43.0,349,89,0,7,2025-08-07T19:27:55.048Z
4450,16030764167,BANDED_EXERCISES,BANDED_EXERCISES,6,12,14,39.44.00,2024-06-21T23:47:51.0,674,249,9415,18,2025-08-07T19:27:53.976Z
4451,16017349706,SIT_UP,SIT_UP,7,20,0,97.14.00,2024-06-21T01:39:38.0,349,89,0,7,2025-08-07T19:27:55.048Z
4452,16030764167,BANDED_EXERCISES,BANDED_EXERCISES,7,12,50,55.13.00,2024-06-21T23:50:54.0,674,249,9415,18,2025-08-07T19:27:53.976Z
4453,16017349706,PUSH_UP,PUSH_UP,1,6,0,31.01.00,2024-06-20T23:28:29.0,36,9,0,2,2025-08-07T19:27:55.048Z
4454,16030764167,BANDED_EXERCISES,BANDED_EXERCISES,8,12,41,37.28.00,2024-06-21T23:52:50.0,674,249,9415,18,2025-08-07T19:27:53.976Z
4455,16017349706,PUSH_UP,PUSH_UP,2,3,0,14.34,2024-06-20T23:41:59.0,36,9,0,2,2025-08-07T19:27:55.048Z
4456,16030764167,BANDED_EXERCISES,BANDED_EXERCISES,9,15,41,47.09.00,2024-06-21T23:54:40.0,674,249,9415,18,2025-08-07T19:27:53.976Z
4457,16017349706,PLANK,PLANK,1,1,0,50.35.00,2024-06-21T01:41:09.0,113,2,0,2,2025-08-07T19:27:55.048Z
4458,16030764167,BANDED_EXERCISES,BANDED_EXERCISES,10,15,38,38.16.00,2024-06-21T23:56:52.0,674,249,9415,18,2025-08-07T19:27:53.976Z
4459,16017349706,PLANK,PLANK,2,1,0,73.34.00,2024-06-21T04:04:56.0,113,2,0,2,2025-08-07T19:27:55.048Z
4460,16030764167,BANDED_EXERCISES,BANDED_EXERCISES,11,15,38,35.37.00,2024-06-21T23:57:51.0,674,249,9415,18,2025-08-07T19:27:53.976Z
4461,16030764167,BANDED_EXERCISES,BANDED_EXERCISES,12,15,38,40.33.00,2024-06-21T23:59:22.0,674,249,9415,18,2025-08-07T19:27:53.976Z
4462,16030764167,BANDED_EXERCISES,BANDED_EXERCISES,13,15,32,64.55.00,2024-06-22T00:02:50.0,674,249,9415,18,2025-08-07T19:27:53.976Z
4463,16030764167,BANDED_EXERCISES,BANDED_EXERCISES,14,15,32,78.29.00,2024-06-22T00:06:01.0,674,249,9415,18,2025-08-07T19:27:53.976Z
4464,16030764167,BANDED_EXERCISES,BANDED_EXERCISES,15,15,32,65.01.00,2024-06-22T00:09:08.0,674,249,9415,18,2025-08-07T19:27:53.976Z
4465,16030764167,BANDED_EXERCISES,BANDED_EXERCISES,16,16,43,11.27,2024-06-22T00:12:34.0,674,249,9415,18,2025-08-07T19:27:53.976Z
4466,16030764167,BANDED_EXERCISES,BANDED_EXERCISES,17,15,38,46.07.00,2024-06-22T00:13:58.0,674,249,9415,18,2025-08-07T19:27:53.976Z
4467,16030764167,BANDED_EXERCISES,BANDED_EXERCISES,18,11,36,34.08.00,2024-06-22T00:16:02.0,674,249,9415,18,2025-08-07T19:27:53.976Z
4468,15996955893,BANDED_EXERCISES,BANDED_EXERCISES,1,15,13,62.21.00,2024-06-19T18:48:36.0,576,209,5560,16,2025-08-07T19:27:58.286Z
4469,16015020864,BANDED_EXERCISES,BANDED_EXERCISES,1,15,18,47.26.00,2024-06-20T21:32:33.0,660,254,8421,19,2025-08-07T19:27:56.296Z
4470,15996955893,BANDED_EXERCISES,BANDED_EXERCISES,2,15,13,50.47.00,2024-06-19T18:49:44.0,576,209,5560,16,2025-08-07T19:27:58.286Z
4471,16015020864,BANDED_EXERCISES,BANDED_EXERCISES,2,10,18,34.23.00,2024-06-20T21:33:44.0,660,254,8421,19,2025-08-07T19:27:56.296Z
4472,15996955893,BANDED_EXERCISES,BANDED_EXERCISES,3,10,13,41.34.00,2024-06-19T18:50:54.0,576,209,5560,16,2025-08-07T19:27:58.286Z
4473,16015020864,BANDED_EXERCISES,BANDED_EXERCISES,3,10,13,36.08.00,2024-06-20T21:34:50.0,660,254,8421,19,2025-08-07T19:27:56.296Z
4474,15996955893,BANDED_EXERCISES,BANDED_EXERCISES,4,15,32,46.58.00,2024-06-19T18:53:55.0,576,209,5560,16,2025-08-07T19:27:58.286Z
4475,16015020864,BANDED_EXERCISES,BANDED_EXERCISES,4,15,38,50.33.00,2024-06-20T21:39:25.0,660,254,8421,19,2025-08-07T19:27:56.296Z
4476,15996955893,BANDED_EXERCISES,BANDED_EXERCISES,5,15,32,49.08.00,2024-06-19T18:59:06.0,576,209,5560,16,2025-08-07T19:27:58.286Z
4477,16015020864,BANDED_EXERCISES,BANDED_EXERCISES,5,9,34,45.31.00,2024-06-20T21:40:57.0,660,254,8421,19,2025-08-07T19:27:56.296Z
4478,15996955893,BANDED_EXERCISES,BANDED_EXERCISES,6,10,38,47.23.00,2024-06-19T19:00:47.0,576,209,5560,16,2025-08-07T19:27:58.286Z
4479,16015020864,BANDED_EXERCISES,BANDED_EXERCISES,6,10,27,12.06,2024-06-20T21:42:57.0,660,254,8421,19,2025-08-07T19:27:56.296Z
4480,15996955893,BANDED_EXERCISES,BANDED_EXERCISES,7,12,32,42.08.00,2024-06-19T19:03:15.0,576,209,5560,16,2025-08-07T19:27:58.286Z
4481,16015020864,BANDED_EXERCISES,BANDED_EXERCISES,7,15,29,34.21.00,2024-06-20T21:44:50.0,660,254,8421,19,2025-08-07T19:27:56.296Z
4482,15996955893,BANDED_EXERCISES,BANDED_EXERCISES,8,10,32,45.03.00,2024-06-19T19:04:34.0,576,209,5560,16,2025-08-07T19:27:58.286Z
4483,16015020864,BANDED_EXERCISES,BANDED_EXERCISES,8,15,27,42.32.00,2024-06-20T21:47:26.0,660,254,8421,19,2025-08-07T19:27:56.296Z
4484,15996955893,BANDED_EXERCISES,BANDED_EXERCISES,9,15,29,64.12.00,2024-06-19T19:06:09.0,576,209,5560,16,2025-08-07T19:27:58.286Z
4485,16015020864,BANDED_EXERCISES,BANDED_EXERCISES,9,15,27,34.52.00,2024-06-20T21:49:35.0,660,254,8421,19,2025-08-07T19:27:56.296Z
4486,15996955893,BANDED_EXERCISES,BANDED_EXERCISES,10,15,28,39.56.00,2024-06-19T19:08:18.0,576,209,5560,16,2025-08-07T19:27:58.286Z
4487,16015020864,BANDED_EXERCISES,BANDED_EXERCISES,10,15,41,39.9,2024-06-20T21:51:46.0,660,254,8421,19,2025-08-07T19:27:56.296Z
4488,15996955893,BANDED_EXERCISES,BANDED_EXERCISES,11,15,23,48.53.00,2024-06-19T19:10:51.0,576,209,5560,16,2025-08-07T19:27:58.286Z
4489,16015020864,BANDED_EXERCISES,BANDED_EXERCISES,11,15,41,44.04.00,2024-06-20T21:54:11.0,660,254,8421,19,2025-08-07T19:27:56.296Z
4490,15996955893,BANDED_EXERCISES,BANDED_EXERCISES,12,15,27,35.54.00,2024-06-19T19:14:01.0,576,209,5560,16,2025-08-07T19:27:58.286Z
4491,16015020864,BANDED_EXERCISES,BANDED_EXERCISES,12,10,41,33.14.00,2024-06-20T21:55:36.0,660,254,8421,19,2025-08-07T19:27:56.296Z
4492,15996955893,BANDED_EXERCISES,BANDED_EXERCISES,13,10,27,30.08.00,2024-06-19T19:15:37.0,576,209,5560,16,2025-08-07T19:27:58.286Z
4493,16015020864,BANDED_EXERCISES,BANDED_EXERCISES,13,15,50,40.08.00,2024-06-20T21:57:18.0,660,254,8421,19,2025-08-07T19:27:56.296Z
4494,15996955893,BANDED_EXERCISES,BANDED_EXERCISES,14,10,23,35.28.00,2024-06-19T19:17:02.0,576,209,5560,16,2025-08-07T19:27:58.286Z
4495,16015020864,BANDED_EXERCISES,BANDED_EXERCISES,14,15,50,42.45.00,2024-06-20T21:58:48.0,660,254,8421,19,2025-08-07T19:27:56.296Z
4496,15996955893,BANDED_EXERCISES,BANDED_EXERCISES,15,12,23,47.03.00,2024-06-19T19:19:34.0,576,209,5560,16,2025-08-07T19:27:58.286Z
4497,15996955893,BANDED_EXERCISES,BANDED_EXERCISES,16,15,41,45.11.00,2024-06-19T19:21:21.0,576,209,5560,16,2025-08-07T19:27:58.286Z
4498,16015020864,BANDED_EXERCISES,BANDED_EXERCISES,15,15,50,40.41.00,2024-06-20T22:00:20.0,660,254,8421,19,2025-08-07T19:27:56.296Z
4499,16015020864,BANDED_EXERCISES,BANDED_EXERCISES,16,15,32,47.49.00,2024-06-20T22:02:28.0,660,254,8421,19,2025-08-07T19:27:56.296Z
4500,16015020864,BANDED_EXERCISES,BANDED_EXERCISES,17,15,27,37.59.00,2024-06-20T22:04:31.0,660,254,8421,19,2025-08-07T19:27:56.296Z
4501,16015020864,BANDED_EXERCISES,BANDED_EXERCISES,18,15,27,35.32.00,2024-06-20T22:06:25.0,660,254,8421,19,2025-08-07T19:27:56.296Z
4502,16015020864,BANDED_EXERCISES,BANDED_EXERCISES,19,10,27,63.15.00,2024-06-20T22:09:32.0,660,254,8421,19,2025-08-07T19:27:56.296Z
4503,15980987096,BANDED_EXERCISES,BANDED_EXERCISES,1,8,38,41.38.00,2024-06-18T20:54:52.0,735,185,5017,15,2025-08-07T19:28:00.180Z
4504,15980987096,BANDED_EXERCISES,BANDED_EXERCISES,2,15,29,59.37.00,2024-06-18T20:56:27.0,735,185,5017,15,2025-08-07T19:28:00.180Z
4505,15980987096,BANDED_EXERCISES,BANDED_EXERCISES,3,15,29,40.08.00,2024-06-18T21:10:07.0,735,185,5017,15,2025-08-07T19:28:00.180Z
4506,15980987096,BANDED_EXERCISES,BANDED_EXERCISES,4,15,34,55.14.00,2024-06-18T21:16:08.0,735,185,5017,15,2025-08-07T19:28:00.180Z
4507,15980987096,BANDED_EXERCISES,BANDED_EXERCISES,5,15,27,42.03.00,2024-06-18T21:20:32.0,735,185,5017,15,2025-08-07T19:28:00.180Z
4508,15980987096,BANDED_EXERCISES,BANDED_EXERCISES,6,16,27,57.35.00,2024-06-18T21:21:45.0,735,185,5017,15,2025-08-07T19:28:00.180Z
4509,15980987096,BANDED_EXERCISES,BANDED_EXERCISES,7,11,27,34.29.00,2024-06-18T21:23:26.0,735,185,5017,15,2025-08-07T19:28:00.180Z
4510,15980987096,BANDED_EXERCISES,BANDED_EXERCISES,8,10,27,37.33.00,2024-06-18T21:25:28.0,735,185,5017,15,2025-08-07T19:28:00.180Z
4511,15980987096,BANDED_EXERCISES,BANDED_EXERCISES,9,15,18,64.19.00,2024-06-18T21:26:59.0,735,185,5017,15,2025-08-07T19:28:00.180Z
4512,15980987096,BANDED_EXERCISES,BANDED_EXERCISES,10,14,18,43.14.00,2024-06-18T21:29:24.0,735,185,5017,15,2025-08-07T19:28:00.180Z
4513,15980987096,BANDED_EXERCISES,BANDED_EXERCISES,11,10,13,52.17.00,2024-06-18T21:36:05.0,735,185,5017,15,2025-08-07T19:28:00.180Z
4514,15980987096,BANDED_EXERCISES,BANDED_EXERCISES,12,15,13,34.32.00,2024-06-18T21:40:47.0,735,185,5017,15,2025-08-07T19:28:00.180Z
4515,15980987096,BANDED_EXERCISES,BANDED_EXERCISES,13,6,7,114.27.00,2024-06-18T21:41:53.0,735,185,5017,15,2025-08-07T19:28:00.180Z
4516,15980987096,BANDED_EXERCISES,BANDED_EXERCISES,14,10,52,118.04.00,2024-06-18T21:44:29.0,735,185,5017,15,2025-08-07T19:28:00.180Z
4517,15980987096,BANDED_EXERCISES,BANDED_EXERCISES,15,10,52,22.51,2024-06-18T21:47:33.0,735,185,5017,15,2025-08-07T19:28:00.180Z
4518,15964651913,CURL,CURL,1,13,29,53.13.00,2024-06-18T00:07:43.0,75,23,667,2,2025-08-07T19:28:07.587Z
4519,15943976104,BANDED_EXERCISES,BANDED_EXERCISES,1,15,38,55.02.00,2024-06-16T16:32:59.0,266,103,2966,8,2025-08-07T19:28:12.524Z
4520,15964651913,CURL,CURL,2,10,29,34.16.00,2024-06-18T00:09:29.0,75,23,667,2,2025-08-07T19:28:07.587Z
4521,15943976104,BANDED_EXERCISES,BANDED_EXERCISES,2,16,32,22.08,2024-06-16T16:35:19.0,266,103,2966,8,2025-08-07T19:28:12.524Z
4522,15943976104,BANDED_EXERCISES,BANDED_EXERCISES,3,10,32,27.26.00,2024-06-16T16:36:30.0,266,103,2966,8,2025-08-07T19:28:12.524Z
4523,15943976104,BANDED_EXERCISES,BANDED_EXERCISES,4,15,23,47.51.00,2024-06-16T16:38:04.0,266,103,2966,8,2025-08-07T19:28:12.524Z
4524,15943976104,BANDED_EXERCISES,BANDED_EXERCISES,5,15,23,42.44.00,2024-06-16T16:39:42.0,266,103,2966,8,2025-08-07T19:28:12.524Z
4525,15943976104,BANDED_EXERCISES,BANDED_EXERCISES,6,10,32,47.34.00,2024-06-16T16:41:15.0,266,103,2966,8,2025-08-07T19:28:12.524Z
4526,15943976104,BANDED_EXERCISES,BANDED_EXERCISES,7,12,27,48.01.00,2024-06-16T16:43:45.0,266,103,2966,8,2025-08-07T19:28:12.524Z
4527,15943976104,BANDED_EXERCISES,BANDED_EXERCISES,8,10,23,34.27.00,2024-06-16T16:45:34.0,266,103,2966,8,2025-08-07T19:28:12.524Z
4528,15931232614,BANDED_EXERCISES,BANDED_EXERCISES,1,11,18,51.35.00,2024-06-16T00:15:43.0,651,215,5254,16,2025-08-07T19:28:17.514Z
4529,15914927758,BANDED_EXERCISES,BANDED_EXERCISES,1,15,36,63.57.00,2024-06-15T00:40:09.0,614,175,4385,13,2025-08-07T19:28:22.520Z
4530,15931232614,BANDED_EXERCISES,BANDED_EXERCISES,2,15,27,65.33.00,2024-06-16T00:18:28.0,651,215,5254,16,2025-08-07T19:28:17.514Z
4531,15914927758,BANDED_EXERCISES,BANDED_EXERCISES,2,15,32,55.29.00,2024-06-15T00:42:30.0,614,175,4385,13,2025-08-07T19:28:22.520Z
4532,15931232614,BANDED_EXERCISES,BANDED_EXERCISES,3,10,<null>,52.04.00,2024-06-16T00:20:42.0,651,215,5254,16,2025-08-07T19:28:17.514Z
4533,15914927758,BANDED_EXERCISES,BANDED_EXERCISES,3,15,23,61.52.00,2024-06-15T00:45:09.0,614,175,4385,13,2025-08-07T19:28:22.520Z
4534,15931232614,BANDED_EXERCISES,BANDED_EXERCISES,4,15,27,16.54,2024-06-16T00:26:08.0,651,215,5254,16,2025-08-07T19:28:17.514Z
4535,15914927758,BANDED_EXERCISES,BANDED_EXERCISES,4,10,20,37.24.00,2024-06-15T00:48:15.0,614,175,4385,13,2025-08-07T19:28:22.520Z
4536,15931232614,BANDED_EXERCISES,BANDED_EXERCISES,5,8,12,57.33.00,2024-06-16T00:27:41.0,651,215,5254,16,2025-08-07T19:28:17.514Z
4537,15914927758,BANDED_EXERCISES,BANDED_EXERCISES,5,15,23,100.56.00,2024-06-15T00:50:15.0,614,175,4385,13,2025-08-07T19:28:22.520Z
4538,15931232614,BANDED_EXERCISES,BANDED_EXERCISES,6,15,12,31.46.00,2024-06-16T00:29:30.0,651,215,5254,16,2025-08-07T19:28:17.514Z
4539,15914927758,BANDED_EXERCISES,BANDED_EXERCISES,6,15,23,66.05.00,2024-06-15T00:52:29.0,614,175,4385,13,2025-08-07T19:28:22.520Z
4540,15931232614,BANDED_EXERCISES,BANDED_EXERCISES,7,15,34,51.35.00,2024-06-16T00:32:55.0,651,215,5254,16,2025-08-07T19:28:17.514Z
4541,15914927758,BANDED_EXERCISES,BANDED_EXERCISES,7,15,23,43.54.00,2024-06-15T00:53:55.0,614,175,4385,13,2025-08-07T19:28:22.520Z
4542,15931232614,BANDED_EXERCISES,BANDED_EXERCISES,8,15,34,50.41.00,2024-06-16T00:35:17.0,651,215,5254,16,2025-08-07T19:28:17.514Z
4543,15914927758,BANDED_EXERCISES,BANDED_EXERCISES,8,15,23,70.06.00,2024-06-15T00:55:15.0,614,175,4385,13,2025-08-07T19:28:22.520Z
4544,15931232614,BANDED_EXERCISES,BANDED_EXERCISES,9,15,34,37.36.00,2024-06-16T00:37:59.0,651,215,5254,16,2025-08-07T19:28:17.514Z
4545,15914927758,BANDED_EXERCISES,BANDED_EXERCISES,9,20,23,60.51.00,2024-06-15T00:57:33.0,614,175,4385,13,2025-08-07T19:28:22.520Z
4546,15931232614,BANDED_EXERCISES,BANDED_EXERCISES,10,15,29,49.28.00,2024-06-16T00:39:27.0,651,215,5254,16,2025-08-07T19:28:17.514Z
4547,15914927758,BANDED_EXERCISES,BANDED_EXERCISES,10,15,27,40.46.00,2024-06-15T01:03:11.0,614,175,4385,13,2025-08-07T19:28:22.520Z
4548,15931232614,BANDED_EXERCISES,BANDED_EXERCISES,11,15,29,59.08.00,2024-06-16T00:41:31.0,651,215,5254,16,2025-08-07T19:28:17.514Z
4549,15914927758,BANDED_EXERCISES,BANDED_EXERCISES,11,15,23,57.28.00,2024-06-15T01:11:18.0,614,175,4385,13,2025-08-07T19:28:22.520Z
4550,15931232614,BANDED_EXERCISES,BANDED_EXERCISES,12,10,23,62.24.00,2024-06-16T00:43:36.0,651,215,5254,16,2025-08-07T19:28:17.514Z
4551,15914927758,BANDED_EXERCISES,BANDED_EXERCISES,12,10,23,40.12.00,2024-06-15T01:12:23.0,614,175,4385,13,2025-08-07T19:28:22.520Z
4552,15931232614,BANDED_EXERCISES,BANDED_EXERCISES,13,15,23,59.06.00,2024-06-16T00:45:44.0,651,215,5254,16,2025-08-07T19:28:17.514Z
4553,15914927758,BANDED_EXERCISES,BANDED_EXERCISES,13,0,<null>,14.41,2024-06-15T01:12:54.0,614,175,4385,13,2025-08-07T19:28:22.520Z
4554,15931232614,BANDED_EXERCISES,BANDED_EXERCISES,14,15,23,60.02.00,2024-06-16T00:47:54.0,651,215,5254,16,2025-08-07T19:28:17.514Z
4555,15931232614,BANDED_EXERCISES,BANDED_EXERCISES,15,13,27,46.17.00,2024-06-16T00:49:39.0,651,215,5254,16,2025-08-07T19:28:17.514Z
4556,15931232614,BANDED_EXERCISES,BANDED_EXERCISES,16,13,23,38.26.00,2024-06-16T00:52:12.0,651,215,5254,16,2025-08-07T19:28:17.514Z
4557,15896065710,BANDED_EXERCISES,BANDED_EXERCISES,1,15,36,49.43.00,2024-06-13T18:22:37.0,403,123,2985,9,2025-08-07T19:28:26.511Z
4558,15896065710,BANDED_EXERCISES,BANDED_EXERCISES,2,9,32,64.05.00,2024-06-13T18:24:31.0,403,123,2985,9,2025-08-07T19:28:26.511Z
4559,15896065710,BANDED_EXERCISES,BANDED_EXERCISES,3,14,23,39.02.00,2024-06-13T18:26:15.0,403,123,2985,9,2025-08-07T19:28:26.511Z
4560,15896065710,BANDED_EXERCISES,BANDED_EXERCISES,4,15,18,54.06.00,2024-06-13T18:28:04.0,403,123,2985,9,2025-08-07T19:28:26.511Z
4561,15896065710,BANDED_EXERCISES,BANDED_EXERCISES,5,15,18,49.33.00,2024-06-13T18:30:18.0,403,123,2985,9,2025-08-07T19:28:26.511Z
4562,15896065710,BANDED_EXERCISES,BANDED_EXERCISES,6,15,23,67.39.00,2024-06-13T18:32:22.0,403,123,2985,9,2025-08-07T19:28:26.511Z
4563,15896065710,BANDED_EXERCISES,BANDED_EXERCISES,7,15,23,33.27.00,2024-06-13T18:34:24.0,403,123,2985,9,2025-08-07T19:28:26.511Z
4564,15896065710,BANDED_EXERCISES,BANDED_EXERCISES,8,10,23,43.27.00,2024-06-13T18:35:38.0,403,123,2985,9,2025-08-07T19:28:26.511Z
4565,15896065710,BANDED_EXERCISES,BANDED_EXERCISES,9,15,25,39.16.00,2024-06-13T18:37:01.0,403,123,2985,9,2025-08-07T19:28:26.511Z
4566,15883371895,BANDED_EXERCISES,BANDED_EXERCISES,1,15,18,47.13.00,2024-06-13T00:22:00.0,590,201,5365,14,2025-08-07T19:28:31.522Z
4567,15857574473,BANDED_EXERCISES,BANDED_EXERCISES,1,15,30,52.26.00,2024-06-11T14:35:32.0,311,123,2460,11,2025-08-07T19:28:36.522Z
4568,15883371895,BANDED_EXERCISES,BANDED_EXERCISES,2,16,18,51.16.00,2024-06-13T00:23:05.0,590,201,5365,14,2025-08-07T19:28:31.522Z
4569,15857574473,BANDED_EXERCISES,BANDED_EXERCISES,2,15,30,39.18.00,2024-06-11T14:36:57.0,311,123,2460,11,2025-08-07T19:28:36.522Z
4570,15883371895,BANDED_EXERCISES,BANDED_EXERCISES,3,15,18,35.47.00,2024-06-13T00:24:09.0,590,201,5365,14,2025-08-07T19:28:31.522Z
4571,15857574473,BANDED_EXERCISES,BANDED_EXERCISES,3,15,50,47.25.00,2024-06-11T14:38:25.0,311,123,2460,11,2025-08-07T19:28:36.522Z
4572,15883371895,BANDED_EXERCISES,BANDED_EXERCISES,4,15,26,53.01.00,2024-06-13T00:25:51.0,590,201,5365,14,2025-08-07T19:28:31.522Z
4573,15857574473,BANDED_EXERCISES,BANDED_EXERCISES,4,15,50,48.17.00,2024-06-11T14:39:57.0,311,123,2460,11,2025-08-07T19:28:36.522Z
4574,15883371895,BANDED_EXERCISES,BANDED_EXERCISES,5,15,18,52.29.00,2024-06-13T00:28:00.0,590,201,5365,14,2025-08-07T19:28:31.522Z
4575,15857574473,BANDED_EXERCISES,BANDED_EXERCISES,5,15,0,43.16.00,2024-06-11T14:42:21.0,311,123,2460,11,2025-08-07T19:28:36.522Z
4576,15883371895,BANDED_EXERCISES,BANDED_EXERCISES,6,15,12,44.37.00,2024-06-13T00:30:53.0,590,201,5365,14,2025-08-07T19:28:31.522Z
4577,15857574473,BANDED_EXERCISES,BANDED_EXERCISES,6,15,0,41.33.00,2024-06-11T14:46:12.0,311,123,2460,11,2025-08-07T19:28:36.522Z
4578,15883371895,BANDED_EXERCISES,BANDED_EXERCISES,7,9,11,52.41.00,2024-06-13T00:32:53.0,590,201,5365,14,2025-08-07T19:28:31.522Z
4579,15857574473,BANDED_EXERCISES,BANDED_EXERCISES,7,10,0,38.02.00,2024-06-11T14:49:05.0,311,123,2460,11,2025-08-07T19:28:36.522Z
4580,15883371895,BANDED_EXERCISES,BANDED_EXERCISES,8,15,59,43.56.00,2024-06-13T00:37:50.0,590,201,5365,14,2025-08-07T19:28:31.522Z
4581,15857574473,BANDED_EXERCISES,BANDED_EXERCISES,8,10,0,27.17.00,2024-06-11T14:50:30.0,311,123,2460,11,2025-08-07T19:28:36.522Z
4582,15883371895,BANDED_EXERCISES,BANDED_EXERCISES,9,15,59,45.05.00,2024-06-13T00:39:37.0,590,201,5365,14,2025-08-07T19:28:31.522Z
4583,15857574473,BANDED_EXERCISES,BANDED_EXERCISES,9,10,0,39.54.00,2024-06-11T14:51:36.0,311,123,2460,11,2025-08-07T19:28:36.522Z
4584,15883371895,BANDED_EXERCISES,BANDED_EXERCISES,10,15,32,46.01.00,2024-06-13T00:42:09.0,590,201,5365,14,2025-08-07T19:28:31.522Z
4585,15857574473,BANDED_EXERCISES,BANDED_EXERCISES,10,3,20,26.44.00,2024-06-11T14:53:19.0,311,123,2460,11,2025-08-07T19:28:36.522Z
4586,15883371895,BANDED_EXERCISES,BANDED_EXERCISES,11,15,27,55.24.00,2024-06-13T00:47:25.0,590,201,5365,14,2025-08-07T19:28:31.522Z
4587,15857574473,BANDED_EXERCISES,BANDED_EXERCISES,11,0,20,12.45,2024-06-11T14:56:14.0,311,123,2460,11,2025-08-07T19:28:36.522Z
4588,15883371895,BANDED_EXERCISES,BANDED_EXERCISES,12,15,23,56.16.00,2024-06-13T00:50:07.0,590,201,5365,14,2025-08-07T19:28:31.522Z
4589,15883371895,BANDED_EXERCISES,BANDED_EXERCISES,13,15,23,61.52.00,2024-06-13T00:52:24.0,590,201,5365,14,2025-08-07T19:28:31.522Z
4590,15883371895,BANDED_EXERCISES,BANDED_EXERCISES,14,11,23,56.07.00,2024-06-13T00:55:42.0,590,201,5365,14,2025-08-07T19:28:31.522Z
4591,15828061738,BANDED_EXERCISES,BANDED_EXERCISES,1,22,<null>,58.31.00,2024-06-09T16:22:27.0,662,231,7280,18,2025-08-07T19:28:44.524Z
4592,15828061738,BANDED_EXERCISES,BANDED_EXERCISES,2,15,30,60.57.00,2024-06-09T16:24:12.0,662,231,7280,18,2025-08-07T19:28:44.524Z
4593,15828061738,BANDED_EXERCISES,BANDED_EXERCISES,3,15,30,37.26.00,2024-06-09T16:25:47.0,662,231,7280,18,2025-08-07T19:28:44.524Z
4594,15828061738,BANDED_EXERCISES,BANDED_EXERCISES,4,15,20,38.49.00,2024-06-09T16:26:38.0,662,231,7280,18,2025-08-07T19:28:44.524Z
4595,15828061738,BANDED_EXERCISES,BANDED_EXERCISES,5,17,30,28.49.00,2024-06-09T16:27:52.0,662,231,7280,18,2025-08-07T19:28:44.524Z
4596,15828061738,BANDED_EXERCISES,BANDED_EXERCISES,6,2,<null>,45.06.00,2024-06-09T16:28:28.0,662,231,7280,18,2025-08-07T19:28:44.524Z
4597,15828061738,BANDED_EXERCISES,BANDED_EXERCISES,7,7,50,23.31,2024-06-09T16:30:23.0,662,231,7280,18,2025-08-07T19:28:44.524Z
4598,15828061738,BANDED_EXERCISES,BANDED_EXERCISES,8,8,20,28.36.00,2024-06-09T16:31:15.0,662,231,7280,18,2025-08-07T19:28:44.524Z
4599,15828061738,BANDED_EXERCISES,BANDED_EXERCISES,9,14,<null>,51.54.00,2024-06-09T16:34:22.0,662,231,7280,18,2025-08-07T19:28:44.524Z
4600,15828061738,BANDED_EXERCISES,BANDED_EXERCISES,10,12,60,41.04.00,2024-06-09T16:36:08.0,662,231,7280,18,2025-08-07T19:28:44.524Z
4601,15828061738,BANDED_EXERCISES,BANDED_EXERCISES,11,19,20,94.13.00,2024-06-09T16:39:29.0,662,231,7280,18,2025-08-07T19:28:44.524Z
4602,15828061738,BANDED_EXERCISES,BANDED_EXERCISES,12,12,20,35.04.00,2024-06-09T16:42:03.0,662,231,7280,18,2025-08-07T19:28:44.524Z
4603,15828061738,BANDED_EXERCISES,BANDED_EXERCISES,13,13,50,40.08.00,2024-06-09T16:43:55.0,662,231,7280,18,2025-08-07T19:28:44.524Z
4604,15828061738,BANDED_EXERCISES,BANDED_EXERCISES,14,13,50,46.15.00,2024-06-09T16:45:32.0,662,231,7280,18,2025-08-07T19:28:44.524Z
4605,15828061738,BANDED_EXERCISES,BANDED_EXERCISES,15,13,0,37.29.00,2024-06-09T16:46:43.0,662,231,7280,18,2025-08-07T19:28:44.524Z
4606,15828061738,BANDED_EXERCISES,BANDED_EXERCISES,16,15,60,45.54.00,2024-06-09T16:49:10.0,662,231,7280,18,2025-08-07T19:28:44.524Z
4607,15828061738,BANDED_EXERCISES,BANDED_EXERCISES,17,19,80,56.31.00,2024-06-09T16:51:06.0,662,231,7280,18,2025-08-07T19:28:44.524Z
4608,15828061738,BANDED_EXERCISES,BANDED_EXERCISES,18,0,<null>,05.25,2024-06-09T16:53:03.0,662,231,7280,18,2025-08-07T19:28:44.524Z
4647,19953429831,LAT_PULLDOWN,PULL_UP,1,10,68.06.00,44.19.00,2025-08-04T23:00:43.0,71,18,1225.08.00,2,2025-08-07T22:17:00.779Z
4648,19953429831,LAT_PULLDOWN,PULL_UP,2,8,68.06.00,47.22.00,2025-08-04T23:03:39.0,71,18,1225.08.00,2,2025-08-07T22:17:00.779Z
4649,19953429831,CLOSE_GRIP_LAT_PULLDOWN,PULL_UP,1,8,79.38.00,60.32.00,2025-08-04T23:12:44.0,96,14,1111.32.00,2,2025-08-07T22:17:00.779Z
4650,19953429831,CLOSE_GRIP_LAT_PULLDOWN,PULL_UP,2,6,79.38.00,55.29.00,2025-08-04T23:17:36.0,96,14,1111.32.00,2,2025-08-07T22:17:00.779Z
4651,19953429831,SEATED_CABLE_ROW,ROW,1,8,70.31.00,44.51.00,2025-08-04T23:23:38.0,97,28,1968.6799999999998,3,2025-08-07T22:17:00.779Z
4652,19953429831,SEATED_CABLE_ROW,ROW,2,10,70.31.00,39.58.00,2025-08-04T23:28:11.0,97,28,1968.6799999999998,3,2025-08-07T22:17:00.779Z
4653,19953429831,SEATED_CABLE_ROW,ROW,3,10,70.31.00,37.39.00,2025-08-04T23:36:18.0,97,28,1968.6799999999998,3,2025-08-07T22:17:00.779Z
4654,19953429831,CABLE_OVERHEAD_TRICEPS_EXTENSION,TRICEPS_EXTENSION,1,8,36.31.00,54.43.00,2025-08-04T23:42:33.0,79,13,472.03000000000003,2,2025-08-07T22:17:00.779Z
4655,19953429831,CABLE_OVERHEAD_TRICEPS_EXTENSION,TRICEPS_EXTENSION,2,5,36.31.00,48.25.00,2025-08-04T23:45:50.0,79,13,472.03000000000003,2,2025-08-07T22:17:00.779Z
4656,19953429831,TRICEPS_PRESSDOWN,TRICEPS_EXTENSION,1,8,68.06.00,32.09.00,2025-08-04T23:50:06.0,87,23,1546.9,3,2025-08-07T22:17:00.779Z
4657,19953429831,TRICEPS_PRESSDOWN,TRICEPS_EXTENSION,2,7,68.06.00,37.44.00,2025-08-04T23:54:42.0,87,23,1546.9,3,2025-08-07T22:17:00.779Z
4658,19953429831,TRICEPS_PRESSDOWN,TRICEPS_EXTENSION,3,8,66.15.00,33.03.00,2025-08-04T23:57:41.0,87,23,1546.9,3,2025-08-07T22:17:00.779Z
4659,19953429831,EZ_BAR_OVERHEAD_TRICEPS_EXTENSION,TRICEPS_EXTENSION,1,15,45.38.00,63.06.00,2025-08-05T00:03:13.0,81,23,1116.22.00,2,2025-08-07T22:17:00.779Z
4660,19953429831,EZ_BAR_OVERHEAD_TRICEPS_EXTENSION,TRICEPS_EXTENSION,2,8,54.44.00,31.12.00,2025-08-05T00:07:10.0,81,23,1116.22.00,2,2025-08-07T22:17:00.779Z
4661,19953429831,SEATED_REAR_LATERAL_RAISE,LATERAL_RAISE,1,12,50.28.00,52.29.00,2025-08-05T00:06:14.0,98,30,1538.38.00,3,2025-08-07T22:17:00.779Z
4662,19953429831,SEATED_REAR_LATERAL_RAISE,LATERAL_RAISE,2,8,52.19.00,31.05.00,2025-08-05T00:10:17.0,98,30,1538.38.00,3,2025-08-07T22:17:00.779Z
4663,19953429831,SEATED_REAR_LATERAL_RAISE,LATERAL_RAISE,3,10,52.19.00,37.48.00,2025-08-05T00:13:17.0,98,30,1538.38.00,3,2025-08-07T22:17:00.779Z
5043,19965097329,INCLINE_SMITH_MACHINE_BENCH_PRESS,BENCH_PRESS,1,8,75.21.00,38.19.00,2025-08-06T00:00:01.0,139,20,1524.04.00,3,2025-08-08T20:26:33.080Z
5044,19965097329,INCLINE_SMITH_MACHINE_BENCH_PRESS,BENCH_PRESS,2,7,77.13.00,52.54.00,2025-08-06T00:06:00.0,139,20,1524.04.00,3,2025-08-08T20:26:33.080Z
5045,19965097329,INCLINE_SMITH_MACHINE_BENCH_PRESS,BENCH_PRESS,3,5,77.13.00,66.24.00,2025-08-06T00:16:14.0,139,20,1524.04.00,3,2025-08-08T20:26:33.080Z
5046,19965097329,FLYE,FLYE,1,6,95.25.00,40.59.00,2025-08-06T00:19:28.0,142,21,1932.25.00,3,2025-08-08T20:26:33.080Z
5047,19965097329,FLYE,FLYE,2,7,91.09.00,58.46.00,2025-08-06T00:23:37.0,142,21,1932.25.00,3,2025-08-08T20:26:33.080Z
5048,19965097329,FLYE,FLYE,3,8,91.09.00,48.31.00,2025-08-06T00:29:46.0,142,21,1932.25.00,3,2025-08-08T20:26:33.080Z
5049,19965097329,SHOULDER_PRESS,SHOULDER_PRESS,1,10,75.21.00,55.23.00,2025-08-06T00:35:36.0,144,28,2095.08.00,3,2025-08-08T20:26:33.080Z
5050,19965097329,SHOULDER_PRESS,SHOULDER_PRESS,2,8,75.21.00,69.33.00,2025-08-06T00:39:18.0,144,28,2095.08.00,3,2025-08-08T20:26:33.080Z
5051,19965097329,SHOULDER_PRESS,SHOULDER_PRESS,3,10,75.21.00,47.53.00,2025-08-06T00:45:55.0,144,28,2095.08.00,3,2025-08-08T20:26:33.080Z
5052,19965097329,CABLE_HAMMER_CURL,CURL,1,16,41.21.00,36.38.00,2025-08-06T00:49:10.0,62,28,1251.52.00,2,2025-08-08T20:26:33.080Z
5053,19965097329,CABLE_HAMMER_CURL,CURL,2,12,50.28.00,31.25.00,2025-08-06T00:55:57.0,62,28,1251.52.00,2,2025-08-08T20:26:33.080Z
5054,19965097329,EZ_BAR_PREACHER_CURL,CURL,1,6,54.44.00,51.32.00,2025-08-06T00:59:49.0,128,18,980.32.00,3,2025-08-08T20:26:33.080Z
5055,19965097329,EZ_BAR_PREACHER_CURL,CURL,2,6,54.44.00,37.34.00,2025-08-06T01:07:46.0,128,18,980.32.00,3,2025-08-08T20:26:33.080Z
5056,19965097329,EZ_BAR_PREACHER_CURL,CURL,3,6,54.44.00,47.12.00,2025-08-06T01:14:05.0,128,18,980.32.00,3,2025-08-08T20:26:33.080Z
5057,19965097329,LATERAL_RAISE,LATERAL_RAISE,1,9,28.13.00,50.23.00,2025-08-06T01:20:53.0,131,23,647.39.00,3,2025-08-08T20:26:33.080Z
5058,19965097329,LATERAL_RAISE,LATERAL_RAISE,2,8,28.13.00,42.12.00,2025-08-06T01:24:51.0,131,23,647.39.00,3,2025-08-08T20:26:33.080Z
5059,19965097329,LATERAL_RAISE,LATERAL_RAISE,3,6,28.13.00,46.45.00,2025-08-06T01:27:42.0,131,23,647.39.00,3,2025-08-08T20:26:33.080Z
5060,19965097329,REVERSE_EZ_BAR_CURL,CURL,1,8,41.25.00,46.14.00,2025-08-06T01:22:28.0,115,26,1069.38.00,3,2025-08-08T20:26:33.080Z
5061,19965097329,REVERSE_EZ_BAR_CURL,CURL,2,10,41.25.00,39.21.00,2025-08-06T01:26:16.0,115,26,1069.38.00,3,2025-08-08T20:26:33.080Z
5062,19965097329,REVERSE_EZ_BAR_CURL,CURL,3,8,41.21.00,46.25.00,2025-08-06T01:30:01.0,115,26,1069.38.00,3,2025-08-08T20:26:33.080Z
5320,19976473835,WEIGHTED_LEG_CURL,LEG_CURL,1,10,97.5,79.48.00,2025-08-07T00:20:10.0,162,32,3171.22.00,3,2025-08-09T04:45:59.713Z
5321,19976473835,WEIGHTED_LEG_CURL,LEG_CURL,2,12,100.21.00,39,2025-08-07T00:25:52.0,162,32,3171.22.00,3,2025-08-09T04:45:59.713Z
5322,19976473835,WEIGHTED_LEG_CURL,LEG_CURL,3,10,100.21.00,59.15.00,2025-08-07T00:34:27.0,162,32,3171.22.00,3,2025-08-09T04:45:59.713Z
5323,19976473835,BARBELL_HACK_SQUAT,SQUAT,1,7,93,39.12.00,2025-08-07T00:37:23.0,156,21,1953,3,2025-08-09T04:45:59.713Z
5324,19976473835,BARBELL_HACK_SQUAT,SQUAT,2,7,93,85.24.00,2025-08-07T00:41:57.0,156,21,1953,3,2025-08-09T04:45:59.713Z
5325,19976473835,BARBELL_HACK_SQUAT,SQUAT,3,7,93,59.44.00,2025-08-07T00:48:26.0,156,21,1953,3,2025-08-09T04:45:59.713Z
5326,19976473835,WEIGHTED_LEG_EXTENSIONS,CRUNCH,1,8,122.5,41.13.00,2025-08-07T00:56:01.0,217,28,3475,3,2025-08-09T04:45:59.713Z
5327,19976473835,WEIGHTED_LEG_EXTENSIONS,CRUNCH,2,8,125.15.00,51.25.00,2025-08-07T01:02:39.0,217,28,3475,3,2025-08-09T04:45:59.713Z
5328,19976473835,WEIGHTED_LEG_EXTENSIONS,CRUNCH,3,12,125.15.00,147.36.00,2025-08-07T01:08:20.0,217,28,3475,3,2025-08-09T04:45:59.713Z
5329,19976473835,WEIGHTED_STANDING_CALF_RAISE,CALF_RAISE,1,12,177.28.00,26.03.00,2025-08-07T01:16:07.0,81,39,6898.32.00,3,2025-08-09T04:45:59.713Z
5330,19976473835,WEIGHTED_STANDING_CALF_RAISE,CALF_RAISE,2,15,177.28.00,39.15.00,2025-08-07T01:21:27.0,81,39,6898.32.00,3,2025-08-09T04:45:59.713Z
5331,19976473835,WEIGHTED_STANDING_CALF_RAISE,CALF_RAISE,3,12,177.28.00,25.03.00,2025-08-07T01:27:02.0,81,39,6898.32.00,3,2025-08-09T04:45:59.713Z
5332,19976473835,WEIGHTED_CRUNCH,CRUNCH,1,6,57.09.00,28.01.00,2025-08-07T01:28:30.0,107,17,974.9799999999999,3,2025-08-09T04:45:59.713Z
5333,19976473835,WEIGHTED_CRUNCH,CRUNCH,2,5,59.34.00,56.29.00,2025-08-07T01:32:07.0,107,17,974.9799999999999,3,2025-08-09T04:45:59.713Z
5334,19976473835,WEIGHTED_CRUNCH,CRUNCH,3,6,57.09.00,48.57.00,2025-08-07T01:38:52.0,107,17,974.9799999999999,3,2025-08-09T04:45:59.713Z
5335,19976473835,LEG_ADDUCTION,BANDED_EXERCISES,1,16,91.09.00,39.27.00,2025-08-07T01:42:08.0,101,38,3497.04.00,3,2025-08-09T04:45:59.713Z
5336,19976473835,LEG_ADDUCTION,BANDED_EXERCISES,2,12,93,31.3,2025-08-07T01:46:53.0,101,38,3497.04.00,3,2025-08-09T04:45:59.713Z
5337,19976473835,LEG_ADDUCTION,BANDED_EXERCISES,3,10,93,39.32.00,2025-08-07T01:50:24.0,101,38,3497.04.00,3,2025-08-09T04:45:59.713Z
5614,19997237138,SHOULDER_PRESS,SHOULDER_PRESS,1,9,79.38.00,40.41.00,2025-08-09T00:35:26.0,136,25,1984.5,3,2025-08-11T02:00:40.439Z
5615,19997237138,SHOULDER_PRESS,SHOULDER_PRESS,2,8,79.38.00,44.58.00,2025-08-09T00:40:00.0,136,25,1984.5,3,2025-08-11T02:00:40.439Z
5616,19997237138,SHOULDER_PRESS,SHOULDER_PRESS,3,8,79.38.00,70.29.00,2025-08-09T00:45:14.0,136,25,1984.5,3,2025-08-11T02:00:40.439Z
5617,19997237138,INCLINE_SMITH_MACHINE_BENCH_PRESS,BENCH_PRESS,1,6,77.13.00,77.14.00,2025-08-09T00:52:22.0,148,18,1402.24.00,3,2025-08-11T02:00:40.439Z
5618,19997237138,INCLINE_SMITH_MACHINE_BENCH_PRESS,BENCH_PRESS,2,6,79.38.00,38.34.00,2025-08-09T01:00:38.0,148,18,1402.24.00,3,2025-08-11T02:00:40.439Z
5619,19997237138,INCLINE_SMITH_MACHINE_BENCH_PRESS,BENCH_PRESS,3,6,77.13.00,40.15.00,2025-08-09T01:07:04.0,148,18,1402.24.00,3,2025-08-11T02:00:40.439Z
5620,19997237138,FLYE,FLYE,1,6,91.09.00,68.38.00,2025-08-09T01:10:09.0,128,20,1764.2999999999997,3,2025-08-11T02:00:40.439Z
5621,19997237138,FLYE,FLYE,2,8,86.19.00,46.48.00,2025-08-09T01:16:23.0,128,20,1764.2999999999997,3,2025-08-11T02:00:40.439Z
5622,19997237138,FLYE,FLYE,3,6,88.44.00,36.24.00,2025-08-09T01:20:29.0,128,20,1764.2999999999997,3,2025-08-11T02:00:40.439Z
5623,19997237138,LATERAL_RAISE,LATERAL_RAISE,1,8,28.13.00,50.27.00,2025-08-09T01:22:29.0,154,24,675.12.00,3,2025-08-11T02:00:40.439Z
5624,19997237138,LATERAL_RAISE,LATERAL_RAISE,2,8,28.13.00,67.48.00,2025-08-09T01:25:48.0,154,24,675.12.00,3,2025-08-11T02:00:40.439Z
5625,19997237138,LATERAL_RAISE,LATERAL_RAISE,3,8,28.13.00,51.03.00,2025-08-09T01:30:06.0,154,24,675.12.00,3,2025-08-11T02:00:40.439Z
5626,19997237138,CABLE_HAMMER_CURL,CURL,1,10,52.19.00,26.47.00,2025-08-09T01:34:01.0,57,20,1043.8,2,2025-08-11T02:00:40.439Z
5627,19997237138,CABLE_HAMMER_CURL,CURL,2,10,52.19.00,41.02.00,2025-08-09T01:36:27.0,57,20,1043.8,2,2025-08-11T02:00:40.439Z
5628,19997237138,EZ_BAR_PREACHER_CURL,CURL,1,5,55.56.00,66.21.00,2025-08-09T01:39:16.0,62,5,277.8,1,2025-08-11T02:00:40.439Z
5629,19997237138,REVERSE_EZ_BAR_CURL,CURL,1,8,41.25.00,59.54.00,2025-08-09T01:43:08.0,156,26,1072.5,3,2025-08-11T02:00:40.439Z
5630,19997237138,REVERSE_EZ_BAR_CURL,CURL,2,9,41.25.00,67.52.00,2025-08-09T01:47:01.0,156,26,1072.5,3,2025-08-11T02:00:40.439Z
5631,19997237138,REVERSE_EZ_BAR_CURL,CURL,3,9,41.25.00,46.39.00,2025-08-09T01:50:48.0,156,26,1072.5,3,2025-08-11T02:00:40.439Z
5632,19987211115,PULL_UP,PULL_UP,1,6,<null>,46.08.00,2025-08-07T23:28:44.0,68,12,0,2,2025-08-11T02:00:45.587Z
5633,19987211115,PULL_UP,PULL_UP,2,6,<null>,46.18.00,2025-08-07T23:34:37.0,68,12,0,2,2025-08-11T02:00:45.587Z
5634,19987211115,CLOSE_GRIP_LAT_PULLDOWN,PULL_UP,1,6,82.03.00,35.45.00,2025-08-07T23:38:52.0,58,13,1061.19.00,2,2025-08-11T02:00:45.587Z
5635,19987211115,CLOSE_GRIP_LAT_PULLDOWN,PULL_UP,2,7,82.03.00,39.35.00,2025-08-07T23:43:53.0,58,13,1061.19.00,2,2025-08-11T02:00:45.587Z
5636,19987211115,LAT_PULLDOWN,PULL_UP,1,10,68.06.00,59.33.00,2025-08-07T23:49:18.0,87,18,1261.08.00,2,2025-08-11T02:00:45.587Z
5637,19987211115,LAT_PULLDOWN,PULL_UP,2,8,72.56.00,50.09.00,2025-08-07T23:55:18.0,87,18,1261.08.00,2,2025-08-11T02:00:45.587Z
5638,19987211115,SEATED_CABLE_ROW,ROW,1,7,72.56.00,113.17.00,2025-08-07T23:57:17.0,221,26,1886.56.00,3,2025-08-11T02:00:45.587Z
5639,19987211115,SEATED_CABLE_ROW,ROW,2,9,72.56.00,48.08.00,2025-08-08T00:04:53.0,221,26,1886.56.00,3,2025-08-11T02:00:45.587Z
5640,19987211115,SEATED_CABLE_ROW,ROW,3,10,72.56.00,76.37.00,2025-08-08T00:09:52.0,221,26,1886.56.00,3,2025-08-11T02:00:45.587Z
5641,19987211115,INCLINE_EZ_BAR_LYING_TRICEPS_EXTENSION,TRICEPS_EXTENSION,1,12,25.34.00,73.17.00,2025-08-08T00:13:15.0,62,12,299.28000000000003,1,2025-08-11T02:00:45.587Z
5642,19987211115,SEATED_REAR_LATERAL_RAISE,LATERAL_RAISE,1,10,52.19.00,37.26.00,2025-08-08T00:15:24.0,102,30,1610.6999999999998,3,2025-08-11T02:00:45.587Z
5643,19987211115,SEATED_REAR_LATERAL_RAISE,LATERAL_RAISE,2,10,54.44.00,33.44.00,2025-08-08T00:19:14.0,102,30,1610.6999999999998,3,2025-08-11T02:00:45.587Z
5644,19987211115,SEATED_REAR_LATERAL_RAISE,LATERAL_RAISE,3,10,54.44.00,51.56.00,2025-08-08T00:23:01.0,102,30,1610.6999999999998,3,2025-08-11T02:00:45.587Z
5645,19987211115,TRICEPS_PRESSDOWN,TRICEPS_EXTENSION,1,8,68.06.00,47.34.00,2025-08-08T00:27:39.0,126,24,1633.44.00,3,2025-08-11T02:00:45.587Z
5646,19987211115,TRICEPS_PRESSDOWN,TRICEPS_EXTENSION,2,9,68.06.00,54.57.00,2025-08-08T00:33:11.0,126,24,1633.44.00,3,2025-08-11T02:00:45.587Z
5647,19987211115,TRICEPS_PRESSDOWN,TRICEPS_EXTENSION,3,7,68.06.00,53.47.00,2025-08-08T00:36:26.0,126,24,1633.44.00,3,2025-08-11T02:00:45.587Z
5648,19987211115,CABLE_OVERHEAD_TRICEPS_EXTENSION,TRICEPS_EXTENSION,1,10,57.09.00,68.18.00,2025-08-08T00:39:37.0,180,30,1700.6999999999998,3,2025-08-11T02:00:45.587Z
5649,19987211115,CABLE_OVERHEAD_TRICEPS_EXTENSION,TRICEPS_EXTENSION,2,10,57.09.00,70.28.00,2025-08-08T00:47:06.0,180,30,1700.6999999999998,3,2025-08-11T02:00:45.587Z
5650,19987211115,CABLE_OVERHEAD_TRICEPS_EXTENSION,TRICEPS_EXTENSION,3,10,57.09.00,65.46.00,2025-08-08T00:53:20.0,180,30,1700.6999999999998,3,2025-08-11T02:00:45.587Z
5849,20015507178,WEIGHTED_LEG_CURL,LEG_CURL,1,10,104.31.00,50.12.00,2025-08-09T22:35:28.0,131,28,2921.08.00,3,2025-08-12T02:00:49.914Z
5850,20015507178,WEIGHTED_LEG_CURL,LEG_CURL,2,8,104.31.00,48.43.00,2025-08-09T22:42:10.0,131,28,2921.08.00,3,2025-08-12T02:00:49.914Z
5851,20015507178,WEIGHTED_LEG_CURL,LEG_CURL,3,10,104.31.00,54.29.00,2025-08-09T22:48:43.0,131,28,2921.08.00,3,2025-08-12T02:00:49.914Z
5852,20015507178,BARBELL_HACK_SQUAT,SQUAT,1,6,97.5,50.43.00,2025-08-09T22:53:00.0,173,20,1932,3,2025-08-12T02:00:49.914Z
5853,20015507178,BARBELL_HACK_SQUAT,SQUAT,2,6,97.5,69.55.00,2025-08-09T22:59:00.0,173,20,1932,3,2025-08-12T02:00:49.914Z
5854,20015507178,BARBELL_HACK_SQUAT,SQUAT,3,8,95.25.00,80.25.00,2025-08-09T23:04:57.0,173,20,1932,3,2025-08-12T02:00:49.914Z
5855,20015507178,WEIGHTED_LEG_EXTENSIONS,CRUNCH,1,10,122.5,72.52.00,2025-08-09T23:13:51.0,203,30,3675,3,2025-08-12T02:00:49.914Z
5856,20015507178,WEIGHTED_LEG_EXTENSIONS,CRUNCH,2,10,122.5,105.15.00,2025-08-09T23:22:42.0,203,30,3675,3,2025-08-12T02:00:49.914Z
5857,20015507178,WEIGHTED_LEG_EXTENSIONS,CRUNCH,3,10,122.5,43.45.00,2025-08-09T23:27:49.0,203,30,3675,3,2025-08-12T02:00:49.914Z
5858,20015507178,WEIGHTED_STANDING_CALF_RAISE,CALF_RAISE,1,12,181.44.00,46.37.00,2025-08-09T23:29:54.0,109,36,6531.839999999999,3,2025-08-12T02:00:49.914Z
5859,20015507178,WEIGHTED_STANDING_CALF_RAISE,CALF_RAISE,2,12,181.44.00,45.13.00,2025-08-09T23:33:54.0,109,36,6531.839999999999,3,2025-08-12T02:00:49.914Z
5860,20015507178,WEIGHTED_STANDING_CALF_RAISE,CALF_RAISE,3,12,181.44.00,46.52.00,2025-08-09T23:37:29.0,109,36,6531.839999999999,3,2025-08-12T02:00:49.914Z
5861,20015507178,WEIGHTED_CRUNCH,CRUNCH,1,12,57.09.00,40.56.00,2025-08-09T23:31:49.0,129,32,1859.08.00,3,2025-08-12T02:00:49.914Z
5862,20015507178,WEIGHTED_CRUNCH,CRUNCH,2,8,59.34.00,49.46.00,2025-08-09T23:41:59.0,129,32,1859.08.00,3,2025-08-12T02:00:49.914Z
5863,20015507178,WEIGHTED_CRUNCH,CRUNCH,3,12,59.34.00,49.59.00,2025-08-09T23:48:58.0,129,32,1859.08.00,3,2025-08-12T02:00:49.914Z
5864,20015507178,LEG_ADDUCTION,BANDED_EXERCISES,1,12,88.44.00,53.53.00,2025-08-10T00:01:53.0,120,36,3211.24.00,3,2025-08-12T02:00:49.914Z
5865,20015507178,LEG_ADDUCTION,BANDED_EXERCISES,2,12,88.44.00,48.45.00,2025-08-10T00:12:35.0,120,36,3211.24.00,3,2025-08-12T02:00:49.914Z
5866,20015507178,LEG_ADDUCTION,BANDED_EXERCISES,3,12,91.09.00,39.23.00,2025-08-10T00:15:47.0,120,36,3211.24.00,3,2025-08-12T02:00:49.914Z
5943,20028936000,FLYE,FLYE,1,8,97.5,45.06.00,2025-08-11T22:27:36.0,126,21,2032.15.00,3,2025-08-14T02:00:12.838Z
5944,20028936000,FLYE,FLYE,2,6,97.5,51.17.00,2025-08-11T22:30:44.0,126,21,2032.15.00,3,2025-08-14T02:00:12.838Z
5945,20028936000,FLYE,FLYE,3,7,95.25.00,42.28.00,2025-08-11T22:35:00.0,126,21,2032.15.00,3,2025-08-14T02:00:12.838Z
5946,20028936000,SMITH_MACHINE_BENCH_PRESS,BENCH_PRESS,1,2,93,34.39.00,2025-08-11T22:40:58.0,92,13,1082.38.00,3,2025-08-14T02:00:12.838Z
5947,20028936000,SMITH_MACHINE_BENCH_PRESS,BENCH_PRESS,2,5,84.34.00,44.13.00,2025-08-11T22:44:33.0,92,13,1082.38.00,3,2025-08-14T02:00:12.838Z
5948,20028936000,SMITH_MACHINE_BENCH_PRESS,BENCH_PRESS,3,6,79.38.00,28.54.00,2025-08-11T22:49:40.0,92,13,1082.38.00,3,2025-08-14T02:00:12.838Z
5949,20028936000,SHOULDER_PRESS,SHOULDER_PRESS,1,8,75.21.00,35.09.00,2025-08-11T22:53:06.0,178,23,1721.03.00,3,2025-08-14T02:00:12.838Z
5950,20028936000,SHOULDER_PRESS,SHOULDER_PRESS,2,8,75.21.00,113.01.00,2025-08-11T22:56:10.0,178,23,1721.03.00,3,2025-08-14T02:00:12.838Z
5951,20028936000,SHOULDER_PRESS,SHOULDER_PRESS,3,7,75.21.00,55.28.00,2025-08-11T23:06:20.0,178,23,1721.03.00,3,2025-08-14T02:00:12.838Z
5952,20028936000,EZ_BAR_PREACHER_CURL,CURL,1,6,54.44.00,48.36.00,2025-08-11T23:13:04.0,117,17,925.48.00,3,2025-08-14T02:00:12.838Z
5953,20028936000,EZ_BAR_PREACHER_CURL,CURL,2,6,54.44.00,49.52.00,2025-08-11T23:22:29.0,117,17,925.48.00,3,2025-08-14T02:00:12.838Z
5954,20028936000,EZ_BAR_PREACHER_CURL,CURL,3,5,54.44.00,48.25.00,2025-08-11T23:28:33.0,117,17,925.48.00,3,2025-08-14T02:00:12.838Z
5955,20028936000,LATERAL_RAISE,LATERAL_RAISE,1,8,27.19.00,41.23.00,2025-08-11T23:32:35.0,223,22,598.1800000000001,3,2025-08-14T02:00:12.838Z
5956,20028936000,LATERAL_RAISE,LATERAL_RAISE,2,7,27.19.00,126.16.00,2025-08-11T23:34:33.0,223,22,598.1800000000001,3,2025-08-14T02:00:12.838Z
5957,20028936000,LATERAL_RAISE,LATERAL_RAISE,3,7,27.19.00,70.25.00,2025-08-11T23:39:04.0,223,22,598.1800000000001,3,2025-08-14T02:00:12.838Z
5958,20028936000,REVERSE_EZ_BAR_CURL,CURL,1,7,41.21.00,38.03.00,2025-08-11T23:42:56.0,116,25,1020.25.00,3,2025-08-14T02:00:12.838Z
5959,20028936000,REVERSE_EZ_BAR_CURL,CURL,2,10,41.21.00,52.17.00,2025-08-11T23:46:25.0,116,25,1020.25.00,3,2025-08-14T02:00:12.838Z
5960,20028936000,REVERSE_EZ_BAR_CURL,CURL,3,8,41.21.00,40.12.00,2025-08-11T23:49:21.0,116,25,1020.25.00,3,2025-08-14T02:00:12.838Z
5961,20018629144,PULL_UP,PULL_UP,1,7,<null>,37.16.00,2025-08-10T22:30:11.0,38,12,0,2,2025-08-14T02:00:15.026Z
5962,20018629144,PULL_UP,PULL_UP,2,5,<null>,21.06,2025-08-10T22:33:46.0,38,12,0,2,2025-08-14T02:00:15.026Z
5963,20018629144,LAT_PULLDOWN,PULL_UP,1,9,72.56.00,52.15.00,2025-08-10T22:38:15.0,91,19,1333.6399999999999,2,2025-08-14T02:00:15.026Z
5964,20018629144,LAT_PULLDOWN,PULL_UP,2,10,68.06.00,48.33.00,2025-08-10T22:43:37.0,91,19,1333.6399999999999,2,2025-08-14T02:00:15.026Z
5965,20018629144,CLOSE_GRIP_LAT_PULLDOWN,PULL_UP,1,6,79.38.00,37.05.00,2025-08-10T22:47:36.0,58,12,939.06.00,2,2025-08-14T02:00:15.026Z
5966,20018629144,CLOSE_GRIP_LAT_PULLDOWN,PULL_UP,2,6,77.13.00,33.58.00,2025-08-10T22:50:27.0,58,12,939.06.00,2,2025-08-14T02:00:15.026Z
5967,20018629144,SEATED_CABLE_ROW,ROW,1,10,70.31.00,43.22.00,2025-08-10T22:55:52.0,97,25,1791.57.00,3,2025-08-14T02:00:15.026Z
5968,20018629144,SEATED_CABLE_ROW,ROW,2,8,72.56.00,29.58.00,2025-08-10T22:59:43.0,97,25,1791.57.00,3,2025-08-14T02:00:15.026Z
5969,20018629144,SEATED_CABLE_ROW,ROW,3,7,72.57.00,44.04.00,2025-08-10T23:04:05.0,97,25,1791.57.00,3,2025-08-14T02:00:15.026Z
5970,20018629144,SEATED_REAR_LATERAL_RAISE,LATERAL_RAISE,1,12,54.44.00,45.25.00,2025-08-10T23:08:52.0,192,31,1707.8899999999999,3,2025-08-14T02:00:15.026Z
5971,20018629144,SEATED_REAR_LATERAL_RAISE,LATERAL_RAISE,2,10,54.44.00,41.19.00,2025-08-10T23:14:07.0,192,31,1707.8899999999999,3,2025-08-14T02:00:15.026Z
5972,20018629144,SEATED_REAR_LATERAL_RAISE,LATERAL_RAISE,3,9,57.09.00,138.51.00,2025-08-10T23:19:53.0,192,31,1707.8899999999999,3,2025-08-14T02:00:15.026Z
5973,20018629144,TRICEPS_PRESSDOWN,TRICEPS_EXTENSION,1,9,68.06.00,47.12.00,2025-08-10T23:24:38.0,92,25,1701.5,3,2025-08-14T02:00:15.026Z
5974,20018629144,TRICEPS_PRESSDOWN,TRICEPS_EXTENSION,2,8,68.06.00,35.41.00,2025-08-10T23:31:48.0,92,25,1701.5,3,2025-08-14T02:00:15.026Z
5975,20018629144,TRICEPS_PRESSDOWN,TRICEPS_EXTENSION,3,8,68.06.00,36.34.00,2025-08-10T23:35:34.0,92,25,1701.5,3,2025-08-14T02:00:15.026Z
5976,20018629144,CABLE_OVERHEAD_TRICEPS_EXTENSION,TRICEPS_EXTENSION,1,8,59.34.00,71.29.00,2025-08-10T23:38:54.0,146,27,1591.38.00,3,2025-08-14T02:00:15.026Z
5977,20018629144,CABLE_OVERHEAD_TRICEPS_EXTENSION,TRICEPS_EXTENSION,2,9,59.34.00,37.04.00,2025-08-10T23:42:31.0,146,27,1591.38.00,3,2025-08-14T02:00:15.026Z
5978,20018629144,CABLE_OVERHEAD_TRICEPS_EXTENSION,TRICEPS_EXTENSION,3,10,59.34.00,60.35.00,2025-08-10T23:46:57.0,146,27,1591.38.00,3,2025-08-14T02:00:15.026Z
6053,20051881148,PULL_UP,PULL_UP,1,6,<null>,44.27.00,2025-08-13T18:54:13.0,37,6,0,1,2025-08-16T02:00:42.837Z
6054,20051881148,CLOSE_GRIP_LAT_PULLDOWN,PULL_UP,1,8,79.38.00,49.01.00,2025-08-13T19:05:30.0,97,21,1653.4799999999998,3,2025-08-16T02:00:42.837Z
6055,20051881148,CLOSE_GRIP_LAT_PULLDOWN,PULL_UP,2,7,79.38.00,44.04.00,2025-08-13T19:08:32.0,97,21,1653.4799999999998,3,2025-08-16T02:00:42.837Z
6056,20051881148,CLOSE_GRIP_LAT_PULLDOWN,PULL_UP,3,6,77.13.00,39.54.00,2025-08-13T19:13:31.0,97,21,1653.4799999999998,3,2025-08-16T02:00:42.837Z
6057,20051881148,SEATED_CABLE_ROW,ROW,1,10,72.56.00,43.02.00,2025-08-13T19:18:16.0,111,28,2068.24.00,3,2025-08-16T02:00:42.837Z
6058,20051881148,SEATED_CABLE_ROW,ROW,2,10,72.56.00,34.35.00,2025-08-13T19:24:38.0,111,28,2068.24.00,3,2025-08-16T02:00:42.837Z
6059,20051881148,SEATED_CABLE_ROW,ROW,3,8,77.13.00,40.59.00,2025-08-13T19:30:46.0,111,28,2068.24.00,3,2025-08-16T02:00:42.837Z
6060,20051881148,TRICEPS_PRESSDOWN,TRICEPS_EXTENSION,1,8,68.06.00,54.14.00,2025-08-13T19:37:21.0,123,27,1838.02.00,3,2025-08-16T02:00:42.837Z
6061,20051881148,TRICEPS_PRESSDOWN,TRICEPS_EXTENSION,2,9,68.06.00,49.06.00,2025-08-13T19:41:32.0,123,27,1838.02.00,3,2025-08-16T02:00:42.837Z
6062,20051881148,TRICEPS_PRESSDOWN,TRICEPS_EXTENSION,3,10,68.06.00,44.59.00,2025-08-13T19:48:15.0,123,27,1838.02.00,3,2025-08-16T02:00:42.837Z
6063,20051881148,SEATED_REAR_LATERAL_RAISE,LATERAL_RAISE,1,8,54.44.00,32.43.00,2025-08-13T19:55:13.0,100,26,1375.34.00,3,2025-08-16T02:00:42.837Z
6064,20051881148,SEATED_REAR_LATERAL_RAISE,LATERAL_RAISE,2,10,52.19.00,58.25.00,2025-08-13T20:02:26.0,100,26,1375.34.00,3,2025-08-16T02:00:42.837Z
6065,20051881148,SEATED_REAR_LATERAL_RAISE,LATERAL_RAISE,3,8,52.19.00,33.49.00,2025-08-13T20:05:51.0,100,26,1375.34.00,3,2025-08-16T02:00:42.837Z
6066,20051881148,CABLE_OVERHEAD_TRICEPS_EXTENSION,TRICEPS_EXTENSION,1,10,61.25.00,47.23.00,2025-08-13T20:08:46.0,95,20,1225,2,2025-08-16T02:00:42.837Z
6067,20051881148,CABLE_OVERHEAD_TRICEPS_EXTENSION,TRICEPS_EXTENSION,2,10,61.25.00,51.03.00,2025-08-13T20:11:52.0,95,20,1225,2,2025-08-16T02:00:42.837Z
6068,20051881148,TRICEPS_EXTENSION,TRICEPS_EXTENSION,1,12,27.19.00,47.54.00,2025-08-13T20:18:43.0,78,20,562.28.00,2,2025-08-16T02:00:42.837Z
6069,20051881148,TRICEPS_EXTENSION,TRICEPS_EXTENSION,2,8,29.5,43.13.00,2025-08-13T20:24:10.0,78,20,562.28.00,2,2025-08-16T02:00:42.837Z
6070,20040467445,ROMANIAN_DEADLIFT,DEADLIFT,1,8,102.06.00,47.09.00,2025-08-12T23:53:24.0,78,16,1633.36.00,2,2025-08-16T02:00:47.318Z
6071,20040467445,ROMANIAN_DEADLIFT,DEADLIFT,2,8,102.06.00,51.24.00,2025-08-12T23:59:04.0,78,16,1633.36.00,2,2025-08-16T02:00:47.318Z
6072,20040467445,WEIGHTED_LEG_CURL,LEG_CURL,1,8,104.31.00,39.43.00,2025-08-13T00:05:38.0,204,21,2190.51.00,3,2025-08-16T02:00:47.318Z
6073,20040467445,WEIGHTED_LEG_CURL,LEG_CURL,2,6,104.31.00,84.25.00,2025-08-13T00:11:33.0,204,21,2190.51.00,3,2025-08-16T02:00:47.318Z
6074,20040467445,WEIGHTED_LEG_CURL,LEG_CURL,3,7,104.31.00,90.46.00,2025-08-13T00:18:45.0,204,21,2190.51.00,3,2025-08-16T02:00:47.318Z
6075,20040467445,BARBELL_HACK_SQUAT,SQUAT,1,6,97.5,45.55.00,2025-08-13T00:24:00.0,142,18,1701,3,2025-08-16T02:00:47.318Z
6076,20040467445,BARBELL_HACK_SQUAT,SQUAT,2,6,93,63.27.00,2025-08-13T00:29:45.0,142,18,1701,3,2025-08-16T02:00:47.318Z
6077,20040467445,BARBELL_HACK_SQUAT,SQUAT,3,6,93,56.23.00,2025-08-13T00:37:08.0,142,18,1701,3,2025-08-16T02:00:47.318Z
6078,20040467445,WEIGHTED_LEG_EXTENSIONS,CRUNCH,1,10,127,54.17.00,2025-08-13T00:43:43.0,171,29,3683,3,2025-08-16T02:00:47.318Z
6079,20040467445,WEIGHTED_LEG_EXTENSIONS,CRUNCH,2,9,127,56.58.00,2025-08-13T00:51:31.0,171,29,3683,3,2025-08-16T02:00:47.318Z
6080,20040467445,WEIGHTED_LEG_EXTENSIONS,CRUNCH,3,10,127,80.12.00,2025-08-13T01:02:02.0,171,29,3683,3,2025-08-16T02:00:47.318Z
6081,20040467445,WEIGHTED_STANDING_CALF_RAISE,CALF_RAISE,1,15,181.44.00,39.11.00,2025-08-13T01:07:59.0,100,40,7257.5999999999985,3,2025-08-16T02:00:47.318Z
6082,20040467445,WEIGHTED_STANDING_CALF_RAISE,CALF_RAISE,2,12,181.44.00,36.07.00,2025-08-13T01:12:12.0,100,40,7257.5999999999985,3,2025-08-16T02:00:47.318Z
6083,20040467445,WEIGHTED_STANDING_CALF_RAISE,CALF_RAISE,3,13,181.44.00,60.33.00,2025-08-13T01:16:17.0,100,40,7257.5999999999985,3,2025-08-16T02:00:47.318Z
6084,20040467445,WEIGHTED_CRUNCH,CRUNCH,1,12,57.09.00,48.27.00,2025-08-13T01:18:17.0,155,34,1977.36.00,3,2025-08-16T02:00:47.318Z
6085,20040467445,WEIGHTED_CRUNCH,CRUNCH,2,12,59.34.00,45.58.00,2025-08-13T01:23:33.0,155,34,1977.36.00,3,2025-08-16T02:00:47.318Z
6086,20040467445,WEIGHTED_CRUNCH,CRUNCH,3,10,59.34.00,74.18.00,2025-08-13T01:28:57.0,155,34,1977.36.00,3,2025-08-16T02:00:47.318Z
6087,20040467445,LEG_ADDUCTION,BANDED_EXERCISES,1,10,93,29.12.00,2025-08-13T01:33:53.0,93,30,2790,3,2025-08-16T02:00:47.318Z
6088,20040467445,LEG_ADDUCTION,BANDED_EXERCISES,2,10,93,37.04.00,2025-08-13T01:36:48.0,93,30,2790,3,2025-08-16T02:00:47.318Z
6089,20040467445,LEG_ADDUCTION,BANDED_EXERCISES,3,10,93,42.07.00,2025-08-13T01:40:17.0,93,30,2790,3,2025-08-16T02:00:47.318Z
6108,20072755646,SHOULDER_PRESS,SHOULDER_PRESS,1,8,82.03.00,48.24.00,2025-08-15T00:06:44.0,149,24,1959.12.00,3,2025-08-17T02:00:26.640Z
6109,20072755646,SHOULDER_PRESS,SHOULDER_PRESS,2,8,82.03.00,86.48.00,2025-08-15T00:12:39.0,149,24,1959.12.00,3,2025-08-17T02:00:26.640Z
6110,20072755646,SHOULDER_PRESS,SHOULDER_PRESS,3,8,82.03.00,37.34.00,2025-08-15T00:20:20.0,149,24,1959.12.00,3,2025-08-17T02:00:26.640Z
6111,20072755646,LATERAL_RAISE,LATERAL_RAISE,1,10,30.34.00,74.23.00,2025-08-15T00:24:29.0,176,24,743.9000000000001,3,2025-08-17T02:00:26.640Z
6112,20072755646,LATERAL_RAISE,LATERAL_RAISE,2,7,32.15.00,71.46.00,2025-08-15T00:29:29.0,176,24,743.9000000000001,3,2025-08-17T02:00:26.640Z
6113,20072755646,LATERAL_RAISE,LATERAL_RAISE,3,7,32.15.00,63.55.00,2025-08-15T00:34:26.0,176,24,743.9000000000001,3,2025-08-17T02:00:26.640Z
6114,20072755646,BENCH_PRESS,BENCH_PRESS,1,8,91.09.00,46.14.00,2025-08-15T00:38:22.0,111,26,2358.34.00,3,2025-08-17T02:00:26.640Z
6115,20072755646,BENCH_PRESS,BENCH_PRESS,2,10,91.09.00,52.37.00,2025-08-15T00:48:46.0,111,26,2358.34.00,3,2025-08-17T02:00:26.640Z
6116,20072755646,BENCH_PRESS,BENCH_PRESS,3,8,91.09.00,40.07.00,2025-08-15T00:54:38.0,111,26,2358.34.00,3,2025-08-17T02:00:26.640Z
6117,20072755646,FLYE,FLYE,1,8,91.09.00,46.42.00,2025-08-15T01:00:03.0,153,20,1841.52.00,3,2025-08-17T02:00:26.640Z
6118,20072755646,FLYE,FLYE,2,6,93,95.43.00,2025-08-15T01:03:56.0,153,20,1841.52.00,3,2025-08-17T02:00:26.640Z
6119,20072755646,FLYE,FLYE,3,6,93,38.44.00,2025-08-15T01:09:33.0,153,20,1841.52.00,3,2025-08-17T02:00:26.640Z
6120,20072755646,STANDING_EZ_BAR_BICEPS_CURL,CURL,1,12,27.19.00,69.47.00,2025-08-15T01:13:31.0,129,34,924.46.00,3,2025-08-17T02:00:26.640Z
6121,20072755646,STANDING_EZ_BAR_BICEPS_CURL,CURL,2,12,27.19.00,44.24.00,2025-08-15T01:20:31.0,129,34,924.46.00,3,2025-08-17T02:00:26.640Z
6122,20072755646,STANDING_EZ_BAR_BICEPS_CURL,CURL,3,10,27.19.00,49.37.00,2025-08-15T01:25:00.0,129,34,924.46.00,3,2025-08-17T02:00:26.640Z
6123,20072755646,REVERSE_EZ_BAR_CURL,CURL,1,8,41.21.00,38.18.00,2025-08-15T01:15:57.0,99,24,979.44.00,3,2025-08-17T02:00:26.640Z
6124,20072755646,REVERSE_EZ_BAR_CURL,CURL,2,6,41.21.00,38.28.00,2025-08-15T01:21:28.0,99,24,979.44.00,3,2025-08-17T02:00:26.640Z
6125,20072755646,REVERSE_EZ_BAR_CURL,CURL,3,10,41.21.00,41.45.00,2025-08-15T01:28:49.0,99,24,979.44.00,3,2025-08-17T02:00:26.640Z
6180,20082258915,PULL_UP,PULL_UP,1,6,<null>,35.06.00,2025-08-16T23:29:51.0,32,6,0,1,2025-08-19T02:00:41.761Z
6181,20082258915,LAT_PULLDOWN,PULL_UP,1,9,70.31.00,76.33.00,2025-08-16T23:35:41.0,119,17,1195.27.00,2,2025-08-19T02:00:41.761Z
6182,20082258915,LAT_PULLDOWN,PULL_UP,2,8,70.31.00,60.57.00,2025-08-16T23:39:27.0,119,17,1195.27.00,2,2025-08-19T02:00:41.761Z
6183,20082258915,CLOSE_GRIP_LAT_PULLDOWN,PULL_UP,1,6,82.03.00,45.38.00,2025-08-16T23:47:28.0,113,19,1537.47.00,3,2025-08-19T02:00:41.761Z
6184,20082258915,CLOSE_GRIP_LAT_PULLDOWN,PULL_UP,2,7,82.03.00,50.27.00,2025-08-16T23:52:37.0,113,19,1537.47.00,3,2025-08-19T02:00:41.761Z
6185,20082258915,CLOSE_GRIP_LAT_PULLDOWN,PULL_UP,3,6,79.38.00,40.28.00,2025-08-16T23:56:22.0,113,19,1537.47.00,3,2025-08-19T02:00:41.761Z
6186,20082258915,SEATED_REAR_LATERAL_RAISE,LATERAL_RAISE,1,8,57.09.00,28.38.00,2025-08-16T23:54:50.0,121,28,1560.32.00,3,2025-08-19T02:00:41.761Z
6187,20082258915,SEATED_REAR_LATERAL_RAISE,LATERAL_RAISE,2,12,54.44.00,48.32.00,2025-08-17T00:02:00.0,121,28,1560.32.00,3,2025-08-19T02:00:41.761Z
6188,20082258915,SEATED_REAR_LATERAL_RAISE,LATERAL_RAISE,3,8,57.09.00,54.31.00,2025-08-17T00:06:49.0,121,28,1560.32.00,3,2025-08-19T02:00:41.761Z
6189,20082258915,SEATED_CABLE_ROW,ROW,1,10,72.56.00,48.43.00,2025-08-17T00:12:06.0,131,32,2322.32.00,3,2025-08-19T02:00:41.761Z
6190,20082258915,SEATED_CABLE_ROW,ROW,2,12,72.56.00,45.03.00,2025-08-17T00:20:26.0,131,32,2322.32.00,3,2025-08-19T02:00:41.761Z
6191,20082258915,SEATED_CABLE_ROW,ROW,3,10,72.56.00,59.54.00,2025-08-17T00:31:27.0,131,32,2322.32.00,3,2025-08-19T02:00:41.761Z
6192,20082258915,TRICEPS_PRESSDOWN,TRICEPS_EXTENSION,1,8,63.5,40.51.00,2025-08-17T00:35:55.0,65,15,984.4200000000001,2,2025-08-19T02:00:41.761Z
6193,20082258915,TRICEPS_PRESSDOWN,TRICEPS_EXTENSION,2,7,68.06.00,39.58.00,2025-08-17T00:56:55.0,65,15,984.4200000000001,2,2025-08-19T02:00:41.761Z
6194,20082258915,TRICEPS_PRESS,TRICEPS_EXTENSION,1,6,100.21.00,176.33.00,2025-08-17T00:38:26.0,161,6,599.26.00,1,2025-08-19T02:00:41.761Z
6195,20082258915,CABLE_OVERHEAD_TRICEPS_EXTENSION,TRICEPS_EXTENSION,1,10,61.25.00,64.14.00,2025-08-17T00:44:18.0,141,28,1733,3,2025-08-19T02:00:41.761Z
6196,20082258915,CABLE_OVERHEAD_TRICEPS_EXTENSION,TRICEPS_EXTENSION,2,10,61.25.00,49.35.00,2025-08-17T00:50:15.0,141,28,1733,3,2025-08-19T02:00:41.761Z
6197,20082258915,CABLE_OVERHEAD_TRICEPS_EXTENSION,TRICEPS_EXTENSION,3,8,63.5,41.04.00,2025-08-17T00:53:36.0,141,28,1733,3,2025-08-19T02:00:41.761Z
6234,20093102399,WEIGHTED_LEG_CURL,LEG_CURL,1,10,104.31.00,56.41.00,2025-08-17T23:39:36.0,135,27,2856.21.00,3,2025-08-20T02:00:29.457Z
6235,20093102399,WEIGHTED_LEG_CURL,LEG_CURL,2,8,107.03.00,38.33.00,2025-08-17T23:44:54.0,135,27,2856.21.00,3,2025-08-20T02:00:29.457Z
6236,20093102399,WEIGHTED_LEG_CURL,LEG_CURL,3,9,107.03.00,59.37.00,2025-08-17T23:49:41.0,135,27,2856.21.00,3,2025-08-20T02:00:29.457Z
6237,20093102399,BARBELL_HACK_SQUAT,SQUAT,1,6,97.5,49.45.00,2025-08-17T23:58:35.0,209,18,1782.7200000000003,3,2025-08-20T02:00:29.457Z
6238,20093102399,BARBELL_HACK_SQUAT,SQUAT,2,6,100.21.00,50.28.00,2025-08-18T00:02:54.0,209,18,1782.7200000000003,3,2025-08-20T02:00:29.457Z
6239,20093102399,BARBELL_HACK_SQUAT,SQUAT,3,6,100.21.00,127.24.00,2025-08-18T00:08:38.0,209,18,1782.7200000000003,3,2025-08-20T02:00:29.457Z
6240,20093102399,WEIGHTED_LEG_EXTENSIONS,CRUNCH,1,8,127,55.47.00,2025-08-18T00:15:48.0,157,22,2858.24.00,3,2025-08-20T02:00:29.457Z
6241,20093102399,WEIGHTED_LEG_EXTENSIONS,CRUNCH,2,6,131.56.00,44.17.00,2025-08-18T00:18:41.0,157,22,2858.24.00,3,2025-08-20T02:00:29.457Z
6242,20093102399,WEIGHTED_LEG_EXTENSIONS,CRUNCH,3,8,131.56.00,73.17.00,2025-08-18T00:22:16.0,157,22,2858.24.00,3,2025-08-20T02:00:29.457Z
6243,20093102399,WEIGHTED_STANDING_CALF_RAISE,CALF_RAISE,1,16,181.44.00,35.56.00,2025-08-18T00:24:21.0,103,46,8346.24.00,3,2025-08-20T02:00:29.457Z
6244,20093102399,WEIGHTED_STANDING_CALF_RAISE,CALF_RAISE,2,18,181.44.00,53.11.00,2025-08-18T00:27:33.0,103,46,8346.24.00,3,2025-08-20T02:00:29.457Z
6245,20093102399,WEIGHTED_STANDING_CALF_RAISE,CALF_RAISE,3,12,181.44.00,46.16.00,2025-08-18T00:32:44.0,103,46,8346.24.00,3,2025-08-20T02:00:29.457Z
6246,20093102399,WEIGHTED_CRUNCH,CRUNCH,1,12,59.34.00,52.49.00,2025-08-18T00:25:32.0,117,28,1760.16.00,3,2025-08-20T02:00:29.457Z
6247,20093102399,WEIGHTED_CRUNCH,CRUNCH,2,8,63.5,33.15.00,2025-08-18T00:35:10.0,117,28,1760.16.00,3,2025-08-20T02:00:29.457Z
6248,20093102399,WEIGHTED_CRUNCH,CRUNCH,3,8,68.06.00,38.26.00,2025-08-18T00:40:11.0,117,28,1760.16.00,3,2025-08-20T02:00:29.457Z
6249,20093102399,LEG_ADDUCTION,BANDED_EXERCISES,1,12,86.19.00,55.27.00,2025-08-18T00:43:40.0,109,34,3029.46.00,3,2025-08-20T02:00:29.457Z
6250,20093102399,LEG_ADDUCTION,BANDED_EXERCISES,2,10,91.09.00,42.14.00,2025-08-18T00:48:00.0,109,34,3029.46.00,3,2025-08-20T02:00:29.457Z
6251,20093102399,LEG_ADDUCTION,BANDED_EXERCISES,3,12,91.09.00,47.51.00,2025-08-18T00:51:24.0,109,34,3029.46.00,3,2025-08-20T02:00:29.457Z
6288,20114798024,LAT_PULLDOWN,PULL_UP,1,8,70.31.00,43.57.00,2025-08-19T22:25:54.0,83,16,1125.36.00,2,2025-08-22T02:00:28.784Z
6289,20114798024,LAT_PULLDOWN,PULL_UP,2,8,70.31.00,47.07.00,2025-08-19T22:30:47.0,83,16,1125.36.00,2,2025-08-22T02:00:28.784Z
6290,20114798024,CLOSE_GRIP_LAT_PULLDOWN,PULL_UP,1,6,82.03.00,51.43.00,2025-08-19T22:35:12.0,130,20,1601.1,3,2025-08-22T02:00:28.784Z
6291,20114798024,CLOSE_GRIP_LAT_PULLDOWN,PULL_UP,2,6,79.38.00,41.42.00,2025-08-19T22:40:25.0,130,20,1601.1,3,2025-08-22T02:00:28.784Z
6292,20114798024,CLOSE_GRIP_LAT_PULLDOWN,PULL_UP,3,8,79.38.00,55.48.00,2025-08-19T22:44:33.0,130,20,1601.1,3,2025-08-22T02:00:28.784Z
6293,20114798024,SEATED_CABLE_ROW,ROW,1,8,77.13.00,67.38.00,2025-08-19T22:50:45.0,160,24,1851.12.00,3,2025-08-22T02:00:28.784Z
6294,20114798024,SEATED_CABLE_ROW,ROW,2,8,77.13.00,52.23.00,2025-08-19T22:56:51.0,160,24,1851.12.00,3,2025-08-22T02:00:28.784Z
6295,20114798024,SEATED_CABLE_ROW,ROW,3,8,77.13.00,57.36.00,2025-08-19T23:01:53.0,160,24,1851.12.00,3,2025-08-22T02:00:28.784Z
6296,20114798024,SEATED_REAR_LATERAL_RAISE,LATERAL_RAISE,1,10,54.44.00,52.43.00,2025-08-19T23:05:14.0,143,30,1678.1999999999998,3,2025-08-22T02:00:28.784Z
6297,20114798024,SEATED_REAR_LATERAL_RAISE,LATERAL_RAISE,2,10,57.09.00,47.17.00,2025-08-19T23:09:04.0,143,30,1678.1999999999998,3,2025-08-22T02:00:28.784Z
6298,20114798024,SEATED_REAR_LATERAL_RAISE,LATERAL_RAISE,3,10,57.09.00,67.29.00,2025-08-19T23:13:26.0,143,30,1678.1999999999998,3,2025-08-22T02:00:28.784Z
6299,20114798024,TRICEPS_PRESSDOWN,TRICEPS_EXTENSION,1,9,68.06.00,47.58.00,2025-08-19T23:16:33.0,119,25,1701.5,3,2025-08-22T02:00:28.784Z
6300,20114798024,TRICEPS_PRESSDOWN,TRICEPS_EXTENSION,2,8,68.06.00,40.25.00,2025-08-19T23:22:56.0,119,25,1701.5,3,2025-08-22T02:00:28.784Z
6301,20114798024,TRICEPS_PRESSDOWN,TRICEPS_EXTENSION,3,8,68.06.00,37.15.00,2025-08-19T23:27:27.0,119,25,1701.5,3,2025-08-22T02:00:28.784Z
6302,20114798024,CABLE_OVERHEAD_TRICEPS_EXTENSION,TRICEPS_EXTENSION,1,8,61.25.00,57.11.00,2025-08-19T23:30:37.0,90,16,998,2,2025-08-22T02:00:28.784Z
6303,20114798024,CABLE_OVERHEAD_TRICEPS_EXTENSION,TRICEPS_EXTENSION,2,8,63.5,51.32.00,2025-08-19T23:33:40.0,90,16,998,2,2025-08-22T02:00:28.784Z
6304,20114798024,LYING_EZ_BAR_TRICEPS_EXTENSION,TRICEPS_EXTENSION,1,10,27.19.00,57.25.00,2025-08-19T23:37:46.0,89,26,707.34.00,2,2025-08-22T02:00:28.784Z
6305,20114798024,LYING_EZ_BAR_TRICEPS_EXTENSION,TRICEPS_EXTENSION,2,16,27.19.00,52.39.00,2025-08-19T23:43:40.0,89,26,707.34.00,2,2025-08-22T02:00:28.784Z
6306,20103961540,INCLINE_SMITH_MACHINE_BENCH_PRESS,BENCH_PRESS,1,6,79.38.00,39.08.00,2025-08-19T01:03:32.0,122,18,1402.24.00,3,2025-08-22T02:00:33.326Z
6307,20103961540,INCLINE_SMITH_MACHINE_BENCH_PRESS,BENCH_PRESS,2,6,77.13.00,51.15.00,2025-08-19T01:06:53.0,122,18,1402.24.00,3,2025-08-22T02:00:33.326Z
6308,20103961540,INCLINE_SMITH_MACHINE_BENCH_PRESS,BENCH_PRESS,3,6,77.13.00,43.37.00,2025-08-19T01:12:21.0,122,18,1402.24.00,3,2025-08-22T02:00:33.326Z
6309,20103961540,SHOULDER_PRESS,SHOULDER_PRESS,1,7,79.38.00,40.52.00,2025-08-19T01:14:38.0,115,21,1667.38.00,3,2025-08-22T02:00:33.326Z
6310,20103961540,SHOULDER_PRESS,SHOULDER_PRESS,2,6,79.38.00,38.29.00,2025-08-19T01:17:42.0,115,21,1667.38.00,3,2025-08-22T02:00:33.326Z
6311,20103961540,SHOULDER_PRESS,SHOULDER_PRESS,3,8,79.38.00,54.01.00,2025-08-19T01:21:23.0,115,21,1667.38.00,3,2025-08-22T02:00:33.326Z
6312,20103961540,FLYE,FLYE,1,6,95.25.00,41.25.00,2025-08-19T01:23:06.0,127,18,1659.7799999999997,3,2025-08-22T02:00:33.326Z
6313,20103961540,FLYE,FLYE,2,6,91.09.00,40.42.00,2025-08-19T01:27:04.0,127,18,1659.7799999999997,3,2025-08-22T02:00:33.326Z
6314,20103961540,FLYE,FLYE,3,6,91.09.00,54.28.00,2025-08-19T01:30:28.0,127,18,1659.7799999999997,3,2025-08-22T02:00:33.326Z
6315,20103961540,LATERAL_RAISE,LATERAL_RAISE,1,6,32.15.00,51.21.00,2025-08-19T01:33:26.0,132,19,603.25.00,3,2025-08-22T02:00:33.326Z
6316,20103961540,LATERAL_RAISE,LATERAL_RAISE,2,7,32.15.00,62.16.00,2025-08-19T01:39:09.0,132,19,603.25.00,3,2025-08-22T02:00:33.326Z
6317,20103961540,LATERAL_RAISE,LATERAL_RAISE,3,6,32.15.00,41.27.00,2025-08-19T01:43:54.0,132,19,603.25.00,3,2025-08-22T02:00:33.326Z
6318,20103961540,EZ_BAR_PREACHER_CURL,CURL,1,6,54.44.00,56.19.00,2025-08-19T01:48:12.0,128,17,925.48.00,3,2025-08-22T02:00:33.326Z
6319,20103961540,EZ_BAR_PREACHER_CURL,CURL,2,6,54.44.00,30.39.00,2025-08-19T01:52:46.0,128,17,925.48.00,3,2025-08-22T02:00:33.326Z
6320,20103961540,EZ_BAR_PREACHER_CURL,CURL,3,5,54.44.00,57.23.00,2025-08-19T01:56:13.0,128,17,925.48.00,3,2025-08-22T02:00:33.326Z
6321,20103961540,REVERSE_EZ_BAR_CURL,CURL,1,7,42.34.00,34.18.00,2025-08-19T01:59:11.0,104,23,955.5799999999999,3,2025-08-22T02:00:33.326Z
6322,20103961540,REVERSE_EZ_BAR_CURL,CURL,2,8,41.21.00,36.54.00,2025-08-19T02:01:53.0,104,23,955.5799999999999,3,2025-08-22T02:00:33.326Z
6323,20103961540,REVERSE_EZ_BAR_CURL,CURL,3,8,42.34.00,47.29.00,2025-08-19T02:04:51.0,104,23,955.5799999999999,3,2025-08-22T02:00:33.326Z
6389,20136852856,WEIGHTED_LEG_CURL,LEG_CURL,1,9,107.03.00,52.18.00,2025-08-22T00:37:45.0,132,26,2772.38.00,3,2025-08-24T02:01:04.218Z
6390,20136852856,WEIGHTED_LEG_CURL,LEG_CURL,2,8,107.03.00,45.46.00,2025-08-22T00:42:57.0,132,26,2772.38.00,3,2025-08-24T02:01:04.218Z
6391,20136852856,WEIGHTED_LEG_CURL,LEG_CURL,3,9,107.03.00,57.47.00,2025-08-22T00:49:57.0,132,26,2772.38.00,3,2025-08-24T02:01:04.218Z
6392,20136852856,BARBELL_HACK_SQUAT,SQUAT,1,6,100.21.00,54.28.00,2025-08-22T00:56:18.0,208,20,1996.2,3,2025-08-24T02:01:04.218Z
6393,20136852856,BARBELL_HACK_SQUAT,SQUAT,2,6,100.21.00,53.14.00,2025-08-22T01:01:20.0,208,20,1996.2,3,2025-08-24T02:01:04.218Z
6394,20136852856,BARBELL_HACK_SQUAT,SQUAT,3,8,100.21.00,116.07.00,2025-08-22T01:06:28.0,208,20,1996.2,3,2025-08-24T02:01:04.218Z
6395,20136852856,WEIGHTED_LEG_EXTENSIONS,CRUNCH,1,6,136.06.00,34.09.00,2025-08-22T01:17:57.0,129,22,2993.32.00,3,2025-08-24T02:01:04.218Z
6396,20136852856,WEIGHTED_LEG_EXTENSIONS,CRUNCH,2,8,136.06.00,39.34.00,2025-08-22T01:24:18.0,129,22,2993.32.00,3,2025-08-24T02:01:04.218Z
6397,20136852856,WEIGHTED_LEG_EXTENSIONS,CRUNCH,3,8,136.06.00,71.51.00,2025-08-22T01:32:32.0,129,22,2993.32.00,3,2025-08-24T02:01:04.218Z
6398,20136852856,WEIGHTED_CRUNCH,CRUNCH,1,7,54.44.00,46.37.00,2025-08-22T01:35:21.0,92,19,1074.8600000000001,3,2025-08-24T02:01:04.218Z
6399,20136852856,WEIGHTED_CRUNCH,CRUNCH,2,6,57.09.00,38.06.00,2025-08-22T01:39:55.0,92,19,1074.8600000000001,3,2025-08-24T02:01:04.218Z
6400,20136852856,WEIGHTED_CRUNCH,CRUNCH,3,6,59.34.00,42.22.00,2025-08-22T01:43:02.0,92,19,1074.8600000000001,3,2025-08-24T02:01:04.218Z
6401,20136852856,LEG_ADDUCTION,BANDED_EXERCISES,1,12,91.09.00,36.43.00,2025-08-22T01:44:28.0,117,36,3292.56.00,3,2025-08-24T02:01:04.218Z
6402,20136852856,LEG_ADDUCTION,BANDED_EXERCISES,2,12,91.09.00,40.11.00,2025-08-22T01:47:35.0,117,36,3292.56.00,3,2025-08-24T02:01:04.218Z
6403,20136852856,LEG_ADDUCTION,BANDED_EXERCISES,3,12,93,49.41.00,2025-08-22T01:55:51.0,117,36,3292.56.00,3,2025-08-24T02:01:04.218Z
6430,20146410032,SHOULDER_PRESS,SHOULDER_PRESS,1,8,84.34.00,34.23.00,2025-08-22T23:17:56.0,102,24,2014.56.00,3,2025-08-25T02:00:39.065Z
6431,20146410032,SHOULDER_PRESS,SHOULDER_PRESS,2,8,84.34.00,33.15.00,2025-08-22T23:22:30.0,102,24,2014.56.00,3,2025-08-25T02:00:39.065Z
6432,20146410032,SHOULDER_PRESS,SHOULDER_PRESS,3,8,84.34.00,41.49.00,2025-08-22T23:27:32.0,102,24,2014.56.00,3,2025-08-25T02:00:39.065Z
6433,20146410032,INCLINE_SMITH_MACHINE_BENCH_PRESS,BENCH_PRESS,1,6,79.38.00,49.43.00,2025-08-22T23:35:17.0,111,16,1261.08.00,3,2025-08-25T02:00:39.065Z
6434,20146410032,INCLINE_SMITH_MACHINE_BENCH_PRESS,BENCH_PRESS,2,6,79.38.00,41.38.00,2025-08-22T23:40:24.0,111,16,1261.08.00,3,2025-08-25T02:00:39.065Z
6435,20146410032,INCLINE_SMITH_MACHINE_BENCH_PRESS,BENCH_PRESS,3,4,77.13.00,42.51.00,2025-08-22T23:54:27.0,111,16,1261.08.00,3,2025-08-25T02:00:39.065Z
6436,20146410032,LATERAL_RAISE,LATERAL_RAISE,1,6,32.15.00,75.25.00,2025-08-22T23:57:03.0,183,20,635,3,2025-08-25T02:00:39.065Z
6437,20146410032,LATERAL_RAISE,LATERAL_RAISE,2,6,32.15.00,69.42.00,2025-08-23T00:04:11.0,183,20,635,3,2025-08-25T02:00:39.065Z
6438,20146410032,LATERAL_RAISE,LATERAL_RAISE,3,8,32.15.00,66.09.00,2025-08-23T00:11:36.0,183,20,635,3,2025-08-25T02:00:39.065Z
6439,20146410032,TRICEPS_PRESSDOWN,TRICEPS_EXTENSION,1,8,68.06.00,31.25.00,2025-08-23T00:20:32.0,104,24,1633.44.00,3,2025-08-25T02:00:39.065Z
6440,20146410032,TRICEPS_PRESSDOWN,TRICEPS_EXTENSION,2,8,68.06.00,36.03.00,2025-08-23T00:23:27.0,104,24,1633.44.00,3,2025-08-25T02:00:39.065Z
6441,20146410032,TRICEPS_PRESSDOWN,TRICEPS_EXTENSION,3,8,68.06.00,48.31.00,2025-08-23T00:31:59.0,104,24,1633.44.00,3,2025-08-25T02:00:39.065Z
6442,20146410032,CABLE_OVERHEAD_TRICEPS_EXTENSION,TRICEPS_EXTENSION,1,8,63.5,195.34.00,2025-08-23T00:33:12.0,275,22,1397,3,2025-08-25T02:00:39.065Z
6443,20146410032,CABLE_OVERHEAD_TRICEPS_EXTENSION,TRICEPS_EXTENSION,2,7,63.5,61.04.00,2025-08-23T00:42:17.0,275,22,1397,3,2025-08-25T02:00:39.065Z
6444,20146410032,CABLE_OVERHEAD_TRICEPS_EXTENSION,TRICEPS_EXTENSION,3,7,63.5,53.08.00,2025-08-23T00:48:56.0,275,22,1397,3,2025-08-25T02:00:39.065Z
6501,20155838316,PULL_UP,PULL_UP,1,6,<null>,37.43.00,2025-08-23T19:00:13.0,30,6,0,1,2025-08-26T02:00:52.761Z
6502,20155838316,LAT_PULLDOWN,PULL_UP,1,10,72.56.00,81.51.00,2025-08-23T19:06:55.0,319,20,1451.2,2,2025-08-26T02:00:52.761Z
6503,20155838316,LAT_PULLDOWN,PULL_UP,2,10,72.56.00,261.26.00,2025-08-23T19:11:04.0,319,20,1451.2,2,2025-08-26T02:00:52.761Z
6504,20155838316,CLOSE_GRIP_LAT_PULLDOWN,PULL_UP,1,6,82.03.00,77.05.00,2025-08-23T19:20:38.0,258,23,1755.29.00,3,2025-08-26T02:00:52.761Z
6505,20155838316,CLOSE_GRIP_LAT_PULLDOWN,PULL_UP,2,10,72.56.00,94.52.00,2025-08-23T19:27:33.0,258,23,1755.29.00,3,2025-08-26T02:00:52.761Z
6506,20155838316,CLOSE_GRIP_LAT_PULLDOWN,PULL_UP,3,7,77.13.00,106.24.00,2025-08-23T19:32:46.0,258,23,1755.29.00,3,2025-08-26T02:00:52.761Z
6507,20155838316,WIDE_GRIP_SEATED_CABLE_ROW,ROW,1,8,77.13.00,57.31.00,2025-08-23T19:43:15.0,208,24,1851.12.00,3,2025-08-26T02:00:52.761Z
6508,20155838316,WIDE_GRIP_SEATED_CABLE_ROW,ROW,2,8,77.13.00,114.39.00,2025-08-23T19:50:58.0,208,24,1851.12.00,3,2025-08-26T02:00:52.761Z
6509,20155838316,WIDE_GRIP_SEATED_CABLE_ROW,ROW,3,8,77.13.00,53.16.00,2025-08-23T19:55:48.0,208,24,1851.12.00,3,2025-08-26T02:00:52.761Z
6510,20155838316,EZ_BAR_PREACHER_CURL,CURL,1,6,54.44.00,49.57.00,2025-08-23T20:02:19.0,381,17,911.9799999999999,3,2025-08-26T02:00:52.761Z
6511,20155838316,EZ_BAR_PREACHER_CURL,CURL,2,5,54.44.00,101.08.00,2025-08-23T20:10:04.0,381,17,911.9799999999999,3,2025-08-26T02:00:52.761Z
6512,20155838316,EZ_BAR_PREACHER_CURL,CURL,3,6,52.19.00,248.39.00,2025-08-23T20:19:32.0,381,17,911.9799999999999,3,2025-08-26T02:00:52.761Z
6513,20155838316,REVERSE_EZ_BAR_CURL,CURL,1,8,43.06.00,33.09.00,2025-08-23T20:30:11.0,292,26,1079.06.00,3,2025-08-26T02:00:52.761Z
6514,20155838316,REVERSE_EZ_BAR_CURL,CURL,2,8,41.21.00,110.41.00,2025-08-23T20:35:00.0,292,26,1079.06.00,3,2025-08-26T02:00:52.761Z
6515,20155838316,REVERSE_EZ_BAR_CURL,CURL,3,10,41.21.00,155.31.00,2025-08-23T20:42:28.0,292,26,1079.06.00,3,2025-08-26T02:00:52.761Z
6516,20155838316,SEATED_REAR_LATERAL_RAISE,LATERAL_RAISE,1,12,54.44.00,57.11.00,2025-08-23T20:49:00.0,84,20,1106.8,2,2025-08-26T02:00:52.761Z
6517,20155838316,SEATED_REAR_LATERAL_RAISE,LATERAL_RAISE,2,8,57.09.00,50.36.00,2025-08-23T20:52:45.0,84,20,1106.8,2,2025-08-26T02:00:52.761Z
6518,20155838316,SINGLE_ARM_STANDING_CABLE_REVERSE_FLYE,FLYE,1,12,23.09,66.28.00,2025-08-23T20:57:37.0,177,30,680.7,3,2025-08-26T02:00:52.761Z
6519,20155838316,SINGLE_ARM_STANDING_CABLE_REVERSE_FLYE,FLYE,2,8,23.09,59.34.00,2025-08-23T21:00:41.0,177,30,680.7,3,2025-08-26T02:00:52.761Z
6520,20155838316,SINGLE_ARM_STANDING_CABLE_REVERSE_FLYE,FLYE,3,10,23.09,75.38.00,2025-08-23T21:05:56.0,177,30,680.7,3,2025-08-26T02:00:52.761Z
6643,20167845436,WEIGHTED_CRUNCH,CRUNCH,1,6,59.34.00,42.58.00,2025-08-24T23:59:39.0,183,18,1007.32.00,3,2025-08-29T02:01:19.087Z
6644,20167845436,WEIGHTED_CRUNCH,CRUNCH,2,6,54.44.00,49.09.00,2025-08-25T00:07:00.0,183,18,1007.32.00,3,2025-08-29T02:01:19.087Z
6645,20167845436,WEIGHTED_CRUNCH,CRUNCH,3,6,54.44.00,112.55.00,2025-08-25T00:11:42.0,183,18,1007.32.00,3,2025-08-29T02:01:19.087Z
6646,20167845436,WEIGHTED_STANDING_CALF_RAISE,CALF_RAISE,1,12,186,36.08.00,2025-08-25T00:18:52.0,164,36,6696,3,2025-08-29T02:01:19.087Z
6647,20167845436,WEIGHTED_STANDING_CALF_RAISE,CALF_RAISE,2,12,186,32.16.00,2025-08-25T00:23:34.0,164,36,6696,3,2025-08-29T02:01:19.087Z
6648,20167845436,WEIGHTED_STANDING_CALF_RAISE,CALF_RAISE,3,12,186,112.27.00,2025-08-25T00:27:59.0,164,36,6696,3,2025-08-29T02:01:19.087Z
6804,20175201901,WEIGHTED_LEG_CURL,LEG_CURL,1,8,109.28.00,40.12.00,2025-08-25T16:45:00.0,107,24,2613.12.00,3,2025-08-31T02:00:53.165Z
6805,20175201901,WEIGHTED_LEG_CURL,LEG_CURL,2,8,109.28.00,40.16.00,2025-08-25T16:49:40.0,107,24,2613.12.00,3,2025-08-31T02:00:53.165Z
6806,20175201901,WEIGHTED_LEG_CURL,LEG_CURL,3,8,109.28.00,34.5,2025-08-25T16:54:59.0,107,24,2613.12.00,3,2025-08-31T02:00:53.165Z
6807,20175201901,BARBELL_HACK_SQUAT,SQUAT,1,6,102.06.00,149.59.00,2025-08-25T16:56:55.0,242,18,1864.08.00,3,2025-08-31T02:00:53.165Z
6808,20175201901,BARBELL_HACK_SQUAT,SQUAT,2,6,104.31.00,39.39.00,2025-08-25T17:02:34.0,242,18,1864.08.00,3,2025-08-31T02:00:53.165Z
6809,20175201901,BARBELL_HACK_SQUAT,SQUAT,3,6,104.31.00,70.57.00,2025-08-25T17:08:31.0,242,18,1864.08.00,3,2025-08-31T02:00:53.165Z
6810,20175201901,WEIGHTED_LEG_EXTENSIONS,CRUNCH,1,6,141.03.00,50.25.00,2025-08-25T17:13:46.0,132,20,2749.02.00,3,2025-08-31T02:00:53.165Z
6811,20175201901,WEIGHTED_LEG_EXTENSIONS,CRUNCH,2,8,136.06.00,55.44.00,2025-08-25T17:18:37.0,132,20,2749.02.00,3,2025-08-31T02:00:53.165Z
6812,20175201901,WEIGHTED_LEG_EXTENSIONS,CRUNCH,3,6,136.06.00,53.09.00,2025-08-25T17:24:13.0,132,20,2749.02.00,3,2025-08-31T02:00:53.165Z
6813,20175201901,LEG_ADDUCTION,BANDED_EXERCISES,1,12,93,46.15.00,2025-08-25T17:29:07.0,95,34,3162,3,2025-08-31T02:00:53.165Z
6814,20175201901,LEG_ADDUCTION,BANDED_EXERCISES,2,12,93,43.51.00,2025-08-25T17:32:27.0,95,34,3162,3,2025-08-31T02:00:53.165Z
6815,20175201901,LEG_ADDUCTION,BANDED_EXERCISES,3,10,93,36.03.00,2025-08-25T17:36:43.0,95,34,3162,3,2025-08-31T02:00:53.165Z
7002,20189121256,INCLINE_SMITH_MACHINE_BENCH_PRESS,BENCH_PRESS,1,5,75.21.00,43.39.00,2025-08-26T21:25:39.0,139,17,1218.17.00,3,2025-09-02T02:01:10.165Z
7003,20189121256,INCLINE_SMITH_MACHINE_BENCH_PRESS,BENCH_PRESS,2,6,70.31.00,64.16.00,2025-08-26T21:31:38.0,139,17,1218.17.00,3,2025-09-02T02:01:10.165Z
7004,20189121256,INCLINE_SMITH_MACHINE_BENCH_PRESS,BENCH_PRESS,3,6,70.31.00,47.25.00,2025-08-26T21:37:02.0,139,17,1218.17.00,3,2025-09-02T02:01:10.165Z
7005,20189121256,LATERAL_RAISE,LATERAL_RAISE,1,10,34,35.06.00,2025-08-26T21:41:17.0,108,34,1184.12.00,3,2025-09-02T02:01:10.165Z
7006,20189121256,LATERAL_RAISE,LATERAL_RAISE,2,12,34,46.13.00,2025-08-26T21:44:15.0,108,34,1184.12.00,3,2025-09-02T02:01:10.165Z
7007,20189121256,LATERAL_RAISE,LATERAL_RAISE,3,12,36.31.00,47.46.00,2025-08-26T21:48:48.0,108,34,1184.12.00,3,2025-09-02T02:01:10.165Z
7008,20189121256,FLYE,FLYE,1,7,93,36.18.00,2025-08-26T21:52:58.0,98,21,1953,3,2025-09-02T02:01:10.165Z
7009,20189121256,FLYE,FLYE,2,6,93,35.57.00,2025-08-26T21:55:44.0,98,21,1953,3,2025-09-02T02:01:10.165Z
7010,20189121256,FLYE,FLYE,3,8,93,46.55.00,2025-08-26T21:59:36.0,98,21,1953,3,2025-09-02T02:01:10.165Z
7011,20189121256,EZ_BAR_PREACHER_CURL,CURL,1,10,34,55.59.00,2025-08-26T22:10:49.0,172,26,884,3,2025-09-02T02:01:10.165Z
7012,20189121256,EZ_BAR_PREACHER_CURL,CURL,2,8,34,72.56.00,2025-08-26T22:14:36.0,172,26,884,3,2025-09-02T02:01:10.165Z
7013,20189121256,EZ_BAR_PREACHER_CURL,CURL,3,8,34,68.05.00,2025-08-26T22:19:04.0,172,26,884,3,2025-09-02T02:01:10.165Z
7107,20200049227,LAT_PULLDOWN,PULL_UP,1,6,77.13.00,31.42.00,2025-08-27T22:01:57.0,22,6,463.18.00,1,2025-09-03T02:00:33.247Z
7108,20200049227,PULL_UP,PULL_UP,1,6,<null>,25.33.00,2025-08-27T22:04:46.0,49,12,0,2,2025-09-03T02:00:33.247Z
7109,20200049227,PULL_UP,PULL_UP,2,6,<null>,36.49.00,2025-08-27T22:07:38.0,49,12,0,2,2025-09-03T02:00:33.247Z
7110,20200049227,SEATED_CABLE_ROW,ROW,1,10,77.13.00,32.16.00,2025-08-27T22:11:19.0,156,23,1832.49.00,3,2025-09-03T02:00:33.247Z
7111,20200049227,SEATED_CABLE_ROW,ROW,2,7,82.03.00,80.11.00,2025-08-27T22:15:14.0,156,23,1832.49.00,3,2025-09-03T02:00:33.247Z
7112,20200049227,SEATED_CABLE_ROW,ROW,3,6,82.03.00,63.49.00,2025-08-27T22:19:38.0,156,23,1832.49.00,3,2025-09-03T02:00:33.247Z
7113,20200049227,TRICEPS_PRESSDOWN,TRICEPS_EXTENSION,1,10,66.15.00,266.22.00,2025-08-27T22:23:37.0,483,28,1841,3,2025-09-03T02:00:33.247Z
7114,20200049227,TRICEPS_PRESSDOWN,TRICEPS_EXTENSION,2,8,66.15.00,93.41.00,2025-08-27T22:30:28.0,483,28,1841,3,2025-09-03T02:00:33.247Z
7115,20200049227,TRICEPS_PRESSDOWN,TRICEPS_EXTENSION,3,10,66.15.00,147.08.00,2025-08-27T22:34:13.0,483,28,1841,3,2025-09-03T02:00:33.247Z
7116,20200049227,EZ_BAR_OVERHEAD_TRICEPS_EXTENSION,TRICEPS_EXTENSION,1,10,59.34.00,37.35.00,2025-08-27T22:38:43.0,147,24,1509.9,3,2025-09-03T02:00:33.247Z
7117,20200049227,EZ_BAR_OVERHEAD_TRICEPS_EXTENSION,TRICEPS_EXTENSION,2,8,66.15.00,57.35.00,2025-08-27T22:41:58.0,147,24,1509.9,3,2025-09-03T02:00:33.247Z
7118,20200049227,EZ_BAR_OVERHEAD_TRICEPS_EXTENSION,TRICEPS_EXTENSION,3,6,66.15.00,64.24.00,2025-08-27T22:45:13.0,147,24,1509.9,3,2025-09-03T02:00:33.247Z
7317,20210271045,REVERSE_EZ_BAR_CURL,CURL,1,10,43.06.00,36.38.00,2025-08-28T20:54:44.0,77,22,947.32.00,2,2025-09-05T02:01:32.855Z
7318,20210271045,REVERSE_EZ_BAR_CURL,CURL,2,12,43.06.00,42.58.00,2025-08-28T20:59:08.0,77,22,947.32.00,2,2025-09-05T02:01:32.855Z
7319,20210271045,WEIGHTED_LEG_CURL,LEG_CURL,1,6,91.09.00,27.59.00,2025-08-28T21:01:03.0,135,22,1687.1,3,2025-09-05T02:01:32.855Z
7320,20210271045,WEIGHTED_LEG_CURL,LEG_CURL,2,8,68.06.00,96.08.00,2025-08-28T21:06:13.0,135,22,1687.1,3,2025-09-05T02:01:32.855Z
7321,20210271045,WEIGHTED_LEG_CURL,LEG_CURL,3,8,75.21.00,33.33.00,2025-08-28T21:10:47.0,135,22,1687.1,3,2025-09-05T02:01:32.855Z
7322,20210271045,BARBELL_BACK_SQUAT,SQUAT,1,6,61.25.00,10.43,2025-08-28T21:18:48.0,8,6,367.5,1,2025-09-05T02:01:32.855Z
7323,20210271045,BARBELL_HACK_SQUAT,SQUAT,1,10,79.38.00,35.02.00,2025-08-28T21:23:55.0,104,18,1573.8,2,2025-09-05T02:01:32.855Z
7324,20210271045,BARBELL_HACK_SQUAT,SQUAT,2,8,97.5,75.44.00,2025-08-28T21:29:12.0,104,18,1573.8,2,2025-09-05T02:01:32.855Z
7325,20210271045,WEIGHTED_LEG_EXTENSIONS,CRUNCH,1,12,102.06.00,28.48.00,2025-08-28T21:36:11.0,305,34,3620.08.00,3,2025-09-05T02:01:32.855Z
7326,20210271045,WEIGHTED_LEG_EXTENSIONS,CRUNCH,2,10,109.28.00,39.18.00,2025-08-28T21:41:25.0,305,34,3620.08.00,3,2025-09-05T02:01:32.855Z
7327,20210271045,WEIGHTED_LEG_EXTENSIONS,CRUNCH,3,12,109.28.00,258.42.00,2025-08-28T21:45:39.0,305,34,3620.08.00,3,2025-09-05T02:01:32.855Z
7328,20210271045,LEG_ADDUCTION,BANDED_EXERCISES,1,16,138.35.00,51.29.00,2025-08-28T21:57:21.0,196,34,4704.44.00,3,2025-09-05T02:01:32.855Z
7329,20210271045,LEG_ADDUCTION,BANDED_EXERCISES,2,10,138.38.00,71.54.00,2025-08-28T22:01:00.0,196,34,4704.44.00,3,2025-09-05T02:01:32.855Z
7330,20210271045,LEG_ADDUCTION,BANDED_EXERCISES,3,8,138.38.00,85.13.00,2025-08-28T22:03:37.0,196,34,4704.44.00,3,2025-09-05T02:01:32.855Z
7472,20229865895,PULL_UP,PULL_UP,1,10,<null>,61.29.00,2025-08-30T22:06:01.0,150,22,0,3,2025-09-07T02:00:30.640Z
7473,20229865895,PULL_UP,PULL_UP,2,6,<null>,38.49.00,2025-08-30T22:09:31.0,150,22,0,3,2025-09-07T02:00:30.640Z
7474,20229865895,PULL_UP,PULL_UP,3,6,<null>,67.15.00,2025-08-30T22:12:56.0,150,22,0,3,2025-09-07T02:00:30.640Z
7475,20229865895,SEATED_CABLE_ROW,ROW,1,10,72.56.00,72.31.00,2025-08-30T22:16:04.0,142,28,2031.6799999999998,3,2025-09-07T02:00:30.640Z
7476,20229865895,SEATED_CABLE_ROW,ROW,2,8,72.56.00,49.09.00,2025-08-30T22:19:23.0,142,28,2031.6799999999998,3,2025-09-07T02:00:30.640Z
7477,20229865895,SEATED_CABLE_ROW,ROW,3,10,72.56.00,44.09.00,2025-08-30T22:22:56.0,142,28,2031.6799999999998,3,2025-09-07T02:00:30.640Z
7478,20229865895,CLOSE_GRIP_LAT_PULLDOWN,PULL_UP,1,7,82.03.00,32.36.00,2025-08-30T22:25:24.0,54,13,1061.19.00,2,2025-09-07T02:00:30.640Z
7479,20229865895,CLOSE_GRIP_LAT_PULLDOWN,PULL_UP,2,6,82.03.00,32.12.00,2025-08-30T22:29:37.0,54,13,1061.19.00,2,2025-09-07T02:00:30.640Z
7480,20229865895,REVERSE_EZ_BAR_CURL,CURL,1,6,45.38.00,32.23.00,2025-08-30T22:31:31.0,98,21,884.51.00,3,2025-09-07T02:00:30.640Z
7481,20229865895,REVERSE_EZ_BAR_CURL,CURL,2,7,41.21.00,47.14.00,2025-08-30T22:34:10.0,98,21,884.51.00,3,2025-09-07T02:00:30.640Z
7482,20229865895,REVERSE_EZ_BAR_CURL,CURL,3,8,41.22.00,45.44.00,2025-08-30T22:47:04.0,98,21,884.51.00,3,2025-09-07T02:00:30.640Z
7483,20229865895,EZ_BAR_PREACHER_CURL,CURL,1,8,43.03.00,42.28.00,2025-08-30T22:38:45.0,121,20,866.1000000000001,3,2025-09-07T02:00:30.640Z
7484,20229865895,EZ_BAR_PREACHER_CURL,CURL,2,6,45.28.00,44.29.00,2025-08-30T22:42:02.0,121,20,866.1000000000001,3,2025-09-07T02:00:30.640Z
7485,20229865895,EZ_BAR_PREACHER_CURL,CURL,3,6,43.03.00,48.26.00,2025-08-30T22:45:40.0,121,20,866.1000000000001,3,2025-09-07T02:00:30.640Z
7486,20229865895,INCLINE_REVERSE_FLYE,FLYE,1,8,23.09,48.41.00,2025-08-30T22:52:11.0,115,25,567.25.00,3,2025-09-07T02:00:30.640Z
7487,20229865895,INCLINE_REVERSE_FLYE,FLYE,2,10,23.09,53.15.00,2025-08-30T22:54:51.0,115,25,567.25.00,3,2025-09-07T02:00:30.640Z
7488,20229865895,INCLINE_REVERSE_FLYE,FLYE,3,7,23.09,37.57.00,2025-08-30T22:57:10.0,115,25,567.25.00,3,2025-09-07T02:00:30.640Z
7489,20229865895,SEATED_REAR_LATERAL_RAISE,LATERAL_RAISE,1,8,45.38.00,34.35.00,2025-08-30T22:59:35.0,64,18,817.24.00,2,2025-09-07T02:00:30.640Z
7490,20229865895,SEATED_REAR_LATERAL_RAISE,LATERAL_RAISE,2,10,45.38.00,36.45.00,2025-08-30T23:03:28.0,64,18,817.24.00,2,2025-09-07T02:00:30.640Z
7491,20218552030,SHOULDER_PRESS,SHOULDER_PRESS,1,6,45.38.00,39.08.00,2025-08-29T18:17:07.0,111,21,953.38.00,3,2025-09-07T02:00:34.805Z
7492,20218552030,SHOULDER_PRESS,SHOULDER_PRESS,2,8,45.38.00,53.32.00,2025-08-29T18:20:15.0,111,21,953.38.00,3,2025-09-07T02:00:34.805Z
7493,20218552030,SHOULDER_PRESS,SHOULDER_PRESS,3,7,45.38.00,43.39.00,2025-08-29T18:23:31.0,111,21,953.38.00,3,2025-09-07T02:00:34.805Z
7494,20218552030,WEIGHTED_CRUNCH,CRUNCH,1,8,72.56.00,84.06.00,2025-08-29T18:26:51.0,154,26,2055.32.00,3,2025-09-07T02:00:34.805Z
7495,20218552030,WEIGHTED_CRUNCH,CRUNCH,2,8,79.38.00,50.21.00,2025-08-29T19:20:56.0,154,26,2055.32.00,3,2025-09-07T02:00:34.805Z
7496,20218552030,WEIGHTED_CRUNCH,CRUNCH,3,10,84.34.00,49.51.00,2025-08-29T19:26:37.0,154,26,2055.32.00,3,2025-09-07T02:00:34.805Z
7497,20218552030,INCLINE_SMITH_MACHINE_BENCH_PRESS,BENCH_PRESS,1,8,75.21.00,45.09.00,2025-08-29T18:32:16.0,130,19,1446.9099999999999,3,2025-09-07T02:00:34.805Z
7498,20218552030,INCLINE_SMITH_MACHINE_BENCH_PRESS,BENCH_PRESS,2,6,77.13.00,42.02.00,2025-08-29T18:37:49.0,130,19,1446.9099999999999,3,2025-09-07T02:00:34.805Z
7499,20218552030,INCLINE_SMITH_MACHINE_BENCH_PRESS,BENCH_PRESS,3,5,77.13.00,48.18.00,2025-08-29T18:42:29.0,130,19,1446.9099999999999,3,2025-09-07T02:00:34.805Z
7500,20218552030,LATERAL_RAISE,LATERAL_RAISE,1,6,45.38.00,58.29.00,2025-08-29T18:44:52.0,275,22,961.24.00,3,2025-09-07T02:00:34.805Z
7501,20218552030,LATERAL_RAISE,LATERAL_RAISE,2,8,43.06.00,57.29.00,2025-08-29T18:48:32.0,275,22,961.24.00,3,2025-09-07T02:00:34.805Z
7502,20218552030,LATERAL_RAISE,LATERAL_RAISE,3,8,43.06.00,163.8,2025-08-29T18:52:48.0,275,22,961.24.00,3,2025-09-07T02:00:34.805Z
7503,20218552030,TRICEPS_PRESSDOWN,TRICEPS_EXTENSION,1,6,66.15.00,30.01.00,2025-08-29T18:57:38.0,84,18,1183.5,3,2025-09-07T02:00:34.805Z
7504,20218552030,TRICEPS_PRESSDOWN,TRICEPS_EXTENSION,2,6,66.15.00,38.52.00,2025-08-29T18:59:53.0,84,18,1183.5,3,2025-09-07T02:00:34.805Z
7505,20218552030,TRICEPS_PRESSDOWN,TRICEPS_EXTENSION,3,6,66.15.00,41.44.00,2025-08-29T19:02:10.0,84,18,1183.5,3,2025-09-07T02:00:34.805Z
7506,20218552030,FLYE,FLYE,1,6,91.09.00,40.05.00,2025-08-29T19:06:09.0,120,18,1565.32.00,3,2025-09-07T02:00:34.805Z
7507,20218552030,FLYE,FLYE,2,6,86.19.00,50.13.00,2025-08-29T19:09:27.0,120,18,1565.32.00,3,2025-09-07T02:00:34.805Z
7508,20218552030,FLYE,FLYE,3,6,84.34.00,37.14.00,2025-08-29T19:12:04.0,120,18,1565.32.00,3,2025-09-07T02:00:34.805Z
7509,20218552030,CABLE_OVERHEAD_TRICEPS_EXTENSION,TRICEPS_EXTENSION,1,8,59.34.00,40.24.00,2025-08-29T19:16:00.0,126,20,1178.8,3,2025-09-07T02:00:34.805Z
7510,20218552030,CABLE_OVERHEAD_TRICEPS_EXTENSION,TRICEPS_EXTENSION,2,6,59.34.00,55.45.00,2025-08-29T19:18:28.0,126,20,1178.8,3,2025-09-07T02:00:34.805Z
7511,20218552030,CABLE_OVERHEAD_TRICEPS_EXTENSION,TRICEPS_EXTENSION,3,6,59.34.00,54.55.00,2025-08-29T19:22:07.0,126,20,1178.8,3,2025-09-07T02:00:34.805Z
7512,20218552030,WEIGHTED_SEATED_CALF_RAISE,CALF_RAISE,1,24,122.5,49.51.00,2025-08-29T19:30:33.0,119,60,7612.36.00,3,2025-09-07T02:00:34.805Z
7513,20218552030,WEIGHTED_SEATED_CALF_RAISE,CALF_RAISE,2,20,125.15.00,45.36.00,2025-08-29T19:35:29.0,119,60,7612.36.00,3,2025-09-07T02:00:34.805Z
7514,20218552030,WEIGHTED_SEATED_CALF_RAISE,CALF_RAISE,3,16,136.06.00,45.12.00,2025-08-29T19:39:32.0,119,60,7612.36.00,3,2025-09-07T02:00:34.805Z
7837,20240217877,WEIGHTED_LEG_CURL,LEG_CURL,1,8,79.38.00,65.06.00,2025-08-31T18:55:06.0,156,24,1978.08.00,3,2025-09-10T02:00:42.926Z
7838,20240217877,WEIGHTED_LEG_CURL,LEG_CURL,2,8,84.34.00,79.29.00,2025-08-31T19:01:56.0,156,24,1978.08.00,3,2025-09-10T02:00:42.926Z
7839,20240217877,WEIGHTED_LEG_CURL,LEG_CURL,3,8,84.34.00,37.43.00,2025-08-31T19:08:36.0,156,24,1978.08.00,3,2025-09-10T02:00:42.926Z
7840,20240217877,BARBELL_HACK_SQUAT,SQUAT,1,6,107.03.00,51.14.00,2025-08-31T19:20:28.0,178,18,1919.34.00,3,2025-09-10T02:00:42.926Z
7841,20240217877,BARBELL_HACK_SQUAT,SQUAT,2,6,107.03.00,56.09.00,2025-08-31T19:25:51.0,178,18,1919.34.00,3,2025-09-10T02:00:42.926Z
7842,20240217877,BARBELL_HACK_SQUAT,SQUAT,3,6,107.03.00,80.45.00,2025-08-31T19:31:07.0,178,18,1919.34.00,3,2025-09-10T02:00:42.926Z
7843,20240217877,WEIGHTED_LEG_EXTENSIONS,CRUNCH,1,12,102.06.00,25.26.00,2025-08-31T19:45:29.0,77,36,3837.8399999999997,3,2025-09-10T02:00:42.926Z
7844,20240217877,WEIGHTED_LEG_EXTENSIONS,CRUNCH,2,12,109.28.00,34.08.00,2025-08-31T19:55:21.0,77,36,3837.8399999999997,3,2025-09-10T02:00:42.926Z
7845,20240217877,WEIGHTED_LEG_EXTENSIONS,CRUNCH,3,12,109.28.00,36.28.00,2025-08-31T20:02:37.0,77,36,3837.8399999999997,3,2025-09-10T02:00:42.926Z
7846,20240217877,LEG_ADDUCTION,BANDED_EXERCISES,1,18,138.38.00,48.23.00,2025-08-31T20:24:49.0,285,50,6919,3,2025-09-10T02:00:42.926Z
7847,20240217877,LEG_ADDUCTION,BANDED_EXERCISES,2,16,138.38.00,203.35.00,2025-08-31T20:26:56.0,285,50,6919,3,2025-09-10T02:00:42.926Z
7848,20240217877,LEG_ADDUCTION,BANDED_EXERCISES,3,16,138.38.00,57.25.00,2025-08-31T20:34:26.0,285,50,6919,3,2025-09-10T02:00:42.926Z
7849,20240217877,LEG_RAISE,LEG_RAISE,1,16,<null>,59.06.00,2025-08-31T20:36:32.0,147,58,0,3,2025-09-10T02:00:42.926Z
7850,20240217877,LEG_RAISE,LEG_RAISE,2,18,<null>,53.05.00,2025-08-31T20:44:33.0,147,58,0,3,2025-09-10T02:00:42.926Z
7851,20240217877,LEG_RAISE,LEG_RAISE,3,24,<null>,55.05.00,2025-08-31T20:55:48.0,147,58,0,3,2025-09-10T02:00:42.926Z
7852,20240217877,WEIGHTED_STANDING_CALF_RAISE,CALF_RAISE,1,30,138.38.00,56.58.00,2025-08-31T20:46:22.0,114,84,12588.9,3,2025-09-10T02:00:42.926Z
7853,20240217877,WEIGHTED_STANDING_CALF_RAISE,CALF_RAISE,2,30,154.25.00,40.48.00,2025-08-31T20:49:28.0,114,84,12588.9,3,2025-09-10T02:00:42.926Z
7854,20240217877,WEIGHTED_STANDING_CALF_RAISE,CALF_RAISE,3,24,159.15.00,38.16.00,2025-08-31T20:54:49.0,114,84,12588.9,3,2025-09-10T02:00:42.926Z
8030,20273822440,PULL_UP,PULL_UP,1,8,<null>,34.19.00,2025-09-03T16:09:08.0,30,8,0,1,2025-09-12T02:00:20.904Z
8031,20273822440,BENCH_PRESS,BENCH_PRESS,1,7,82.03.00,38.33.00,2025-09-03T16:12:58.0,109,13,1075.05.00,2,2025-09-12T02:00:20.904Z
8032,20273822440,BENCH_PRESS,BENCH_PRESS,2,6,84.34.00,78.03.00,2025-09-03T16:16:37.0,109,13,1075.05.00,2,2025-09-12T02:00:20.904Z
8033,20273822440,UNKNOWN,UNKNOWN,1,8,72.56.00,87.18.00,2025-09-03T16:20:26.0,916,66,4413.06.00,8,2025-09-12T02:00:20.904Z
8034,20273822440,UNKNOWN,UNKNOWN,2,8,72.56.00,43.21.00,2025-09-03T16:24:56.0,916,66,4413.06.00,8,2025-09-12T02:00:20.904Z
8035,20273822440,UNKNOWN,UNKNOWN,3,8,72.56.00,242.24.00,2025-09-03T16:28:13.0,916,66,4413.06.00,8,2025-09-12T02:00:20.904Z
8036,20273822440,UNKNOWN,UNKNOWN,4,6,72.56.00,91.39.00,2025-09-03T16:41:22.0,916,66,4413.06.00,8,2025-09-12T02:00:20.904Z
8037,20273822440,UNKNOWN,UNKNOWN,5,6,70.31.00,248.53.00,2025-09-03T16:43:07.0,916,66,4413.06.00,8,2025-09-12T02:00:20.904Z
8038,20273822440,UNKNOWN,UNKNOWN,6,10,59.34.00,44.41.00,2025-09-03T16:51:33.0,916,66,4413.06.00,8,2025-09-12T02:00:20.904Z
8039,20273822440,UNKNOWN,UNKNOWN,7,8,61.25.00,49.27.00,2025-09-03T16:54:32.0,916,66,4413.06.00,8,2025-09-12T02:00:20.904Z
8040,20273822440,UNKNOWN,UNKNOWN,8,12,61.25.00,170.56.00,2025-09-03T17:01:41.0,916,66,4413.06.00,8,2025-09-12T02:00:20.904Z
8041,20273822440,DUMBBELL_FLYE,FLYE,1,7,<null>,45.09.00,2025-09-03T16:35:45.0,37,7,0,1,2025-09-12T02:00:20.904Z
8042,20273822440,ROW,ROW,1,8,66.15.00,33.42.00,2025-09-03T16:38:06.0,29,8,526,1,2025-09-12T02:00:20.904Z
8043,20261730463,SHOULDER_PRESS,SHOULDER_PRESS,1,8,45.38.00,45.24.00,2025-09-02T21:15:05.0,169,22,998.3600000000001,3,2025-09-12T02:00:21.868Z
8044,20261730463,SHOULDER_PRESS,SHOULDER_PRESS,2,8,45.38.00,103.06.00,2025-09-02T21:18:12.0,169,22,998.3600000000001,3,2025-09-12T02:00:21.868Z
8045,20261730463,SHOULDER_PRESS,SHOULDER_PRESS,3,6,45.38.00,44.34.00,2025-09-02T21:22:23.0,169,22,998.3600000000001,3,2025-09-12T02:00:21.868Z
8046,20261730463,INCLINE_SMITH_MACHINE_BENCH_PRESS,BENCH_PRESS,1,6,75.21.00,29.06.00,2025-09-02T21:29:19.0,106,18,1333.08.00,3,2025-09-12T02:00:21.868Z
8047,20261730463,INCLINE_SMITH_MACHINE_BENCH_PRESS,BENCH_PRESS,2,6,75.21.00,41.38.00,2025-09-02T21:33:00.0,106,18,1333.08.00,3,2025-09-12T02:00:21.868Z
8048,20261730463,INCLINE_SMITH_MACHINE_BENCH_PRESS,BENCH_PRESS,3,6,72.56.00,45.06.00,2025-09-02T21:36:36.0,106,18,1333.08.00,3,2025-09-12T02:00:21.868Z
8049,20261730463,LATERAL_RAISE,LATERAL_RAISE,1,6,52.19.00,35.22.00,2025-09-02T21:43:33.0,214,22,1148.1799999999998,3,2025-09-12T02:00:21.868Z
8050,20261730463,LATERAL_RAISE,LATERAL_RAISE,2,8,52.19.00,118.21.00,2025-09-02T21:46:04.0,214,22,1148.1799999999998,3,2025-09-12T02:00:21.868Z
8051,20261730463,LATERAL_RAISE,LATERAL_RAISE,3,8,52.19.00,69.18.00,2025-09-02T21:51:21.0,214,22,1148.1799999999998,3,2025-09-12T02:00:21.868Z
8052,20261730463,FLYE,FLYE,1,10,91.09.00,42.38.00,2025-09-02T21:58:55.0,98,23,2012.02.00,3,2025-09-12T02:00:21.868Z
8053,20261730463,FLYE,FLYE,2,6,86.19.00,32.55.00,2025-09-02T22:01:39.0,98,23,2012.02.00,3,2025-09-12T02:00:21.868Z
8054,20261730463,FLYE,FLYE,3,7,84.34.00,53.23.00,2025-09-02T22:04:22.0,98,23,2012.02.00,3,2025-09-12T02:00:21.868Z
8055,20261730463,EZ_BAR_PREACHER_CURL,CURL,1,8,43.03.00,164.18.00,2025-09-02T22:08:16.0,400,20,866.1000000000001,3,2025-09-12T02:00:21.868Z
8056,20261730463,EZ_BAR_PREACHER_CURL,CURL,2,6,43.03.00,207.08.00,2025-09-02T22:15:00.0,400,20,866.1000000000001,3,2025-09-12T02:00:21.868Z
8057,20261730463,EZ_BAR_PREACHER_CURL,CURL,3,6,45.28.00,54.43.00,2025-09-02T22:29:38.0,400,20,866.1000000000001,3,2025-09-12T02:00:21.868Z
8058,20261730463,REVERSE_EZ_BAR_CURL,CURL,1,9,45.38.00,36.27.00,2025-09-02T22:24:33.0,123,26,1211.38.00,3,2025-09-12T02:00:21.868Z
8059,20261730463,REVERSE_EZ_BAR_CURL,CURL,2,10,45.38.00,44.19.00,2025-09-02T22:27:50.0,123,26,1211.38.00,3,2025-09-12T02:00:21.868Z
8060,20261730463,REVERSE_EZ_BAR_CURL,CURL,3,7,50.28.00,68.32.00,2025-09-02T22:33:03.0,123,26,1211.38.00,3,2025-09-12T02:00:21.868Z
8144,20306468429,PULL_UP,PULL_UP,1,10,<null>,59.35.00,2025-09-06T18:09:20.0,99,16,0,2,2025-09-13T02:00:35.298Z
8145,20306468429,PULL_UP,PULL_UP,2,6,<null>,44.01.00,2025-09-06T18:26:11.0,99,16,0,2,2025-09-13T02:00:35.298Z
8146,20306468429,CLOSE_GRIP_LAT_PULLDOWN,PULL_UP,1,8,82.03.00,48.44.00,2025-09-06T18:13:12.0,153,20,1632.6,3,2025-09-13T02:00:35.298Z
8147,20306468429,CLOSE_GRIP_LAT_PULLDOWN,PULL_UP,2,6,82.03.00,34.36.00,2025-09-06T18:17:54.0,153,20,1632.6,3,2025-09-13T02:00:35.298Z
8148,20306468429,CLOSE_GRIP_LAT_PULLDOWN,PULL_UP,3,6,82.03.00,93.23.00,2025-09-06T18:21:56.0,153,20,1632.6,3,2025-09-13T02:00:35.298Z
8149,20306468429,SEATED_CABLE_ROW,ROW,1,6,77.13.00,71.42.00,2025-09-06T18:32:20.0,498,24,1768.8600000000001,3,2025-09-13T02:00:35.298Z
8150,20306468429,SEATED_CABLE_ROW,ROW,2,10,72.56.00,51.38.00,2025-09-06T18:38:29.0,498,24,1768.8600000000001,3,2025-09-13T02:00:35.298Z
8151,20306468429,SEATED_CABLE_ROW,ROW,3,8,72.56.00,410.58.00,2025-09-06T18:44:15.0,498,24,1768.8600000000001,3,2025-09-13T02:00:35.298Z
8152,20306468429,REVERSE_EZ_BAR_CURL,CURL,1,8,48.03.00,64.08.00,2025-09-06T18:56:48.0,129,24,1193.38.00,3,2025-09-13T02:00:35.298Z
8153,20306468429,REVERSE_EZ_BAR_CURL,CURL,2,10,50.28.00,45.05.00,2025-09-06T19:00:52.0,129,24,1193.38.00,3,2025-09-13T02:00:35.298Z
8154,20306468429,REVERSE_EZ_BAR_CURL,CURL,3,6,52.19.00,40.44.00,2025-09-06T19:17:08.0,129,24,1193.38.00,3,2025-09-13T02:00:35.298Z
8155,20306468429,EZ_BAR_PREACHER_CURL,CURL,1,6,49.44.00,45.42.00,2025-09-06T19:03:48.0,200,19,910.11.00,3,2025-09-13T02:00:35.298Z
8156,20306468429,EZ_BAR_PREACHER_CURL,CURL,2,7,47.19.00,126.19.00,2025-09-06T19:07:59.0,200,19,910.11.00,3,2025-09-13T02:00:35.298Z
8157,20306468429,EZ_BAR_PREACHER_CURL,CURL,3,6,47.19.00,52.34.00,2025-09-06T19:13:39.0,200,19,910.11.00,3,2025-09-13T02:00:35.298Z
8158,20306468429,CABLE_CROSSOVER,FLYE,1,6,13.09,50.12.00,2025-09-06T19:12:23.0,141,22,257.1,3,2025-09-13T02:00:35.298Z
8159,20306468429,CABLE_CROSSOVER,FLYE,2,8,11.31,51.58.00,2025-09-06T19:15:15.0,141,22,257.1,3,2025-09-13T02:00:35.298Z
8160,20306468429,CABLE_CROSSOVER,FLYE,3,8,11.31,52.52.00,2025-09-06T19:20:04.0,141,22,257.1,3,2025-09-13T02:00:35.298Z
8161,20306468429,SEATED_REAR_LATERAL_RAISE,LATERAL_RAISE,1,8,54.44.00,37.17.00,2025-09-06T19:22:43.0,31,8,435.52.00,1,2025-09-13T02:00:35.298Z
8191,20344775636,LAT_PULLDOWN,PULL_UP,1,10,75.21.00,50.01.00,2025-09-10T13:17:21.0,177,30,2199.3,3,2025-09-14T02:01:04.605Z
8192,20344775636,LAT_PULLDOWN,PULL_UP,2,10,72.56.00,72.52.00,2025-09-10T13:21:35.0,177,30,2199.3,3,2025-09-14T02:01:04.605Z
8193,20344775636,LAT_PULLDOWN,PULL_UP,3,10,72.56.00,76.45.00,2025-09-10T13:25:24.0,177,30,2199.3,3,2025-09-14T02:01:04.605Z
8194,20344775636,SEATED_CABLE_ROW,ROW,1,6,75.21.00,66.32.00,2025-09-10T13:31:32.0,195,24,1755.34.00,3,2025-09-14T02:01:04.605Z
8195,20344775636,SEATED_CABLE_ROW,ROW,2,8,72.56.00,41.27.00,2025-09-10T13:35:58.0,195,24,1755.34.00,3,2025-09-14T02:01:04.605Z
8196,20344775636,SEATED_CABLE_ROW,ROW,3,10,72.56.00,101.46.00,2025-09-10T13:42:06.0,195,24,1755.34.00,3,2025-09-14T02:01:04.605Z
8197,20344775636,TRICEPS_PRESSDOWN,TRICEPS_EXTENSION,1,7,72.56.00,38.46.00,2025-09-10T13:48:55.0,124,21,1524.16.00,3,2025-09-14T02:01:04.605Z
8198,20344775636,TRICEPS_PRESSDOWN,TRICEPS_EXTENSION,2,7,72.56.00,49.52.00,2025-09-10T13:51:42.0,124,21,1524.16.00,3,2025-09-14T02:01:04.605Z
8199,20344775636,TRICEPS_PRESSDOWN,TRICEPS_EXTENSION,3,7,72.56.00,60.13.00,2025-09-10T13:54:57.0,124,21,1524.16.00,3,2025-09-14T02:01:04.605Z
8200,20344775636,CABLE_OVERHEAD_TRICEPS_EXTENSION,TRICEPS_EXTENSION,1,7,68.06.00,58.02.00,2025-09-10T13:58:10.0,144,19,1293.14.00,3,2025-09-14T02:01:04.605Z
8201,20344775636,CABLE_OVERHEAD_TRICEPS_EXTENSION,TRICEPS_EXTENSION,2,7,68.06.00,78.11.00,2025-09-10T14:02:02.0,144,19,1293.14.00,3,2025-09-14T02:01:04.605Z
8202,20344775636,CABLE_OVERHEAD_TRICEPS_EXTENSION,TRICEPS_EXTENSION,3,5,68.06.00,31.33.00,2025-09-10T14:06:18.0,144,19,1293.14.00,3,2025-09-14T02:01:04.605Z
8203,20344775636,SEATED_REAR_LATERAL_RAISE,LATERAL_RAISE,1,10,57.09.00,49.24.00,2025-09-10T13:59:46.0,106,30,1610.6999999999998,3,2025-09-14T02:01:04.605Z
8204,20344775636,SEATED_REAR_LATERAL_RAISE,LATERAL_RAISE,2,10,52.19.00,47.02.00,2025-09-10T14:04:07.0,106,30,1610.6999999999998,3,2025-09-14T02:01:04.605Z
8205,20344775636,SEATED_REAR_LATERAL_RAISE,LATERAL_RAISE,3,10,52.19.00,30.03.00,2025-09-10T14:07:47.0,106,30,1610.6999999999998,3,2025-09-14T02:01:04.605Z
8206,20339935618,WEIGHTED_CRUNCH,CRUNCH,1,10,84.34.00,37.55.00,2025-09-09T22:39:15.0,151,30,2585.7,3,2025-09-14T02:01:07.656Z
8207,20339935618,WEIGHTED_CRUNCH,CRUNCH,2,10,84.34.00,73.14.00,2025-09-09T22:42:40.0,151,30,2585.7,3,2025-09-14T02:01:07.656Z
8208,20339935618,WEIGHTED_CRUNCH,CRUNCH,3,10,91.09.00,52.28.00,2025-09-09T22:50:16.0,151,30,2585.7,3,2025-09-14T02:01:07.656Z
8209,20339935618,WEIGHTED_LEG_CURL,LEG_CURL,1,10,75.21.00,24.03.00,2025-09-09T22:49:31.0,75,26,1982.1799999999998,3,2025-09-14T02:01:07.656Z
8210,20339935618,WEIGHTED_LEG_CURL,LEG_CURL,2,8,77.13.00,41.01.00,2025-09-09T22:54:31.0,75,26,1982.1799999999998,3,2025-09-14T02:01:07.656Z
8211,20339935618,WEIGHTED_LEG_CURL,LEG_CURL,3,8,77.13.00,28.13.00,2025-09-09T22:59:50.0,75,26,1982.1799999999998,3,2025-09-14T02:01:07.656Z
8212,20339935618,BARBELL_HACK_SQUAT,SQUAT,1,8,95.25.00,44.11.00,2025-09-09T23:04:14.0,211,26,2722.24.00,3,2025-09-14T02:01:07.656Z
8213,20339935618,BARBELL_HACK_SQUAT,SQUAT,2,8,109.28.00,103.56.00,2025-09-09T23:08:54.0,211,26,2722.24.00,3,2025-09-14T02:01:07.656Z
8214,20339935618,BARBELL_HACK_SQUAT,SQUAT,3,10,109.28.00,76.41.00,2025-09-09T23:15:49.0,211,26,2722.24.00,3,2025-09-14T02:01:07.656Z
8215,20339935618,WEIGHTED_STANDING_CALF_RAISE,CALF_RAISE,1,16,163.31.00,83.22.00,2025-09-09T23:29:09.0,161,50,7547.38.00,3,2025-09-14T02:01:07.656Z
8216,20339935618,WEIGHTED_STANDING_CALF_RAISE,CALF_RAISE,2,18,145.13.00,28.37.00,2025-09-09T23:33:15.0,161,50,7547.38.00,3,2025-09-14T02:01:07.656Z
8217,20339935618,WEIGHTED_STANDING_CALF_RAISE,CALF_RAISE,3,16,145.13.00,68.43.00,2025-09-09T23:36:05.0,161,50,7547.38.00,3,2025-09-14T02:01:07.656Z
8218,20339935618,WEIGHTED_LEG_EXTENSIONS,CRUNCH,1,10,113.38.00,36.41.00,2025-09-09T23:40:19.0,107,34,3854.9199999999996,3,2025-09-14T02:01:07.656Z
8219,20339935618,WEIGHTED_LEG_EXTENSIONS,CRUNCH,2,12,113.38.00,29.23.00,2025-09-09T23:46:23.0,107,34,3854.9199999999996,3,2025-09-14T02:01:07.656Z
8220,20339935618,WEIGHTED_LEG_EXTENSIONS,CRUNCH,3,12,113.38.00,57.21.00,2025-09-09T23:51:49.0,107,34,3854.9199999999996,3,2025-09-14T02:01:07.656Z
8221,20339935618,LEG_RAISE,LEG_RAISE,1,18,<null>,54.52.00,2025-09-09T23:57:57.0,393,52,0,3,2025-09-14T02:01:07.656Z
8222,20339935618,LEG_RAISE,LEG_RAISE,2,16,<null>,71.51.00,2025-09-10T00:01:25.0,393,52,0,3,2025-09-14T02:01:07.656Z
8223,20339935618,LEG_RAISE,LEG_RAISE,3,18,<null>,278.43.00,2025-09-10T00:02:41.0,393,52,0,3,2025-09-14T02:01:07.656Z
8224,20339935618,LEG_ADDUCTION,BANDED_EXERCISES,1,12,150.09.00,72.47.00,2025-09-10T00:09:48.0,143,40,5671.32.00,3,2025-09-14T02:01:07.656Z
8225,20339935618,LEG_ADDUCTION,BANDED_EXERCISES,2,16,138.38.00,63.18.00,2025-09-10T00:14:47.0,143,40,5671.32.00,3,2025-09-14T02:01:07.656Z
8226,20339935618,LEG_ADDUCTION,BANDED_EXERCISES,3,12,138.38.00,51.36.00,2025-09-10T00:19:23.0,143,40,5671.32.00,3,2025-09-14T02:01:07.656Z
8227,20314546236,INCLINE_SMITH_MACHINE_BENCH_PRESS,BENCH_PRESS,1,6,79.38.00,66.45.00,2025-09-07T19:11:35.0,177,19,1492.4699999999998,3,2025-09-14T02:01:10.978Z
8228,20314546236,INCLINE_SMITH_MACHINE_BENCH_PRESS,BENCH_PRESS,2,6,79.38.00,59.04.00,2025-09-07T19:18:11.0,177,19,1492.4699999999998,3,2025-09-14T02:01:10.978Z
8229,20314546236,INCLINE_SMITH_MACHINE_BENCH_PRESS,BENCH_PRESS,3,7,77.13.00,84.35.00,2025-09-07T19:22:14.0,177,19,1492.4699999999998,3,2025-09-14T02:01:10.978Z
8230,20314546236,SHOULDER_PRESS,SHOULDER_PRESS,1,6,48.03.00,76.27.00,2025-09-07T19:28:46.0,282,20,921.1000000000001,3,2025-09-14T02:01:10.978Z
8231,20314546236,SHOULDER_PRESS,SHOULDER_PRESS,2,7,45.38.00,121.53.00,2025-09-07T19:32:52.0,282,20,921.1000000000001,3,2025-09-14T02:01:10.978Z
8232,20314546236,SHOULDER_PRESS,SHOULDER_PRESS,3,7,45.38.00,107.6,2025-09-07T19:37:04.0,282,20,921.1000000000001,3,2025-09-14T02:01:10.978Z
8233,20314546236,LATERAL_RAISE,LATERAL_RAISE,1,7,52.19.00,26.59.00,2025-09-07T19:43:04.0,75,21,1096.39.00,3,2025-09-14T02:01:10.978Z
8234,20314546236,LATERAL_RAISE,LATERAL_RAISE,2,7,52.19.00,50.45.00,2025-09-07T19:46:43.0,75,21,1096.39.00,3,2025-09-14T02:01:10.978Z
8235,20314546236,LATERAL_RAISE,LATERAL_RAISE,3,7,52.19.00,06.54,2025-09-07T19:51:07.0,75,21,1096.39.00,3,2025-09-14T02:01:10.978Z
8236,20314546236,TRICEPS_PRESSDOWN,TRICEPS_EXTENSION,1,6,72.57.00,39.25.00,2025-09-07T19:56:36.0,142,21,1456.32.00,3,2025-09-14T02:01:10.978Z
8237,20314546236,TRICEPS_PRESSDOWN,TRICEPS_EXTENSION,2,7,68.06.00,57.32.00,2025-09-07T20:01:36.0,142,21,1456.32.00,3,2025-09-14T02:01:10.978Z
8238,20314546236,TRICEPS_PRESSDOWN,TRICEPS_EXTENSION,3,8,68.06.00,80.43.00,2025-09-07T20:04:10.0,142,21,1456.32.00,3,2025-09-14T02:01:10.978Z
8239,20314546236,CABLE_OVERHEAD_TRICEPS_EXTENSION,TRICEPS_EXTENSION,1,8,66.15.00,229.47.00,2025-09-07T20:10:24.0,512,24,1578,3,2025-09-14T02:01:10.978Z
8240,20314546236,CABLE_OVERHEAD_TRICEPS_EXTENSION,TRICEPS_EXTENSION,2,8,66.15.00,148.24.00,2025-09-07T20:18:41.0,512,24,1578,3,2025-09-14T02:01:10.978Z
8241,20314546236,CABLE_OVERHEAD_TRICEPS_EXTENSION,TRICEPS_EXTENSION,3,8,66.15.00,156.57.00,2025-09-07T20:26:40.0,512,24,1578,3,2025-09-14T02:01:10.978Z
8242,20314546236,FLYE,FLYE,1,7,86.19.00,31.26.00,2025-09-07T20:31:49.0,355,19,1610.6099999999997,3,2025-09-14T02:01:10.978Z
8243,20314546236,FLYE,FLYE,2,6,84.34.00,124.18.00,2025-09-07T20:35:43.0,355,19,1610.6099999999997,3,2025-09-14T02:01:10.978Z
8244,20314546236,FLYE,FLYE,3,6,84.34.00,220.44.00,2025-09-07T20:41:16.0,355,19,1610.6099999999997,3,2025-09-14T02:01:10.978Z
8280,20366042992,UNKNOWN,UNKNOWN,1,8,54.44.00,54.36.00,2025-09-11T23:12:14.0,340,43,2361.8,6,2025-09-15T02:01:07.110Z
8281,20366042992,UNKNOWN,UNKNOWN,2,8,52.19.00,75.17.00,2025-09-11T23:15:03.0,340,43,2361.8,6,2025-09-15T02:01:07.110Z
8282,20366042992,UNKNOWN,UNKNOWN,3,6,45.38.00,67.42.00,2025-09-11T23:32:37.0,340,43,2361.8,6,2025-09-15T02:01:07.110Z
8283,20366042992,UNKNOWN,UNKNOWN,4,8,82.03.00,70.33.00,2025-09-11T23:56:25.0,340,43,2361.8,6,2025-09-15T02:01:07.110Z
8284,20366042992,UNKNOWN,UNKNOWN,5,8,45.28.00,64.07.00,2025-09-12T00:03:25.0,340,43,2361.8,6,2025-09-15T02:01:07.110Z
8285,20366042992,UNKNOWN,UNKNOWN,6,5,45.28.00,67.39.00,2025-09-12T00:12:58.0,340,43,2361.8,6,2025-09-15T02:01:07.110Z
8286,20366042992,BENCH_PRESS,BENCH_PRESS,1,5,82.03.00,29.06.00,2025-09-11T23:19:32.0,103,16,1270.08.00,3,2025-09-15T02:01:07.110Z
8287,20366042992,BENCH_PRESS,BENCH_PRESS,2,6,79.38.00,51.59.00,2025-09-11T23:24:22.0,103,16,1270.08.00,3,2025-09-15T02:01:07.110Z
8288,20366042992,BENCH_PRESS,BENCH_PRESS,3,5,77.13.00,38.39.00,2025-09-11T23:28:37.0,103,16,1270.08.00,3,2025-09-15T02:01:07.110Z
8289,20366042992,LATERAL_RAISE,LATERAL_RAISE,1,10,45.38.00,46.03.00,2025-09-11T23:35:17.0,471,30,1651.4,3,2025-09-15T02:01:07.110Z
8290,20366042992,LATERAL_RAISE,LATERAL_RAISE,2,12,45.38.00,50.58.00,2025-09-11T23:39:36.0,471,30,1651.4,3,2025-09-15T02:01:07.110Z
8291,20366042992,LATERAL_RAISE,LATERAL_RAISE,3,8,82.03.00,388.16.00,2025-09-11T23:46:16.0,471,30,1651.4,3,2025-09-15T02:01:07.110Z
8292,20366042992,PULL_UP,PULL_UP,1,6,43.06.00,56.47.00,2025-09-11T23:38:11.0,44,6,258.36.00,1,2025-09-15T02:01:07.110Z
8293,20366042992,CURL,CURL,1,6,45.28.00,53.22.00,2025-09-12T00:09:33.0,39,6,269.28000000000003,1,2025-09-15T02:01:07.110Z
8327,20366044040,WEIGHTED_LEG_CURL,LEG_CURL,1,8,79.38.00,163.15.00,2025-09-12T18:35:55.0,230,24,1941.12.00,3,2025-09-16T02:01:01.573Z
8328,20366044040,WEIGHTED_LEG_CURL,LEG_CURL,2,8,82.03.00,59.22.00,2025-09-12T18:41:49.0,230,24,1941.12.00,3,2025-09-16T02:01:01.573Z
8329,20366044040,WEIGHTED_LEG_CURL,LEG_CURL,3,8,82.03.00,40.02.00,2025-09-12T18:48:30.0,230,24,1941.12.00,3,2025-09-16T02:01:01.573Z
8330,20366044040,WEIGHTED_CRUNCH,CRUNCH,1,10,91.09.00,34.22.00,2025-09-12T18:40:20.0,195,32,2902.08.00,3,2025-09-16T02:01:01.573Z
8331,20366044040,WEIGHTED_CRUNCH,CRUNCH,2,10,91.09.00,91.31.00,2025-09-12T18:43:57.0,195,32,2902.08.00,3,2025-09-16T02:01:01.573Z
8332,20366044040,WEIGHTED_CRUNCH,CRUNCH,3,12,91.09.00,84.15.00,2025-09-12T18:51:04.0,195,32,2902.08.00,3,2025-09-16T02:01:01.573Z
8333,20366044040,BARBELL_HACK_SQUAT,SQUAT,1,6,109.28.00,38.14.00,2025-09-12T18:56:10.0,114,20,2177.6,3,2025-09-16T02:01:01.573Z
8334,20366044040,BARBELL_HACK_SQUAT,SQUAT,2,6,109.28.00,29.56.00,2025-09-12T19:00:26.0,114,20,2177.6,3,2025-09-16T02:01:01.573Z
8335,20366044040,BARBELL_HACK_SQUAT,SQUAT,3,8,109.28.00,48.25.00,2025-09-12T19:06:35.0,114,20,2177.6,3,2025-09-16T02:01:01.573Z
8336,20366044040,WEIGHTED_LEG_EXTENSIONS,CRUNCH,1,12,113.38.00,14.16,2025-09-12T19:19:37.0,162,34,3928.2400000000002,3,2025-09-16T02:01:01.573Z
8337,20366044040,WEIGHTED_LEG_EXTENSIONS,CRUNCH,2,12,116.09.00,85.25.00,2025-09-12T19:23:47.0,162,34,3928.2400000000002,3,2025-09-16T02:01:01.573Z
8338,20366044040,WEIGHTED_LEG_EXTENSIONS,CRUNCH,3,10,118.34.00,89.03.00,2025-09-12T19:30:44.0,162,34,3928.2400000000002,3,2025-09-16T02:01:01.573Z
8339,20366044040,LEG_ADDUCTION,BANDED_EXERCISES,1,12,138.38.00,49.31.00,2025-09-12T19:34:59.0,200,33,4566.54.00,3,2025-09-16T02:01:01.573Z
8340,20366044040,LEG_ADDUCTION,BANDED_EXERCISES,2,11,138.38.00,38.25.00,2025-09-12T19:39:59.0,200,33,4566.54.00,3,2025-09-16T02:01:01.573Z
8341,20366044040,LEG_ADDUCTION,BANDED_EXERCISES,3,10,138.38.00,129.39.00,2025-09-12T19:44:29.0,200,33,4566.54.00,3,2025-09-16T02:01:01.573Z
8571,20386882289,PULL_UP,PULL_UP,1,8,<null>,66.53.00,2025-09-14T17:30:07.0,112,16,0,2,2025-09-20T02:00:33.998Z
8572,20386882289,PULL_UP,PULL_UP,2,8,<null>,54.34.00,2025-09-14T17:35:29.0,112,16,0,2,2025-09-20T02:00:33.998Z
8573,20386882289,LAT_PULLDOWN,PULL_UP,1,8,75.21.00,160.21.00,2025-09-14T17:39:43.0,346,16,1197.36.00,2,2025-09-20T02:00:33.998Z
8574,20386882289,LAT_PULLDOWN,PULL_UP,2,8,75.21.00,196.16.00,2025-09-14T17:45:29.0,346,16,1197.36.00,2,2025-09-20T02:00:33.998Z
8575,20386882289,SEATED_CABLE_ROW,ROW,1,10,72.56.00,86.4,2025-09-14T17:52:28.0,171,30,2221.8,3,2025-09-20T02:00:33.998Z
8576,20386882289,SEATED_CABLE_ROW,ROW,2,10,75.21.00,48.24.00,2025-09-14T18:00:16.0,171,30,2221.8,3,2025-09-20T02:00:33.998Z
8577,20386882289,SEATED_CABLE_ROW,ROW,3,10,75.21.00,54.51.00,2025-09-14T18:05:51.0,171,30,2221.8,3,2025-09-20T02:00:33.998Z
8578,20386882289,EZ_BAR_PREACHER_CURL,CURL,1,8,34,79.22.00,2025-09-14T18:11:52.0,186,23,782,3,2025-09-20T02:00:33.998Z
8579,20386882289,EZ_BAR_PREACHER_CURL,CURL,2,7,34,77.46.00,2025-09-14T18:17:07.0,186,23,782,3,2025-09-20T02:00:33.998Z
8580,20386882289,EZ_BAR_PREACHER_CURL,CURL,3,8,34,67.33.00,2025-09-14T18:24:18.0,186,23,782,3,2025-09-20T02:00:33.998Z
8581,20386882289,REVERSE_EZ_BAR_CURL,CURL,1,6,23.09,97.26.00,2025-09-14T18:25:45.0,250,28,658.22.00,3,2025-09-20T02:00:33.998Z
8582,20386882289,REVERSE_EZ_BAR_CURL,CURL,2,10,25.34.00,114.58.00,2025-09-14T18:30:31.0,250,28,658.22.00,3,2025-09-20T02:00:33.998Z
8583,20386882289,REVERSE_EZ_BAR_CURL,CURL,3,12,23.09,60.35.00,2025-09-14T18:34:04.0,250,28,658.22.00,3,2025-09-20T02:00:33.998Z
8584,20386882289,CABLE_CROSSOVER,FLYE,1,9,29.5,76.29.00,2025-09-14T18:38:42.0,113,16,472,2,2025-09-20T02:00:33.998Z
8585,20386882289,CABLE_CROSSOVER,FLYE,2,7,29.5,59.03.00,2025-09-14T18:42:58.0,113,16,472,2,2025-09-20T02:00:33.998Z
8586,20386882289,WEIGHTED_STANDING_CALF_RAISE,CALF_RAISE,1,18,145.13.00,39.52.00,2025-09-14T18:48:19.0,114,68,9869.24.00,3,2025-09-20T02:00:33.998Z
8587,20386882289,WEIGHTED_STANDING_CALF_RAISE,CALF_RAISE,2,30,145.13.00,52.53.00,2025-09-14T18:52:29.0,114,68,9869.24.00,3,2025-09-20T02:00:33.998Z
8588,20386882289,WEIGHTED_STANDING_CALF_RAISE,CALF_RAISE,3,20,145.13.00,49.44.00,2025-09-14T18:57:39.0,114,68,9869.24.00,3,2025-09-20T02:00:33.998Z
8589,20386882289,SEATED_REAR_LATERAL_RAISE,LATERAL_RAISE,1,12,54.44.00,54.09.00,2025-09-14T18:53:56.0,97,28,1524.32.00,2,2025-09-20T02:00:33.998Z
8590,20386882289,SEATED_REAR_LATERAL_RAISE,LATERAL_RAISE,2,16,54.44.00,63.14.00,2025-09-14T18:59:12.0,97,28,1524.32.00,2,2025-09-20T02:00:33.998Z
8633,20398070117,INCLINE_BARBELL_BENCH_PRESS,BENCH_PRESS,1,12,61.25.00,114.17.00,2025-09-15T22:15:06.0,155,17,1086.55.00,2,2025-09-21T02:01:03.824Z
8634,20398070117,INCLINE_BARBELL_BENCH_PRESS,BENCH_PRESS,2,5,70.31.00,58.13.00,2025-09-15T22:18:17.0,155,17,1086.55.00,2,2025-09-21T02:01:03.824Z
8635,20398070117,SHOULDER_PRESS,SHOULDER_PRESS,1,6,45.38.00,47.33.00,2025-09-15T22:23:51.0,35,6,272.28000000000003,1,2025-09-21T02:01:03.824Z
8636,20398070117,INCLINE_SMITH_MACHINE_BENCH_PRESS,BENCH_PRESS,1,7,75.21.00,44.27.00,2025-09-15T22:28:01.0,107,13,972.5300000000001,2,2025-09-21T02:01:03.824Z
8637,20398070117,INCLINE_SMITH_MACHINE_BENCH_PRESS,BENCH_PRESS,2,6,75.21.00,87.17.00,2025-09-15T22:31:26.0,107,13,972.5300000000001,2,2025-09-21T02:01:03.824Z
8638,20398070117,WEIGHTED_INVERTED_SHOULDER_PRESS,SHOULDER_PRESS,1,10,72.56.00,93.02.00,2025-09-15T22:35:43.0,121,22,1596.3200000000002,2,2025-09-21T02:01:03.824Z
8639,20398070117,WEIGHTED_INVERTED_SHOULDER_PRESS,SHOULDER_PRESS,2,12,72.56.00,54.06.00,2025-09-15T22:41:58.0,121,22,1596.3200000000002,2,2025-09-21T02:01:03.824Z
8640,20398070117,TRICEPS_PRESSDOWN,TRICEPS_EXTENSION,1,6,72.56.00,66.35.00,2025-09-15T22:47:44.0,144,20,1419.7,3,2025-09-21T02:01:03.824Z
8641,20398070117,TRICEPS_PRESSDOWN,TRICEPS_EXTENSION,2,8,70.31.00,69.36.00,2025-09-15T22:51:25.0,144,20,1419.7,3,2025-09-21T02:01:03.824Z
8642,20398070117,TRICEPS_PRESSDOWN,TRICEPS_EXTENSION,3,6,70.31.00,22.19,2025-09-15T22:54:57.0,144,20,1419.7,3,2025-09-21T02:01:03.824Z
8643,20398070117,LYING_EZ_BAR_TRICEPS_EXTENSION,TRICEPS_EXTENSION,1,12,32.15.00,81.54.00,2025-09-15T22:58:38.0,160,32,1061,3,2025-09-21T02:01:03.824Z
8644,20398070117,LYING_EZ_BAR_TRICEPS_EXTENSION,TRICEPS_EXTENSION,2,10,34,50.07.00,2025-09-15T23:02:59.0,160,32,1061,3,2025-09-21T02:01:03.824Z
8645,20398070117,LYING_EZ_BAR_TRICEPS_EXTENSION,TRICEPS_EXTENSION,3,10,34,56.36.00,2025-09-15T23:08:32.0,160,32,1061,3,2025-09-21T02:01:03.824Z
8697,20407360024,WEIGHTED_LEG_CURL,LEG_CURL,1,12,75.24.00,60,<null>,180,28,2204.4800000000005,3,2025-09-22T02:01:11.822Z
8698,20407360024,WEIGHTED_LEG_CURL,LEG_CURL,2,8,82.05.00,60,<null>,180,28,2204.4800000000005,3,2025-09-22T02:01:11.822Z
8699,20407360024,WEIGHTED_LEG_CURL,LEG_CURL,3,8,82.05.00,60,<null>,180,28,2204.4800000000005,3,2025-09-22T02:01:11.822Z
8700,20407360024,BARBELL_HACK_SQUAT,SQUAT,1,8,109.26.00,39,<null>,117,28,3139.28.00,3,2025-09-22T02:01:11.822Z
8701,20407360024,BARBELL_HACK_SQUAT,SQUAT,2,8,113.4,39,<null>,117,28,3139.28.00,3,2025-09-22T02:01:11.822Z
8702,20407360024,BARBELL_HACK_SQUAT,SQUAT,3,12,113.4,39,<null>,117,28,3139.28.00,3,2025-09-22T02:01:11.822Z
8703,20407360024,WEIGHTED_LEG_EXTENSIONS,CRUNCH,1,10,125.14.00,39,<null>,117,34,4241.16.00,3,2025-09-22T02:01:11.822Z
8704,20407360024,WEIGHTED_LEG_EXTENSIONS,CRUNCH,2,12,125.14.00,39,<null>,117,34,4241.16.00,3,2025-09-22T02:01:11.822Z
8705,20407360024,WEIGHTED_LEG_EXTENSIONS,CRUNCH,3,12,125.14.00,39,<null>,117,34,4241.16.00,3,2025-09-22T02:01:11.822Z
8706,20407360024,LEG_ADDUCTION,BANDED_EXERCISES,1,8,138.35.00,37,<null>,111,24,3320.3999999999996,3,2025-09-22T02:01:11.822Z
8707,20407360024,LEG_ADDUCTION,BANDED_EXERCISES,2,8,138.35.00,37,<null>,111,24,3320.3999999999996,3,2025-09-22T02:01:11.822Z
8708,20407360024,LEG_ADDUCTION,BANDED_EXERCISES,3,8,138.35.00,37,<null>,111,24,3320.3999999999996,3,2025-09-22T02:01:11.822Z
8709,20407360024,WEIGHTED_CRUNCH,CRUNCH,1,8,91.12.00,37,<null>,111,28,2540.16.00,3,2025-09-22T02:01:11.822Z
8710,20407360024,WEIGHTED_CRUNCH,CRUNCH,2,12,91.12.00,37,<null>,111,28,2540.16.00,3,2025-09-22T02:01:11.822Z
8711,20407360024,WEIGHTED_CRUNCH,CRUNCH,3,8,91.12.00,37,<null>,111,28,2540.16.00,3,2025-09-22T02:01:11.822Z
8712,20407360024,WEIGHTED_STANDING_CALF_RAISE,CALF_RAISE,1,8,150.09.00,37,<null>,111,56,8600.08.00,3,2025-09-22T02:01:11.822Z
8713,20407360024,WEIGHTED_STANDING_CALF_RAISE,CALF_RAISE,2,16,154.22.00,37,<null>,111,56,8600.08.00,3,2025-09-22T02:01:11.822Z
8714,20407360024,WEIGHTED_STANDING_CALF_RAISE,CALF_RAISE,3,32,154.22.00,37,<null>,111,56,8600.08.00,3,2025-09-22T02:01:11.822Z
8832,20419896568,BENCH_PRESS,BENCH_PRESS,1,8,82.03.00,53.51.00,2025-09-17T22:45:19.0,53,8,653.04.00,1,2025-09-24T02:01:01.018Z
8833,20419896568,PULL_UP,PULL_UP,1,8,<null>,39.38.00,2025-09-17T22:49:14.0,31,8,0,1,2025-09-24T02:01:01.018Z
8834,20419896568,UNKNOWN,UNKNOWN,1,10,72.56.00,44.06.00,2025-09-17T22:52:17.0,652,66,2929.06.00,7,2025-09-24T02:01:01.018Z
8835,20419896568,UNKNOWN,UNKNOWN,2,10,75.21.00,97.37.00,2025-09-17T22:56:15.0,652,66,2929.06.00,7,2025-09-24T02:01:01.018Z
8836,20419896568,UNKNOWN,UNKNOWN,3,6,<null>,31.36.00,2025-09-17T22:59:19.0,652,66,2929.06.00,7,2025-09-24T02:01:01.018Z
8837,20419896568,UNKNOWN,UNKNOWN,4,8,75.21.00,190.27.00,2025-09-17T23:03:05.0,652,66,2929.06.00,7,2025-09-24T02:01:01.018Z
8838,20419896568,UNKNOWN,UNKNOWN,5,12,19.06,88.49.00,2025-09-17T23:09:20.0,652,66,2929.06.00,7,2025-09-24T02:01:01.018Z
8839,20419896568,UNKNOWN,UNKNOWN,6,12,19.06,185.42.00,2025-09-17T23:18:16.0,652,66,2929.06.00,7,2025-09-24T02:01:01.018Z
8840,20419896568,UNKNOWN,UNKNOWN,7,8,50.28.00,54.23.00,2025-09-17T23:31:12.0,652,66,2929.06.00,7,2025-09-24T02:01:01.018Z
8841,20419896568,SIT_UP,SIT_UP,1,10,19.06,77.29.00,2025-09-17T23:14:44.0,65,10,190.6,1,2025-09-24T02:01:01.018Z
8842,20419896568,CURL,CURL,1,6,49.44.00,41.38.00,2025-09-17T23:24:33.0,128,20,957.3,3,2025-09-24T02:01:01.018Z
8843,20419896568,CURL,CURL,2,8,47.19.00,45.45.00,2025-09-17T23:44:45.0,128,20,957.3,3,2025-09-24T02:01:01.018Z
8844,20419896568,CURL,CURL,3,6,47.19.00,53.12.00,2025-09-17T23:48:56.0,128,20,957.3,3,2025-09-24T02:01:01.018Z
8845,20419896568,ROW,ROW,1,8,50.28.00,38.38.00,2025-09-17T23:34:08.0,37,8,399.04.00,1,2025-09-24T02:01:01.018Z
8846,20419896568,LATERAL_RAISE,LATERAL_RAISE,1,8,50.28.00,42.06.00,2025-09-17T23:40:00.0,37,8,399.04.00,1,2025-09-24T02:01:01.018Z
9058,20451348850,BENCH_PRESS,BENCH_PRESS,1,20,43.06.00,63.39.00,2025-09-20T23:46:17.0,53,20,861.2,1,2025-09-27T02:00:47.928Z
9059,20451348850,INCLINE_SMITH_MACHINE_BENCH_PRESS,BENCH_PRESS,1,6,79.38.00,47.35.00,2025-09-20T23:50:53.0,104,18,1429.24.00,3,2025-09-27T02:00:47.928Z
9060,20451348850,INCLINE_SMITH_MACHINE_BENCH_PRESS,BENCH_PRESS,2,6,79.38.00,42.02.00,2025-09-20T23:55:07.0,104,18,1429.24.00,3,2025-09-27T02:00:47.928Z
9061,20451348850,INCLINE_SMITH_MACHINE_BENCH_PRESS,BENCH_PRESS,3,6,79.38.00,34.24.00,2025-09-21T00:06:33.0,104,18,1429.24.00,3,2025-09-27T02:00:47.928Z
9062,20451348850,LATERAL_RAISE,LATERAL_RAISE,1,8,54.44.00,41.26.00,2025-09-21T00:13:17.0,111,28,1547.22.00,3,2025-09-27T02:00:47.928Z
9063,20451348850,LATERAL_RAISE,LATERAL_RAISE,2,10,54.44.00,53.37.00,2025-09-21T00:17:46.0,111,28,1547.22.00,3,2025-09-27T02:00:47.928Z
9064,20451348850,LATERAL_RAISE,LATERAL_RAISE,3,10,57.09.00,49.55.00,2025-09-21T00:26:01.0,111,28,1547.22.00,3,2025-09-27T02:00:47.928Z
9065,20451348850,TRICEPS_PRESSDOWN,TRICEPS_EXTENSION,1,8,72.56.00,35.17.00,2025-09-21T00:15:04.0,107,26,1796.36.00,3,2025-09-27T02:00:47.928Z
9066,20451348850,TRICEPS_PRESSDOWN,TRICEPS_EXTENSION,2,8,72.56.00,34.22.00,2025-09-21T00:22:56.0,107,26,1796.36.00,3,2025-09-27T02:00:47.928Z
9067,20451348850,TRICEPS_PRESSDOWN,TRICEPS_EXTENSION,3,10,63.5,45.49.00,2025-09-21T00:28:00.0,107,26,1796.36.00,3,2025-09-27T02:00:47.928Z
9068,20440962627,WEIGHTED_LEG_CURL,LEG_CURL,1,8,84.34.00,124.28.00,2025-09-20T01:08:24.0,279,32,2686.08.00,3,2025-09-27T02:00:50.180Z
9069,20440962627,WEIGHTED_LEG_CURL,LEG_CURL,2,12,84.34.00,42.33.00,2025-09-20T01:13:22.0,279,32,2686.08.00,3,2025-09-27T02:00:50.180Z
9070,20440962627,WEIGHTED_LEG_CURL,LEG_CURL,3,12,84.34.00,150.08.00,2025-09-20T01:18:50.0,279,32,2686.08.00,3,2025-09-27T02:00:50.180Z
9071,20440962627,BARBELL_HACK_SQUAT,SQUAT,1,8,109.28.00,33.15.00,2025-09-20T01:28:13.0,144,20,2177.6,3,2025-09-27T02:00:50.180Z
9072,20440962627,BARBELL_HACK_SQUAT,SQUAT,2,6,109.28.00,97.51.00,2025-09-20T01:33:31.0,144,20,2177.6,3,2025-09-27T02:00:50.180Z
9073,20440962627,BARBELL_HACK_SQUAT,SQUAT,3,6,109.28.00,46.48.00,2025-09-20T01:39:30.0,144,20,2177.6,3,2025-09-27T02:00:50.180Z
9074,20440962627,WEIGHTED_LEG_EXTENSIONS,CRUNCH,1,10,118.34.00,84.49.00,2025-09-20T01:47:09.0,165,38,4482.12.00,3,2025-09-27T02:00:50.180Z
9075,20440962627,WEIGHTED_LEG_EXTENSIONS,CRUNCH,2,16,118.34.00,53.52.00,2025-09-20T01:53:42.0,165,38,4482.12.00,3,2025-09-27T02:00:50.180Z
9076,20440962627,WEIGHTED_LEG_EXTENSIONS,CRUNCH,3,12,118.34.00,45.31.00,2025-09-20T01:59:53.0,165,38,4482.12.00,3,2025-09-27T02:00:50.180Z
9131,20460124478,PULL_UP,PULL_UP,1,8,<null>,48.38.00,2025-09-21T19:20:52.0,77,16,0,2,2025-09-28T02:00:39.020Z
9132,20460124478,PULL_UP,PULL_UP,2,8,<null>,39.24.00,2025-09-21T19:25:09.0,77,16,0,2,2025-09-28T02:00:39.020Z
9133,20460124478,LAT_PULLDOWN,PULL_UP,1,8,75.21.00,49.14.00,2025-09-21T19:28:07.0,108,18,1346.58.00,2,2025-09-28T02:00:39.020Z
9134,20460124478,LAT_PULLDOWN,PULL_UP,2,10,75.21.00,81.15.00,2025-09-21T19:31:48.0,108,18,1346.58.00,2,2025-09-28T02:00:39.020Z
9135,20460124478,REVERSE_EZ_BAR_CURL,CURL,1,8,52.19.00,141.52.00,2025-09-21T19:34:19.0,208,24,1207.36.00,3,2025-09-28T02:00:39.020Z
9136,20460124478,REVERSE_EZ_BAR_CURL,CURL,2,6,52.19.00,35.45.00,2025-09-21T19:39:52.0,208,24,1207.36.00,3,2025-09-28T02:00:39.020Z
9137,20460124478,REVERSE_EZ_BAR_CURL,CURL,3,10,48.03.00,66.01.00,2025-09-21T19:44:02.0,208,24,1207.36.00,3,2025-09-28T02:00:39.020Z
9138,20460124478,CLOSE_GRIP_LAT_PULLDOWN,PULL_UP,1,8,75.21.00,38,2025-09-21T19:38:40.0,69,14,1088.26.00,2,2025-09-28T02:00:39.020Z
9139,20460124478,CLOSE_GRIP_LAT_PULLDOWN,PULL_UP,2,6,82.03.00,40.48.00,2025-09-21T19:41:13.0,69,14,1088.26.00,2,2025-09-28T02:00:39.020Z
9140,20460124478,ROW,ROW,1,10,72.56.00,51.21.00,2025-09-21T19:49:01.0,156,30,2176.8,3,2025-09-28T02:00:39.020Z
9141,20460124478,ROW,ROW,2,10,72.56.00,50.34.00,2025-09-21T19:53:31.0,156,30,2176.8,3,2025-09-28T02:00:39.020Z
9142,20460124478,ROW,ROW,3,10,72.56.00,73.26.00,2025-09-21T19:57:16.0,156,30,2176.8,3,2025-09-28T02:00:39.020Z
9143,20460124478,SEATED_REAR_LATERAL_RAISE,LATERAL_RAISE,1,10,61.25.00,28.07.00,2025-09-21T20:00:32.0,135,34,1973.06.00,3,2025-09-28T02:00:39.020Z
9144,20460124478,SEATED_REAR_LATERAL_RAISE,LATERAL_RAISE,2,12,57.09.00,63.39.00,2025-09-21T20:05:05.0,135,34,1973.06.00,3,2025-09-28T02:00:39.020Z
9145,20460124478,SEATED_REAR_LATERAL_RAISE,LATERAL_RAISE,3,12,57.09.00,47.11.00,2025-09-21T20:09:18.0,135,34,1973.06.00,3,2025-09-28T02:00:39.020Z
9146,20460124478,EZ_BAR_PREACHER_CURL,CURL,1,6,36.31.00,42.32.00,2025-09-21T20:02:33.0,81,12,436.12.00,2,2025-09-28T02:00:39.020Z
9147,20460124478,EZ_BAR_PREACHER_CURL,CURL,2,6,36.31.00,52.23.00,2025-09-21T20:08:08.0,81,12,436.12.00,2,2025-09-28T02:00:39.020Z
9226,20491872436,SHOULDER_PRESS,SHOULDER_PRESS,1,6,91.09.00,75.43.00,2025-09-24T23:08:09.0,156,20,1541.9399999999998,3,2025-09-30T02:01:10.953Z
9227,20491872436,SHOULDER_PRESS,SHOULDER_PRESS,2,8,91.09.00,43.12.00,2025-09-24T23:11:50.0,156,20,1541.9399999999998,3,2025-09-30T02:01:10.953Z
9228,20491872436,SHOULDER_PRESS,SHOULDER_PRESS,3,6,45.38.00,59.26.00,2025-09-24T23:37:12.0,156,20,1541.9399999999998,3,2025-09-30T02:01:10.953Z
9229,20491872436,INCLINE_SMITH_MACHINE_BENCH_PRESS,BENCH_PRESS,1,8,82.03.00,35.55.00,2025-09-24T23:21:36.0,115,20,1632.6,3,2025-09-30T02:01:10.953Z
9230,20491872436,INCLINE_SMITH_MACHINE_BENCH_PRESS,BENCH_PRESS,2,6,82.03.00,44.58.00,2025-09-24T23:26:44.0,115,20,1632.6,3,2025-09-30T02:01:10.953Z
9231,20491872436,INCLINE_SMITH_MACHINE_BENCH_PRESS,BENCH_PRESS,3,6,82.03.00,55.57.00,2025-09-24T23:31:38.0,115,20,1632.6,3,2025-09-30T02:01:10.953Z
9232,20491872436,REVERSE_EZ_BAR_CURL,CURL,1,10,50.28.00,103.27.00,2025-09-24T23:41:17.0,196,28,1397.04.00,3,2025-09-30T02:01:10.953Z
9233,20491872436,REVERSE_EZ_BAR_CURL,CURL,2,8,50.28.00,65.56.00,2025-09-25T00:06:59.0,196,28,1397.04.00,3,2025-09-30T02:01:10.953Z
9234,20491872436,REVERSE_EZ_BAR_CURL,CURL,3,10,50.28.00,53.09.00,2025-09-25T00:13:07.0,196,28,1397.04.00,3,2025-09-30T02:01:10.953Z
9235,20491872436,EZ_BAR_PREACHER_CURL,CURL,1,6,49.44.00,92.45.00,2025-09-24T23:45:57.0,414,20,988.8,3,2025-09-30T02:01:10.953Z
9236,20491872436,EZ_BAR_PREACHER_CURL,CURL,2,6,49.44.00,115.47.00,2025-09-24T23:51:27.0,414,20,988.8,3,2025-09-30T02:01:10.953Z
9237,20491872436,EZ_BAR_PREACHER_CURL,CURL,3,8,49.44.00,229.27.00,2025-09-24T23:58:19.0,414,20,988.8,3,2025-09-30T02:01:10.953Z
9238,20491872436,SEATED_LATERAL_RAISE,LATERAL_RAISE,1,10,57.09.00,58.35.00,2025-09-25T00:11:08.0,125,24,1406.32.00,3,2025-09-30T02:01:10.953Z
9239,20491872436,SEATED_LATERAL_RAISE,LATERAL_RAISE,2,8,59.34.00,68.34.00,2025-09-25T00:17:08.0,125,24,1406.32.00,3,2025-09-30T02:01:10.953Z
9240,20491872436,SEATED_LATERAL_RAISE,LATERAL_RAISE,3,6,61.25.00,27.47.00,2025-09-25T00:22:23.0,125,24,1406.32.00,3,2025-09-30T02:01:10.953Z
9241,20470796559,UNKNOWN,UNKNOWN,1,10,86.19.00,42.13.00,2025-09-22T22:47:34.0,456,108,12484.799999999997,11,2025-09-30T02:01:13.521Z
9242,20470796559,UNKNOWN,UNKNOWN,2,12,86.19.00,64.46.00,2025-09-22T22:52:53.0,456,108,12484.799999999997,11,2025-09-30T02:01:13.521Z
9243,20470796559,UNKNOWN,UNKNOWN,3,10,86.19.00,53.36.00,2025-09-22T22:57:46.0,456,108,12484.799999999997,11,2025-09-30T02:01:13.521Z
9244,20470796559,UNKNOWN,UNKNOWN,4,6,109.28.00,29.19.00,2025-09-22T23:01:36.0,456,108,12484.799999999997,11,2025-09-30T02:01:13.521Z
9245,20470796559,UNKNOWN,UNKNOWN,5,6,109.28.00,85.49.00,2025-09-22T23:11:47.0,456,108,12484.799999999997,11,2025-09-30T02:01:13.521Z
9246,20470796559,UNKNOWN,UNKNOWN,6,12,138.38.00,50.54.00,2025-09-22T23:18:47.0,456,108,12484.799999999997,11,2025-09-30T02:01:13.521Z
9247,20470796559,UNKNOWN,UNKNOWN,7,10,125.15.00,31.24.00,2025-09-22T23:23:11.0,456,108,12484.799999999997,11,2025-09-30T02:01:13.521Z
9248,20470796559,UNKNOWN,UNKNOWN,8,10,125.15.00,38.21.00,2025-09-22T23:29:28.0,456,108,12484.799999999997,11,2025-09-30T02:01:13.521Z
9249,20470796559,UNKNOWN,UNKNOWN,9,10,138.38.00,37.25.00,2025-09-22T23:33:11.0,456,108,12484.799999999997,11,2025-09-30T02:01:13.521Z
9250,20470796559,UNKNOWN,UNKNOWN,10,12,125.15.00,66.42.00,2025-09-22T23:37:16.0,456,108,12484.799999999997,11,2025-09-30T02:01:13.521Z
9251,20470796559,UNKNOWN,UNKNOWN,11,10,138.38.00,43.12.00,2025-09-22T23:38:42.0,456,108,12484.799999999997,11,2025-09-30T02:01:13.521Z
9252,20470796559,PUSH_UP,PUSH_UP,1,6,109.28.00,114.46.00,2025-09-22T23:05:18.0,112,6,653.28.00,1,2025-09-30T02:01:13.521Z
9253,20470796559,SIT_UP,SIT_UP,1,12,91.09.00,43.01.00,2025-09-22T23:17:17.0,102,36,3265.24.00,3,2025-09-30T02:01:13.521Z
9254,20470796559,SIT_UP,SIT_UP,2,12,91.09.00,35.42.00,2025-09-22T23:21:09.0,102,36,3265.24.00,3,2025-09-30T02:01:13.521Z
9255,20470796559,SIT_UP,SIT_UP,3,12,91.09.00,36.31.00,2025-09-22T23:39:54.0,102,36,3265.24.00,3,2025-09-30T02:01:13.521Z
9284,20501111259,PULL_UP,PULL_UP,1,6,<null>,41.47.00,2025-09-25T20:27:41.0,102,20,0,3,2025-10-01T02:00:41.141Z
9285,20501111259,PULL_UP,PULL_UP,2,8,<null>,43.56.00,2025-09-25T20:38:16.0,102,20,0,3,2025-10-01T02:00:41.141Z
9286,20501111259,PULL_UP,PULL_UP,3,6,<null>,37.38.00,2025-09-25T20:48:15.0,102,20,0,3,2025-10-01T02:00:41.141Z
9287,20501111259,LAT_PULLDOWN,PULL_UP,1,6,84.34.00,63.25.00,2025-09-25T20:34:24.0,50,6,504.04.00,1,2025-10-01T02:00:41.141Z
9288,20501111259,SEATED_CABLE_ROW,ROW,1,10,72.56.00,56.26.00,2025-09-25T20:41:37.0,83,18,1378.6399999999999,2,2025-10-01T02:00:41.141Z
9289,20501111259,SEATED_CABLE_ROW,ROW,2,8,82.03.00,44.26.00,2025-09-25T20:44:06.0,83,18,1378.6399999999999,2,2025-10-01T02:00:41.141Z
9316,20501112005,TRICEPS_PRESSDOWN,TRICEPS_EXTENSION,1,10,72.56.00,47.12.00,2025-09-25T21:58:52.0,133,26,1886.56.00,3,2025-10-02T02:00:49.150Z
9317,20501112005,TRICEPS_PRESSDOWN,TRICEPS_EXTENSION,2,8,72.56.00,46.31.00,2025-09-25T22:04:22.0,133,26,1886.56.00,3,2025-10-02T02:00:49.150Z
9318,20501112005,TRICEPS_PRESSDOWN,TRICEPS_EXTENSION,3,8,72.56.00,53.18.00,2025-09-25T22:08:48.0,133,26,1886.56.00,3,2025-10-02T02:00:49.150Z
9319,20501112005,CABLE_OVERHEAD_TRICEPS_EXTENSION,TRICEPS_EXTENSION,1,6,66.15.00,48.04.00,2025-09-25T22:12:42.0,116,20,1315,3,2025-10-02T02:00:49.150Z
9320,20501112005,CABLE_OVERHEAD_TRICEPS_EXTENSION,TRICEPS_EXTENSION,2,8,66.15.00,53.34.00,2025-09-25T22:15:48.0,116,20,1315,3,2025-10-02T02:00:49.150Z
9321,20501112005,CABLE_OVERHEAD_TRICEPS_EXTENSION,TRICEPS_EXTENSION,3,6,66.15.00,31.13.00,2025-09-25T22:20:30.0,116,20,1315,3,2025-10-02T02:00:49.150Z
9322,20501112005,PULL_UP,PULL_UP,1,6,<null>,09.16,2025-09-25T22:17:17.0,4,6,0,1,2025-10-02T02:00:49.150Z
9323,20501112005,SEATED_REAR_LATERAL_RAISE,LATERAL_RAISE,1,8,59.34.00,46.13.00,2025-09-25T22:25:42.0,311,32,1886.08.00,3,2025-10-02T02:00:49.150Z
9324,20501112005,SEATED_REAR_LATERAL_RAISE,LATERAL_RAISE,2,12,59.34.00,184.07.00,2025-09-25T22:30:48.0,311,32,1886.08.00,3,2025-10-02T02:00:49.150Z
9325,20501112005,SEATED_REAR_LATERAL_RAISE,LATERAL_RAISE,3,12,59.34.00,87.49.00,2025-09-25T22:36:44.0,311,32,1886.08.00,3,2025-10-02T02:00:49.150Z
9430,20519203043,WEIGHTED_LEG_CURL,LEG_CURL,1,10,82.03.00,54.43.00,2025-09-27T18:03:10.0,152,30,2467.38.00,3,2025-10-05T02:00:48.063Z
9431,20519203043,WEIGHTED_LEG_CURL,LEG_CURL,2,12,82.03.00,82.19.00,2025-09-27T18:06:21.0,152,30,2467.38.00,3,2025-10-05T02:00:48.063Z
9432,20519203043,WEIGHTED_LEG_CURL,LEG_CURL,3,8,84.34.00,25.27.00,2025-09-27T18:10:03.0,152,30,2467.38.00,3,2025-10-05T02:00:48.063Z
9433,20519203043,BARBELL_HACK_SQUAT,SQUAT,1,6,118.34.00,62.5,2025-09-27T18:17:50.0,115,12,1415.28.00,2,2025-10-05T02:00:48.063Z
9434,20519203043,BARBELL_HACK_SQUAT,SQUAT,2,6,118.34.00,54.38.00,2025-09-27T18:25:58.0,115,12,1415.28.00,2,2025-10-05T02:00:48.063Z
9435,20519203043,WEIGHTED_CRUNCH,CRUNCH,1,10,91.09.00,52.33.00,2025-09-27T18:28:23.0,141,34,3083.46.00,3,2025-10-05T02:00:48.063Z
9436,20519203043,WEIGHTED_CRUNCH,CRUNCH,2,12,91.09.00,63.51.00,2025-09-27T18:31:49.0,141,34,3083.46.00,3,2025-10-05T02:00:48.063Z
9437,20519203043,WEIGHTED_CRUNCH,CRUNCH,3,12,91.09.00,47.39.00,2025-09-27T18:38:28.0,141,34,3083.46.00,3,2025-10-05T02:00:48.063Z
9951,20553077405,SINGLE_ARM_CABLE_CHEST_PRESS,BENCH_PRESS,1,9,90.21.00,08.55,2025-09-30T23:05:49.0,10,27,2425.27.00,3,2025-10-13T02:01:05.767Z
9952,20553077405,SINGLE_ARM_CABLE_CHEST_PRESS,BENCH_PRESS,2,9,90.21.00,09.13,2025-09-30T23:06:06.0,10,27,2425.27.00,3,2025-10-13T02:01:05.767Z
9953,20553077405,SINGLE_ARM_CABLE_CHEST_PRESS,BENCH_PRESS,3,9,90.21.00,09.13,2025-09-30T23:06:21.0,10,27,2425.27.00,3,2025-10-13T02:01:05.767Z
9954,20553077405,LATERAL_RAISE,LATERAL_RAISE,1,8,57.09.00,13.47,2025-09-30T23:06:36.0,51,22,1247.1799999999998,3,2025-10-13T02:01:05.767Z
9955,20553077405,LATERAL_RAISE,LATERAL_RAISE,2,8,57.09.00,12.04,2025-09-30T23:09:05.0,51,22,1247.1799999999998,3,2025-10-13T02:01:05.767Z
9956,20553077405,LATERAL_RAISE,LATERAL_RAISE,3,6,57.09.00,54.56.00,2025-09-30T23:13:45.0,51,22,1247.1799999999998,3,2025-10-13T02:01:05.767Z
9957,20553077405,TRICEPS_PRESSDOWN,TRICEPS_EXTENSION,1,8,66.15.00,17.05,2025-09-30T23:18:35.0,8,16,1052,2,2025-10-13T02:01:05.767Z
9958,20553077405,TRICEPS_PRESSDOWN,TRICEPS_EXTENSION,2,8,66.15.00,11.04,2025-09-30T23:22:49.0,8,16,1052,2,2025-10-13T02:01:05.767Z
9959,20553077405,LYING_EZ_BAR_TRICEPS_EXTENSION,TRICEPS_EXTENSION,1,6,34.02.00,60,<null>,79,14,439.96000000000004,2,2025-10-13T02:01:05.767Z
9960,20553077405,LYING_EZ_BAR_TRICEPS_EXTENSION,TRICEPS_EXTENSION,2,8,29.48.00,19,<null>,79,14,439.96000000000004,2,2025-10-13T02:01:05.767Z
9961,20547600705,PULL_UP,PULL_UP,1,6,<null>,60,<null>,60,12,0,2,2025-10-13T02:01:07.762Z
9962,20547600705,PULL_UP,PULL_UP,2,6,<null>,0,<null>,60,12,0,2,2025-10-13T02:01:07.762Z
9963,20547600705,LAT_PULLDOWN,PULL_UP,1,8,66.17.00,0,<null>,0,16,1052.32.00,2,2025-10-13T02:01:07.762Z
9964,20547600705,LAT_PULLDOWN,PULL_UP,2,8,66.17.00,0,<null>,0,16,1052.32.00,2,2025-10-13T02:01:07.762Z
9965,20547600705,SINGLE_ARM_CABLE_ROW,ROW,1,0,72.57.00,0,<null>,0,0,0,1,2025-10-13T02:01:07.762Z
9966,20547600705,SEATED_CABLE_ROW,ROW,1,0,72.57.00,0,<null>,0,0,0,2,2025-10-13T02:01:07.762Z
9967,20547600705,SEATED_CABLE_ROW,ROW,2,0,72.57.00,0,<null>,0,0,0,2,2025-10-13T02:01:07.762Z
9968,20547600705,EZ_BAR_PREACHER_CURL,CURL,1,6,49.44.00,0,<null>,0,12,593.28.00,2,2025-10-13T02:01:07.762Z
9969,20547600705,EZ_BAR_PREACHER_CURL,CURL,2,6,49.44.00,0,<null>,0,12,593.28.00,2,2025-10-13T02:01:07.762Z
9970,20547600705,REVERSE_EZ_BAR_CURL,CURL,1,8,45.36.00,0,<null>,0,8,363.28.00,1,2025-10-13T02:01:07.762Z
10125,20563032474,BARBELL_HACK_SQUAT,SQUAT,1,6,131.56.00,54.55.00,2025-10-02T01:44:03.0,200,18,2313.36.00,3,2025-10-14T15:32:45.809Z
10126,20563032474,BARBELL_HACK_SQUAT,SQUAT,2,6,127,72.04.00,2025-10-02T01:49:58.0,200,18,2313.36.00,3,2025-10-14T15:32:45.809Z
10127,20563032474,BARBELL_HACK_SQUAT,SQUAT,3,6,127,90.21.00,2025-10-02T01:57:06.0,200,18,2313.36.00,3,2025-10-14T15:32:45.809Z
10128,20563032474,WEIGHTED_CRUNCH,CRUNCH,1,12,91.09.00,55.08.00,2025-10-02T02:00:55.0,47,12,1088.28.00,1,2025-10-14T15:32:45.809Z
10481,20579848883,PULL_UP,PULL_UP,1,6,<null>,36.16.00,2025-10-03T17:55:38.0,83,19,0,3,2025-10-18T02:00:50.090Z
10482,20579848883,PULL_UP,PULL_UP,2,6,<null>,36.46.00,2025-10-03T17:59:04.0,83,19,0,3,2025-10-18T02:00:50.090Z
10483,20579848883,PULL_UP,PULL_UP,3,7,<null>,36.05.00,2025-10-03T18:03:13.0,83,19,0,3,2025-10-18T02:00:50.090Z
10484,20579848883,SEATED_REAR_LATERAL_RAISE,LATERAL_RAISE,1,12,57.09.00,48.27.00,2025-10-03T18:05:08.0,115,34,1927.4599999999998,3,2025-10-18T02:00:50.090Z
10485,20579848883,SEATED_REAR_LATERAL_RAISE,LATERAL_RAISE,2,10,57.09.00,52.05.00,2025-10-03T18:08:26.0,115,34,1927.4599999999998,3,2025-10-18T02:00:50.090Z
10486,20579848883,SEATED_REAR_LATERAL_RAISE,LATERAL_RAISE,3,12,57.09.00,47.52.00,2025-10-03T18:11:31.0,115,34,1927.4599999999998,3,2025-10-18T02:00:50.090Z
10487,20579848883,SEATED_CABLE_ROW,ROW,1,6,72.56.00,12.07,2025-10-03T18:14:31.0,38,14,1016.24.00,2,2025-10-18T02:00:50.090Z
10488,20579848883,SEATED_CABLE_ROW,ROW,2,8,72.56.00,40.34.00,2025-10-03T18:18:14.0,38,14,1016.24.00,2,2025-10-18T02:00:50.090Z
10550,20641396577,INCLINE_SMITH_MACHINE_BENCH_PRESS,BENCH_PRESS,1,8,84.34.00,103.14.00,2025-10-09T17:31:01.0,263,20,1678.7999999999997,3,2025-10-19T02:00:15.842Z
10551,20641396577,INCLINE_SMITH_MACHINE_BENCH_PRESS,BENCH_PRESS,2,6,84.34.00,78.03.00,2025-10-09T17:38:15.0,263,20,1678.7999999999997,3,2025-10-19T02:00:15.842Z
10552,20641396577,INCLINE_SMITH_MACHINE_BENCH_PRESS,BENCH_PRESS,3,6,84.34.00,98.08.00,2025-10-09T17:45:13.0,263,20,1678.7999999999997,3,2025-10-19T02:00:15.842Z
10553,20641396577,SHOULDER_PRESS,SHOULDER_PRESS,1,6,95.25.00,38.49.00,2025-10-09T17:51:25.0,103,14,1333.5,2,2025-10-19T02:00:15.842Z
10554,20641396577,SHOULDER_PRESS,SHOULDER_PRESS,2,8,95.25.00,84.54.00,2025-10-09T17:58:10.0,103,14,1333.5,2,2025-10-19T02:00:15.842Z
10555,20641396577,REVERSE_EZ_BAR_CURL,CURL,1,10,50.28.00,90.25.00,2025-10-09T18:01:48.0,171,32,1596.16.00,3,2025-10-19T02:00:15.842Z
10556,20641396577,REVERSE_EZ_BAR_CURL,CURL,2,10,50.28.00,47.28.00,2025-10-09T18:09:46.0,171,32,1596.16.00,3,2025-10-19T02:00:15.842Z
10557,20641396577,REVERSE_EZ_BAR_CURL,CURL,3,12,50.28.00,48.38.00,2025-10-09T18:20:22.0,171,32,1596.16.00,3,2025-10-19T02:00:15.842Z
10558,20641396577,LATERAL_RAISE,LATERAL_RAISE,1,8,61.25.00,18.15,2025-10-09T18:07:28.0,24,16,980,2,2025-10-19T02:00:15.842Z
10559,20641396577,LATERAL_RAISE,LATERAL_RAISE,2,8,61.25.00,26.52.00,2025-10-09T18:18:15.0,24,16,980,2,2025-10-19T02:00:15.842Z
10560,20641396577,PREACHER_CURL_WITH_CABLE,CURL,1,6,49.44.00,432.51.00,2025-10-09T18:24:02.0,861,18,890.32.00,3,2025-10-19T02:00:15.842Z
10561,20641396577,PREACHER_CURL_WITH_CABLE,CURL,2,6,49.44.00,282.41.00,2025-10-09T18:36:40.0,861,18,890.32.00,3,2025-10-19T02:00:15.842Z
10562,20641396577,PREACHER_CURL_WITH_CABLE,CURL,3,6,49.44.00,167,2025-10-09T18:44:45.0,861,18,890.32.00,3,2025-10-19T02:00:15.842Z
10563,20611375409,WEIGHTED_LEG_CURL,LEG_CURL,1,10,75.21.00,54.36.00,2025-10-07T01:11:30.0,101,20,1496.2,2,2025-10-19T02:00:18.078Z
10564,20611375409,WEIGHTED_LEG_CURL,LEG_CURL,2,10,75.21.00,54.13.00,2025-10-07T01:15:43.0,101,20,1496.2,2,2025-10-19T02:00:18.078Z
10565,20611375409,BARBELL_HACK_SQUAT,SQUAT,1,6,131.56.00,53.39.00,2025-10-07T01:19:24.0,187,22,2894.32.00,3,2025-10-19T02:00:18.078Z
10566,20611375409,BARBELL_HACK_SQUAT,SQUAT,2,8,131.56.00,65.19.00,2025-10-07T01:27:34.0,187,22,2894.32.00,3,2025-10-19T02:00:18.078Z
10567,20611375409,BARBELL_HACK_SQUAT,SQUAT,3,8,131.56.00,100.45.00,2025-10-07T01:32:46.0,187,22,2894.32.00,3,2025-10-19T02:00:18.078Z
10568,20601185172,INCLINE_SMITH_MACHINE_BENCH_PRESS,BENCH_PRESS,1,2,93,72.31.00,2025-10-05T21:19:10.0,351,21,1780.8600000000001,3,2025-10-19T02:00:19.301Z
10569,20601185172,INCLINE_SMITH_MACHINE_BENCH_PRESS,BENCH_PRESS,2,10,84.34.00,26.03.00,2025-10-05T21:24:13.0,351,21,1780.8600000000001,3,2025-10-19T02:00:19.301Z
10570,20601185172,INCLINE_SMITH_MACHINE_BENCH_PRESS,BENCH_PRESS,3,9,84.34.00,279.01.00,2025-10-05T21:29:09.0,351,21,1780.8600000000001,3,2025-10-19T02:00:19.301Z
10571,20601185172,LATERAL_RAISE,LATERAL_RAISE,1,8,59.34.00,16.12,2025-10-05T21:38:44.0,179,18,1061.32.00,2,2025-10-19T02:00:19.301Z
10572,20601185172,LATERAL_RAISE,LATERAL_RAISE,2,10,59.34.00,189.23.00,2025-10-05T21:41:29.0,179,18,1061.32.00,2,2025-10-19T02:00:19.301Z
10573,20601185172,CHEST_FLY,SUSPENSION,1,6,34,80.07.00,2025-10-05T21:47:12.0,65,6,204,1,2025-10-19T02:00:19.301Z
10574,20601185172,TRICEPS_PRESSDOWN,TRICEPS_EXTENSION,1,9,72.56.00,132.29.00,2025-10-05T21:52:22.0,185,17,1233.52.00,2,2025-10-19T02:00:19.301Z
10575,20601185172,TRICEPS_PRESSDOWN,TRICEPS_EXTENSION,2,8,72.56.00,56.51.00,2025-10-05T21:57:13.0,185,17,1233.52.00,2,2025-10-19T02:00:19.301Z
10576,20601185172,CABLE_OVERHEAD_TRICEPS_EXTENSION,TRICEPS_EXTENSION,1,10,66.15.00,38.16.00,2025-10-05T22:01:13.0,140,18,1183.5,2,2025-10-19T02:00:19.301Z
10577,20601185172,CABLE_OVERHEAD_TRICEPS_EXTENSION,TRICEPS_EXTENSION,2,8,66.15.00,102.09.00,2025-10-05T22:06:45.0,140,18,1183.5,2,2025-10-19T02:00:19.301Z
10625,20647085953,PULL_UP,PULL_UP,1,6,<null>,55.02.00,2025-10-10T13:08:58.0,50,6,0,1,2025-10-20T02:00:20.873Z
10626,20647085953,LAT_PULLDOWN,PULL_UP,1,12,68.04.00,67.22.00,2025-10-10T13:12:27.0,106,22,1542.08.00,2,2025-10-20T02:00:20.873Z
10627,20647085953,LAT_PULLDOWN,PULL_UP,2,10,72.56.00,66.14.00,2025-10-10T13:15:50.0,106,22,1542.08.00,2,2025-10-20T02:00:20.873Z
10628,20647085953,SEATED_CABLE_ROW,ROW,1,9,77.13.00,51.55.00,2025-10-10T13:19:22.0,139,27,2082.5099999999998,3,2025-10-20T02:00:20.873Z
10629,20647085953,SEATED_CABLE_ROW,ROW,2,6,77.13.00,44.05.00,2025-10-10T13:22:52.0,139,27,2082.5099999999998,3,2025-10-20T02:00:20.873Z
10630,20647085953,SEATED_CABLE_ROW,ROW,3,12,77.13.00,61.54.00,2025-10-10T13:26:53.0,139,27,2082.5099999999998,3,2025-10-20T02:00:20.873Z
10631,20647085953,CABLE_CROSSOVER,FLYE,1,15,18.13,67.06.00,2025-10-10T13:31:50.0,168,37,731.31.00,3,2025-10-20T02:00:20.873Z
10632,20647085953,CABLE_CROSSOVER,FLYE,2,12,21.28,74.26.00,2025-10-10T13:35:41.0,168,37,731.31.00,3,2025-10-20T02:00:20.873Z
10633,20647085953,CABLE_CROSSOVER,FLYE,3,10,21.28,49.31.00,2025-10-10T13:39:15.0,168,37,731.31.00,3,2025-10-20T02:00:20.873Z
10634,20647085953,ROMANIAN_DEADLIFT,DEADLIFT,1,12,84.34.00,58.47.00,2025-10-10T13:42:03.0,118,30,2627.32.00,3,2025-10-20T02:00:20.873Z
10635,20647085953,ROMANIAN_DEADLIFT,DEADLIFT,2,12,84.34.00,42.23.00,2025-10-10T13:46:45.0,118,30,2627.32.00,3,2025-10-20T02:00:20.873Z
10636,20647085953,ROMANIAN_DEADLIFT,DEADLIFT,3,6,102.06.00,37.27.00,2025-10-10T14:32:21.0,118,30,2627.32.00,3,2025-10-20T02:00:20.873Z
10637,20647085953,TRICEPS_PRESSDOWN,TRICEPS_EXTENSION,1,8,77.13.00,96.06.00,2025-10-10T13:49:59.0,133,16,1234.08.00,2,2025-10-20T02:00:20.873Z
10638,20647085953,TRICEPS_PRESSDOWN,TRICEPS_EXTENSION,2,8,77.13.00,61.57.00,2025-10-10T13:53:48.0,133,16,1234.08.00,2,2025-10-20T02:00:20.873Z
10639,20647085953,WEIGHTED_LEG_CURL,LEG_CURL,1,10,66.15.00,57.45.00,2025-10-10T13:56:56.0,115,26,1709.5,3,2025-10-20T02:00:20.873Z
10640,20647085953,WEIGHTED_LEG_CURL,LEG_CURL,2,10,66.15.00,46.16.00,2025-10-10T14:01:06.0,115,26,1709.5,3,2025-10-20T02:00:20.873Z
10641,20647085953,WEIGHTED_LEG_CURL,LEG_CURL,3,6,66.15.00,39.38.00,2025-10-10T14:05:15.0,115,26,1709.5,3,2025-10-20T02:00:20.873Z
10642,20647085953,TRICEPS_EXTENSION,TRICEPS_EXTENSION,1,15,29.5,76.14.00,2025-10-10T14:06:49.0,121,27,796.5,2,2025-10-20T02:00:20.873Z
10643,20647085953,TRICEPS_EXTENSION,TRICEPS_EXTENSION,2,12,29.5,58.14.00,2025-10-10T14:10:10.0,121,27,796.5,2,2025-10-20T02:00:20.873Z
10644,20647085953,WEIGHTED_SEATED_CALF_RAISE,CALF_RAISE,1,12,154.25.00,42.39.00,2025-10-10T14:19:18.0,172,48,7485,3,2025-10-20T02:00:20.873Z
10645,20647085953,WEIGHTED_SEATED_CALF_RAISE,CALF_RAISE,2,18,154.25.00,89.07.00,2025-10-10T14:23:54.0,172,48,7485,3,2025-10-20T02:00:20.873Z
10646,20647085953,WEIGHTED_SEATED_CALF_RAISE,CALF_RAISE,3,18,159.15.00,50.29.00,2025-10-10T14:27:42.0,172,48,7485,3,2025-10-20T02:00:20.873Z
10703,20681452403,LEG_PRESS,SQUAT,1,6,163.29.00,60,<null>,60,6,980.14.00,1,2025-10-21T02:00:58.724Z
10704,20681452403,BARBELL_HACK_SQUAT,SQUAT,1,6,141.01.00,60,<null>,93,12,1687.3200000000002,2,2025-10-21T02:00:58.724Z
10705,20681452403,BARBELL_HACK_SQUAT,SQUAT,2,6,141.01.00,33,<null>,93,12,1687.3200000000002,2,2025-10-21T02:00:58.724Z
10706,20681452403,WEIGHTED_CRUNCH,CRUNCH,1,12,91.12.00,33,<null>,66,24,2177.2799999999997,2,2025-10-21T02:00:58.724Z
10707,20681452403,WEIGHTED_CRUNCH,CRUNCH,2,12,91.12.00,33,<null>,66,24,2177.2799999999997,2,2025-10-21T02:00:58.724Z
10708,20681452403,WEIGHTED_LEG_EXTENSIONS,CRUNCH,1,0,113.4,33,<null>,33,0,0,1,2025-10-21T02:00:58.724Z
10751,20691768824,PULL_UP,PULL_UP,1,8,<null>,37.45.00,2025-10-14T22:44:16.0,202,34,653.04.00,4,2025-10-22T02:00:59.317Z
10752,20691768824,PULL_UP,PULL_UP,2,10,<null>,46.58.00,2025-10-14T22:49:03.0,202,34,653.04.00,4,2025-10-22T02:00:59.317Z
10753,20691768824,PULL_UP,PULL_UP,3,8,<null>,29.06.00,2025-10-14T22:55:12.0,202,34,653.04.00,4,2025-10-22T02:00:59.317Z
10754,20691768824,PULL_UP,PULL_UP,4,8,82.03.00,131.04.00,2025-10-14T22:59:50.0,202,34,653.04.00,4,2025-10-22T02:00:59.317Z
10755,20691768824,UNKNOWN,UNKNOWN,1,6,91.09.00,90.04.00,2025-10-14T23:07:46.0,785,60,4026.14.00,7,2025-10-22T02:00:59.317Z
10756,20691768824,UNKNOWN,UNKNOWN,2,10,77.13.00,114.55.00,2025-10-14T23:13:30.0,785,60,4026.14.00,7,2025-10-22T02:00:59.317Z
10757,20691768824,UNKNOWN,UNKNOWN,3,8,77.13.00,53.38.00,2025-10-14T23:21:19.0,785,60,4026.14.00,7,2025-10-22T02:00:59.317Z
10758,20691768824,UNKNOWN,UNKNOWN,4,10,77.13.00,144.44.00,2025-10-14T23:25:13.0,785,60,4026.14.00,7,2025-10-22T02:00:59.317Z
10759,20691768824,UNKNOWN,UNKNOWN,5,6,49.44.00,222.51.00,2025-10-14T23:38:11.0,785,60,4026.14.00,7,2025-10-22T02:00:59.317Z
10760,20691768824,UNKNOWN,UNKNOWN,6,12,52.19.00,137.23.00,2025-10-14T23:50:33.0,785,60,4026.14.00,7,2025-10-22T02:00:59.317Z
10761,20691768824,UNKNOWN,UNKNOWN,7,8,50.28.00,65.04.00,2025-10-14T23:57:25.0,785,60,4026.14.00,7,2025-10-22T02:00:59.317Z
10762,20691768824,CURL,CURL,1,6,47.19.00,54.33.00,2025-10-14T23:33:35.0,100,11,530.3399999999999,2,2025-10-22T02:00:59.317Z
10763,20691768824,CURL,CURL,2,5,49.44.00,57.26.00,2025-10-14T23:44:48.0,100,11,530.3399999999999,2,2025-10-22T02:00:59.317Z
10764,20691768824,ROW,ROW,1,10,50.28.00,42.17.00,2025-10-14T23:53:34.0,34,10,498.8,1,2025-10-22T02:00:59.317Z
10765,20691768824,SIT_UP,SIT_UP,1,12,52.19.00,36.11.00,2025-10-14T23:56:03.0,36,12,626.28.00,1,2025-10-22T02:00:59.317Z
10766,20681447562,SHOULDER_PRESS,SHOULDER_PRESS,1,8,95.25.00,26,<null>,52,16,1524,2,2025-10-22T02:01:01.709Z
10767,20681447562,SHOULDER_PRESS,SHOULDER_PRESS,2,8,95.25.00,26,<null>,52,16,1524,2,2025-10-22T02:01:01.709Z
10768,20681447562,LATERAL_RAISE,LATERAL_RAISE,1,8,68.04.00,26,<null>,52,14,952.5600000000001,2,2025-10-22T02:01:01.709Z
10769,20681447562,LATERAL_RAISE,LATERAL_RAISE,2,6,68.04.00,26,<null>,52,14,952.5600000000001,2,2025-10-22T02:01:01.709Z
10770,20681447562,BODY_WEIGHT_DIP,TRICEPS_EXTENSION,1,10,<null>,26,<null>,26,10,0,1,2025-10-22T02:01:01.709Z
10771,20681447562,CHEST_PRESS,SLED,1,6,95.25.00,26,<null>,52,12,1088.58.00,2,2025-10-22T02:01:01.709Z
10772,20681447562,CHEST_PRESS,SLED,2,6,86.18.00,26,<null>,52,12,1088.58.00,2,2025-10-22T02:01:01.709Z
10773,20681447562,TRICEPS_PRESSDOWN,TRICEPS_EXTENSION,1,8,72.57.00,26,<null>,52,14,1015.9799999999999,2,2025-10-22T02:01:01.709Z
10774,20681447562,TRICEPS_PRESSDOWN,TRICEPS_EXTENSION,2,6,72.57.00,26,<null>,52,14,1015.9799999999999,2,2025-10-22T02:01:01.709Z
10775,20681447562,CABLE_OVERHEAD_TRICEPS_EXTENSION,TRICEPS_EXTENSION,1,8,66.17.00,26,<null>,52,14,921.18.00,2,2025-10-22T02:01:01.709Z
10776,20681447562,CABLE_OVERHEAD_TRICEPS_EXTENSION,TRICEPS_EXTENSION,2,6,66.17.00,26,<null>,52,14,921.18.00,2,2025-10-22T02:01:01.709Z
10821,20731114444,PULL_UP,PULL_UP,1,3,<null>,128.56.00,2025-10-18T22:42:16.0,212,25,0,4,2025-10-23T02:01:07.057Z
10822,20731114444,PULL_UP,PULL_UP,2,8,<null>,43.26.00,2025-10-18T22:46:14.0,212,25,0,4,2025-10-23T02:01:07.057Z
10823,20731114444,PULL_UP,PULL_UP,3,6,<null>,40.42.00,2025-10-18T22:54:08.0,212,25,0,4,2025-10-23T02:01:07.057Z
10824,20731114444,PULL_UP,PULL_UP,4,8,<null>,26.23.00,2025-10-18T23:03:06.0,212,25,0,4,2025-10-23T02:01:07.057Z
10825,20731114444,SEATED_CABLE_ROW,ROW,1,8,77.13.00,68.42.00,2025-10-18T23:07:40.0,436,26,2005.3799999999999,3,2025-10-23T02:01:07.057Z
10826,20731114444,SEATED_CABLE_ROW,ROW,2,10,77.13.00,44.29.00,2025-10-18T23:13:09.0,436,26,2005.3799999999999,3,2025-10-23T02:01:07.057Z
10827,20731114444,SEATED_CABLE_ROW,ROW,3,8,77.13.00,351.41.00,2025-10-18T23:20:06.0,436,26,2005.3799999999999,3,2025-10-23T02:01:07.057Z
10885,20738490713,CABLE_CROSSOVER,FLYE,1,10,14.03,73.27.00,2025-10-19T01:45:04.0,435,42,572.12.00,3,2025-10-24T02:00:52.454Z
10886,20738490713,CABLE_CROSSOVER,FLYE,2,15,14.03,48.48.00,2025-10-19T01:48:43.0,435,42,572.12.00,3,2025-10-24T02:00:52.454Z
10887,20738490713,CABLE_CROSSOVER,FLYE,3,17,14.01,332.27.00,2025-10-19T01:51:42.0,435,42,572.12.00,3,2025-10-24T02:00:52.454Z
11006,20750534387,INCLINE_SMITH_MACHINE_BENCH_PRESS,BENCH_PRESS,1,6,84.34.00,14.32,2025-10-20T23:09:34.0,288,18,1483.32.00,3,2025-10-26T02:00:42.957Z
11007,20750534387,INCLINE_SMITH_MACHINE_BENCH_PRESS,BENCH_PRESS,2,6,82.03.00,71.58.00,2025-10-20T23:15:03.0,288,18,1483.32.00,3,2025-10-26T02:00:42.957Z
11008,20750534387,INCLINE_SMITH_MACHINE_BENCH_PRESS,BENCH_PRESS,3,6,82.05.00,231.17.00,2025-10-20T23:29:29.0,288,18,1483.32.00,3,2025-10-26T02:00:42.957Z
11009,20750534387,LATERAL_RAISE,LATERAL_RAISE,1,6,70.31.00,314.57.00,2025-10-20T23:19:11.0,399,18,1238.58.00,3,2025-10-26T02:00:42.957Z
11010,20750534387,LATERAL_RAISE,LATERAL_RAISE,2,6,68.06.00,17.47,2025-10-20T23:33:18.0,399,18,1238.58.00,3,2025-10-26T02:00:42.957Z
11011,20750534387,LATERAL_RAISE,LATERAL_RAISE,3,6,68.06.00,92.41.00,2025-10-20T23:38:40.0,399,18,1238.58.00,3,2025-10-26T02:00:42.957Z
11012,20750534387,FLYE,FLYE,1,6,82.03.00,73.47.00,2025-10-20T23:42:11.0,106,13,1061.19.00,2,2025-10-26T02:00:42.957Z
11013,20750534387,FLYE,FLYE,2,7,82.03.00,60.24.00,2025-10-20T23:45:38.0,106,13,1061.19.00,2,2025-10-26T02:00:42.957Z
11014,20750534387,WEIGHTED_CRUNCH,CRUNCH,1,10,91.09.00,04.09,2025-10-20T23:51:50.0,4,10,906.9,1,2025-10-26T02:00:42.957Z
11015,20750534387,EZ_BAR_PREACHER_CURL,CURL,1,6,52.09.00,09.12,2025-10-21T00:00:25.0,211,19,982.1099999999999,3,2025-10-26T02:00:42.957Z
11016,20750534387,EZ_BAR_PREACHER_CURL,CURL,2,6,52.09.00,11.47,2025-10-21T00:05:31.0,211,19,982.1099999999999,3,2025-10-26T02:00:42.957Z
11017,20750534387,EZ_BAR_PREACHER_CURL,CURL,3,7,52.09.00,209.35.00,2025-10-21T00:09:36.0,211,19,982.1099999999999,3,2025-10-26T02:00:42.957Z
11018,20750534387,REVERSE_EZ_BAR_CURL,CURL,1,10,50.28.00,40.02.00,2025-10-21T00:21:13.0,114,26,1334.24.00,3,2025-10-26T02:00:42.957Z
11019,20750534387,REVERSE_EZ_BAR_CURL,CURL,2,8,52.19.00,39.19.00,2025-10-21T00:24:59.0,114,26,1334.24.00,3,2025-10-26T02:00:42.957Z
11020,20750534387,REVERSE_EZ_BAR_CURL,CURL,3,8,52.19.00,44.19.00,2025-10-21T00:28:41.0,114,26,1334.24.00,3,2025-10-26T02:00:42.957Z
11021,20741274662,BARBELL_HACK_SQUAT,SQUAT,1,8,109.28.00,58.26.00,2025-10-20T00:25:19.0,343,22,2458.3599999999997,3,2025-10-26T02:00:45.529Z
11022,20741274662,BARBELL_HACK_SQUAT,SQUAT,2,6,113.38.00,62.17.00,2025-10-20T00:28:04.0,343,22,2458.3599999999997,3,2025-10-26T02:00:45.529Z
11023,20741274662,BARBELL_HACK_SQUAT,SQUAT,3,8,113.38.00,253.23.00,2025-10-20T00:33:40.0,343,22,2458.3599999999997,3,2025-10-26T02:00:45.529Z
11024,20741274662,WEIGHTED_LEG_CURL,LEG_CURL,1,8,75.21.00,52.29.00,2025-10-20T00:39:28.0,166,19,1421.39.00,2,2025-10-26T02:00:45.529Z
11025,20741274662,WEIGHTED_LEG_CURL,LEG_CURL,2,11,75.21.00,125.55.00,2025-10-20T00:45:08.0,166,19,1421.39.00,2,2025-10-26T02:00:45.529Z
11081,20760324152,PULL_UP,PULL_UP,1,8,<null>,37.02.00,2025-10-21T22:42:03.0,60,16,0,2,2025-10-27T02:00:51.227Z
11082,20760324152,PULL_UP,PULL_UP,2,8,<null>,40.39.00,2025-10-21T22:45:55.0,60,16,0,2,2025-10-27T02:00:51.227Z
11083,20760324152,UNKNOWN,UNKNOWN,1,10,23.09,34.07.00,2025-10-21T22:43:21.0,508,83,4228.120000000001,9,2025-10-27T02:00:51.227Z
11084,20760324152,UNKNOWN,UNKNOWN,2,10,23.09,77.32.00,2025-10-21T22:46:34.0,508,83,4228.120000000001,9,2025-10-27T02:00:51.227Z
11085,20760324152,UNKNOWN,UNKNOWN,3,6,<null>,54.33.00,2025-10-21T22:51:33.0,508,83,4228.120000000001,9,2025-10-27T02:00:51.227Z
11086,20760324152,UNKNOWN,UNKNOWN,4,10,23.09,42.14.00,2025-10-21T22:54:34.0,508,83,4228.120000000001,9,2025-10-27T02:00:51.227Z
11087,20760324152,UNKNOWN,UNKNOWN,5,10,77.13.00,134.16.00,2025-10-21T22:59:22.0,508,83,4228.120000000001,9,2025-10-27T02:00:51.227Z
11088,20760324152,UNKNOWN,UNKNOWN,6,10,77.13.00,80.35.00,2025-10-21T23:05:59.0,508,83,4228.120000000001,9,2025-10-27T02:00:51.227Z
11089,20760324152,UNKNOWN,UNKNOWN,7,10,77.13.00,41.6,2025-10-21T23:15:13.0,508,83,4228.120000000001,9,2025-10-27T02:00:51.227Z
11090,20760324152,UNKNOWN,UNKNOWN,8,9,72.56.00,39.48.00,2025-10-21T23:22:03.0,508,83,4228.120000000001,9,2025-10-27T02:00:51.227Z
11091,20760324152,UNKNOWN,UNKNOWN,9,8,72.56.00,45.01.00,2025-10-21T23:26:18.0,508,83,4228.120000000001,9,2025-10-27T02:00:51.227Z
11092,20760324152,LATERAL_RAISE,LATERAL_RAISE,1,10,72.56.00,42.14.00,2025-10-21T23:18:49.0,42,10,725.6,1,2025-10-27T02:00:51.227Z
11150,20770856153,WEIGHTED_STANDING_CALF_RAISE,CALF_RAISE,1,18,145.13.00,50.35.00,2025-10-23T01:44:21.0,113,52,7547.16.00,3,2025-10-28T02:00:47.988Z
11151,20770856153,WEIGHTED_STANDING_CALF_RAISE,CALF_RAISE,2,18,145.13.00,38.46.00,2025-10-23T01:47:20.0,113,52,7547.16.00,3,2025-10-28T02:00:47.988Z
11152,20770856153,WEIGHTED_STANDING_CALF_RAISE,CALF_RAISE,3,16,145.13.00,43.26.00,2025-10-23T01:50:11.0,113,52,7547.16.00,3,2025-10-28T02:00:47.988Z
11153,20770525185,BARBELL_HACK_SQUAT,SQUAT,1,8,109.28.00,385.09.00,2025-10-22T23:59:33.0,520,26,2831.28.00,3,2025-10-28T02:00:48.904Z
11154,20770525185,BARBELL_HACK_SQUAT,SQUAT,2,6,109.28.00,46.37.00,2025-10-23T00:09:23.0,520,26,2831.28.00,3,2025-10-28T02:00:48.904Z
11155,20770525185,BARBELL_HACK_SQUAT,SQUAT,3,12,109.28.00,97.51.00,2025-10-23T00:13:01.0,520,26,2831.28.00,3,2025-10-28T02:00:48.904Z
11156,20770525185,WEIGHTED_LEG_CURL,LEG_CURL,1,9,77.13.00,56.11.00,2025-10-23T00:19:07.0,208,25,1946.25.00,3,2025-10-28T02:00:48.904Z
11157,20770525185,WEIGHTED_LEG_CURL,LEG_CURL,2,8,79.38.00,45.31.00,2025-10-23T00:22:50.0,208,25,1946.25.00,3,2025-10-28T02:00:48.904Z
11158,20770525185,WEIGHTED_LEG_CURL,LEG_CURL,3,8,77.13.00,136.01.00,2025-10-23T00:26:10.0,208,25,1946.25.00,3,2025-10-28T02:00:48.904Z
11335,20788174343,TRICEPS_PRESSDOWN,TRICEPS_EXTENSION,1,8,72.56.00,45.33.00,2025-10-25T00:08:51.0,119,26,1886.56.00,3,2025-10-31T02:01:12.800Z
11336,20788174343,TRICEPS_PRESSDOWN,TRICEPS_EXTENSION,2,10,72.56.00,46.03.00,2025-10-25T00:14:01.0,119,26,1886.56.00,3,2025-10-31T02:01:12.800Z
11337,20788174343,TRICEPS_PRESSDOWN,TRICEPS_EXTENSION,3,8,72.56.00,62.37.00,2025-10-25T00:17:27.0,119,26,1886.56.00,3,2025-10-31T02:01:12.800Z
11338,20788174343,PULL_UP,PULL_UP,1,6,<null>,29.05.00,2025-10-25T00:10:18.0,24,6,0,1,2025-10-31T02:01:12.800Z
11339,20788174343,CLOSE_GRIP_LAT_PULLDOWN,PULL_UP,1,8,82.03.00,43.1,2025-10-25T00:19:45.0,85,16,1306.08.00,2,2025-10-31T02:01:12.800Z
11340,20788174343,CLOSE_GRIP_LAT_PULLDOWN,PULL_UP,2,8,82.03.00,55.01.00,2025-10-25T00:24:13.0,85,16,1306.08.00,2,2025-10-31T02:01:12.800Z
11341,20788174343,ROW,ROW,1,8,77.13.00,133.27.00,2025-10-25T00:29:51.0,217,28,2250.04.00,3,2025-10-31T02:01:12.800Z
11342,20788174343,ROW,ROW,2,8,82.03.00,43.06.00,2025-10-25T00:34:46.0,217,28,2250.04.00,3,2025-10-31T02:01:12.800Z
11343,20788174343,ROW,ROW,3,12,82.03.00,63.35.00,2025-10-25T00:39:21.0,217,28,2250.04.00,3,2025-10-31T02:01:12.800Z
11344,20776975110,SHOULDER_PRESS,SHOULDER_PRESS,1,7,91.09.00,38.39.00,2025-10-23T16:25:35.0,90,13,1178.9699999999998,2,2025-10-31T02:01:14.858Z
11345,20776975110,SHOULDER_PRESS,SHOULDER_PRESS,2,6,91.09.00,55.02.00,2025-10-23T16:42:56.0,90,13,1178.9699999999998,2,2025-10-31T02:01:14.858Z
11346,20776975110,INCLINE_SMITH_MACHINE_BENCH_PRESS,BENCH_PRESS,1,6,84.34.00,44.13.00,2025-10-23T16:33:06.0,77,12,1007.28.00,2,2025-10-31T02:01:14.858Z
11347,20776975110,INCLINE_SMITH_MACHINE_BENCH_PRESS,BENCH_PRESS,2,6,84.34.00,53.44.00,2025-10-23T16:39:34.0,77,12,1007.28.00,2,2025-10-31T02:01:14.858Z
11348,20776975110,REVERSE_EZ_BAR_CURL,CURL,1,7,54.44.00,43.02.00,2025-10-23T16:47:43.0,83,15,816.5999999999999,2,2025-10-31T02:01:14.858Z
11349,20776975110,REVERSE_EZ_BAR_CURL,CURL,2,8,54.44.00,47.12.00,2025-10-23T16:50:56.0,83,15,816.5999999999999,2,2025-10-31T02:01:14.858Z
11350,20776975110,LATERAL_RAISE,LATERAL_RAISE,1,10,63.5,111.29.00,2025-10-23T16:54:41.0,233,20,1270,2,2025-10-31T02:01:14.858Z
11351,20776975110,LATERAL_RAISE,LATERAL_RAISE,2,10,63.5,139.01.00,2025-10-23T17:01:35.0,233,20,1270,2,2025-10-31T02:01:14.858Z
11352,20776975110,WEIGHTED_CRUNCH,CRUNCH,1,12,91.09.00,201.07.00,2025-10-23T17:07:00.0,198,12,1088.28.00,1,2025-10-31T02:01:14.858Z
11353,20776975110,EZ_BAR_PREACHER_CURL,CURL,1,6,34,07.05,2025-10-23T17:18:13.0,5,6,204,1,2025-10-31T02:01:14.858Z
11354,20776975110,HANGING_LEG_RAISE,LEG_RAISE,1,8,<null>,24.48.00,2025-10-23T17:26:06.0,22,8,0,1,2025-10-31T02:01:14.858Z
11355,20776975110,FLYE,FLYE,1,10,86.19.00,54.21.00,2025-10-23T17:29:16.0,82,18,1587.42.00,2,2025-10-31T02:01:14.858Z
11356,20776975110,FLYE,FLYE,2,8,91.09.00,57.21.00,2025-10-23T17:32:34.0,82,18,1587.42.00,2,2025-10-31T02:01:14.858Z
11357,20776975110,DUMBBELL_HAMMER_CURL,CURL,1,4,36.31.00,62.06.00,2025-10-23T17:30:18.0,129,10,336.14.00,2,2025-10-31T02:01:14.858Z
11358,20776975110,DUMBBELL_HAMMER_CURL,CURL,2,6,32.15.00,81.43.00,2025-10-23T17:34:52.0,129,10,336.14.00,2,2025-10-31T02:01:14.858Z
11359,20776975110,LEG_RAISE,LEG_RAISE,1,32,<null>,76.21.00,2025-10-23T17:38:11.0,61,32,0,1,2025-10-31T02:01:14.858Z
11421,20797044446,UNKNOWN,UNKNOWN,1,8,45.38.00,06.13,2025-10-25T22:46:26.0,243,27,1018.28.00,4,2025-11-01T02:01:07.153Z
11422,20797044446,UNKNOWN,UNKNOWN,2,4,36.31.00,97.09.00,2025-10-25T22:57:29.0,243,27,1018.28.00,4,2025-11-01T02:01:07.153Z
11423,20797044446,UNKNOWN,UNKNOWN,3,8,34,80.34.00,2025-10-25T23:01:32.0,243,27,1018.28.00,4,2025-11-01T02:01:07.153Z
11424,20797044446,UNKNOWN,UNKNOWN,4,7,34,88.51.00,2025-10-25T23:09:47.0,243,27,1018.28.00,4,2025-11-01T02:01:07.153Z
11425,20797044446,PULL_UP,PULL_UP,1,6,50.28.00,47.13.00,2025-10-25T22:47:08.0,32,6,299.28000000000003,1,2025-11-01T02:01:07.153Z
11426,20797044446,BENCH_PRESS,BENCH_PRESS,1,6,50.28.00,36.29.00,2025-10-25T22:53:04.0,33,6,299.28000000000003,1,2025-11-01T02:01:07.153Z
11862,20807394143,WEIGHTED_STANDING_CALF_RAISE,CALF_RAISE,1,18,145.13.00,33.26.00,2025-10-26T23:28:47.0,92,56,8474.24.00,3,2025-11-07T02:01:18.822Z
11863,20807394143,WEIGHTED_STANDING_CALF_RAISE,CALF_RAISE,2,20,154.25.00,31.35.00,2025-10-26T23:32:19.0,92,56,8474.24.00,3,2025-11-07T02:01:18.822Z
11864,20807394143,WEIGHTED_STANDING_CALF_RAISE,CALF_RAISE,3,18,154.25.00,43.07.00,2025-10-26T23:34:25.0,92,56,8474.24.00,3,2025-11-07T02:01:18.822Z
11865,20807394143,LEG_RAISE,LEG_RAISE,1,20,<null>,40.35.00,2025-10-26T23:36:57.0,79,38,0,2,2025-11-07T02:01:18.822Z
11866,20807394143,LEG_RAISE,LEG_RAISE,2,18,<null>,47.02.00,2025-10-26T23:41:10.0,79,38,0,2,2025-11-07T02:01:18.822Z
11867,20807314455,BARBELL_HACK_SQUAT,SQUAT,1,8,113.38.00,20.54,2025-10-26T20:48:20.0,107,26,3030.36.00,3,2025-11-07T02:01:20.190Z
11868,20807314455,BARBELL_HACK_SQUAT,SQUAT,2,10,118.34.00,49.38.00,2025-10-26T20:54:33.0,107,26,3030.36.00,3,2025-11-07T02:01:20.190Z
11869,20807314455,BARBELL_HACK_SQUAT,SQUAT,3,8,118.34.00,55.31.00,2025-10-26T21:01:05.0,107,26,3030.36.00,3,2025-11-07T02:01:20.190Z
11870,20807314455,WEIGHTED_LEG_CURL,LEG_CURL,1,6,82.03.00,33.48.00,2025-10-26T21:05:28.0,173,22,1796.26.00,3,2025-11-07T02:01:20.190Z
11871,20807314455,WEIGHTED_LEG_CURL,LEG_CURL,2,8,82.03.00,37.08.00,2025-10-26T21:12:11.0,173,22,1796.26.00,3,2025-11-07T02:01:20.190Z
11872,20807314455,WEIGHTED_LEG_CURL,LEG_CURL,3,8,82.03.00,127.32.00,2025-10-26T21:17:02.0,173,22,1796.26.00,3,2025-11-07T02:01:20.190Z
11873,20807314455,WEIGHTED_LEG_EXTENSIONS,CRUNCH,1,10,113.38.00,32.49.00,2025-10-26T21:23:41.0,354,22,2576.08.00,2,2025-11-07T02:01:20.190Z
11874,20807314455,WEIGHTED_LEG_EXTENSIONS,CRUNCH,2,12,120.19.00,335.57.00,2025-10-26T21:31:14.0,354,22,2576.08.00,2,2025-11-07T02:01:20.190Z
11875,20807314455,LEG_ADDUCTION,BANDED_EXERCISES,1,12,138.38.00,42.22.00,2025-10-26T21:26:55.0,127,20,2767.6,2,2025-11-07T02:01:20.190Z
11876,20807314455,LEG_ADDUCTION,BANDED_EXERCISES,2,8,138.38.00,108.05.00,2025-10-26T21:41:22.0,127,20,2767.6,2,2025-11-07T02:01:20.190Z
12162,20816733061,INCLINE_SMITH_MACHINE_BENCH_PRESS,BENCH_PRESS,1,6,84.34.00,69.34.00,2025-10-27T23:51:01.0,143,18,1511.32.00,3,2025-11-11T02:00:12.596Z
12163,20816733061,INCLINE_SMITH_MACHINE_BENCH_PRESS,BENCH_PRESS,2,6,84.34.00,49.15.00,2025-10-27T23:56:37.0,143,18,1511.32.00,3,2025-11-11T02:00:12.596Z
12164,20816733061,INCLINE_SMITH_MACHINE_BENCH_PRESS,BENCH_PRESS,3,6,84.34.00,35.37.00,2025-10-28T00:07:00.0,143,18,1511.32.00,3,2025-11-11T02:00:12.596Z
12165,20816733061,LATERAL_RAISE,LATERAL_RAISE,1,8,61.25.00,42.19.00,2025-10-28T00:11:07.0,101,27,1654.15.00,3,2025-11-11T02:00:12.596Z
12166,20816733061,LATERAL_RAISE,LATERAL_RAISE,2,9,61.25.00,67.25.00,2025-10-28T00:17:19.0,101,27,1654.15.00,3,2025-11-11T02:00:12.596Z
12167,20816733061,LATERAL_RAISE,LATERAL_RAISE,3,10,61.25.00,19.44,2025-10-28T00:25:14.0,101,27,1654.15.00,3,2025-11-11T02:00:12.596Z
12168,20816733061,SHOULDER_PRESS,SHOULDER_PRESS,1,7,45.38.00,46.53.00,2025-10-28T00:28:20.0,32,7,318.06.00,1,2025-11-11T02:00:12.596Z
12169,20816733061,TRICEPS_PRESSDOWN,TRICEPS_EXTENSION,1,8,75.21.00,57.29.00,2025-10-28T00:32:54.0,68,15,1122.15.00,2,2025-11-11T02:00:12.596Z
12170,20816733061,TRICEPS_PRESSDOWN,TRICEPS_EXTENSION,2,7,75.21.00,35.55.00,2025-10-28T00:36:09.0,68,15,1122.15.00,2,2025-11-11T02:00:12.596Z
12171,20816733061,CABLE_OVERHEAD_TRICEPS_EXTENSION,TRICEPS_EXTENSION,1,8,66.15.00,44.58.00,2025-10-28T00:39:04.0,74,14,920.5,2,2025-11-11T02:00:12.596Z
12172,20816733061,CABLE_OVERHEAD_TRICEPS_EXTENSION,TRICEPS_EXTENSION,2,6,66.15.00,41.57.00,2025-10-28T00:42:51.0,74,14,920.5,2,2025-11-11T02:00:12.596Z
12331,20826429237,SEATED_CABLE_ROW,ROW,1,8,82.03.00,115.18.00,2025-10-28T22:45:39.0,210,24,1959.12.00,3,2025-11-13T02:00:42.867Z
12332,20826429237,SEATED_CABLE_ROW,ROW,2,8,82.03.00,80.19.00,2025-10-28T22:50:11.0,210,24,1959.12.00,3,2025-11-13T02:00:42.867Z
12333,20826429237,SEATED_CABLE_ROW,ROW,3,8,82.03.00,46.54.00,2025-10-28T22:59:17.0,210,24,1959.12.00,3,2025-11-13T02:00:42.867Z
12334,20826429237,PULL_UP,PULL_UP,1,8,<null>,44.04.00,2025-10-28T22:53:02.0,77,16,0,2,2025-11-13T02:00:42.867Z
12335,20826429237,PULL_UP,PULL_UP,2,8,<null>,58.54.00,2025-10-28T23:07:55.0,77,16,0,2,2025-11-13T02:00:42.867Z
12336,20826429237,DUMBBELL_HAMMER_CURL,CURL,1,6,32.15.00,104.02.00,2025-10-28T23:02:51.0,169,14,444.5,2,2025-11-13T02:00:42.867Z
12337,20826429237,DUMBBELL_HAMMER_CURL,CURL,2,8,32.15.00,79.12.00,2025-10-28T23:30:04.0,169,14,444.5,2,2025-11-13T02:00:42.867Z
12338,20826429237,CLOSE_GRIP_LAT_PULLDOWN,PULL_UP,1,7,77.11.00,62.42.00,2025-10-28T23:15:10.0,52,7,540.17.00,1,2025-11-13T02:00:42.867Z
12339,20826429237,REVERSE_EZ_BAR_CURL,CURL,1,10,50.28.00,104.33.00,2025-10-28T23:19:40.0,148,22,1097.3600000000001,2,2025-11-13T02:00:42.867Z
12340,20826429237,REVERSE_EZ_BAR_CURL,CURL,2,12,50.28.00,54.09.00,2025-10-28T23:25:01.0,148,22,1097.3600000000001,2,2025-11-13T02:00:42.867Z
12470,20862785430,PULL_UP,PULL_UP,1,9,<null>,50.18.00,2025-11-01T19:16:07.0,138,15,0,2,2025-11-15T02:00:30.554Z
12471,20862785430,PULL_UP,PULL_UP,2,6,<null>,104.32.00,2025-11-01T19:41:53.0,138,15,0,2,2025-11-15T02:00:30.554Z
12472,20862785430,SEATED_CABLE_ROW,ROW,1,8,82.03.00,40.04.00,2025-11-01T19:18:23.0,80,18,1469.34.00,2,2025-11-15T02:00:30.554Z
12473,20862785430,SEATED_CABLE_ROW,ROW,2,10,82.03.00,42.31.00,2025-11-01T19:22:49.0,80,18,1469.34.00,2,2025-11-15T02:00:30.554Z
12474,20862785430,LAT_PULLDOWN,PULL_UP,1,10,77.13.00,223.18.00,2025-11-01T19:27:36.0,336,20,1496.9,2,2025-11-15T02:00:30.554Z
12475,20862785430,LAT_PULLDOWN,PULL_UP,2,10,72.56.00,133.32.00,2025-11-01T19:35:41.0,336,20,1496.9,2,2025-11-15T02:00:30.554Z
12476,20862785430,DUMBBELL_HAMMER_CURL,CURL,1,7,34,100.59.00,2025-11-01T19:49:33.0,257,22,748,3,2025-11-15T02:00:30.554Z
12477,20862785430,DUMBBELL_HAMMER_CURL,CURL,2,7,34,71.29.00,2025-11-01T19:52:54.0,257,22,748,3,2025-11-15T02:00:30.554Z
12478,20862785430,DUMBBELL_HAMMER_CURL,CURL,3,8,34,103.56.00,2025-11-01T19:58:17.0,257,22,748,3,2025-11-15T02:00:30.554Z
12479,20862785430,REVERSE_EZ_BAR_CURL,CURL,1,8,52.19.00,47.15.00,2025-11-01T20:04:22.0,69,16,835.04.00,2,2025-11-15T02:00:30.554Z
12480,20862785430,REVERSE_EZ_BAR_CURL,CURL,2,8,52.19.00,45.33.00,2025-11-01T20:08:55.0,69,16,835.04.00,2,2025-11-15T02:00:30.554Z
12481,20862785430,SEATED_REAR_LATERAL_RAISE,LATERAL_RAISE,1,10,57.09.00,46.24.00,2025-11-01T20:13:52.0,120,30,1782.1799999999998,3,2025-11-15T02:00:30.554Z
12482,20862785430,SEATED_REAR_LATERAL_RAISE,LATERAL_RAISE,2,12,59.34.00,41.12.00,2025-11-01T20:16:57.0,120,30,1782.1799999999998,3,2025-11-15T02:00:30.554Z
12483,20862785430,SEATED_REAR_LATERAL_RAISE,LATERAL_RAISE,3,8,63.5,43.01.00,2025-11-01T20:19:21.0,120,30,1782.1799999999998,3,2025-11-15T02:00:30.554Z
12484,20853790134,SHOULDER_PRESS,SHOULDER_PRESS,1,10,82.03.00,20.59,2025-10-31T20:28:04.0,64,22,1796.26.00,2,2025-11-15T02:00:33.353Z
12485,20853790134,SHOULDER_PRESS,SHOULDER_PRESS,2,12,82.03.00,61.37.00,2025-10-31T20:31:56.0,64,22,1796.26.00,2,2025-11-15T02:00:33.353Z
12486,20853790134,INCLINE_SMITH_MACHINE_BENCH_PRESS,BENCH_PRESS,1,6,84.34.00,52.24.00,2025-10-31T20:40:34.0,123,12,1007.28.00,2,2025-11-15T02:00:33.353Z
12487,20853790134,INCLINE_SMITH_MACHINE_BENCH_PRESS,BENCH_PRESS,2,6,84.34.00,88.46.00,2025-10-31T20:47:01.0,123,12,1007.28.00,2,2025-11-15T02:00:33.353Z
12488,20853790134,LATERAL_RAISE,LATERAL_RAISE,1,8,66.15.00,37.26.00,2025-10-31T20:53:54.0,240,22,1446.5,3,2025-11-15T02:00:33.353Z
12489,20853790134,LATERAL_RAISE,LATERAL_RAISE,2,8,66.15.00,151.29.00,2025-10-31T20:58:39.0,240,22,1446.5,3,2025-11-15T02:00:33.353Z
12490,20853790134,LATERAL_RAISE,LATERAL_RAISE,3,6,66.15.00,66.56.00,2025-10-31T21:06:09.0,240,22,1446.5,3,2025-11-15T02:00:33.353Z
12491,20853790134,TRICEPS_PRESSDOWN,TRICEPS_EXTENSION,1,8,72.56.00,36.57.00,2025-10-31T21:01:51.0,90,16,1161.36.00,2,2025-11-15T02:00:33.353Z
12492,20853790134,TRICEPS_PRESSDOWN,TRICEPS_EXTENSION,2,8,72.56.00,77.22.00,2025-10-31T21:08:31.0,90,16,1161.36.00,2,2025-11-15T02:00:33.353Z
12493,20853790134,TRICEPS_EXTENSION,TRICEPS_EXTENSION,1,12,27.19.00,119.52.00,2025-10-31T21:12:20.0,167,28,761.32.00,2,2025-11-15T02:00:33.353Z
12494,20853790134,TRICEPS_EXTENSION,TRICEPS_EXTENSION,2,16,27.19.00,55.21.00,2025-10-31T21:18:21.0,167,28,761.32.00,2,2025-11-15T02:00:33.353Z
12495,20853790134,FLYE,FLYE,1,8,91.09.00,41.27.00,2025-10-31T21:20:28.0,79,15,1360.35.00,2,2025-11-15T02:00:33.353Z
12496,20853790134,FLYE,FLYE,2,7,91.09.00,42.08.00,2025-10-31T21:24:26.0,79,15,1360.35.00,2,2025-11-15T02:00:33.353Z
12497,20851195524,BARBELL_HACK_SQUAT,SQUAT,1,8,131.56.00,53.47.00,2025-10-30T21:27:27.0,244,26,3420.56.00,3,2025-11-15T02:00:36.012Z
12498,20851195524,BARBELL_HACK_SQUAT,SQUAT,2,8,131.56.00,133.31.00,2025-10-30T21:32:19.0,244,26,3420.56.00,3,2025-11-15T02:00:36.012Z
12499,20851195524,BARBELL_HACK_SQUAT,SQUAT,3,10,131.56.00,84.17.00,2025-10-30T21:41:13.0,244,26,3420.56.00,3,2025-11-15T02:00:36.012Z
12500,20851195524,WEIGHTED_LEG_CURL,LEG_CURL,1,8,84.34.00,59.51.00,2025-10-30T21:45:55.0,185,24,2014.56.00,3,2025-11-15T02:00:36.012Z
12501,20851195524,WEIGHTED_LEG_CURL,LEG_CURL,2,10,84.34.00,103.33.00,2025-10-30T21:53:17.0,185,24,2014.56.00,3,2025-11-15T02:00:36.012Z
12502,20851195524,WEIGHTED_LEG_CURL,LEG_CURL,3,6,84.34.00,42.25.00,2025-10-30T22:00:40.0,185,24,2014.56.00,3,2025-11-15T02:00:36.012Z
12503,20851195524,WEIGHTED_CRUNCH,CRUNCH,1,8,91.09.00,169.34.00,2025-10-30T22:05:29.0,484,18,1632.42.00,2,2025-11-15T02:00:36.012Z
12504,20851195524,WEIGHTED_CRUNCH,CRUNCH,2,10,91.09.00,340.29.00,2025-10-30T22:09:02.0,484,18,1632.42.00,2,2025-11-15T02:00:36.012Z
12505,20851195524,WEIGHTED_LEG_EXTENSIONS,CRUNCH,1,10,125.15.00,143.15.00,2025-10-30T22:17:51.0,174,22,2744.5,2,2025-11-15T02:00:36.012Z
12506,20851195524,WEIGHTED_LEG_EXTENSIONS,CRUNCH,2,12,125.15.00,42.8,2025-10-30T22:23:31.0,174,22,2744.5,2,2025-11-15T02:00:36.012Z
12507,20851195524,LEG_ADDUCTION,BANDED_EXERCISES,1,10,138.38.00,49.03.00,2025-10-30T22:24:53.0,116,19,2629.2200000000003,2,2025-11-15T02:00:36.012Z
12508,20851195524,LEG_ADDUCTION,BANDED_EXERCISES,2,9,138.38.00,84.19.00,2025-10-30T22:28:00.0,116,19,2629.2200000000003,2,2025-11-15T02:00:36.012Z
12559,20915355740,UNKNOWN,UNKNOWN,1,6,<null>,22.29,2025-11-04T23:52:53.0,687,44,2720.8199999999997,6,2025-11-16T02:00:29.900Z
12560,20915355740,UNKNOWN,UNKNOWN,2,8,82.03.00,98.24.00,2025-11-04T23:55:04.0,687,44,2720.8199999999997,6,2025-11-16T02:00:29.900Z
12561,20915355740,UNKNOWN,UNKNOWN,3,6,82.03.00,367.06.00,2025-11-05T00:00:50.0,687,44,2720.8199999999997,6,2025-11-16T02:00:29.900Z
12562,20915355740,UNKNOWN,UNKNOWN,4,8,66.15.00,41.13.00,2025-11-05T00:10:14.0,687,44,2720.8199999999997,6,2025-11-16T02:00:29.900Z
12563,20915355740,UNKNOWN,UNKNOWN,5,8,66.15.00,12.45,2025-11-05T00:17:30.0,687,44,2720.8199999999997,6,2025-11-16T02:00:29.900Z
12564,20915355740,UNKNOWN,UNKNOWN,6,8,66.15.00,210.26.00,2025-11-05T00:20:56.0,687,44,2720.8199999999997,6,2025-11-16T02:00:29.900Z
12565,20915355740,PULL_UP,PULL_UP,1,10,<null>,31.13.00,2025-11-05T00:26:40.0,31,10,0,1,2025-11-16T02:00:29.900Z
12614,20922319106,INCLINE_DUMBBELL_BENCH_PRESS,BENCH_PRESS,1,8,54.44.00,89.14.00,2025-11-07T19:29:07.0,144,16,871.04.00,2,2025-11-17T02:01:10.535Z
12615,20922319106,INCLINE_DUMBBELL_BENCH_PRESS,BENCH_PRESS,2,8,54.44.00,74.37.00,2025-11-07T19:35:49.0,144,16,871.04.00,2,2025-11-17T02:01:10.535Z
12616,20922319106,SHOULDER_PRESS,SHOULDER_PRESS,1,8,41.21.00,06.54,2025-11-07T19:39:40.0,10,16,653.36.00,2,2025-11-17T02:01:10.535Z
12617,20922319106,SHOULDER_PRESS,SHOULDER_PRESS,2,8,41.21.00,15.03,2025-11-07T19:46:25.0,10,16,653.36.00,2,2025-11-17T02:01:10.535Z
12618,20922319106,LAT_PULLDOWN,PULL_UP,1,12,82.03.00,70.46.00,2025-11-07T19:48:20.0,61,18,1714.56.00,2,2025-11-17T02:01:10.535Z
12619,20922319106,LAT_PULLDOWN,PULL_UP,2,6,122.5,03.37,2025-11-07T19:55:46.0,61,18,1714.56.00,2,2025-11-17T02:01:10.535Z
12620,20922319106,LEG_RAISE,LEG_RAISE,1,16,<null>,54.09.00,2025-11-07T19:51:22.0,40,16,0,1,2025-11-17T02:01:10.535Z
12652,20963200061,INCLINE_SMITH_MACHINE_BENCH_PRESS,BENCH_PRESS,1,10,84.34.00,47.23.00,2025-11-12T00:02:41.0,89,16,1343.04.00,2,2025-11-18T02:00:23.816Z
12653,20963200061,INCLINE_SMITH_MACHINE_BENCH_PRESS,BENCH_PRESS,2,6,84.34.00,71.02.00,2025-11-12T00:05:24.0,89,16,1343.04.00,2,2025-11-18T02:00:23.816Z
12654,20963200061,CABLE_OVERHEAD_TRICEPS_EXTENSION,TRICEPS_EXTENSION,1,12,59.34.00,14.23,2025-11-12T00:09:20.0,47,22,1388.28.00,2,2025-11-18T02:00:23.816Z
12655,20963200061,CABLE_OVERHEAD_TRICEPS_EXTENSION,TRICEPS_EXTENSION,2,10,68.06.00,55.59.00,2025-11-12T00:11:43.0,47,22,1388.28.00,2,2025-11-18T02:00:23.816Z
12656,20963200061,LATERAL_RAISE,LATERAL_RAISE,1,8,68.06.00,39.01.00,2025-11-12T00:16:15.0,72,16,1089.36.00,2,2025-11-18T02:00:23.816Z
12657,20963200061,LATERAL_RAISE,LATERAL_RAISE,2,8,68.06.00,54.54.00,2025-11-12T00:21:07.0,72,16,1089.36.00,2,2025-11-18T02:00:23.816Z
12658,20963200061,TRICEPS_PRESS,TRICEPS_EXTENSION,1,6,102.06.00,40.13.00,2025-11-12T00:23:52.0,42,13,1311.0300000000002,2,2025-11-18T02:00:23.816Z
12659,20963200061,TRICEPS_PRESS,TRICEPS_EXTENSION,2,7,100.21.00,24.04.00,2025-11-12T00:29:33.0,42,13,1311.0300000000002,2,2025-11-18T02:00:23.816Z
12660,20963200061,SHOULDER_PRESS,SHOULDER_PRESS,1,10,72.56.00,59.11.00,2025-11-12T00:34:24.0,94,20,1451.2,2,2025-11-18T02:00:23.816Z
12661,20963200061,SHOULDER_PRESS,SHOULDER_PRESS,2,10,72.56.00,61.52.00,2025-11-12T00:40:50.0,94,20,1451.2,2,2025-11-18T02:00:23.816Z
12662,20953107258,BARBELL_HACK_SQUAT,SQUAT,1,8,136.06.00,49.37.00,2025-11-11T01:08:36.0,136,20,2721.2000000000003,3,2025-11-18T02:00:25.649Z
12663,20953107258,BARBELL_HACK_SQUAT,SQUAT,2,6,136.06.00,41.59.00,2025-11-11T01:20:02.0,136,20,2721.2000000000003,3,2025-11-18T02:00:25.649Z
12664,20953107258,BARBELL_HACK_SQUAT,SQUAT,3,6,136.06.00,75.03.00,2025-11-11T01:31:22.0,136,20,2721.2000000000003,3,2025-11-18T02:00:25.649Z
12665,20953107258,WEIGHTED_LEG_CURL,LEG_CURL,1,8,84.34.00,118.29.00,2025-11-11T01:36:50.0,256,22,1860.1799999999998,3,2025-11-18T02:00:25.649Z
12666,20953107258,WEIGHTED_LEG_CURL,LEG_CURL,2,6,86.19.00,57.54.00,2025-11-11T01:43:33.0,256,22,1860.1799999999998,3,2025-11-18T02:00:25.649Z
12667,20953107258,WEIGHTED_LEG_CURL,LEG_CURL,3,8,84.34.00,90.12.00,2025-11-11T01:51:31.0,256,22,1860.1799999999998,3,2025-11-18T02:00:25.649Z
12668,20953107258,LEG_ADDUCTION,BANDED_EXERCISES,1,10,138.38.00,34.39.00,2025-11-11T01:55:24.0,101,33,4566.539999999999,3,2025-11-18T02:00:25.649Z
12669,20953107258,LEG_ADDUCTION,BANDED_EXERCISES,2,11,138.38.00,47.17.00,2025-11-11T01:58:53.0,101,33,4566.539999999999,3,2025-11-18T02:00:25.649Z
12670,20953107258,LEG_ADDUCTION,BANDED_EXERCISES,3,12,138.38.00,36.24.00,2025-11-11T02:04:50.0,101,33,4566.539999999999,3,2025-11-18T02:00:25.649Z
12671,20953107258,WEIGHTED_CRUNCH,CRUNCH,1,12,91.09.00,42.03.00,2025-11-11T02:07:19.0,74,24,2176.56.00,2,2025-11-18T02:00:25.649Z
12672,20953107258,WEIGHTED_CRUNCH,CRUNCH,2,12,91.09.00,36.39.00,2025-11-11T02:18:32.0,74,24,2176.56.00,2,2025-11-18T02:00:25.649Z
12751,20973615092,PULL_UP,PULL_UP,1,8,<null>,52.33.00,2025-11-13T01:44:57.0,50,8,0,1,2025-11-20T02:01:10.513Z
12752,20973615092,SEATED_CABLE_ROW,ROW,1,10,77.13.00,44.13.00,2025-11-13T01:48:28.0,87,28,2241.04.00,3,2025-11-20T02:01:10.513Z
12753,20973615092,SEATED_CABLE_ROW,ROW,2,10,82.03.00,54.59.00,2025-11-13T01:54:19.0,87,28,2241.04.00,3,2025-11-20T02:01:10.513Z
12754,20973615092,SEATED_CABLE_ROW,ROW,3,8,82.03.00,19.32,2025-11-13T02:00:49.0,87,28,2241.04.00,3,2025-11-20T02:01:10.513Z
12755,20973615092,DUMBBELL_HAMMER_CURL,CURL,1,6,36.31.00,67.15.00,2025-11-13T02:03:05.0,218,22,726.26.00,3,2025-11-20T02:01:10.513Z
12756,20973615092,DUMBBELL_HAMMER_CURL,CURL,2,8,32.15.00,77.07.00,2025-11-13T02:06:57.0,218,22,726.26.00,3,2025-11-20T02:01:10.513Z
12757,20973615092,DUMBBELL_HAMMER_CURL,CURL,3,8,32.15.00,77.07.00,2025-11-13T02:13:17.0,218,22,726.26.00,3,2025-11-20T02:01:10.513Z
12758,20973615092,LAT_PULLDOWN,PULL_UP,1,11,72.56.00,62.52.00,2025-11-13T02:16:01.0,49,11,798.1600000000001,1,2025-11-20T02:01:10.513Z
12759,20973615092,SEATED_REAR_LATERAL_RAISE,LATERAL_RAISE,1,10,57.09.00,63.21.00,2025-11-13T02:17:43.0,48,10,566.9,1,2025-11-20T02:01:10.513Z
12760,20973615092,REVERSE_EZ_BAR_CURL,CURL,1,8,52.19.00,33.1,2025-11-13T02:28:41.0,33,8,417.52.00,1,2025-11-20T02:01:10.513Z
12843,20991856172,SHOULDER_PRESS,SHOULDER_PRESS,1,10,82.03.00,45.58.00,2025-11-15T02:42:38.0,125,20,1632.6,2,2025-11-22T02:00:39.252Z
12844,20991856172,SHOULDER_PRESS,SHOULDER_PRESS,2,10,82.03.00,99.25.00,2025-11-15T02:48:45.0,125,20,1632.6,2,2025-11-22T02:00:39.252Z
12845,20991856172,WEIGHTED_CRUNCH,CRUNCH,1,12,91.09.00,360.12.00,2025-11-15T02:58:42.0,487,22,1995.1799999999998,2,2025-11-22T02:00:39.252Z
12846,20991856172,WEIGHTED_CRUNCH,CRUNCH,2,10,91.09.00,139.43.00,2025-11-15T03:07:12.0,487,22,1995.1799999999998,2,2025-11-22T02:00:39.252Z
12847,20991856172,LATERAL_RAISE,LATERAL_RAISE,1,6,68.06.00,70.39.00,2025-11-15T03:14:28.0,733,14,953.24.00,2,2025-11-22T02:00:39.252Z
12848,20991856172,LATERAL_RAISE,LATERAL_RAISE,2,8,68.06.00,677.16.00,2025-11-15T03:23:29.0,733,14,953.24.00,2,2025-11-22T02:00:39.252Z
13203,20999118625,BARBELL_HACK_SQUAT,SQUAT,1,8,131.56.00,89.25.00,2025-11-15T19:12:32.0,162,30,3946.8,3,2025-11-26T02:00:47.101Z
13204,20999118625,BARBELL_HACK_SQUAT,SQUAT,2,10,131.56.00,39.43.00,2025-11-15T19:17:56.0,162,30,3946.8,3,2025-11-26T02:00:47.101Z
13205,20999118625,BARBELL_HACK_SQUAT,SQUAT,3,12,131.56.00,43.27.00,2025-11-15T19:22:14.0,162,30,3946.8,3,2025-11-26T02:00:47.101Z
13206,20999118625,WEIGHTED_LEG_CURL,LEG_CURL,1,8,86.19.00,28.19.00,2025-11-15T19:26:51.0,75,24,2050.56.00,3,2025-11-26T02:00:47.101Z
13207,20999118625,WEIGHTED_LEG_CURL,LEG_CURL,2,8,86.19.00,39.49.00,2025-11-15T19:31:11.0,75,24,2050.56.00,3,2025-11-26T02:00:47.101Z
13208,20999118625,WEIGHTED_LEG_CURL,LEG_CURL,3,8,84.34.00,29.37.00,2025-11-15T19:36:19.0,75,24,2050.56.00,3,2025-11-26T02:00:47.101Z
13492,21010410185,SEATED_CABLE_ROW,ROW,1,8,82.05.00,41,<null>,123,26,2122.9,3,2025-11-30T02:01:08.933Z
13493,21010410185,SEATED_CABLE_ROW,ROW,2,8,82.05.00,41,<null>,123,26,2122.9,3,2025-11-30T02:01:08.933Z
13494,21010410185,SEATED_CABLE_ROW,ROW,3,10,82.05.00,41,<null>,123,26,2122.9,3,2025-11-30T02:01:08.933Z
13495,21010410185,LAT_PULLDOWN,PULL_UP,1,8,72.57.00,41,<null>,82,18,1306.2599999999998,2,2025-11-30T02:01:08.933Z
13496,21010410185,LAT_PULLDOWN,PULL_UP,2,10,72.57.00,41,<null>,82,18,1306.2599999999998,2,2025-11-30T02:01:08.933Z
13497,21010410185,PULL_UP,PULL_UP,1,8,<null>,41,<null>,41,8,0,1,2025-11-30T02:01:08.933Z
13498,21010410185,DUMBBELL_HAMMER_CURL,CURL,1,6,34.02.00,41,<null>,123,18,612.36.00,3,2025-11-30T02:01:08.933Z
13499,21010410185,DUMBBELL_HAMMER_CURL,CURL,2,6,34.02.00,41,<null>,123,18,612.36.00,3,2025-11-30T02:01:08.933Z
13500,21010410185,DUMBBELL_HAMMER_CURL,CURL,3,6,34.02.00,41,<null>,123,18,612.36.00,3,2025-11-30T02:01:08.933Z
13864,21019648590,INCLINE_BARBELL_BENCH_PRESS,BENCH_PRESS,1,10,61.25.00,13.03,2025-11-18T01:34:42.0,2,10,612.5,1,2025-12-04T02:01:09.806Z
13865,21019648590,INCLINE_SMITH_MACHINE_BENCH_PRESS,BENCH_PRESS,1,8,84.34.00,84.32.00,2025-11-18T01:37:44.0,146,15,1259.1,2,2025-12-04T02:01:09.806Z
13866,21019648590,INCLINE_SMITH_MACHINE_BENCH_PRESS,BENCH_PRESS,2,7,84.34.00,78.41.00,2025-11-18T01:45:33.0,146,15,1259.1,2,2025-12-04T02:01:09.806Z
13867,21019648590,TRICEPS_PRESS,TRICEPS_EXTENSION,1,9,102.06.00,34.46.00,2025-11-18T01:53:12.0,258,17,1735.02.00,2,2025-12-04T02:01:09.806Z
13868,21019648590,TRICEPS_PRESS,TRICEPS_EXTENSION,2,8,102.06.00,234.31.00,2025-11-18T01:59:28.0,258,17,1735.02.00,2,2025-12-04T02:01:09.806Z
13869,21019648590,LATERAL_RAISE,LATERAL_RAISE,1,10,66.15.00,97.47.00,2025-11-18T02:14:15.0,317,18,1202.38.00,2,2025-12-04T02:01:09.806Z
13870,21019648590,LATERAL_RAISE,LATERAL_RAISE,2,8,68.06.00,234.29.00,2025-11-18T02:19:55.0,317,18,1202.38.00,2,2025-12-04T02:01:09.806Z
13948,21028987999,BARBELL_HACK_SQUAT,SQUAT,1,8,145.13.00,46.59.00,2025-11-18T23:54:32.0,110,24,3483.12.00,3,2025-12-05T02:01:02.122Z
13949,21028987999,BARBELL_HACK_SQUAT,SQUAT,2,8,145.13.00,39.34.00,2025-11-19T00:01:09.0,110,24,3483.12.00,3,2025-12-05T02:01:02.122Z
13950,21028987999,BARBELL_HACK_SQUAT,SQUAT,3,8,145.13.00,45.56.00,2025-11-19T00:11:00.0,110,24,3483.12.00,3,2025-12-05T02:01:02.122Z
13951,21028987999,WEIGHTED_LEG_CURL,LEG_CURL,1,8,86.19.00,28.12.00,2025-11-19T00:15:50.0,178,26,2200.44.00,3,2025-12-05T02:01:02.122Z
13952,21028987999,WEIGHTED_LEG_CURL,LEG_CURL,2,10,84.34.00,93.38.00,2025-11-19T00:25:33.0,178,26,2200.44.00,3,2025-12-05T02:01:02.122Z
13953,21028987999,WEIGHTED_LEG_CURL,LEG_CURL,3,8,84.34.00,67.33.00,2025-11-19T00:30:35.0,178,26,2200.44.00,3,2025-12-05T02:01:02.122Z
14120,21047479412,PULL_UP,PULL_UP,1,10,<null>,46.33.00,2025-11-20T18:25:30.0,108,26,0,3,2025-12-07T02:01:10.129Z
14121,21047479412,PULL_UP,PULL_UP,2,8,<null>,32.19.00,2025-11-20T18:54:51.0,108,26,0,3,2025-12-07T02:01:10.129Z
14122,21047479412,PULL_UP,PULL_UP,3,8,<null>,54.32.00,2025-11-20T19:02:16.0,108,26,0,3,2025-12-07T02:01:10.129Z
14123,21047479412,UNKNOWN,UNKNOWN,1,8,86.19.00,89.39.00,2025-11-20T18:28:58.0,328,40,2826.5400000000004,5,2025-12-07T02:01:10.129Z
14124,21047479412,UNKNOWN,UNKNOWN,2,10,86.19.00,46.46.00,2025-11-20T18:36:19.0,328,40,2826.5400000000004,5,2025-12-07T02:01:10.129Z
14125,21047479412,UNKNOWN,UNKNOWN,3,10,84.34.00,90.13.00,2025-11-20T18:41:05.0,328,40,2826.5400000000004,5,2025-12-07T02:01:10.129Z
14126,21047479412,UNKNOWN,UNKNOWN,4,6,36.31.00,56.49.00,2025-11-20T18:45:37.0,328,40,2826.5400000000004,5,2025-12-07T02:01:10.129Z
14127,21047479412,UNKNOWN,UNKNOWN,5,6,36.31.00,73.29.00,2025-11-20T18:50:56.0,328,40,2826.5400000000004,5,2025-12-07T02:01:10.129Z
14128,21047479412,SIT_UP,SIT_UP,1,12,21.28,38.37.00,2025-11-20T18:58:51.0,67,24,501.12.00,2,2025-12-07T02:01:10.129Z
14129,21047479412,SIT_UP,SIT_UP,2,12,21.28,44.05.00,2025-11-20T19:05:01.0,67,24,501.12.00,2,2025-12-07T02:01:10.129Z
14372,21064583898,BENCH_PRESS,BENCH_PRESS,1,3,84.34.00,49.51.00,2025-11-22T23:19:47.0,40,3,252.22.00,1,2025-12-10T02:01:07.624Z
14373,21064583898,INCLINE_SMITH_MACHINE_BENCH_PRESS,BENCH_PRESS,1,6,86.19.00,24.45.00,2025-11-22T23:27:37.0,78,13,1120.4699999999998,2,2025-12-10T02:01:07.624Z
14374,21064583898,INCLINE_SMITH_MACHINE_BENCH_PRESS,BENCH_PRESS,2,7,86.19.00,53.25.00,2025-11-22T23:32:23.0,78,13,1120.4699999999998,2,2025-12-10T02:01:07.624Z
14375,21064583898,LATERAL_RAISE,LATERAL_RAISE,1,10,70.31.00,104.38.00,2025-11-22T23:37:28.0,298,20,1406.2,2,2025-12-10T02:01:07.624Z
14376,21064583898,LATERAL_RAISE,LATERAL_RAISE,2,10,70.31.00,206.09.00,2025-11-22T23:44:11.0,298,20,1406.2,2,2025-12-10T02:01:07.624Z
14377,21064583898,SHOULDER_PRESS,SHOULDER_PRESS,1,10,77.13.00,86.14.00,2025-11-22T23:54:14.0,209,22,1697.26.00,2,2025-12-10T02:01:07.624Z
14378,21064583898,SHOULDER_PRESS,SHOULDER_PRESS,2,12,77.13.00,139.17.00,2025-11-23T00:02:54.0,209,22,1697.26.00,2,2025-12-10T02:01:07.624Z
14379,21064583898,CABLE_OVERHEAD_TRICEPS_EXTENSION,TRICEPS_EXTENSION,1,8,68.06.00,43.43.00,2025-11-23T00:10:41.0,43,8,544.48.00,1,2025-12-10T02:01:07.624Z
14380,21064583898,TRICEPS_PRESS,TRICEPS_EXTENSION,1,10,102.06.00,497.39.00,2025-11-23T00:17:24.0,488,10,1020.6,1,2025-12-10T02:01:07.624Z
14381,21064583898,FLYE,FLYE,1,6,91.09.00,43.51.00,2025-11-23T00:30:20.0,38,6,544.14.00,1,2025-12-10T02:01:07.624Z
14454,21073908006,BARBELL_HACK_SQUAT,SQUAT,1,6,150.09.00,36.09.00,2025-11-24T00:17:48.0,115,22,3293.18.00,3,2025-12-11T02:00:43.887Z
14455,21073908006,BARBELL_HACK_SQUAT,SQUAT,2,8,150.09.00,51.47.00,2025-11-24T00:24:17.0,115,22,3293.18.00,3,2025-12-11T02:00:43.887Z
14456,21073908006,BARBELL_HACK_SQUAT,SQUAT,3,8,150.09.00,33.6,2025-11-24T00:32:27.0,115,22,3293.18.00,3,2025-12-11T02:00:43.887Z
14457,21073908006,WEIGHTED_LEG_EXTENSIONS,CRUNCH,1,12,125.15.00,51.17.00,2025-11-24T00:39:13.0,107,24,3048,2,2025-12-11T02:00:43.887Z
14458,21073908006,WEIGHTED_LEG_EXTENSIONS,CRUNCH,2,12,129.25.00,74.03.00,2025-11-24T00:44:41.0,107,24,3048,2,2025-12-11T02:00:43.887Z
14459,21073908006,WEIGHTED_LEG_CURL,LEG_CURL,1,8,88.44.00,68.01.00,2025-11-24T00:56:26.0,114,22,1945.6799999999998,3,2025-12-11T02:00:43.887Z
14460,21073908006,WEIGHTED_LEG_CURL,LEG_CURL,2,8,88.44.00,29.35.00,2025-11-24T01:01:00.0,114,22,1945.6799999999998,3,2025-12-11T02:00:43.887Z
14461,21073908006,WEIGHTED_LEG_CURL,LEG_CURL,3,6,88.44.00,33.38.00,2025-11-24T01:04:05.0,114,22,1945.6799999999998,3,2025-12-11T02:00:43.887Z
14530,21092469628,PULL_UP,PULL_UP,1,10,<null>,29.31.00,2025-11-26T00:54:31.0,87,18,0,2,2025-12-12T02:01:00.986Z
14531,21092469628,PULL_UP,PULL_UP,2,8,<null>,66.49.00,2025-11-26T01:33:13.0,87,18,0,2,2025-12-12T02:01:00.986Z
14532,21092469628,SEATED_CABLE_ROW,ROW,1,8,84.34.00,43.14.00,2025-11-26T00:58:53.0,106,24,2014.56.00,3,2025-12-12T02:01:00.986Z
14533,21092469628,SEATED_CABLE_ROW,ROW,2,8,84.34.00,58.28.00,2025-11-26T01:18:47.0,106,24,2014.56.00,3,2025-12-12T02:01:00.986Z
14534,21092469628,SEATED_CABLE_ROW,ROW,3,8,84.34.00,28.2,2025-11-26T01:24:56.0,106,24,2014.56.00,3,2025-12-12T02:01:00.986Z
14535,21092469628,EZ_BAR_PREACHER_CURL,CURL,1,6,50.56.00,84.26.00,2025-11-26T01:04:31.0,161,18,910.08.00,3,2025-12-12T02:01:00.986Z
14536,21092469628,EZ_BAR_PREACHER_CURL,CURL,2,6,50.56.00,46.38.00,2025-11-26T01:10:13.0,161,18,910.08.00,3,2025-12-12T02:01:00.986Z
14537,21092469628,EZ_BAR_PREACHER_CURL,CURL,3,6,50.56.00,56.11.00,2025-11-26T01:15:18.0,161,18,910.08.00,3,2025-12-12T02:01:00.986Z
14538,21092469628,WEIGHTED_CRUNCH,CRUNCH,1,12,91.09.00,08.04,2025-11-26T01:26:55.0,33,24,2176.56.00,2,2025-12-12T02:01:00.986Z
14539,21092469628,WEIGHTED_CRUNCH,CRUNCH,2,12,91.09.00,44.44.00,2025-11-26T01:31:22.0,33,24,2176.56.00,2,2025-12-12T02:01:00.986Z
14540,21092469628,WEIGHTED_SIT_UP,SIT_UP,1,8,59.34.00,44.49.00,2025-11-26T01:29:42.0,125,33,1776.27.00,3,2025-12-12T02:01:00.986Z
14541,21092469628,WEIGHTED_SIT_UP,SIT_UP,2,15,52.19.00,54.51.00,2025-11-26T01:37:21.0,125,33,1776.27.00,3,2025-12-12T02:01:00.986Z
14542,21092469628,WEIGHTED_SIT_UP,SIT_UP,3,10,52.19.00,34.44.00,2025-11-26T01:39:53.0,125,33,1776.27.00,3,2025-12-12T02:01:00.986Z
14543,21092469628,SEATED_REAR_LATERAL_RAISE,LATERAL_RAISE,1,10,52.19.00,52.46.00,2025-11-26T01:42:05.0,104,26,1357.34.00,3,2025-12-12T02:01:00.986Z
14544,21092469628,SEATED_REAR_LATERAL_RAISE,LATERAL_RAISE,2,8,52.19.00,35.55.00,2025-11-26T01:46:07.0,104,26,1357.34.00,3,2025-12-12T02:01:00.986Z
14545,21092469628,SEATED_REAR_LATERAL_RAISE,LATERAL_RAISE,3,8,52.19.00,44.54.00,2025-11-26T01:50:10.0,104,26,1357.34.00,3,2025-12-12T02:01:00.986Z
14546,21092469628,CABLE_OVERHEAD_TRICEPS_EXTENSION,TRICEPS_EXTENSION,1,12,70.31.00,213.25.00,2025-11-26T01:54:15.0,253,24,1687.44.00,2,2025-12-12T02:01:00.986Z
14547,21092469628,CABLE_OVERHEAD_TRICEPS_EXTENSION,TRICEPS_EXTENSION,2,12,70.31.00,57.41.00,2025-11-26T02:00:08.0,253,24,1687.44.00,2,2025-12-12T02:01:00.986Z
14548,21092469628,TRICEPS_PRESSDOWN,TRICEPS_EXTENSION,1,8,75.21.00,40.11.00,2025-11-26T02:03:24.0,377,18,1324.08.00,2,2025-12-12T02:01:00.986Z
14549,21092469628,TRICEPS_PRESSDOWN,TRICEPS_EXTENSION,2,10,72.56.00,350.29.00,2025-11-26T02:05:15.0,377,18,1324.08.00,2,2025-12-12T02:01:00.986Z
14550,21092469628,LEG_RAISE,LEG_RAISE,1,20,<null>,55.08.00,2025-11-26T02:17:02.0,85,40,0,2,2025-12-12T02:01:00.986Z
14551,21092469628,LEG_RAISE,LEG_RAISE,2,20,<null>,43.14.00,2025-11-26T02:22:25.0,85,40,0,2,2025-12-12T02:01:00.986Z
15094,21126641869,INCLINE_SMITH_MACHINE_BENCH_PRESS,BENCH_PRESS,1,8,84.34.00,262.12.00,2025-11-29T23:34:38.0,504,21,1762.7399999999998,3,2025-12-14T02:01:19.704Z
15095,21126641869,INCLINE_SMITH_MACHINE_BENCH_PRESS,BENCH_PRESS,2,7,84.34.00,166.01.00,2025-11-29T23:47:20.0,504,21,1762.7399999999998,3,2025-12-14T02:01:19.704Z
15096,21126641869,INCLINE_SMITH_MACHINE_BENCH_PRESS,BENCH_PRESS,3,6,84.34.00,98.49.00,2025-11-29T23:58:27.0,504,21,1762.7399999999998,3,2025-12-14T02:01:19.704Z
15097,21126641869,FLYE,FLYE,1,6,111.13.00,32.24.00,2025-11-30T00:03:42.0,32,6,667.18.00,1,2025-12-14T02:01:19.704Z
15265,21135395665,BARBELL_HACK_SQUAT,SQUAT,1,12,109.28.00,86.01.00,2025-11-30T22:10:24.0,150,28,3701.6,3,2025-12-15T02:00:48.900Z
15266,21135395665,BARBELL_HACK_SQUAT,SQUAT,2,8,150.09.00,47.31.00,2025-11-30T22:18:10.0,150,28,3701.6,3,2025-12-15T02:00:48.900Z
15267,21135395665,BARBELL_HACK_SQUAT,SQUAT,3,8,150.09.00,43.59.00,2025-11-30T22:27:58.0,150,28,3701.6,3,2025-12-15T02:00:48.900Z
15268,21135395665,LATERAL_RAISE,LATERAL_RAISE,1,8,72.56.00,55.14.00,2025-11-30T22:30:00.0,54,16,1161.36.00,2,2025-12-15T02:00:48.900Z
15269,21135395665,LATERAL_RAISE,LATERAL_RAISE,2,8,72.56.00,19.18,2025-11-30T22:36:51.0,54,16,1161.36.00,2,2025-12-15T02:00:48.900Z
15270,21135395665,WEIGHTED_LEG_CURL,LEG_CURL,1,9,88.44.00,38.07.00,2025-11-30T22:31:51.0,64,17,1521.48.00,2,2025-12-15T02:00:48.900Z
15271,21135395665,WEIGHTED_LEG_CURL,LEG_CURL,2,8,91.09.00,28.59.00,2025-11-30T22:37:51.0,64,17,1521.48.00,2,2025-12-15T02:00:48.900Z
15514,21170782472,PULL_UP,PULL_UP,1,8,<null>,150.04.00,2025-12-04T19:12:02.0,231,24,0,3,2025-12-17T02:00:53.365Z
15515,21170782472,PULL_UP,PULL_UP,2,8,<null>,50.31.00,2025-12-04T19:18:02.0,231,24,0,3,2025-12-17T02:00:53.365Z
15516,21170782472,PULL_UP,PULL_UP,3,8,<null>,41.09.00,2025-12-04T19:24:35.0,231,24,0,3,2025-12-17T02:00:53.365Z
15517,21170782472,SEATED_CABLE_ROW,ROW,1,8,82.03.00,57.56.00,2025-12-04T19:29:15.0,236,24,1959.12.00,3,2025-12-17T02:00:53.365Z
15518,21170782472,SEATED_CABLE_ROW,ROW,2,8,82.03.00,154.54.00,2025-12-04T19:34:47.0,236,24,1959.12.00,3,2025-12-17T02:00:53.365Z
15519,21170782472,SEATED_CABLE_ROW,ROW,3,8,82.03.00,58.02.00,2025-12-04T19:40:28.0,236,24,1959.12.00,3,2025-12-17T02:00:53.365Z
15520,21170782472,LATERAL_RAISE,LATERAL_RAISE,1,7,75.21.00,100.25.00,2025-12-04T19:44:48.0,326,20,1496.2000000000003,3,2025-12-17T02:00:53.365Z
15521,21170782472,LATERAL_RAISE,LATERAL_RAISE,2,7,75.21.00,46.01.00,2025-12-04T19:51:01.0,326,20,1496.2000000000003,3,2025-12-17T02:00:53.365Z
15522,21170782472,LATERAL_RAISE,LATERAL_RAISE,3,6,75.21.00,187.03.00,2025-12-04T19:56:16.0,326,20,1496.2000000000003,3,2025-12-17T02:00:53.365Z
15523,21170782472,EZ_BAR_PREACHER_CURL,CURL,1,6,49.44.00,49.59.00,2025-12-04T20:07:35.0,175,18,876.36.00,3,2025-12-17T02:00:53.365Z
15524,21170782472,EZ_BAR_PREACHER_CURL,CURL,2,6,48.31.00,116.26.00,2025-12-04T20:16:33.0,175,18,876.36.00,3,2025-12-17T02:00:53.365Z
15525,21170782472,EZ_BAR_PREACHER_CURL,CURL,3,6,48.31.00,31.04.00,2025-12-04T20:22:21.0,175,18,876.36.00,3,2025-12-17T02:00:53.365Z
15526,21170782472,SEATED_REAR_LATERAL_RAISE,LATERAL_RAISE,1,12,57.09.00,51.13.00,2025-12-04T20:24:23.0,100,24,1360.56.00,2,2025-12-17T02:00:53.365Z
15527,21170782472,SEATED_REAR_LATERAL_RAISE,LATERAL_RAISE,2,12,57.09.00,54.15.00,2025-12-04T20:28:04.0,100,24,1360.56.00,2,2025-12-17T02:00:53.365Z
15528,21170782472,REVERSE_EZ_BAR_CURL,CURL,1,5,52.19.00,98.22.00,2025-12-04T20:26:05.0,131,12,626.28.00,2,2025-12-17T02:00:53.365Z
15529,21170782472,REVERSE_EZ_BAR_CURL,CURL,2,7,52.19.00,45.55.00,2025-12-04T20:30:12.0,131,12,626.28.00,2,2025-12-17T02:00:53.365Z
15750,21180059560,INCLINE_SMITH_MACHINE_BENCH_PRESS,BENCH_PRESS,1,4,91.12.00,37,<null>,111,16,1397.04.00,3,2025-12-20T02:01:25.258Z
15751,21180059560,INCLINE_SMITH_MACHINE_BENCH_PRESS,BENCH_PRESS,2,7,86.18.00,37,<null>,111,16,1397.04.00,3,2025-12-20T02:01:25.258Z
15752,21180059560,INCLINE_SMITH_MACHINE_BENCH_PRESS,BENCH_PRESS,3,5,86.18.00,37,<null>,111,16,1397.04.00,3,2025-12-20T02:01:25.258Z
15753,21180059560,TRICEPS_PRESSDOWN,TRICEPS_EXTENSION,1,8,77.11.00,37,<null>,74,14,1093.1599999999999,2,2025-12-20T02:01:25.258Z
15754,21180059560,TRICEPS_PRESSDOWN,TRICEPS_EXTENSION,2,6,79.38.00,37,<null>,74,14,1093.1599999999999,2,2025-12-20T02:01:25.258Z
15755,21180059560,CABLE_OVERHEAD_TRICEPS_EXTENSION,TRICEPS_EXTENSION,1,8,72.57.00,37,<null>,74,16,1161.12.00,2,2025-12-20T02:01:25.258Z
15756,21180059560,CABLE_OVERHEAD_TRICEPS_EXTENSION,TRICEPS_EXTENSION,2,8,72.57.00,37,<null>,74,16,1161.12.00,2,2025-12-20T02:01:25.258Z
15757,21180059560,FLYE,FLYE,1,8,93.39.00,37,<null>,74,16,1488.24.00,2,2025-12-20T02:01:25.258Z
15758,21180059560,FLYE,FLYE,2,8,93.39.00,37,<null>,74,16,1488.24.00,2,2025-12-20T02:01:25.258Z
15759,21180059560,WEIGHTED_CRUNCH,CRUNCH,1,8,91.12.00,37,<null>,74,16,1451.52.00,2,2025-12-20T02:01:25.258Z
15760,21180059560,WEIGHTED_CRUNCH,CRUNCH,2,8,91.12.00,37,<null>,74,16,1451.52.00,2,2025-12-20T02:01:25.258Z
15831,21197409068,WEIGHTED_LEG_CURL,LEG_CURL,1,8,91.12.00,49,<null>,147,24,2177.2799999999997,3,2025-12-21T02:01:12.265Z
15832,21197409068,WEIGHTED_LEG_CURL,LEG_CURL,2,8,91.12.00,49,<null>,147,24,2177.2799999999997,3,2025-12-21T02:01:12.265Z
15833,21197409068,WEIGHTED_LEG_CURL,LEG_CURL,3,8,91.12.00,49,<null>,147,24,2177.2799999999997,3,2025-12-21T02:01:12.265Z
15834,21197409068,BARBELL_HACK_SQUAT,SQUAT,1,12,68.04.00,49,<null>,127,32,2903.36.00,3,2025-12-21T02:01:12.265Z
15835,21197409068,BARBELL_HACK_SQUAT,SQUAT,2,12,109.26.00,49,<null>,127,32,2903.36.00,3,2025-12-21T02:01:12.265Z
15836,21197409068,BARBELL_HACK_SQUAT,SQUAT,3,8,97.52.00,29,<null>,127,32,2903.36.00,3,2025-12-21T02:01:12.265Z
15913,21223287104,SEATED_CABLE_ROW,ROW,1,8,82.05.00,36,<null>,72,18,1469.7,2,2025-12-22T02:01:13.461Z
15914,21223287104,SEATED_CABLE_ROW,ROW,2,10,82.05.00,36,<null>,72,18,1469.7,2,2025-12-22T02:01:13.461Z
15915,21223287104,PULL_UP,PULL_UP,1,6,<null>,36,<null>,36,6,0,1,2025-12-22T02:01:13.461Z
15916,21223287104,SHOULDER_PRESS,SHOULDER_PRESS,1,8,92.53.00,36,<null>,108,24,2220.7200000000003,3,2025-12-22T02:01:13.461Z
15917,21223287104,SHOULDER_PRESS,SHOULDER_PRESS,2,8,92.53.00,36,<null>,108,24,2220.7200000000003,3,2025-12-22T02:01:13.461Z
15918,21223287104,SHOULDER_PRESS,SHOULDER_PRESS,3,8,92.53.00,36,<null>,108,24,2220.7200000000003,3,2025-12-22T02:01:13.461Z
15993,21232913777,INCLINE_SMITH_MACHINE_BENCH_PRESS,BENCH_PRESS,1,7,86.18.00,35,<null>,105,19,1637.42.00,3,2025-12-23T02:00:26.616Z
15994,21232913777,INCLINE_SMITH_MACHINE_BENCH_PRESS,BENCH_PRESS,2,6,86.18.00,35,<null>,105,19,1637.42.00,3,2025-12-23T02:00:26.616Z
15995,21232913777,INCLINE_SMITH_MACHINE_BENCH_PRESS,BENCH_PRESS,3,6,86.18.00,35,<null>,105,19,1637.42.00,3,2025-12-23T02:00:26.616Z
15996,21232913777,FLYE,FLYE,1,7,100.19.00,35,<null>,70,14,1397.0600000000002,2,2025-12-23T02:00:26.616Z
15997,21232913777,FLYE,FLYE,2,7,100.19.00,35,<null>,70,14,1397.0600000000002,2,2025-12-23T02:00:26.616Z
15998,21232913777,SEATED_REAR_LATERAL_RAISE,LATERAL_RAISE,1,15,52.16.00,35,<null>,105,39,2116.36.00,3,2025-12-23T02:00:26.616Z
15999,21232913777,SEATED_REAR_LATERAL_RAISE,LATERAL_RAISE,2,12,59.37.00,35,<null>,105,39,2116.36.00,3,2025-12-23T02:00:26.616Z
16000,21232913777,SEATED_REAR_LATERAL_RAISE,LATERAL_RAISE,3,12,52.16.00,35,<null>,105,39,2116.36.00,3,2025-12-23T02:00:26.616Z
16001,21232913777,REVERSE_EZ_BAR_CURL,CURL,1,8,56.7,35,<null>,70,16,871.28.00,2,2025-12-23T02:00:26.616Z
16002,21232913777,REVERSE_EZ_BAR_CURL,CURL,2,8,52.16.00,35,<null>,70,16,871.28.00,2,2025-12-23T02:00:26.616Z
16003,21232913777,EZ_BAR_PREACHER_CURL,CURL,1,6,49.44.00,35,<null>,70,14,692.16.00,2,2025-12-23T02:00:26.616Z
16004,21232913777,EZ_BAR_PREACHER_CURL,CURL,2,8,49.44.00,35,<null>,70,14,692.16.00,2,2025-12-23T02:00:26.616Z
16005,21232913777,TRICEPS_PRESS,TRICEPS_EXTENSION,1,10,102.06.00,35,<null>,35,10,1020.6,1,2025-12-23T02:00:26.616Z
16006,21232913777,TRICEPS_PRESSDOWN,TRICEPS_EXTENSION,1,8,79.38.00,35,<null>,35,8,635.04.00,1,2025-12-23T02:00:26.616Z
16007,21232913777,CABLE_OVERHEAD_TRICEPS_EXTENSION,TRICEPS_EXTENSION,1,10,72.57.00,35,<null>,70,20,1451.3999999999999,2,2025-12-23T02:00:26.616Z
16008,21232913777,CABLE_OVERHEAD_TRICEPS_EXTENSION,TRICEPS_EXTENSION,2,10,72.57.00,35,<null>,70,20,1451.3999999999999,2,2025-12-23T02:00:26.616Z
16009,21232913777,WEIGHTED_CRUNCH,CRUNCH,1,12,91.12.00,35,<null>,70,24,2177.2799999999997,2,2025-12-23T02:00:26.616Z
16010,21232913777,WEIGHTED_CRUNCH,CRUNCH,2,12,91.12.00,35,<null>,70,24,2177.2799999999997,2,2025-12-23T02:00:26.616Z
17395,21240200155,LEG_PRESS,SQUAT,1,12,100.19.00,43,<null>,43,12,1197.48.00,1,2026-01-01T02:00:59.292Z
17396,21240200155,BARBELL_HACK_SQUAT,SQUAT,1,6,150.09.00,43,<null>,129,20,2993.7999999999997,3,2026-01-01T02:00:59.292Z
17397,21240200155,BARBELL_HACK_SQUAT,SQUAT,2,8,150.09.00,43,<null>,129,20,2993.7999999999997,3,2026-01-01T02:00:59.292Z
17398,21240200155,BARBELL_HACK_SQUAT,SQUAT,3,6,150.09.00,43,<null>,129,20,2993.7999999999997,3,2026-01-01T02:00:59.292Z
17399,21240200155,WEIGHTED_LEG_CURL,LEG_CURL,1,8,91.12.00,43,<null>,129,24,2177.2799999999997,3,2026-01-01T02:00:59.292Z
17400,21240200155,WEIGHTED_LEG_CURL,LEG_CURL,2,8,91.12.00,43,<null>,129,24,2177.2799999999997,3,2026-01-01T02:00:59.292Z
17401,21240200155,WEIGHTED_LEG_CURL,LEG_CURL,3,8,91.12.00,43,<null>,129,24,2177.2799999999997,3,2026-01-01T02:00:59.292Z
17402,21240200155,WEIGHTED_STANDING_CALF_RAISE,CALF_RAISE,1,16,150.09.00,35,<null>,151,40,6259.639999999999,3,2026-01-01T02:00:59.292Z
17403,21240200155,WEIGHTED_STANDING_CALF_RAISE,CALF_RAISE,2,12,159.16.00,30,<null>,151,40,6259.639999999999,3,2026-01-01T02:00:59.292Z
17404,21240200155,WEIGHTED_STANDING_CALF_RAISE,CALF_RAISE,3,12,163.29.00,86,<null>,151,40,6259.639999999999,3,2026-01-01T02:00:59.292Z
17570,21259347002,PULL_UP,PULL_UP,1,8,<null>,34,<null>,102,22,0,3,2026-01-03T02:00:38.277Z
17571,21259347002,PULL_UP,PULL_UP,2,8,<null>,34,<null>,102,22,0,3,2026-01-03T02:00:38.277Z
17572,21259347002,PULL_UP,PULL_UP,3,6,<null>,34,<null>,102,22,0,3,2026-01-03T02:00:38.277Z
17573,21259347002,CLOSE_GRIP_LAT_PULLDOWN,PULL_UP,1,6,82.05.00,34,<null>,68,14,1070.46.00,2,2026-01-03T02:00:38.277Z
17574,21259347002,CLOSE_GRIP_LAT_PULLDOWN,PULL_UP,2,8,72.57.00,34,<null>,68,14,1070.46.00,2,2026-01-03T02:00:38.277Z
17575,21259347002,CABLE_CROSSOVER,FLYE,1,10,18.14,34,<null>,102,30,544.2,3,2026-01-03T02:00:38.277Z
17576,21259347002,CABLE_CROSSOVER,FLYE,2,10,18.14,34,<null>,102,30,544.2,3,2026-01-03T02:00:38.277Z
17577,21259347002,CABLE_CROSSOVER,FLYE,3,10,18.14,34,<null>,102,30,544.2,3,2026-01-03T02:00:38.277Z
17578,21259347002,EZ_BAR_PREACHER_CURL,CURL,1,6,34.02.00,34,<null>,102,18,449.04.00,3,2026-01-03T02:00:38.277Z
17579,21259347002,EZ_BAR_PREACHER_CURL,CURL,2,6,34.02.00,34,<null>,102,18,449.04.00,3,2026-01-03T02:00:38.277Z
17580,21259347002,EZ_BAR_PREACHER_CURL,CURL,3,6,6.8,34,<null>,102,18,449.04.00,3,2026-01-03T02:00:38.277Z
17581,21259347002,REVERSE_EZ_BAR_CURL,CURL,1,6,54.43.00,34,<null>,68,14,762.02.00,2,2026-01-03T02:00:38.277Z
17582,21259347002,REVERSE_EZ_BAR_CURL,CURL,2,8,54.43.00,34,<null>,68,14,762.02.00,2,2026-01-03T02:00:38.277Z
17673,21267268692,INCLINE_SMITH_MACHINE_BENCH_PRESS,BENCH_PRESS,1,8,75.24.00,30,<null>,90,22,1805.2400000000002,3,2026-01-04T02:00:48.398Z
17674,21267268692,INCLINE_SMITH_MACHINE_BENCH_PRESS,BENCH_PRESS,2,8,86.18.00,30,<null>,90,22,1805.2400000000002,3,2026-01-04T02:00:48.398Z
17675,21267268692,INCLINE_SMITH_MACHINE_BENCH_PRESS,BENCH_PRESS,3,6,86.18.00,30,<null>,90,22,1805.2400000000002,3,2026-01-04T02:00:48.398Z
17676,21267268692,LATERAL_RAISE,LATERAL_RAISE,1,7,75.24.00,30,<null>,90,19,1422.36.00,3,2026-01-04T02:00:48.398Z
17677,21267268692,LATERAL_RAISE,LATERAL_RAISE,2,6,75.24.00,30,<null>,90,19,1422.36.00,3,2026-01-04T02:00:48.398Z
17678,21267268692,LATERAL_RAISE,LATERAL_RAISE,3,6,75.24.00,30,<null>,90,19,1422.36.00,3,2026-01-04T02:00:48.398Z
17771,21285310396,BARBELL_HACK_SQUAT,SQUAT,1,6,159.16.00,36,<null>,108,20,2767.36.00,3,2026-01-05T02:00:30.963Z
17772,21285310396,BARBELL_HACK_SQUAT,SQUAT,2,8,159.16.00,36,<null>,108,20,2767.36.00,3,2026-01-05T02:00:30.963Z
17773,21285310396,BARBELL_HACK_SQUAT,SQUAT,3,6,91.12.00,36,<null>,108,20,2767.36.00,3,2026-01-05T02:00:30.963Z
17774,21285310396,PULL_UP,PULL_UP,1,6,<null>,17,<null>,17,6,0,1,2026-01-05T02:00:30.963Z
17775,21285310396,WEIGHTED_LEG_CURL,LEG_CURL,1,6,91.12.00,36,<null>,108,20,1814.3999999999999,3,2026-01-05T02:00:30.963Z
17776,21285310396,WEIGHTED_LEG_CURL,LEG_CURL,2,8,91.12.00,36,<null>,108,20,1814.3999999999999,3,2026-01-05T02:00:30.963Z
17777,21285310396,WEIGHTED_LEG_CURL,LEG_CURL,3,6,91.12.00,36,<null>,108,20,1814.3999999999999,3,2026-01-05T02:00:30.963Z
17976,21310574919,SEATED_CABLE_ROW,ROW,1,6,86.18.00,33,<null>,66,14,1170.2800000000002,2,2026-01-06T08:26:48.960Z
17977,21310574919,SEATED_CABLE_ROW,ROW,2,8,82.05.00,33,<null>,66,14,1170.2800000000002,2,2026-01-06T08:26:48.960Z
17978,21310574919,CLOSE_GRIP_LAT_PULLDOWN,PULL_UP,1,8,77.11.00,33,<null>,66,16,1252.32.00,2,2026-01-06T08:26:48.960Z
17979,21310574919,CLOSE_GRIP_LAT_PULLDOWN,PULL_UP,2,8,79.38.00,33,<null>,66,16,1252.32.00,2,2026-01-06T08:26:48.960Z
17980,21310574919,DUMBBELL_HAMMER_CURL,CURL,1,6,36.29.00,33,<null>,66,12,435.48.00,2,2026-01-06T08:26:48.960Z
17981,21310574919,DUMBBELL_HAMMER_CURL,CURL,2,6,36.29.00,33,<null>,66,12,435.48.00,2,2026-01-06T08:26:48.960Z
17982,21310574919,WEIGHTED_CRUNCH,CRUNCH,1,6,63.5,33,<null>,33,6,381,1,2026-01-06T08:26:48.960Z
17983,21310574919,REVERSE_EZ_BAR_CURL,CURL,1,12,18.14,33,<null>,33,12,218.08.00,1,2026-01-06T08:26:48.960Z
17984,21310574919,SEATED_REAR_LATERAL_RAISE,LATERAL_RAISE,1,12,59.37.00,33,<null>,33,12,708.04.00,1,2026-01-06T08:26:48.960Z
17985,21310574919,PULL_UP,PULL_UP,1,6,<null>,33,<null>,33,6,0,1,2026-01-06T08:26:48.960Z
18170,21327021248,WEIGHTED_LEG_CURL,LEG_CURL,1,12,111.13.00,39,<null>,117,36,4001.08.00,3,2026-01-08T02:01:09.055Z
18171,21327021248,WEIGHTED_LEG_CURL,LEG_CURL,2,12,111.13.00,39,<null>,117,36,4001.08.00,3,2026-01-08T02:01:09.055Z
18172,21327021248,WEIGHTED_LEG_CURL,LEG_CURL,3,12,111.13.00,39,<null>,117,36,4001.08.00,3,2026-01-08T02:01:09.055Z
18173,21327021248,BARBELL_HACK_SQUAT,SQUAT,1,10,134.21.00,39,<null>,78,18,2481.14.00,2,2026-01-08T02:01:09.055Z
18174,21327021248,BARBELL_HACK_SQUAT,SQUAT,2,8,143.28.00,39,<null>,78,18,2481.14.00,2,2026-01-08T02:01:09.055Z
18175,21327021248,WEIGHTED_LEG_EXTENSIONS,CRUNCH,1,8,159.16.00,39,<null>,117,25,3969,3,2026-01-08T02:01:09.055Z
18176,21327021248,WEIGHTED_LEG_EXTENSIONS,CRUNCH,2,9,159.16.00,39,<null>,117,25,3969,3,2026-01-08T02:01:09.055Z
18177,21327021248,WEIGHTED_LEG_EXTENSIONS,CRUNCH,3,8,159.16.00,39,<null>,117,25,3969,3,2026-01-08T02:01:09.055Z
18178,21327021248,WEIGHTED_STANDING_CALF_RAISE,CALF_RAISE,1,12,186.37.00,39,<null>,117,36,6695.32.00,3,2026-01-08T02:01:09.055Z
18179,21327021248,WEIGHTED_STANDING_CALF_RAISE,CALF_RAISE,2,12,186.37.00,39,<null>,117,36,6695.32.00,3,2026-01-08T02:01:09.055Z
18180,21327021248,WEIGHTED_STANDING_CALF_RAISE,CALF_RAISE,3,12,186.37.00,39,<null>,117,36,6695.32.00,3,2026-01-08T02:01:09.055Z
18181,21327021248,LEG_ADDUCTION,BANDED_EXERCISES,1,15,93.39.00,39,<null>,117,37,3440.6299999999997,3,2026-01-08T02:01:09.055Z
18182,21327021248,LEG_ADDUCTION,BANDED_EXERCISES,2,12,93.39.00,39,<null>,117,37,3440.6299999999997,3,2026-01-08T02:01:09.055Z
18183,21327021248,LEG_ADDUCTION,BANDED_EXERCISES,3,10,93.39.00,39,<null>,117,37,3440.6299999999997,3,2026-01-08T02:01:09.055Z
18184,21327021248,WEIGHTED_CRUNCH,CRUNCH,1,6,63.5,22,<null>,44,12,748.38.00,2,2026-01-08T02:01:09.055Z
18185,21327021248,WEIGHTED_CRUNCH,CRUNCH,2,6,61.23.00,22,<null>,44,12,748.38.00,2,2026-01-08T02:01:09.055Z
18186,21318937893,INCLINE_SMITH_MACHINE_BENCH_PRESS,BENCH_PRESS,1,6,91.12.00,37,<null>,111,16,1451.52.00,3,2026-01-08T02:01:11.588Z
18187,21318937893,INCLINE_SMITH_MACHINE_BENCH_PRESS,BENCH_PRESS,2,6,91.12.00,37,<null>,111,16,1451.52.00,3,2026-01-08T02:01:11.588Z
18188,21318937893,INCLINE_SMITH_MACHINE_BENCH_PRESS,BENCH_PRESS,3,4,91.12.00,37,<null>,111,16,1451.52.00,3,2026-01-08T02:01:11.588Z
18189,21318937893,SHOULDER_PRESS,SHOULDER_PRESS,1,8,79.38.00,37,<null>,74,16,1270.08.00,2,2026-01-08T02:01:11.588Z
18190,21318937893,SHOULDER_PRESS,SHOULDER_PRESS,2,8,79.38.00,37,<null>,74,16,1270.08.00,2,2026-01-08T02:01:11.588Z
18191,21318937893,LATERAL_RAISE,LATERAL_RAISE,1,9,25.4,37,<null>,74,19,482.6,2,2026-01-08T02:01:11.588Z
18192,21318937893,LATERAL_RAISE,LATERAL_RAISE,2,10,25.4,37,<null>,74,19,482.6,2,2026-01-08T02:01:11.588Z
18193,21318937893,TRICEPS_PRESSDOWN,TRICEPS_EXTENSION,1,6,77.11.00,37,<null>,74,12,911.7,2,2026-01-08T02:01:11.588Z
18194,21318937893,TRICEPS_PRESSDOWN,TRICEPS_EXTENSION,2,6,75.24.00,37,<null>,74,12,911.7,2,2026-01-08T02:01:11.588Z
18195,21318937893,FLYE,FLYE,1,4,111.13.00,37,<null>,74,10,1057.28.00,2,2026-01-08T02:01:11.588Z
18196,21318937893,FLYE,FLYE,2,6,102.06.00,37,<null>,74,10,1057.28.00,2,2026-01-08T02:01:11.588Z
18197,21318937893,CABLE_OVERHEAD_TRICEPS_EXTENSION,TRICEPS_EXTENSION,1,8,70.31.00,37,<null>,37,8,562.48.00,1,2026-01-08T02:01:11.588Z
18754,21336138246,PULL_UP,PULL_UP,1,6,<null>,0,<null>,0,6,0,1,2026-01-13T02:01:20.419Z
18755,21336138246,CLOSE_GRIP_LAT_PULLDOWN,PULL_UP,1,8,77.11.00,0,<null>,0,16,1234.16.00,2,2026-01-13T02:01:20.419Z
18756,21336138246,CLOSE_GRIP_LAT_PULLDOWN,PULL_UP,2,8,77.11.00,0,<null>,0,16,1234.16.00,2,2026-01-13T02:01:20.419Z
18757,21336138246,SEATED_CABLE_ROW,ROW,1,6,82.05.00,0,<null>,0,12,1007.38.00,2,2026-01-13T02:01:20.419Z
18758,21336138246,SEATED_CABLE_ROW,ROW,2,6,86.18.00,0,<null>,0,12,1007.38.00,2,2026-01-13T02:01:20.419Z
18759,21336138246,EZ_BAR_PREACHER_CURL,CURL,1,6,56.7,0,<null>,0,6,340.20000000000005,1,2026-01-13T02:01:20.419Z
18760,21336138246,DUMBBELL_HAMMER_CURL,CURL,1,6,36.29.00,0,<null>,0,6,218.14.00,1,2026-01-13T02:01:20.419Z
18761,21336138246,REVERSE_EZ_BAR_CURL,CURL,1,0,23.08,0,<null>,0,0,0,1,2026-01-13T02:01:20.419Z
19137,21412343487,CHEST_PRESS,SLED,1,8,93.39.00,44,<null>,88,18,1674.22.00,2,2026-01-17T02:01:10.390Z
19138,21412343487,CHEST_PRESS,SLED,2,10,93.39.00,44,<null>,88,18,1674.22.00,2,2026-01-17T02:01:10.390Z
19139,21412343487,SHOULDER_PRESS,SHOULDER_PRESS,1,8,75.24.00,44,<null>,88,17,1272.2800000000002,2,2026-01-17T02:01:10.390Z
19140,21412343487,SHOULDER_PRESS,SHOULDER_PRESS,2,9,75.24.00,44,<null>,88,17,1272.2800000000002,2,2026-01-17T02:01:10.390Z
19141,21412343487,LATERAL_RAISE,LATERAL_RAISE,1,8,66.17.00,44,<null>,88,18,1184.26.00,2,2026-01-17T02:01:10.390Z
19142,21412343487,LATERAL_RAISE,LATERAL_RAISE,2,10,66.17.00,44,<null>,88,18,1184.26.00,2,2026-01-17T02:01:10.390Z
19143,21412343487,PULL_UP,PULL_UP,1,8,<null>,44,<null>,44,8,0,1,2026-01-17T02:01:10.390Z
19144,21412343487,SEATED_CABLE_ROW,ROW,1,8,77.06.00,44,<null>,88,16,1226.56.00,2,2026-01-17T02:01:10.390Z
19145,21412343487,SEATED_CABLE_ROW,ROW,2,8,77.06.00,44,<null>,88,16,1226.56.00,2,2026-01-17T02:01:10.390Z
19146,21412343487,LAT_PULLDOWN,PULL_UP,1,8,82.05.00,44,<null>,44,8,653.2,1,2026-01-17T02:01:10.390Z
19147,21412343487,FLYE,FLYE,1,6,77.11.00,44,<null>,88,12,898.0799999999999,2,2026-01-17T02:01:10.390Z
19148,21412343487,FLYE,FLYE,2,6,72.57.00,44,<null>,88,12,898.0799999999999,2,2026-01-17T02:01:10.390Z
19149,21412343487,EZ_BAR_PREACHER_CURL,CURL,1,8,54.43.00,44,<null>,88,14,762.02.00,2,2026-01-17T02:01:10.390Z
19150,21412343487,EZ_BAR_PREACHER_CURL,CURL,2,6,54.43.00,44,<null>,88,14,762.02.00,2,2026-01-17T02:01:10.390Z
19151,21412343487,TRICEPS_PRESSDOWN,TRICEPS_EXTENSION,1,11,75.24.00,44,<null>,88,19,1422.36.00,2,2026-01-17T02:01:10.390Z
19152,21412343487,TRICEPS_PRESSDOWN,TRICEPS_EXTENSION,2,8,75.24.00,44,<null>,88,19,1422.36.00,2,2026-01-17T02:01:10.390Z
19153,21412343487,REVERSE_EZ_BAR_CURL,CURL,1,9,50.8,44,<null>,44,9,457.2,1,2026-01-17T02:01:10.390Z
19489,21450486010,PULL_UP,PULL_UP,1,8,<null>,33,<null>,66,16,0,2,2026-01-21T02:00:59.962Z
19490,21450486010,PULL_UP,PULL_UP,2,8,<null>,33,<null>,66,16,0,2,2026-01-21T02:00:59.962Z
19491,21450486010,SEATED_CABLE_ROW,ROW,1,8,82.55.00,33,<null>,99,26,2087.4,3,2026-01-21T02:00:59.962Z
19492,21450486010,SEATED_CABLE_ROW,ROW,2,10,77.06.00,33,<null>,99,26,2087.4,3,2026-01-21T02:00:59.962Z
19493,21450486010,SEATED_CABLE_ROW,ROW,3,8,82.55.00,33,<null>,99,26,2087.4,3,2026-01-21T02:00:59.962Z
19494,21450486010,TRICEPS_PRESSDOWN,TRICEPS_EXTENSION,1,6,80.23.00,33,<null>,99,24,1916.32.00,3,2026-01-21T02:00:59.962Z
19495,21450486010,TRICEPS_PRESSDOWN,TRICEPS_EXTENSION,2,10,80.23.00,33,<null>,99,24,1916.32.00,3,2026-01-21T02:00:59.962Z
19496,21450486010,TRICEPS_PRESSDOWN,TRICEPS_EXTENSION,3,8,80.23.00,33,<null>,99,24,1916.32.00,3,2026-01-21T02:00:59.962Z
19497,21450486010,CLOSE_GRIP_LAT_PULLDOWN,PULL_UP,1,8,85.22.00,33,<null>,66,16,1357.12.00,2,2026-01-21T02:00:59.962Z
19498,21450486010,CLOSE_GRIP_LAT_PULLDOWN,PULL_UP,2,8,85.22.00,33,<null>,66,16,1357.12.00,2,2026-01-21T02:00:59.962Z
19499,21450486010,CABLE_OVERHEAD_TRICEPS_EXTENSION,TRICEPS_EXTENSION,1,12,70.25.00,33,<null>,66,22,1600.1999999999998,2,2026-01-21T02:00:59.962Z
19500,21450486010,CABLE_OVERHEAD_TRICEPS_EXTENSION,TRICEPS_EXTENSION,2,10,76.2,33,<null>,66,22,1600.1999999999998,2,2026-01-21T02:00:59.962Z
19501,21436115694,CHEST_PRESS_WITH_BAND,PUSH_UP,1,8,99.28.00,34,<null>,102,24,2409.44.00,3,2026-01-21T02:01:02.012Z
19502,21436115694,CHEST_PRESS_WITH_BAND,PUSH_UP,2,8,99.28.00,34,<null>,102,24,2409.44.00,3,2026-01-21T02:01:02.012Z
19503,21436115694,CHEST_PRESS_WITH_BAND,PUSH_UP,3,8,103.42.00,34,<null>,102,24,2409.44.00,3,2026-01-21T02:01:02.012Z
19504,21436115694,LATERAL_RAISE,LATERAL_RAISE,1,6,75.24.00,34,<null>,102,20,1496.8000000000002,3,2026-01-21T02:01:02.012Z
19505,21436115694,LATERAL_RAISE,LATERAL_RAISE,2,6,75.24.00,34,<null>,102,20,1496.8000000000002,3,2026-01-21T02:01:02.012Z
19506,21436115694,LATERAL_RAISE,LATERAL_RAISE,3,8,75.24.00,34,<null>,102,20,1496.8000000000002,3,2026-01-21T02:01:02.012Z
19507,21436115694,EZ_BAR_PREACHER_CURL,CURL,1,6,54.43.00,34,<null>,102,22,1197.46.00,3,2026-01-21T02:01:02.012Z
19508,21436115694,EZ_BAR_PREACHER_CURL,CURL,2,8,54.43.00,34,<null>,102,22,1197.46.00,3,2026-01-21T02:01:02.012Z
19509,21436115694,EZ_BAR_PREACHER_CURL,CURL,3,8,54.43.00,34,<null>,102,22,1197.46.00,3,2026-01-21T02:01:02.012Z
19510,21425913342,WEIGHTED_LEG_CURL,LEG_CURL,1,10,101.15.00,41,<null>,164,40,3752.06.00,4,2026-01-21T02:01:03.646Z
19511,21425913342,WEIGHTED_LEG_CURL,LEG_CURL,2,12,101.15.00,41,<null>,164,40,3752.06.00,4,2026-01-21T02:01:03.646Z
19512,21425913342,WEIGHTED_LEG_CURL,LEG_CURL,3,8,85.22.00,41,<null>,164,40,3752.06.00,4,2026-01-21T02:01:03.646Z
19513,21425913342,WEIGHTED_LEG_CURL,LEG_CURL,4,10,85.22.00,41,<null>,164,40,3752.06.00,4,2026-01-21T02:01:03.646Z
19514,21425913342,BARBELL_HACK_SQUAT,SQUAT,1,8,127.01.00,41,<null>,123,24,3048.2400000000002,3,2026-01-21T02:01:03.646Z
19515,21425913342,BARBELL_HACK_SQUAT,SQUAT,2,8,127.01.00,41,<null>,123,24,3048.2400000000002,3,2026-01-21T02:01:03.646Z
19516,21425913342,BARBELL_HACK_SQUAT,SQUAT,3,8,127.01.00,41,<null>,123,24,3048.2400000000002,3,2026-01-21T02:01:03.646Z
19517,21425913342,WEIGHTED_LEG_EXTENSIONS,CRUNCH,1,8,122.47.00,41,<null>,123,28,3520.36.00,3,2026-01-21T02:01:03.646Z
19518,21425913342,WEIGHTED_LEG_EXTENSIONS,CRUNCH,2,8,127.01.00,41,<null>,123,28,3520.36.00,3,2026-01-21T02:01:03.646Z
19519,21425913342,WEIGHTED_LEG_EXTENSIONS,CRUNCH,3,12,127.01.00,41,<null>,123,28,3520.36.00,3,2026-01-21T02:01:03.646Z
19520,21425913342,BARBELL_HIP_THRUST_WITH_BENCH,HIP_RAISE,1,6,77.11.00,41,<null>,41,6,462.65999999999997,1,2026-01-21T02:01:03.646Z
19521,21425913342,WEIGHTED_STANDING_CALF_RAISE,CALF_RAISE,1,12,93.39.00,41,<null>,123,44,4091.5599999999995,3,2026-01-21T02:01:03.646Z
19522,21425913342,WEIGHTED_STANDING_CALF_RAISE,CALF_RAISE,2,20,93.39.00,41,<null>,123,44,4091.5599999999995,3,2026-01-21T02:01:03.646Z
19523,21425913342,WEIGHTED_STANDING_CALF_RAISE,CALF_RAISE,3,12,93.39.00,41,<null>,123,44,4091.5599999999995,3,2026-01-21T02:01:03.646Z
19524,21425913342,LEG_ADDUCTION,BANDED_EXERCISES,1,16,100.19.00,41,<null>,123,48,4790.32.00,3,2026-01-21T02:01:03.646Z
19525,21425913342,LEG_ADDUCTION,BANDED_EXERCISES,2,16,100.19.00,41,<null>,123,48,4790.32.00,3,2026-01-21T02:01:03.646Z
19526,21425913342,LEG_ADDUCTION,BANDED_EXERCISES,3,16,100.19.00,41,<null>,123,48,4790.32.00,3,2026-01-21T02:01:03.646Z
19527,21425913342,WEIGHTED_CRUNCH,CRUNCH,1,6,35.33.00,41,<null>,123,20,666.8199999999999,3,2026-01-21T02:01:03.646Z
19528,21425913342,WEIGHTED_CRUNCH,CRUNCH,2,8,33.06.00,41,<null>,123,20,666.8199999999999,3,2026-01-21T02:01:03.646Z
19529,21425913342,WEIGHTED_CRUNCH,CRUNCH,3,6,33.06.00,41,<null>,123,20,666.8199999999999,3,2026-01-21T02:01:03.646Z
19602,21461518676,WEIGHTED_LEG_CURL,LEG_CURL,1,6,82.05.00,44,<null>,132,22,1796.3000000000002,3,2026-01-22T02:00:55.712Z
19603,21461518676,WEIGHTED_LEG_CURL,LEG_CURL,2,8,82.05.00,44,<null>,132,22,1796.3000000000002,3,2026-01-22T02:00:55.712Z
19604,21461518676,WEIGHTED_LEG_CURL,LEG_CURL,3,8,82.05.00,44,<null>,132,22,1796.3000000000002,3,2026-01-22T02:00:55.712Z
19605,21461518676,BARBELL_HACK_SQUAT,SQUAT,1,6,131.54.00,44,<null>,132,18,2427.6000000000004,3,2026-01-22T02:00:55.712Z
19606,21461518676,BARBELL_HACK_SQUAT,SQUAT,2,6,136.53.00,44,<null>,132,18,2427.6000000000004,3,2026-01-22T02:00:55.712Z
19607,21461518676,BARBELL_HACK_SQUAT,SQUAT,3,6,136.53.00,44,<null>,132,18,2427.6000000000004,3,2026-01-22T02:00:55.712Z
19608,21461518676,WEIGHTED_LEG_EXTENSIONS,CRUNCH,1,12,95.25.00,44,<null>,132,34,3537.9199999999996,3,2026-01-22T02:00:55.712Z
19609,21461518676,WEIGHTED_LEG_EXTENSIONS,CRUNCH,2,12,109.26.00,44,<null>,132,34,3537.9199999999996,3,2026-01-22T02:00:55.712Z
19610,21461518676,WEIGHTED_LEG_EXTENSIONS,CRUNCH,3,10,109.26.00,44,<null>,132,34,3537.9199999999996,3,2026-01-22T02:00:55.712Z
19611,21461518676,LEG_ADDUCTION,BANDED_EXERCISES,1,16,107.5,44,<null>,132,52,5590,3,2026-01-22T02:00:55.712Z
19612,21461518676,LEG_ADDUCTION,BANDED_EXERCISES,2,20,107.5,44,<null>,132,52,5590,3,2026-01-22T02:00:55.712Z
19613,21461518676,LEG_ADDUCTION,BANDED_EXERCISES,3,16,107.5,44,<null>,132,52,5590,3,2026-01-22T02:00:55.712Z
19688,21482121494,WEIGHTED_CRUNCH,CRUNCH,1,8,30.34.00,38,<null>,76,14,419.16.00,2,2026-01-23T02:01:14.786Z
19689,21482121494,WEIGHTED_CRUNCH,CRUNCH,2,6,30.34.00,38,<null>,76,14,419.16.00,2,2026-01-23T02:01:14.786Z
19690,21482121494,CHEST_PRESS_WITH_BAND,PUSH_UP,1,6,123.6,38,<null>,114,18,2224.7999999999997,3,2026-01-23T02:01:14.786Z
19691,21482121494,CHEST_PRESS_WITH_BAND,PUSH_UP,2,6,123.6,38,<null>,114,18,2224.7999999999997,3,2026-01-23T02:01:14.786Z
19692,21482121494,CHEST_PRESS_WITH_BAND,PUSH_UP,3,6,123.6,38,<null>,114,18,2224.7999999999997,3,2026-01-23T02:01:14.786Z
19693,21482121494,LATERAL_RAISE,LATERAL_RAISE,1,6,80.06.00,38,<null>,114,22,1681.48.00,3,2026-01-23T02:01:14.786Z
19694,21482121494,LATERAL_RAISE,LATERAL_RAISE,2,8,75.07.00,38,<null>,114,22,1681.48.00,3,2026-01-23T02:01:14.786Z
19695,21482121494,LATERAL_RAISE,LATERAL_RAISE,3,8,75.07.00,38,<null>,114,22,1681.48.00,3,2026-01-23T02:01:14.786Z
19696,21482121494,SEATED_CABLE_ROW,ROW,1,10,77.06.00,38,<null>,76,20,1533.1999999999998,2,2026-01-23T02:01:14.786Z
19697,21482121494,SEATED_CABLE_ROW,ROW,2,10,77.06.00,38,<null>,76,20,1533.1999999999998,2,2026-01-23T02:01:14.786Z
19698,21482121494,CLOSE_GRIP_LAT_PULLDOWN,PULL_UP,1,8,90.21.00,38,<null>,76,14,1257.3400000000001,2,2026-01-23T02:01:14.786Z
19699,21482121494,CLOSE_GRIP_LAT_PULLDOWN,PULL_UP,2,6,90.21.00,38,<null>,76,14,1257.3400000000001,2,2026-01-23T02:01:14.786Z
20151,21483691651,EZ_BAR_PREACHER_CURL,CURL,1,6,61.23.00,32,<null>,64,12,735.16.00,2,2026-01-28T02:00:53.948Z
20152,21483691651,EZ_BAR_PREACHER_CURL,CURL,2,6,61.23.00,32,<null>,64,12,735.16.00,2,2026-01-28T02:00:53.948Z
20153,21483691651,TRICEPS_PRESSDOWN,TRICEPS_EXTENSION,1,10,80.06.00,32,<null>,64,20,1601.2,2,2026-01-28T02:00:53.948Z
20154,21483691651,TRICEPS_PRESSDOWN,TRICEPS_EXTENSION,2,10,80.06.00,32,<null>,64,20,1601.2,2,2026-01-28T02:00:53.948Z
20347,21533546972,CHEST_PRESS_WITH_BAND,PUSH_UP,1,6,100.19.00,32,<null>,64,12,1197.48.00,2,2026-01-30T02:01:18.051Z
20348,21533546972,CHEST_PRESS_WITH_BAND,PUSH_UP,2,6,100.19.00,32,<null>,64,12,1197.48.00,2,2026-01-30T02:01:18.051Z
20349,21533546972,PULL_UP,PULL_UP,1,10,<null>,32,<null>,64,10,0,2,2026-01-30T02:01:18.051Z
20350,21533546972,PULL_UP,PULL_UP,2,0,<null>,32,<null>,64,10,0,2,2026-01-30T02:01:18.051Z
20351,21533546972,SHOULDER_PRESS,SHOULDER_PRESS,1,10,91.12.00,32,<null>,64,20,1814.4,2,2026-01-30T02:01:18.051Z
20352,21533546972,SHOULDER_PRESS,SHOULDER_PRESS,2,10,91.12.00,32,<null>,64,20,1814.4,2,2026-01-30T02:01:18.051Z
20353,21533546972,SEATED_CABLE_ROW,ROW,1,8,86.18.00,32,<null>,32,8,689.44.00,1,2026-01-30T02:01:18.051Z
20354,21533546972,BODY_WEIGHT_DIP,TRICEPS_EXTENSION,1,12,<null>,32,<null>,32,12,0,1,2026-01-30T02:01:18.051Z
20355,21533546972,EZ_BAR_PREACHER_CURL,CURL,1,12,54.43.00,32,<null>,32,12,653.16.00,1,2026-01-30T02:01:18.051Z
20356,21533546972,WEIGHTED_SQUAT,SQUAT,1,6,41.22.00,32,<null>,96,26,1152.12.00,3,2026-01-30T02:01:18.051Z
20357,21533546972,WEIGHTED_SQUAT,SQUAT,2,8,45.36.00,32,<null>,96,26,1152.12.00,3,2026-01-30T02:01:18.051Z
20358,21533546972,WEIGHTED_SQUAT,SQUAT,3,12,45.36.00,32,<null>,96,26,1152.12.00,3,2026-01-30T02:01:18.051Z
20436,21576360032,WEIGHTED_LEG_CURL,LEG_CURL,1,10,111.13.00,51,<null>,153,34,3778.4199999999996,3,2026-01-31T02:00:42.528Z
20437,21576360032,WEIGHTED_LEG_CURL,LEG_CURL,2,12,111.13.00,51,<null>,153,34,3778.4199999999996,3,2026-01-31T02:00:42.528Z
20438,21576360032,WEIGHTED_LEG_CURL,LEG_CURL,3,12,111.13.00,51,<null>,153,34,3778.4199999999996,3,2026-01-31T02:00:42.528Z
20439,21576360032,BARBELL_HACK_SQUAT,SQUAT,1,8,120.2,51,<null>,153,30,3606,3,2026-01-31T02:00:42.528Z
20440,21576360032,BARBELL_HACK_SQUAT,SQUAT,2,10,120.2,51,<null>,153,30,3606,3,2026-01-31T02:00:42.528Z
20441,21576360032,BARBELL_HACK_SQUAT,SQUAT,3,12,120.2,51,<null>,153,30,3606,3,2026-01-31T02:00:42.528Z
20442,21576360032,WEIGHTED_STANDING_CALF_RAISE,CALF_RAISE,1,12,181.44.00,51,<null>,51,12,2177.2799999999997,1,2026-01-31T02:00:42.528Z
20443,21576360032,WEIGHTED_LEG_EXTENSIONS,CRUNCH,1,6,159.16.00,51,<null>,153,28,3828.32.00,3,2026-01-31T02:00:42.528Z
20444,21576360032,WEIGHTED_LEG_EXTENSIONS,CRUNCH,2,10,154.22.00,51,<null>,153,28,3828.32.00,3,2026-01-31T02:00:42.528Z
20445,21576360032,WEIGHTED_LEG_EXTENSIONS,CRUNCH,3,12,111.13.00,51,<null>,153,28,3828.32.00,3,2026-01-31T02:00:42.528Z
20446,21576360032,LEG_ADDUCTION,BANDED_EXERCISES,1,0,93.39.00,51,<null>,153,18,1674.22.00,3,2026-01-31T02:00:42.528Z
20447,21576360032,LEG_ADDUCTION,BANDED_EXERCISES,2,10,93.39.00,51,<null>,153,18,1674.22.00,3,2026-01-31T02:00:42.528Z
20448,21576360032,LEG_ADDUCTION,BANDED_EXERCISES,3,8,93.39.00,51,<null>,153,18,1674.22.00,3,2026-01-31T02:00:42.528Z
20535,21615059100,INCLINE_SMITH_MACHINE_BENCH_PRESS,BENCH_PRESS,1,3,88.45.00,9,<null>,36,27,2061.51.00,4,2026-02-01T02:00:58.976Z
20536,21615059100,INCLINE_SMITH_MACHINE_BENCH_PRESS,BENCH_PRESS,2,10,75.24.00,9,<null>,36,27,2061.51.00,4,2026-02-01T02:00:58.976Z
20537,21615059100,INCLINE_SMITH_MACHINE_BENCH_PRESS,BENCH_PRESS,3,8,75.24.00,9,<null>,36,27,2061.51.00,4,2026-02-01T02:00:58.976Z
20538,21615059100,INCLINE_SMITH_MACHINE_BENCH_PRESS,BENCH_PRESS,4,6,75.24.00,9,<null>,36,27,2061.51.00,4,2026-02-01T02:00:58.976Z
20539,21615059100,SHOULDER_PRESS,SHOULDER_PRESS,1,10,68.04.00,9,<null>,18,18,1224.7200000000003,2,2026-02-01T02:00:58.976Z
20540,21615059100,SHOULDER_PRESS,SHOULDER_PRESS,2,8,68.04.00,9,<null>,18,18,1224.7200000000003,2,2026-02-01T02:00:58.976Z
20541,21615059100,LATERAL_RAISE,LATERAL_RAISE,1,6,66.17.00,9,<null>,18,12,789.24.00,2,2026-02-01T02:00:58.976Z
20542,21615059100,LATERAL_RAISE,LATERAL_RAISE,2,6,66.17.00,9,<null>,18,12,789.24.00,2,2026-02-01T02:00:58.976Z
20543,21615059100,TRICEPS_PRESSDOWN,TRICEPS_EXTENSION,1,8,75.24.00,9,<null>,18,14,1048.16.00,2,2026-02-01T02:00:58.976Z
20544,21615059100,TRICEPS_PRESSDOWN,TRICEPS_EXTENSION,2,6,75.24.00,9,<null>,18,14,1048.16.00,2,2026-02-01T02:00:58.976Z
20545,21615059100,CABLE_OVERHEAD_TRICEPS_EXTENSION,TRICEPS_EXTENSION,1,8,68.04.00,9,<null>,18,8,544.32.00,2,2026-02-01T02:00:58.976Z
20546,21615059100,CABLE_OVERHEAD_TRICEPS_EXTENSION,TRICEPS_EXTENSION,2,0,68.04.00,9,<null>,18,8,544.32.00,2,2026-02-01T02:00:58.976Z
20643,21615071129,PULL_UP,PULL_UP,1,6,<null>,0,<null>,0,12,0,2,2026-02-02T02:00:56.138Z
20644,21615071129,PULL_UP,PULL_UP,2,6,<null>,0,<null>,0,12,0,2,2026-02-02T02:00:56.138Z
20645,21615071129,SEATED_CABLE_ROW,ROW,1,10,75.24.00,0,<null>,0,28,2091.38.00,3,2026-02-02T02:00:56.138Z
20646,21615071129,SEATED_CABLE_ROW,ROW,2,8,77.11.00,0,<null>,0,28,2091.38.00,3,2026-02-02T02:00:56.138Z
20647,21615071129,SEATED_CABLE_ROW,ROW,3,10,72.57.00,0,<null>,0,28,2091.38.00,3,2026-02-02T02:00:56.138Z
20648,21615071129,DUMBBELL_HAMMER_CURL,CURL,1,6,32.15.00,0,<null>,0,12,381,2,2026-02-02T02:00:56.138Z
20649,21615071129,DUMBBELL_HAMMER_CURL,CURL,2,6,32.15.00,0,<null>,0,12,381,2,2026-02-02T02:00:56.138Z
22640,21643722478,SEATED_CABLE_ROW,ROW,1,8,82.05.00,45,<null>,135,26,2122.9,3,2026-02-21T02:01:33.642Z
22641,21643722478,SEATED_CABLE_ROW,ROW,2,8,82.05.00,45,<null>,135,26,2122.9,3,2026-02-21T02:01:33.642Z
22642,21643722478,SEATED_CABLE_ROW,ROW,3,10,82.05.00,45,<null>,135,26,2122.9,3,2026-02-21T02:01:33.642Z
22643,21643722478,PULL_UP,PULL_UP,1,8,<null>,45,<null>,135,20,0,3,2026-02-21T02:01:33.642Z
22644,21643722478,PULL_UP,PULL_UP,2,6,<null>,45,<null>,135,20,0,3,2026-02-21T02:01:33.642Z
22645,21643722478,PULL_UP,PULL_UP,3,6,<null>,45,<null>,135,20,0,3,2026-02-21T02:01:33.642Z
22646,21643722478,WEIGHTED_CRUNCH,CRUNCH,1,10,91.12.00,45,<null>,90,20,1814.4,2,2026-02-21T02:01:33.642Z
22647,21643722478,WEIGHTED_CRUNCH,CRUNCH,2,10,91.12.00,45,<null>,90,20,1814.4,2,2026-02-21T02:01:33.642Z
22648,21643722478,CLOSE_GRIP_LAT_PULLDOWN,PULL_UP,1,8,82.05.00,45,<null>,45,8,653.2,1,2026-02-21T02:01:33.642Z
22649,21643722478,SEATED_REAR_LATERAL_RAISE,LATERAL_RAISE,1,11,63.5,45,<null>,90,23,1460.5,2,2026-02-21T02:01:33.642Z
22650,21643722478,SEATED_REAR_LATERAL_RAISE,LATERAL_RAISE,2,12,63.5,45,<null>,90,23,1460.5,2,2026-02-21T02:01:33.642Z
22651,21643722478,EZ_BAR_PREACHER_CURL,CURL,1,6,49.44.00,45,<null>,135,17,840.48.00,3,2026-02-21T02:01:33.642Z
22652,21643722478,EZ_BAR_PREACHER_CURL,CURL,2,6,49.44.00,45,<null>,135,17,840.48.00,3,2026-02-21T02:01:33.642Z
22653,21643722478,EZ_BAR_PREACHER_CURL,CURL,3,5,49.44.00,45,<null>,135,17,840.48.00,3,2026-02-21T02:01:33.642Z
22654,21643722478,DUMBBELL_HAMMER_CURL,CURL,1,6,32.15.00,45,<null>,135,21,598.8,3,2026-02-21T02:01:33.642Z
22655,21643722478,DUMBBELL_HAMMER_CURL,CURL,2,8,27.22.00,45,<null>,135,21,598.8,3,2026-02-21T02:01:33.642Z
22656,21643722478,DUMBBELL_HAMMER_CURL,CURL,3,7,27.22.00,45,<null>,135,21,598.8,3,2026-02-21T02:01:33.642Z
22657,21634709959,INCLINE_BARBELL_BENCH_PRESS,BENCH_PRESS,1,8,70.31.00,40,<null>,40,8,562.48.00,1,2026-02-21T02:01:40.471Z
22658,21634709959,INCLINE_SMITH_MACHINE_BENCH_PRESS,BENCH_PRESS,1,8,79.38.00,40,<null>,120,22,1755.38.00,3,2026-02-21T02:01:40.471Z
22659,21634709959,INCLINE_SMITH_MACHINE_BENCH_PRESS,BENCH_PRESS,2,6,84.31.00,40,<null>,120,22,1755.38.00,3,2026-02-21T02:01:40.471Z
22660,21634709959,INCLINE_SMITH_MACHINE_BENCH_PRESS,BENCH_PRESS,3,8,77.11.00,40,<null>,120,22,1755.38.00,3,2026-02-21T02:01:40.471Z
22661,21634709959,LATERAL_RAISE,LATERAL_RAISE,1,8,70.31.00,40,<null>,80,14,984.34.00,2,2026-02-21T02:01:40.471Z
22662,21634709959,LATERAL_RAISE,LATERAL_RAISE,2,6,70.31.00,40,<null>,80,14,984.34.00,2,2026-02-21T02:01:40.471Z
22663,21634709959,SHOULDER_PRESS,SHOULDER_PRESS,1,10,68.04.00,40,<null>,120,32,2177.28.00,3,2026-02-21T02:01:40.471Z
22664,21634709959,SHOULDER_PRESS,SHOULDER_PRESS,2,12,68.04.00,40,<null>,120,32,2177.28.00,3,2026-02-21T02:01:40.471Z
22665,21634709959,SHOULDER_PRESS,SHOULDER_PRESS,3,10,68.04.00,40,<null>,120,32,2177.28.00,3,2026-02-21T02:01:40.471Z
22666,21634709959,TRICEPS_PRESSDOWN,TRICEPS_EXTENSION,1,6,79.38.00,40,<null>,120,18,1388.38.00,3,2026-02-21T02:01:40.471Z
22667,21634709959,TRICEPS_PRESSDOWN,TRICEPS_EXTENSION,2,6,77.11.00,40,<null>,120,18,1388.38.00,3,2026-02-21T02:01:40.471Z
22668,21634709959,TRICEPS_PRESSDOWN,TRICEPS_EXTENSION,3,6,75.24.00,40,<null>,120,18,1388.38.00,3,2026-02-21T02:01:40.471Z
22669,21634709959,CABLE_OVERHEAD_TRICEPS_EXTENSION,TRICEPS_EXTENSION,1,8,72.57.00,40,<null>,80,16,1161.12.00,2,2026-02-21T02:01:40.471Z
22670,21634709959,CABLE_OVERHEAD_TRICEPS_EXTENSION,TRICEPS_EXTENSION,2,8,72.57.00,40,<null>,80,16,1161.12.00,2,2026-02-21T02:01:40.471Z
22671,21624395101,HANGING_LEG_RAISE,LEG_RAISE,1,18,<null>,34,<null>,34,18,0,1,2026-02-21T02:01:46.389Z
22672,21624395101,BARBELL_HACK_SQUAT,SQUAT,1,12,68.04.00,34,<null>,102,28,2739.6800000000003,3,2026-02-21T02:01:46.389Z
22673,21624395101,BARBELL_HACK_SQUAT,SQUAT,2,8,109.26.00,34,<null>,102,28,2739.6800000000003,3,2026-02-21T02:01:46.389Z
22674,21624395101,BARBELL_HACK_SQUAT,SQUAT,3,8,131.54.00,34,<null>,102,28,2739.6800000000003,3,2026-02-21T02:01:46.389Z
22675,21624395101,WEIGHTED_LEG_CURL,LEG_CURL,1,6,91.12.00,34,<null>,102,20,1801.18.00,3,2026-02-21T02:01:46.389Z
22676,21624395101,WEIGHTED_LEG_CURL,LEG_CURL,2,8,91.12.00,34,<null>,102,20,1801.18.00,3,2026-02-21T02:01:46.389Z
22677,21624395101,WEIGHTED_LEG_CURL,LEG_CURL,3,6,88.45.00,34,<null>,102,20,1801.18.00,3,2026-02-21T02:01:46.389Z
22678,21624395101,WEIGHTED_CRUNCH,CRUNCH,1,10,91.12.00,34,<null>,34,10,907.2,1,2026-02-21T02:01:46.389Z
22679,21624395101,WEIGHTED_LEG_EXTENSIONS,CRUNCH,1,10,127.01.00,34,<null>,68,22,2794.2200000000003,2,2026-02-21T02:01:46.389Z
22680,21624395101,WEIGHTED_LEG_EXTENSIONS,CRUNCH,2,12,127.01.00,34,<null>,68,22,2794.2200000000003,2,2026-02-21T02:01:46.389Z
22681,21624395101,LEG_ADDUCTION,BANDED_EXERCISES,1,15,143.28.00,60,<null>,120,27,3857.7599999999998,2,2026-02-21T02:01:46.389Z
22682,21624395101,LEG_ADDUCTION,BANDED_EXERCISES,2,12,143.28.00,60,<null>,120,27,3857.7599999999998,2,2026-02-21T02:01:46.389Z
27611,21743397097,PULL_UP,PULL_UP,1,8,<null>,40,<null>,80,16,0,2,2026-05-08T02:00:16.012Z
27612,21743397097,PULL_UP,PULL_UP,2,8,<null>,40,<null>,80,16,0,2,2026-05-08T02:00:16.012Z
27613,21743397097,CLOSE_GRIP_LAT_PULLDOWN,PULL_UP,1,8,82.05.00,40,<null>,80,16,1306.4,2,2026-05-08T02:00:16.012Z
27614,21743397097,CLOSE_GRIP_LAT_PULLDOWN,PULL_UP,2,8,82.05.00,40,<null>,80,16,1306.4,2,2026-05-08T02:00:16.012Z
27615,21743397097,SEATED_CABLE_ROW,ROW,1,6,86.18.00,40,<null>,120,22,1823.4800000000002,3,2026-05-08T02:00:16.012Z
27616,21743397097,SEATED_CABLE_ROW,ROW,2,8,82.05.00,40,<null>,120,22,1823.4800000000002,3,2026-05-08T02:00:16.012Z
27617,21743397097,SEATED_CABLE_ROW,ROW,3,8,82.05.00,40,<null>,120,22,1823.4800000000002,3,2026-05-08T02:00:16.012Z
27618,21743397097,DUMBBELL_HAMMER_CURL,CURL,1,8,32.15.00,40,<null>,80,16,508,2,2026-05-08T02:00:16.012Z
27619,21743397097,DUMBBELL_HAMMER_CURL,CURL,2,8,32.15.00,40,<null>,80,16,508,2,2026-05-08T02:00:16.012Z
27620,21743397097,EZ_BAR_PREACHER_CURL,CURL,1,7,46.04.00,40,<null>,87,12,552.48.00,2,2026-05-08T02:00:16.012Z
27621,21743397097,EZ_BAR_PREACHER_CURL,CURL,2,5,46.04.00,47,<null>,87,12,552.48.00,2,2026-05-08T02:00:16.012Z
27622,21736108690,INCLINE_SMITH_MACHINE_BENCH_PRESS,BENCH_PRESS,1,6,84.31.00,33,<null>,66,11,923.01.00,2,2026-05-08T02:00:17.955Z
27623,21736108690,INCLINE_SMITH_MACHINE_BENCH_PRESS,BENCH_PRESS,2,5,84.31.00,33,<null>,66,11,923.01.00,2,2026-05-08T02:00:17.955Z
27624,21736108690,LATERAL_RAISE,LATERAL_RAISE,1,8,68.04.00,33,<null>,99,22,1510.5,3,2026-05-08T02:00:17.955Z
27625,21736108690,LATERAL_RAISE,LATERAL_RAISE,2,8,68.04.00,33,<null>,99,22,1510.5,3,2026-05-08T02:00:17.955Z
27626,21736108690,LATERAL_RAISE,LATERAL_RAISE,3,6,70.31.00,33,<null>,99,22,1510.5,3,2026-05-08T02:00:17.955Z
27627,21736108690,SHOULDER_PRESS,SHOULDER_PRESS,1,10,72.57.00,33,<null>,99,30,2177.1,3,2026-05-08T02:00:17.955Z
27628,21736108690,SHOULDER_PRESS,SHOULDER_PRESS,2,10,72.57.00,33,<null>,99,30,2177.1,3,2026-05-08T02:00:17.955Z
27629,21736108690,SHOULDER_PRESS,SHOULDER_PRESS,3,10,72.57.00,33,<null>,99,30,2177.1,3,2026-05-08T02:00:17.955Z
27630,21725004111,WIDE_GRIP_LAT_PULLDOWN,PULL_UP,1,8,75.24.00,36,<null>,72,16,1197.44.00,2,2026-05-08T02:00:19.521Z
27631,21725004111,WIDE_GRIP_LAT_PULLDOWN,PULL_UP,2,8,75.24.00,36,<null>,72,16,1197.44.00,2,2026-05-08T02:00:19.521Z
27632,21725004111,PULL_UP,PULL_UP,1,6,<null>,36,<null>,72,14,0,2,2026-05-08T02:00:19.521Z
27633,21725004111,PULL_UP,PULL_UP,2,8,<null>,36,<null>,72,14,0,2,2026-05-08T02:00:19.521Z
27634,21725004111,SEATED_CABLE_ROW,ROW,1,8,82.05.00,36,<null>,72,20,1633,2,2026-05-08T02:00:19.521Z
27635,21725004111,SEATED_CABLE_ROW,ROW,2,12,82.05.00,36,<null>,72,20,1633,2,2026-05-08T02:00:19.521Z
27636,21725004111,EZ_BAR_PREACHER_CURL,CURL,1,6,50.58.00,36,<null>,36,6,303.48.00,1,2026-05-08T02:00:19.521Z
27637,21725004111,SEATED_REAR_LATERAL_RAISE,LATERAL_RAISE,1,12,59.37.00,36,<null>,108,36,2123.32.00,3,2026-05-08T02:00:19.521Z
27638,21725004111,SEATED_REAR_LATERAL_RAISE,LATERAL_RAISE,2,12,59.37.00,36,<null>,108,36,2123.32.00,3,2026-05-08T02:00:19.521Z
27639,21725004111,SEATED_REAR_LATERAL_RAISE,LATERAL_RAISE,3,12,59.37.00,36,<null>,108,36,2123.32.00,3,2026-05-08T02:00:19.521Z
27640,21725004111,DUMBBELL_HAMMER_CURL,CURL,1,7,32.15.00,36,<null>,72,13,413.15.00,2,2026-05-08T02:00:19.521Z
27641,21725004111,DUMBBELL_HAMMER_CURL,CURL,2,6,32.15.00,36,<null>,72,13,413.15.00,2,2026-05-08T02:00:19.521Z
27642,21725004111,WEIGHTED_LEG_CURL,LEG_CURL,1,8,79.38.00,36,<null>,108,24,2086.56.00,3,2026-05-08T02:00:19.521Z
27643,21725004111,WEIGHTED_LEG_CURL,LEG_CURL,2,8,91.12.00,36,<null>,108,24,2086.56.00,3,2026-05-08T02:00:19.521Z
27644,21725004111,WEIGHTED_LEG_CURL,LEG_CURL,3,8,91.12.00,36,<null>,108,24,2086.56.00,3,2026-05-08T02:00:19.521Z
27645,21725004111,BARBELL_HACK_SQUAT,SQUAT,1,8,141.01.00,36,<null>,108,28,4028.28.00,3,2026-05-08T02:00:19.521Z
27646,21725004111,BARBELL_HACK_SQUAT,SQUAT,2,10,145.15.00,36,<null>,108,28,4028.28.00,3,2026-05-08T02:00:19.521Z
27647,21725004111,BARBELL_HACK_SQUAT,SQUAT,3,10,145.15.00,36,<null>,108,28,4028.28.00,3,2026-05-08T02:00:19.521Z
27648,21725004111,WEIGHTED_LEG_EXTENSIONS,CRUNCH,1,12,127.01.00,36,<null>,108,34,4568.22.00,3,2026-05-08T02:00:19.521Z
27649,21725004111,WEIGHTED_LEG_EXTENSIONS,CRUNCH,2,10,138.35.00,36,<null>,108,34,4568.22.00,3,2026-05-08T02:00:19.521Z
27650,21725004111,WEIGHTED_LEG_EXTENSIONS,CRUNCH,3,12,138.35.00,36,<null>,108,34,4568.22.00,3,2026-05-08T02:00:19.521Z
27651,21725004111,WEIGHTED_SEATED_CALF_RAISE,CALF_RAISE,1,12,165.56.00,47,<null>,141,36,5960.16.00,3,2026-05-08T02:00:19.521Z
27652,21725004111,WEIGHTED_SEATED_CALF_RAISE,CALF_RAISE,2,12,165.56.00,47,<null>,141,36,5960.16.00,3,2026-05-08T02:00:19.521Z
27653,21725004111,WEIGHTED_SEATED_CALF_RAISE,CALF_RAISE,3,12,165.56.00,47,<null>,141,36,5960.16.00,3,2026-05-08T02:00:19.521Z
27654,21725004111,LEG_ADDUCTION,BANDED_EXERCISES,1,20,138.35.00,47,<null>,141,60,8391.6,3,2026-05-08T02:00:19.521Z
27655,21725004111,LEG_ADDUCTION,BANDED_EXERCISES,2,20,138.35.00,47,<null>,141,60,8391.6,3,2026-05-08T02:00:19.521Z
27656,21725004111,LEG_ADDUCTION,BANDED_EXERCISES,3,20,143.28.00,47,<null>,141,60,8391.6,3,2026-05-08T02:00:19.521Z
27657,21725004111,HANGING_LEG_RAISE,LEG_RAISE,1,18,<null>,60,<null>,60,18,0,1,2026-05-08T02:00:19.521Z
27658,21725004111,KNEELING_CABLE_CRUNCH,CRUNCH,1,12,33.29.00,60,<null>,120,24,789.36.00,2,2026-05-08T02:00:19.521Z
27659,21725004111,KNEELING_CABLE_CRUNCH,CRUNCH,2,12,33.29.00,60,<null>,120,24,789.36.00,2,2026-05-08T02:00:19.521Z
27660,21694450837,WEIGHTED_LEG_CURL,LEG_CURL,1,6,91.12.00,42,<null>,126,21,1905.12.00,3,2026-05-08T02:00:24.310Z
27661,21694450837,WEIGHTED_LEG_CURL,LEG_CURL,2,8,91.12.00,42,<null>,126,21,1905.12.00,3,2026-05-08T02:00:24.310Z
27662,21694450837,WEIGHTED_LEG_CURL,LEG_CURL,3,7,91.12.00,42,<null>,126,21,1905.12.00,3,2026-05-08T02:00:24.310Z
27663,21694450837,BARBELL_HACK_SQUAT,SQUAT,1,8,131.54.00,42,<null>,126,24,3302.08.00,3,2026-05-08T02:00:24.310Z
27664,21694450837,BARBELL_HACK_SQUAT,SQUAT,2,8,141.01.00,42,<null>,126,24,3302.08.00,3,2026-05-08T02:00:24.310Z
27665,21694450837,BARBELL_HACK_SQUAT,SQUAT,3,8,141.01.00,42,<null>,126,24,3302.08.00,3,2026-05-08T02:00:24.310Z
27666,21694450837,WEIGHTED_LEG_EXTENSIONS,CRUNCH,1,12,136.08.00,42,<null>,126,36,4681.2,3,2026-05-08T02:00:24.310Z
27667,21694450837,WEIGHTED_LEG_EXTENSIONS,CRUNCH,2,12,127.01.00,42,<null>,126,36,4681.2,3,2026-05-08T02:00:24.310Z
27668,21694450837,WEIGHTED_LEG_EXTENSIONS,CRUNCH,3,12,127.01.00,42,<null>,126,36,4681.2,3,2026-05-08T02:00:24.310Z
27669,21694450837,WEIGHTED_SEATED_CALF_RAISE,CALF_RAISE,1,16,154.22.00,42,<null>,126,52,8019.439999999999,3,2026-05-08T02:00:24.310Z
27670,21694450837,WEIGHTED_SEATED_CALF_RAISE,CALF_RAISE,2,24,154.22.00,42,<null>,126,52,8019.439999999999,3,2026-05-08T02:00:24.310Z
27671,21694450837,WEIGHTED_SEATED_CALF_RAISE,CALF_RAISE,3,12,154.22.00,42,<null>,126,52,8019.439999999999,3,2026-05-08T02:00:24.310Z
27672,21694450837,LEG_ADDUCTION,BANDED_EXERCISES,1,16,138.35.00,42,<null>,126,48,6640.799999999999,3,2026-05-08T02:00:24.310Z
27673,21694450837,LEG_ADDUCTION,BANDED_EXERCISES,2,16,138.35.00,42,<null>,126,48,6640.799999999999,3,2026-05-08T02:00:24.310Z
27674,21694450837,LEG_ADDUCTION,BANDED_EXERCISES,3,16,138.35.00,42,<null>,126,48,6640.799999999999,3,2026-05-08T02:00:24.310Z